ISO-10303-21;
HEADER;
FILE_DESCRIPTION(('Open CASCADE Model'),'2;1');
FILE_NAME('Open CASCADE Shape Model','2026-09-11T09:05:04',('Author'),(
    'Open CASCADE'),'Open CASCADE STEP processor 7.9','build123d',
  'Unknown');
FILE_SCHEMA(('AUTOMOTIVE_DESIGN { 1 0 10303 214 1 1 1 1 }'));
ENDSEC;
DATA;
#1 = APPLICATION_PROTOCOL_DEFINITION('international standard',
  'automotive_design',2000,#2);
#2 = APPLICATION_CONTEXT(
  'core data for automotive mechanical design processes');
#3 = SHAPE_DEFINITION_REPRESENTATION(#4,#10);
#4 = PRODUCT_DEFINITION_SHAPE('','',#5);
#5 = PRODUCT_DEFINITION('design','',#6,#9);
#6 = PRODUCT_DEFINITION_FORMATION('','',#7);
#7 = PRODUCT('COMPOUND','COMPOUND','',(#8));
#8 = PRODUCT_CONTEXT('',#2,'mechanical');
#9 = PRODUCT_DEFINITION_CONTEXT('part definition',#2,'design');
#10 = SHAPE_REPRESENTATION('',(#11,#15,#19,#23,#27,#31,#35,#39,#43,#47,
    #51,#55,#59,#63,#67,#71,#75,#79,#83,#87,#91,#95,#99,#103,#107,#111,
    #115),#119);
#11 = AXIS2_PLACEMENT_3D('',#12,#13,#14);
#12 = CARTESIAN_POINT('',(0.,0.,0.));
#13 = DIRECTION('',(0.,0.,1.));
#14 = DIRECTION('',(1.,0.,-0.));
#15 = AXIS2_PLACEMENT_3D('',#16,#17,#18);
#16 = CARTESIAN_POINT('',(-47.2,-4.,29.7));
#17 = DIRECTION('',(0.,-1.224646799147E-16,-1.));
#18 = DIRECTION('',(1.,0.,0.));
#19 = AXIS2_PLACEMENT_3D('',#20,#21,#22);
#20 = CARTESIAN_POINT('',(-47.2,-4.,24.1));
#21 = DIRECTION('',(0.,-1.224646799147E-16,-1.));
#22 = DIRECTION('',(1.,0.,0.));
#23 = AXIS2_PLACEMENT_3D('',#24,#25,#26);
#24 = CARTESIAN_POINT('',(0.,0.,38.));
#25 = DIRECTION('',(0.,-1.224646799147E-16,-1.));
#26 = DIRECTION('',(1.,0.,0.));
#27 = AXIS2_PLACEMENT_3D('',#28,#29,#30);
#28 = CARTESIAN_POINT('',(0.,0.,38.));
#29 = DIRECTION('',(0.,-1.224646799147E-16,-1.));
#30 = DIRECTION('',(1.,0.,0.));
#31 = AXIS2_PLACEMENT_3D('',#32,#33,#34);
#32 = CARTESIAN_POINT('',(0.,0.,38.));
#33 = DIRECTION('',(0.,-1.224646799147E-16,-1.));
#34 = DIRECTION('',(1.,0.,0.));
#35 = AXIS2_PLACEMENT_3D('',#36,#37,#38);
#36 = CARTESIAN_POINT('',(0.,0.,38.));
#37 = DIRECTION('',(0.,-1.224646799147E-16,-1.));
#38 = DIRECTION('',(1.,0.,0.));
#39 = AXIS2_PLACEMENT_3D('',#40,#41,#42);
#40 = CARTESIAN_POINT('',(0.,0.,38.));
#41 = DIRECTION('',(0.,-1.224646799147E-16,-1.));
#42 = DIRECTION('',(1.,0.,0.));
#43 = AXIS2_PLACEMENT_3D('',#44,#45,#46);
#44 = CARTESIAN_POINT('',(-47.2,21.,29.7));
#45 = DIRECTION('',(0.,-1.224646799147E-16,-1.));
#46 = DIRECTION('',(1.,0.,0.));
#47 = AXIS2_PLACEMENT_3D('',#48,#49,#50);
#48 = CARTESIAN_POINT('',(-47.2,21.,24.1));
#49 = DIRECTION('',(0.,-1.224646799147E-16,-1.));
#50 = DIRECTION('',(1.,0.,0.));
#51 = AXIS2_PLACEMENT_3D('',#52,#53,#54);
#52 = CARTESIAN_POINT('',(0.,0.,38.));
#53 = DIRECTION('',(0.,-1.224646799147E-16,-1.));
#54 = DIRECTION('',(1.,0.,0.));
#55 = AXIS2_PLACEMENT_3D('',#56,#57,#58);
#56 = CARTESIAN_POINT('',(0.,0.,38.));
#57 = DIRECTION('',(0.,-1.224646799147E-16,-1.));
#58 = DIRECTION('',(1.,0.,0.));
#59 = AXIS2_PLACEMENT_3D('',#60,#61,#62);
#60 = CARTESIAN_POINT('',(0.,0.,38.));
#61 = DIRECTION('',(0.,-1.224646799147E-16,-1.));
#62 = DIRECTION('',(1.,0.,0.));
#63 = AXIS2_PLACEMENT_3D('',#64,#65,#66);
#64 = CARTESIAN_POINT('',(0.,0.,38.));
#65 = DIRECTION('',(0.,-1.224646799147E-16,-1.));
#66 = DIRECTION('',(1.,0.,0.));
#67 = AXIS2_PLACEMENT_3D('',#68,#69,#70);
#68 = CARTESIAN_POINT('',(0.,0.,38.));
#69 = DIRECTION('',(0.,-1.224646799147E-16,-1.));
#70 = DIRECTION('',(1.,0.,0.));
#71 = AXIS2_PLACEMENT_3D('',#72,#73,#74);
#72 = CARTESIAN_POINT('',(0.,0.,0.));
#73 = DIRECTION('',(0.,0.,1.));
#74 = DIRECTION('',(1.,0.,-0.));
#75 = AXIS2_PLACEMENT_3D('',#76,#77,#78);
#76 = CARTESIAN_POINT('',(0.,0.,0.));
#77 = DIRECTION('',(0.,0.,1.));
#78 = DIRECTION('',(1.,0.,-0.));
#79 = AXIS2_PLACEMENT_3D('',#80,#81,#82);
#80 = CARTESIAN_POINT('',(0.,0.,0.));
#81 = DIRECTION('',(0.,0.,1.));
#82 = DIRECTION('',(1.,0.,-0.));
#83 = AXIS2_PLACEMENT_3D('',#84,#85,#86);
#84 = CARTESIAN_POINT('',(0.,0.,0.));
#85 = DIRECTION('',(0.,0.,1.));
#86 = DIRECTION('',(1.,0.,-0.));
#87 = AXIS2_PLACEMENT_3D('',#88,#89,#90);
#88 = CARTESIAN_POINT('',(0.,0.,38.));
#89 = DIRECTION('',(0.,-1.224646799147E-16,-1.));
#90 = DIRECTION('',(1.,0.,0.));
#91 = AXIS2_PLACEMENT_3D('',#92,#93,#94);
#92 = CARTESIAN_POINT('',(0.,0.,38.));
#93 = DIRECTION('',(0.,-1.224646799147E-16,-1.));
#94 = DIRECTION('',(1.,0.,0.));
#95 = AXIS2_PLACEMENT_3D('',#96,#97,#98);
#96 = CARTESIAN_POINT('',(0.,0.,38.));
#97 = DIRECTION('',(0.,-1.224646799147E-16,-1.));
#98 = DIRECTION('',(1.,0.,0.));
#99 = AXIS2_PLACEMENT_3D('',#100,#101,#102);
#100 = CARTESIAN_POINT('',(0.,0.,38.));
#101 = DIRECTION('',(0.,-1.224646799147E-16,-1.));
#102 = DIRECTION('',(1.,0.,0.));
#103 = AXIS2_PLACEMENT_3D('',#104,#105,#106);
#104 = CARTESIAN_POINT('',(0.,0.,38.));
#105 = DIRECTION('',(0.,-1.224646799147E-16,-1.));
#106 = DIRECTION('',(1.,0.,0.));
#107 = AXIS2_PLACEMENT_3D('',#108,#109,#110);
#108 = CARTESIAN_POINT('',(0.,0.,38.));
#109 = DIRECTION('',(0.,-1.224646799147E-16,-1.));
#110 = DIRECTION('',(1.,0.,0.));
#111 = AXIS2_PLACEMENT_3D('',#112,#113,#114);
#112 = CARTESIAN_POINT('',(0.,0.,38.));
#113 = DIRECTION('',(0.,-1.224646799147E-16,-1.));
#114 = DIRECTION('',(1.,0.,0.));
#115 = AXIS2_PLACEMENT_3D('',#116,#117,#118);
#116 = CARTESIAN_POINT('',(0.,0.,38.));
#117 = DIRECTION('',(0.,-1.224646799147E-16,-1.));
#118 = DIRECTION('',(1.,0.,0.));
#119 = ( GEOMETRIC_REPRESENTATION_CONTEXT(3) 
GLOBAL_UNCERTAINTY_ASSIGNED_CONTEXT((#123)) GLOBAL_UNIT_ASSIGNED_CONTEXT
((#120,#121,#122)) REPRESENTATION_CONTEXT('Context #1',
  '3D Context with UNIT and UNCERTAINTY') );
#120 = ( LENGTH_UNIT() NAMED_UNIT(*) SI_UNIT(.MILLI.,.METRE.) );
#121 = ( NAMED_UNIT(*) PLANE_ANGLE_UNIT() SI_UNIT($,.RADIAN.) );
#122 = ( NAMED_UNIT(*) SI_UNIT($,.STERADIAN.) SOLID_ANGLE_UNIT() );
#123 = UNCERTAINTY_MEASURE_WITH_UNIT(LENGTH_MEASURE(1.E-07),#120,
  'distance_accuracy_value','confusion accuracy');
#124 = PRODUCT_RELATED_PRODUCT_CATEGORY('part',$,(#7));
#125 = SHAPE_DEFINITION_REPRESENTATION(#126,#132);
#126 = PRODUCT_DEFINITION_SHAPE('','',#127);
#127 = PRODUCT_DEFINITION('design','',#128,#131);
#128 = PRODUCT_DEFINITION_FORMATION('','',#129);
#129 = PRODUCT('COMPOUND','COMPOUND','',(#130));
#130 = PRODUCT_CONTEXT('',#2,'mechanical');
#131 = PRODUCT_DEFINITION_CONTEXT('part definition',#2,'design');
#132 = ADVANCED_BREP_SHAPE_REPRESENTATION('',(#11,#133),#231);
#133 = MANIFOLD_SOLID_BREP('',#134);
#134 = CLOSED_SHELL('',(#135,#223,#227));
#135 = ADVANCED_FACE('',(#136),#149,.T.);
#136 = FACE_BOUND('',#137,.T.);
#137 = EDGE_LOOP('',(#138,#172,#195,#222));
#138 = ORIENTED_EDGE('',*,*,#139,.F.);
#139 = EDGE_CURVE('',#140,#140,#142,.T.);
#140 = VERTEX_POINT('',#141);
#141 = CARTESIAN_POINT('',(2.,-4.898587196589E-16,2.));
#142 = SURFACE_CURVE('',#143,(#148,#160),.PCURVE_S1.);
#143 = CIRCLE('',#144,2.);
#144 = AXIS2_PLACEMENT_3D('',#145,#146,#147);
#145 = CARTESIAN_POINT('',(0.,0.,2.));
#146 = DIRECTION('',(0.,0.,1.));
#147 = DIRECTION('',(1.,0.,-0.));
#148 = PCURVE('',#149,#154);
#149 = CYLINDRICAL_SURFACE('',#150,2.);
#150 = AXIS2_PLACEMENT_3D('',#151,#152,#153);
#151 = CARTESIAN_POINT('',(0.,0.,0.));
#152 = DIRECTION('',(0.,0.,1.));
#153 = DIRECTION('',(1.,0.,-0.));
#154 = DEFINITIONAL_REPRESENTATION('',(#155),#159);
#155 = LINE('',#156,#157);
#156 = CARTESIAN_POINT('',(0.,2.));
#157 = VECTOR('',#158,1.);
#158 = DIRECTION('',(1.,0.));
#159 = ( GEOMETRIC_REPRESENTATION_CONTEXT(2) 
PARAMETRIC_REPRESENTATION_CONTEXT() REPRESENTATION_CONTEXT('2D SPACE',''
  ) );
#160 = PCURVE('',#161,#166);
#161 = PLANE('',#162);
#162 = AXIS2_PLACEMENT_3D('',#163,#164,#165);
#163 = CARTESIAN_POINT('',(0.,0.,2.));
#164 = DIRECTION('',(0.,0.,1.));
#165 = DIRECTION('',(1.,0.,-0.));
#166 = DEFINITIONAL_REPRESENTATION('',(#167),#171);
#167 = CIRCLE('',#168,2.);
#168 = AXIS2_PLACEMENT_2D('',#169,#170);
#169 = CARTESIAN_POINT('',(0.,0.));
#170 = DIRECTION('',(1.,0.));
#171 = ( GEOMETRIC_REPRESENTATION_CONTEXT(2) 
PARAMETRIC_REPRESENTATION_CONTEXT() REPRESENTATION_CONTEXT('2D SPACE',''
  ) );
#172 = ORIENTED_EDGE('',*,*,#173,.F.);
#173 = EDGE_CURVE('',#174,#140,#176,.T.);
#174 = VERTEX_POINT('',#175);
#175 = CARTESIAN_POINT('',(2.,-4.898587196589E-16,0.));
#176 = SEAM_CURVE('',#177,(#181,#188),.PCURVE_S1.);
#177 = LINE('',#178,#179);
#178 = CARTESIAN_POINT('',(2.,-4.898587196589E-16,0.));
#179 = VECTOR('',#180,1.);
#180 = DIRECTION('',(0.,0.,1.));
#181 = PCURVE('',#149,#182);
#182 = DEFINITIONAL_REPRESENTATION('',(#183),#187);
#183 = LINE('',#184,#185);
#184 = CARTESIAN_POINT('',(6.28318530718,-0.));
#185 = VECTOR('',#186,1.);
#186 = DIRECTION('',(0.,1.));
#187 = ( GEOMETRIC_REPRESENTATION_CONTEXT(2) 
PARAMETRIC_REPRESENTATION_CONTEXT() REPRESENTATION_CONTEXT('2D SPACE',''
  ) );
#188 = PCURVE('',#149,#189);
#189 = DEFINITIONAL_REPRESENTATION('',(#190),#194);
#190 = LINE('',#191,#192);
#191 = CARTESIAN_POINT('',(0.,-0.));
#192 = VECTOR('',#193,1.);
#193 = DIRECTION('',(0.,1.));
#194 = ( GEOMETRIC_REPRESENTATION_CONTEXT(2) 
PARAMETRIC_REPRESENTATION_CONTEXT() REPRESENTATION_CONTEXT('2D SPACE',''
  ) );
#195 = ORIENTED_EDGE('',*,*,#196,.T.);
#196 = EDGE_CURVE('',#174,#174,#197,.T.);
#197 = SURFACE_CURVE('',#198,(#203,#210),.PCURVE_S1.);
#198 = CIRCLE('',#199,2.);
#199 = AXIS2_PLACEMENT_3D('',#200,#201,#202);
#200 = CARTESIAN_POINT('',(0.,0.,0.));
#201 = DIRECTION('',(0.,0.,1.));
#202 = DIRECTION('',(1.,0.,-0.));
#203 = PCURVE('',#149,#204);
#204 = DEFINITIONAL_REPRESENTATION('',(#205),#209);
#205 = LINE('',#206,#207);
#206 = CARTESIAN_POINT('',(0.,0.));
#207 = VECTOR('',#208,1.);
#208 = DIRECTION('',(1.,0.));
#209 = ( GEOMETRIC_REPRESENTATION_CONTEXT(2) 
PARAMETRIC_REPRESENTATION_CONTEXT() REPRESENTATION_CONTEXT('2D SPACE',''
  ) );
#210 = PCURVE('',#211,#216);
#211 = PLANE('',#212);
#212 = AXIS2_PLACEMENT_3D('',#213,#214,#215);
#213 = CARTESIAN_POINT('',(0.,0.,0.));
#214 = DIRECTION('',(0.,0.,1.));
#215 = DIRECTION('',(1.,0.,-0.));
#216 = DEFINITIONAL_REPRESENTATION('',(#217),#221);
#217 = CIRCLE('',#218,2.);
#218 = AXIS2_PLACEMENT_2D('',#219,#220);
#219 = CARTESIAN_POINT('',(0.,0.));
#220 = DIRECTION('',(1.,0.));
#221 = ( GEOMETRIC_REPRESENTATION_CONTEXT(2) 
PARAMETRIC_REPRESENTATION_CONTEXT() REPRESENTATION_CONTEXT('2D SPACE',''
  ) );
#222 = ORIENTED_EDGE('',*,*,#173,.T.);
#223 = ADVANCED_FACE('',(#224),#161,.T.);
#224 = FACE_BOUND('',#225,.T.);
#225 = EDGE_LOOP('',(#226));
#226 = ORIENTED_EDGE('',*,*,#139,.T.);
#227 = ADVANCED_FACE('',(#228),#211,.F.);
#228 = FACE_BOUND('',#229,.T.);
#229 = EDGE_LOOP('',(#230));
#230 = ORIENTED_EDGE('',*,*,#196,.F.);
#231 = ( GEOMETRIC_REPRESENTATION_CONTEXT(3) 
GLOBAL_UNCERTAINTY_ASSIGNED_CONTEXT((#235)) GLOBAL_UNIT_ASSIGNED_CONTEXT
((#232,#233,#234)) REPRESENTATION_CONTEXT('Context #1',
  '3D Context with UNIT and UNCERTAINTY') );
#232 = ( LENGTH_UNIT() NAMED_UNIT(*) SI_UNIT(.MILLI.,.METRE.) );
#233 = ( NAMED_UNIT(*) PLANE_ANGLE_UNIT() SI_UNIT($,.RADIAN.) );
#234 = ( NAMED_UNIT(*) SI_UNIT($,.STERADIAN.) SOLID_ANGLE_UNIT() );
#235 = UNCERTAINTY_MEASURE_WITH_UNIT(LENGTH_MEASURE(1.E-07),#232,
  'distance_accuracy_value','confusion accuracy');
#236 = CONTEXT_DEPENDENT_SHAPE_REPRESENTATION(#237,#239);
#237 = ( REPRESENTATION_RELATIONSHIP('','',#132,#10) 
REPRESENTATION_RELATIONSHIP_WITH_TRANSFORMATION(#238) 
SHAPE_REPRESENTATION_RELATIONSHIP() );
#238 = ITEM_DEFINED_TRANSFORMATION('','',#11,#15);
#239 = PRODUCT_DEFINITION_SHAPE('Placement','Placement of an item',#240
  );
#240 = NEXT_ASSEMBLY_USAGE_OCCURRENCE('1','=>[0:1:1:2]','',#5,#127,$);
#241 = PRODUCT_RELATED_PRODUCT_CATEGORY('part',$,(#129));
#242 = SHAPE_DEFINITION_REPRESENTATION(#243,#249);
#243 = PRODUCT_DEFINITION_SHAPE('','',#244);
#244 = PRODUCT_DEFINITION('design','',#245,#248);
#245 = PRODUCT_DEFINITION_FORMATION('','',#246);
#246 = PRODUCT('COMPOUND','COMPOUND','',(#247));
#247 = PRODUCT_CONTEXT('',#2,'mechanical');
#248 = PRODUCT_DEFINITION_CONTEXT('part definition',#2,'design');
#249 = ADVANCED_BREP_SHAPE_REPRESENTATION('',(#11,#250),#348);
#250 = MANIFOLD_SOLID_BREP('',#251);
#251 = CLOSED_SHELL('',(#252,#340,#344));
#252 = ADVANCED_FACE('',(#253),#266,.T.);
#253 = FACE_BOUND('',#254,.T.);
#254 = EDGE_LOOP('',(#255,#289,#312,#339));
#255 = ORIENTED_EDGE('',*,*,#256,.F.);
#256 = EDGE_CURVE('',#257,#257,#259,.T.);
#257 = VERTEX_POINT('',#258);
#258 = CARTESIAN_POINT('',(2.,-4.898587196589E-16,2.));
#259 = SURFACE_CURVE('',#260,(#265,#277),.PCURVE_S1.);
#260 = CIRCLE('',#261,2.);
#261 = AXIS2_PLACEMENT_3D('',#262,#263,#264);
#262 = CARTESIAN_POINT('',(0.,0.,2.));
#263 = DIRECTION('',(0.,0.,1.));
#264 = DIRECTION('',(1.,0.,-0.));
#265 = PCURVE('',#266,#271);
#266 = CYLINDRICAL_SURFACE('',#267,2.);
#267 = AXIS2_PLACEMENT_3D('',#268,#269,#270);
#268 = CARTESIAN_POINT('',(0.,0.,0.));
#269 = DIRECTION('',(0.,0.,1.));
#270 = DIRECTION('',(1.,0.,-0.));
#271 = DEFINITIONAL_REPRESENTATION('',(#272),#276);
#272 = LINE('',#273,#274);
#273 = CARTESIAN_POINT('',(0.,2.));
#274 = VECTOR('',#275,1.);
#275 = DIRECTION('',(1.,0.));
#276 = ( GEOMETRIC_REPRESENTATION_CONTEXT(2) 
PARAMETRIC_REPRESENTATION_CONTEXT() REPRESENTATION_CONTEXT('2D SPACE',''
  ) );
#277 = PCURVE('',#278,#283);
#278 = PLANE('',#279);
#279 = AXIS2_PLACEMENT_3D('',#280,#281,#282);
#280 = CARTESIAN_POINT('',(0.,0.,2.));
#281 = DIRECTION('',(0.,0.,1.));
#282 = DIRECTION('',(1.,0.,-0.));
#283 = DEFINITIONAL_REPRESENTATION('',(#284),#288);
#284 = CIRCLE('',#285,2.);
#285 = AXIS2_PLACEMENT_2D('',#286,#287);
#286 = CARTESIAN_POINT('',(0.,0.));
#287 = DIRECTION('',(1.,0.));
#288 = ( GEOMETRIC_REPRESENTATION_CONTEXT(2) 
PARAMETRIC_REPRESENTATION_CONTEXT() REPRESENTATION_CONTEXT('2D SPACE',''
  ) );
#289 = ORIENTED_EDGE('',*,*,#290,.F.);
#290 = EDGE_CURVE('',#291,#257,#293,.T.);
#291 = VERTEX_POINT('',#292);
#292 = CARTESIAN_POINT('',(2.,-4.898587196589E-16,0.));
#293 = SEAM_CURVE('',#294,(#298,#305),.PCURVE_S1.);
#294 = LINE('',#295,#296);
#295 = CARTESIAN_POINT('',(2.,-4.898587196589E-16,0.));
#296 = VECTOR('',#297,1.);
#297 = DIRECTION('',(0.,0.,1.));
#298 = PCURVE('',#266,#299);
#299 = DEFINITIONAL_REPRESENTATION('',(#300),#304);
#300 = LINE('',#301,#302);
#301 = CARTESIAN_POINT('',(6.28318530718,-0.));
#302 = VECTOR('',#303,1.);
#303 = DIRECTION('',(0.,1.));
#304 = ( GEOMETRIC_REPRESENTATION_CONTEXT(2) 
PARAMETRIC_REPRESENTATION_CONTEXT() REPRESENTATION_CONTEXT('2D SPACE',''
  ) );
#305 = PCURVE('',#266,#306);
#306 = DEFINITIONAL_REPRESENTATION('',(#307),#311);
#307 = LINE('',#308,#309);
#308 = CARTESIAN_POINT('',(0.,-0.));
#309 = VECTOR('',#310,1.);
#310 = DIRECTION('',(0.,1.));
#311 = ( GEOMETRIC_REPRESENTATION_CONTEXT(2) 
PARAMETRIC_REPRESENTATION_CONTEXT() REPRESENTATION_CONTEXT('2D SPACE',''
  ) );
#312 = ORIENTED_EDGE('',*,*,#313,.T.);
#313 = EDGE_CURVE('',#291,#291,#314,.T.);
#314 = SURFACE_CURVE('',#315,(#320,#327),.PCURVE_S1.);
#315 = CIRCLE('',#316,2.);
#316 = AXIS2_PLACEMENT_3D('',#317,#318,#319);
#317 = CARTESIAN_POINT('',(0.,0.,0.));
#318 = DIRECTION('',(0.,0.,1.));
#319 = DIRECTION('',(1.,0.,-0.));
#320 = PCURVE('',#266,#321);
#321 = DEFINITIONAL_REPRESENTATION('',(#322),#326);
#322 = LINE('',#323,#324);
#323 = CARTESIAN_POINT('',(0.,0.));
#324 = VECTOR('',#325,1.);
#325 = DIRECTION('',(1.,0.));
#326 = ( GEOMETRIC_REPRESENTATION_CONTEXT(2) 
PARAMETRIC_REPRESENTATION_CONTEXT() REPRESENTATION_CONTEXT('2D SPACE',''
  ) );
#327 = PCURVE('',#328,#333);
#328 = PLANE('',#329);
#329 = AXIS2_PLACEMENT_3D('',#330,#331,#332);
#330 = CARTESIAN_POINT('',(0.,0.,0.));
#331 = DIRECTION('',(0.,0.,1.));
#332 = DIRECTION('',(1.,0.,-0.));
#333 = DEFINITIONAL_REPRESENTATION('',(#334),#338);
#334 = CIRCLE('',#335,2.);
#335 = AXIS2_PLACEMENT_2D('',#336,#337);
#336 = CARTESIAN_POINT('',(0.,0.));
#337 = DIRECTION('',(1.,0.));
#338 = ( GEOMETRIC_REPRESENTATION_CONTEXT(2) 
PARAMETRIC_REPRESENTATION_CONTEXT() REPRESENTATION_CONTEXT('2D SPACE',''
  ) );
#339 = ORIENTED_EDGE('',*,*,#290,.T.);
#340 = ADVANCED_FACE('',(#341),#278,.T.);
#341 = FACE_BOUND('',#342,.T.);
#342 = EDGE_LOOP('',(#343));
#343 = ORIENTED_EDGE('',*,*,#256,.T.);
#344 = ADVANCED_FACE('',(#345),#328,.F.);
#345 = FACE_BOUND('',#346,.T.);
#346 = EDGE_LOOP('',(#347));
#347 = ORIENTED_EDGE('',*,*,#313,.F.);
#348 = ( GEOMETRIC_REPRESENTATION_CONTEXT(3) 
GLOBAL_UNCERTAINTY_ASSIGNED_CONTEXT((#352)) GLOBAL_UNIT_ASSIGNED_CONTEXT
((#349,#350,#351)) REPRESENTATION_CONTEXT('Context #1',
  '3D Context with UNIT and UNCERTAINTY') );
#349 = ( LENGTH_UNIT() NAMED_UNIT(*) SI_UNIT(.MILLI.,.METRE.) );
#350 = ( NAMED_UNIT(*) PLANE_ANGLE_UNIT() SI_UNIT($,.RADIAN.) );
#351 = ( NAMED_UNIT(*) SI_UNIT($,.STERADIAN.) SOLID_ANGLE_UNIT() );
#352 = UNCERTAINTY_MEASURE_WITH_UNIT(LENGTH_MEASURE(1.E-07),#349,
  'distance_accuracy_value','confusion accuracy');
#353 = CONTEXT_DEPENDENT_SHAPE_REPRESENTATION(#354,#356);
#354 = ( REPRESENTATION_RELATIONSHIP('','',#249,#10) 
REPRESENTATION_RELATIONSHIP_WITH_TRANSFORMATION(#355) 
SHAPE_REPRESENTATION_RELATIONSHIP() );
#355 = ITEM_DEFINED_TRANSFORMATION('','',#11,#19);
#356 = PRODUCT_DEFINITION_SHAPE('Placement','Placement of an item',#357
  );
#357 = NEXT_ASSEMBLY_USAGE_OCCURRENCE('2','=>[0:1:1:3]','',#5,#244,$);
#358 = PRODUCT_RELATED_PRODUCT_CATEGORY('part',$,(#246));
#359 = SHAPE_DEFINITION_REPRESENTATION(#360,#366);
#360 = PRODUCT_DEFINITION_SHAPE('','',#361);
#361 = PRODUCT_DEFINITION('design','',#362,#365);
#362 = PRODUCT_DEFINITION_FORMATION('','',#363);
#363 = PRODUCT('COMPOUND','COMPOUND','',(#364));
#364 = PRODUCT_CONTEXT('',#2,'mechanical');
#365 = PRODUCT_DEFINITION_CONTEXT('part definition',#2,'design');
#366 = ADVANCED_BREP_SHAPE_REPRESENTATION('',(#11,#367),#555);
#367 = MANIFOLD_SOLID_BREP('',#368);
#368 = CLOSED_SHELL('',(#369,#457,#461,#496,#551));
#369 = ADVANCED_FACE('',(#370),#383,.T.);
#370 = FACE_BOUND('',#371,.T.);
#371 = EDGE_LOOP('',(#372,#406,#429,#456));
#372 = ORIENTED_EDGE('',*,*,#373,.F.);
#373 = EDGE_CURVE('',#374,#374,#376,.T.);
#374 = VERTEX_POINT('',#375);
#375 = CARTESIAN_POINT('',(-20.25,-6.73555739531E-16,31.6));
#376 = SURFACE_CURVE('',#377,(#382,#394),.PCURVE_S1.);
#377 = CIRCLE('',#378,2.75);
#378 = AXIS2_PLACEMENT_3D('',#379,#380,#381);
#379 = CARTESIAN_POINT('',(-23.,0.,31.6));
#380 = DIRECTION('',(0.,0.,1.));
#381 = DIRECTION('',(1.,0.,-0.));
#382 = PCURVE('',#383,#388);
#383 = CYLINDRICAL_SURFACE('',#384,2.75);
#384 = AXIS2_PLACEMENT_3D('',#385,#386,#387);
#385 = CARTESIAN_POINT('',(-23.,0.,28.6));
#386 = DIRECTION('',(0.,0.,1.));
#387 = DIRECTION('',(1.,0.,-0.));
#388 = DEFINITIONAL_REPRESENTATION('',(#389),#393);
#389 = LINE('',#390,#391);
#390 = CARTESIAN_POINT('',(0.,3.));
#391 = VECTOR('',#392,1.);
#392 = DIRECTION('',(1.,0.));
#393 = ( GEOMETRIC_REPRESENTATION_CONTEXT(2) 
PARAMETRIC_REPRESENTATION_CONTEXT() REPRESENTATION_CONTEXT('2D SPACE',''
  ) );
#394 = PCURVE('',#395,#400);
#395 = PLANE('',#396);
#396 = AXIS2_PLACEMENT_3D('',#397,#398,#399);
#397 = CARTESIAN_POINT('',(-23.,0.,31.6));
#398 = DIRECTION('',(0.,0.,1.));
#399 = DIRECTION('',(1.,0.,-0.));
#400 = DEFINITIONAL_REPRESENTATION('',(#401),#405);
#401 = CIRCLE('',#402,2.75);
#402 = AXIS2_PLACEMENT_2D('',#403,#404);
#403 = CARTESIAN_POINT('',(0.,0.));
#404 = DIRECTION('',(1.,0.));
#405 = ( GEOMETRIC_REPRESENTATION_CONTEXT(2) 
PARAMETRIC_REPRESENTATION_CONTEXT() REPRESENTATION_CONTEXT('2D SPACE',''
  ) );
#406 = ORIENTED_EDGE('',*,*,#407,.F.);
#407 = EDGE_CURVE('',#408,#374,#410,.T.);
#408 = VERTEX_POINT('',#409);
#409 = CARTESIAN_POINT('',(-20.25,-6.73555739531E-16,28.6));
#410 = SEAM_CURVE('',#411,(#415,#422),.PCURVE_S1.);
#411 = LINE('',#412,#413);
#412 = CARTESIAN_POINT('',(-20.25,-6.73555739531E-16,28.6));
#413 = VECTOR('',#414,1.);
#414 = DIRECTION('',(0.,0.,1.));
#415 = PCURVE('',#383,#416);
#416 = DEFINITIONAL_REPRESENTATION('',(#417),#421);
#417 = LINE('',#418,#419);
#418 = CARTESIAN_POINT('',(6.28318530718,-0.));
#419 = VECTOR('',#420,1.);
#420 = DIRECTION('',(0.,1.));
#421 = ( GEOMETRIC_REPRESENTATION_CONTEXT(2) 
PARAMETRIC_REPRESENTATION_CONTEXT() REPRESENTATION_CONTEXT('2D SPACE',''
  ) );
#422 = PCURVE('',#383,#423);
#423 = DEFINITIONAL_REPRESENTATION('',(#424),#428);
#424 = LINE('',#425,#426);
#425 = CARTESIAN_POINT('',(0.,-0.));
#426 = VECTOR('',#427,1.);
#427 = DIRECTION('',(0.,1.));
#428 = ( GEOMETRIC_REPRESENTATION_CONTEXT(2) 
PARAMETRIC_REPRESENTATION_CONTEXT() REPRESENTATION_CONTEXT('2D SPACE',''
  ) );
#429 = ORIENTED_EDGE('',*,*,#430,.T.);
#430 = EDGE_CURVE('',#408,#408,#431,.T.);
#431 = SURFACE_CURVE('',#432,(#437,#444),.PCURVE_S1.);
#432 = CIRCLE('',#433,2.75);
#433 = AXIS2_PLACEMENT_3D('',#434,#435,#436);
#434 = CARTESIAN_POINT('',(-23.,0.,28.6));
#435 = DIRECTION('',(0.,0.,1.));
#436 = DIRECTION('',(1.,0.,-0.));
#437 = PCURVE('',#383,#438);
#438 = DEFINITIONAL_REPRESENTATION('',(#439),#443);
#439 = LINE('',#440,#441);
#440 = CARTESIAN_POINT('',(0.,0.));
#441 = VECTOR('',#442,1.);
#442 = DIRECTION('',(1.,0.));
#443 = ( GEOMETRIC_REPRESENTATION_CONTEXT(2) 
PARAMETRIC_REPRESENTATION_CONTEXT() REPRESENTATION_CONTEXT('2D SPACE',''
  ) );
#444 = PCURVE('',#445,#450);
#445 = PLANE('',#446);
#446 = AXIS2_PLACEMENT_3D('',#447,#448,#449);
#447 = CARTESIAN_POINT('',(-23.,0.,28.6));
#448 = DIRECTION('',(0.,0.,1.));
#449 = DIRECTION('',(1.,0.,-0.));
#450 = DEFINITIONAL_REPRESENTATION('',(#451),#455);
#451 = CIRCLE('',#452,2.75);
#452 = AXIS2_PLACEMENT_2D('',#453,#454);
#453 = CARTESIAN_POINT('',(0.,0.));
#454 = DIRECTION('',(1.,0.));
#455 = ( GEOMETRIC_REPRESENTATION_CONTEXT(2) 
PARAMETRIC_REPRESENTATION_CONTEXT() REPRESENTATION_CONTEXT('2D SPACE',''
  ) );
#456 = ORIENTED_EDGE('',*,*,#407,.T.);
#457 = ADVANCED_FACE('',(#458),#395,.T.);
#458 = FACE_BOUND('',#459,.T.);
#459 = EDGE_LOOP('',(#460));
#460 = ORIENTED_EDGE('',*,*,#373,.T.);
#461 = ADVANCED_FACE('',(#462,#465),#445,.F.);
#462 = FACE_BOUND('',#463,.F.);
#463 = EDGE_LOOP('',(#464));
#464 = ORIENTED_EDGE('',*,*,#430,.T.);
#465 = FACE_BOUND('',#466,.F.);
#466 = EDGE_LOOP('',(#467));
#467 = ORIENTED_EDGE('',*,*,#468,.F.);
#468 = EDGE_CURVE('',#469,#469,#471,.T.);
#469 = VERTEX_POINT('',#470);
#470 = CARTESIAN_POINT('',(-21.5,-3.673940397442E-16,28.6));
#471 = SURFACE_CURVE('',#472,(#477,#484),.PCURVE_S1.);
#472 = CIRCLE('',#473,1.5);
#473 = AXIS2_PLACEMENT_3D('',#474,#475,#476);
#474 = CARTESIAN_POINT('',(-23.,0.,28.6));
#475 = DIRECTION('',(0.,0.,1.));
#476 = DIRECTION('',(1.,0.,-0.));
#477 = PCURVE('',#445,#478);
#478 = DEFINITIONAL_REPRESENTATION('',(#479),#483);
#479 = CIRCLE('',#480,1.5);
#480 = AXIS2_PLACEMENT_2D('',#481,#482);
#481 = CARTESIAN_POINT('',(0.,0.));
#482 = DIRECTION('',(1.,0.));
#483 = ( GEOMETRIC_REPRESENTATION_CONTEXT(2) 
PARAMETRIC_REPRESENTATION_CONTEXT() REPRESENTATION_CONTEXT('2D SPACE',''
  ) );
#484 = PCURVE('',#485,#490);
#485 = CYLINDRICAL_SURFACE('',#486,1.5);
#486 = AXIS2_PLACEMENT_3D('',#487,#488,#489);
#487 = CARTESIAN_POINT('',(-23.,0.,16.6));
#488 = DIRECTION('',(0.,0.,1.));
#489 = DIRECTION('',(1.,0.,-0.));
#490 = DEFINITIONAL_REPRESENTATION('',(#491),#495);
#491 = LINE('',#492,#493);
#492 = CARTESIAN_POINT('',(0.,12.));
#493 = VECTOR('',#494,1.);
#494 = DIRECTION('',(1.,0.));
#495 = ( GEOMETRIC_REPRESENTATION_CONTEXT(2) 
PARAMETRIC_REPRESENTATION_CONTEXT() REPRESENTATION_CONTEXT('2D SPACE',''
  ) );
#496 = ADVANCED_FACE('',(#497),#485,.T.);
#497 = FACE_BOUND('',#498,.T.);
#498 = EDGE_LOOP('',(#499,#500,#523,#550));
#499 = ORIENTED_EDGE('',*,*,#468,.F.);
#500 = ORIENTED_EDGE('',*,*,#501,.F.);
#501 = EDGE_CURVE('',#502,#469,#504,.T.);
#502 = VERTEX_POINT('',#503);
#503 = CARTESIAN_POINT('',(-21.5,-3.673940397442E-16,16.6));
#504 = SEAM_CURVE('',#505,(#509,#516),.PCURVE_S1.);
#505 = LINE('',#506,#507);
#506 = CARTESIAN_POINT('',(-21.5,-3.673940397442E-16,16.6));
#507 = VECTOR('',#508,1.);
#508 = DIRECTION('',(0.,0.,1.));
#509 = PCURVE('',#485,#510);
#510 = DEFINITIONAL_REPRESENTATION('',(#511),#515);
#511 = LINE('',#512,#513);
#512 = CARTESIAN_POINT('',(6.28318530718,-0.));
#513 = VECTOR('',#514,1.);
#514 = DIRECTION('',(0.,1.));
#515 = ( GEOMETRIC_REPRESENTATION_CONTEXT(2) 
PARAMETRIC_REPRESENTATION_CONTEXT() REPRESENTATION_CONTEXT('2D SPACE',''
  ) );
#516 = PCURVE('',#485,#517);
#517 = DEFINITIONAL_REPRESENTATION('',(#518),#522);
#518 = LINE('',#519,#520);
#519 = CARTESIAN_POINT('',(0.,-0.));
#520 = VECTOR('',#521,1.);
#521 = DIRECTION('',(0.,1.));
#522 = ( GEOMETRIC_REPRESENTATION_CONTEXT(2) 
PARAMETRIC_REPRESENTATION_CONTEXT() REPRESENTATION_CONTEXT('2D SPACE',''
  ) );
#523 = ORIENTED_EDGE('',*,*,#524,.T.);
#524 = EDGE_CURVE('',#502,#502,#525,.T.);
#525 = SURFACE_CURVE('',#526,(#531,#538),.PCURVE_S1.);
#526 = CIRCLE('',#527,1.5);
#527 = AXIS2_PLACEMENT_3D('',#528,#529,#530);
#528 = CARTESIAN_POINT('',(-23.,0.,16.6));
#529 = DIRECTION('',(0.,0.,1.));
#530 = DIRECTION('',(1.,0.,-0.));
#531 = PCURVE('',#485,#532);
#532 = DEFINITIONAL_REPRESENTATION('',(#533),#537);
#533 = LINE('',#534,#535);
#534 = CARTESIAN_POINT('',(0.,0.));
#535 = VECTOR('',#536,1.);
#536 = DIRECTION('',(1.,0.));
#537 = ( GEOMETRIC_REPRESENTATION_CONTEXT(2) 
PARAMETRIC_REPRESENTATION_CONTEXT() REPRESENTATION_CONTEXT('2D SPACE',''
  ) );
#538 = PCURVE('',#539,#544);
#539 = PLANE('',#540);
#540 = AXIS2_PLACEMENT_3D('',#541,#542,#543);
#541 = CARTESIAN_POINT('',(-23.,0.,16.6));
#542 = DIRECTION('',(0.,0.,1.));
#543 = DIRECTION('',(1.,0.,-0.));
#544 = DEFINITIONAL_REPRESENTATION('',(#545),#549);
#545 = CIRCLE('',#546,1.5);
#546 = AXIS2_PLACEMENT_2D('',#547,#548);
#547 = CARTESIAN_POINT('',(0.,0.));
#548 = DIRECTION('',(1.,0.));
#549 = ( GEOMETRIC_REPRESENTATION_CONTEXT(2) 
PARAMETRIC_REPRESENTATION_CONTEXT() REPRESENTATION_CONTEXT('2D SPACE',''
  ) );
#550 = ORIENTED_EDGE('',*,*,#501,.T.);
#551 = ADVANCED_FACE('',(#552),#539,.F.);
#552 = FACE_BOUND('',#553,.T.);
#553 = EDGE_LOOP('',(#554));
#554 = ORIENTED_EDGE('',*,*,#524,.F.);
#555 = ( GEOMETRIC_REPRESENTATION_CONTEXT(3) 
GLOBAL_UNCERTAINTY_ASSIGNED_CONTEXT((#559)) GLOBAL_UNIT_ASSIGNED_CONTEXT
((#556,#557,#558)) REPRESENTATION_CONTEXT('Context #1',
  '3D Context with UNIT and UNCERTAINTY') );
#556 = ( LENGTH_UNIT() NAMED_UNIT(*) SI_UNIT(.MILLI.,.METRE.) );
#557 = ( NAMED_UNIT(*) PLANE_ANGLE_UNIT() SI_UNIT($,.RADIAN.) );
#558 = ( NAMED_UNIT(*) SI_UNIT($,.STERADIAN.) SOLID_ANGLE_UNIT() );
#559 = UNCERTAINTY_MEASURE_WITH_UNIT(LENGTH_MEASURE(1.E-07),#556,
  'distance_accuracy_value','confusion accuracy');
#560 = CONTEXT_DEPENDENT_SHAPE_REPRESENTATION(#561,#563);
#561 = ( REPRESENTATION_RELATIONSHIP('','',#366,#10) 
REPRESENTATION_RELATIONSHIP_WITH_TRANSFORMATION(#562) 
SHAPE_REPRESENTATION_RELATIONSHIP() );
#562 = ITEM_DEFINED_TRANSFORMATION('','',#11,#23);
#563 = PRODUCT_DEFINITION_SHAPE('Placement','Placement of an item',#564
  );
#564 = NEXT_ASSEMBLY_USAGE_OCCURRENCE('3','=>[0:1:1:4]','',#5,#361,$);
#565 = PRODUCT_RELATED_PRODUCT_CATEGORY('part',$,(#363));
#566 = SHAPE_DEFINITION_REPRESENTATION(#567,#573);
#567 = PRODUCT_DEFINITION_SHAPE('','',#568);
#568 = PRODUCT_DEFINITION('design','',#569,#572);
#569 = PRODUCT_DEFINITION_FORMATION('','',#570);
#570 = PRODUCT('COMPOUND','COMPOUND','',(#571));
#571 = PRODUCT_CONTEXT('',#2,'mechanical');
#572 = PRODUCT_DEFINITION_CONTEXT('part definition',#2,'design');
#573 = ADVANCED_BREP_SHAPE_REPRESENTATION('',(#11,#574),#756);
#574 = MANIFOLD_SOLID_BREP('',#575);
#575 = CLOSED_SHELL('',(#576,#664,#699,#729));
#576 = ADVANCED_FACE('',(#577),#590,.T.);
#577 = FACE_BOUND('',#578,.T.);
#578 = EDGE_LOOP('',(#579,#613,#636,#663));
#579 = ORIENTED_EDGE('',*,*,#580,.F.);
#580 = EDGE_CURVE('',#581,#581,#583,.T.);
#581 = VERTEX_POINT('',#582);
#582 = CARTESIAN_POINT('',(-20.7,-5.633375276078E-16,24.8));
#583 = SURFACE_CURVE('',#584,(#589,#601),.PCURVE_S1.);
#584 = CIRCLE('',#585,2.3);
#585 = AXIS2_PLACEMENT_3D('',#586,#587,#588);
#586 = CARTESIAN_POINT('',(-23.,0.,24.8));
#587 = DIRECTION('',(0.,0.,1.));
#588 = DIRECTION('',(1.,0.,-0.));
#589 = PCURVE('',#590,#595);
#590 = CYLINDRICAL_SURFACE('',#591,2.3);
#591 = AXIS2_PLACEMENT_3D('',#592,#593,#594);
#592 = CARTESIAN_POINT('',(-23.,0.,19.8));
#593 = DIRECTION('',(0.,0.,1.));
#594 = DIRECTION('',(1.,0.,-0.));
#595 = DEFINITIONAL_REPRESENTATION('',(#596),#600);
#596 = LINE('',#597,#598);
#597 = CARTESIAN_POINT('',(0.,5.));
#598 = VECTOR('',#599,1.);
#599 = DIRECTION('',(1.,0.));
#600 = ( GEOMETRIC_REPRESENTATION_CONTEXT(2) 
PARAMETRIC_REPRESENTATION_CONTEXT() REPRESENTATION_CONTEXT('2D SPACE',''
  ) );
#601 = PCURVE('',#602,#607);
#602 = PLANE('',#603);
#603 = AXIS2_PLACEMENT_3D('',#604,#605,#606);
#604 = CARTESIAN_POINT('',(-23.,0.,24.8));
#605 = DIRECTION('',(0.,0.,1.));
#606 = DIRECTION('',(1.,0.,-0.));
#607 = DEFINITIONAL_REPRESENTATION('',(#608),#612);
#608 = CIRCLE('',#609,2.3);
#609 = AXIS2_PLACEMENT_2D('',#610,#611);
#610 = CARTESIAN_POINT('',(0.,0.));
#611 = DIRECTION('',(1.,0.));
#612 = ( GEOMETRIC_REPRESENTATION_CONTEXT(2) 
PARAMETRIC_REPRESENTATION_CONTEXT() REPRESENTATION_CONTEXT('2D SPACE',''
  ) );
#613 = ORIENTED_EDGE('',*,*,#614,.F.);
#614 = EDGE_CURVE('',#615,#581,#617,.T.);
#615 = VERTEX_POINT('',#616);
#616 = CARTESIAN_POINT('',(-20.7,-5.633375276078E-16,19.8));
#617 = SEAM_CURVE('',#618,(#622,#629),.PCURVE_S1.);
#618 = LINE('',#619,#620);
#619 = CARTESIAN_POINT('',(-20.7,-5.633375276078E-16,19.8));
#620 = VECTOR('',#621,1.);
#621 = DIRECTION('',(0.,0.,1.));
#622 = PCURVE('',#590,#623);
#623 = DEFINITIONAL_REPRESENTATION('',(#624),#628);
#624 = LINE('',#625,#626);
#625 = CARTESIAN_POINT('',(6.28318530718,-0.));
#626 = VECTOR('',#627,1.);
#627 = DIRECTION('',(0.,1.));
#628 = ( GEOMETRIC_REPRESENTATION_CONTEXT(2) 
PARAMETRIC_REPRESENTATION_CONTEXT() REPRESENTATION_CONTEXT('2D SPACE',''
  ) );
#629 = PCURVE('',#590,#630);
#630 = DEFINITIONAL_REPRESENTATION('',(#631),#635);
#631 = LINE('',#632,#633);
#632 = CARTESIAN_POINT('',(0.,-0.));
#633 = VECTOR('',#634,1.);
#634 = DIRECTION('',(0.,1.));
#635 = ( GEOMETRIC_REPRESENTATION_CONTEXT(2) 
PARAMETRIC_REPRESENTATION_CONTEXT() REPRESENTATION_CONTEXT('2D SPACE',''
  ) );
#636 = ORIENTED_EDGE('',*,*,#637,.T.);
#637 = EDGE_CURVE('',#615,#615,#638,.T.);
#638 = SURFACE_CURVE('',#639,(#644,#651),.PCURVE_S1.);
#639 = CIRCLE('',#640,2.3);
#640 = AXIS2_PLACEMENT_3D('',#641,#642,#643);
#641 = CARTESIAN_POINT('',(-23.,0.,19.8));
#642 = DIRECTION('',(0.,0.,1.));
#643 = DIRECTION('',(1.,0.,-0.));
#644 = PCURVE('',#590,#645);
#645 = DEFINITIONAL_REPRESENTATION('',(#646),#650);
#646 = LINE('',#647,#648);
#647 = CARTESIAN_POINT('',(0.,0.));
#648 = VECTOR('',#649,1.);
#649 = DIRECTION('',(1.,0.));
#650 = ( GEOMETRIC_REPRESENTATION_CONTEXT(2) 
PARAMETRIC_REPRESENTATION_CONTEXT() REPRESENTATION_CONTEXT('2D SPACE',''
  ) );
#651 = PCURVE('',#652,#657);
#652 = PLANE('',#653);
#653 = AXIS2_PLACEMENT_3D('',#654,#655,#656);
#654 = CARTESIAN_POINT('',(-23.,0.,19.8));
#655 = DIRECTION('',(0.,0.,1.));
#656 = DIRECTION('',(1.,0.,-0.));
#657 = DEFINITIONAL_REPRESENTATION('',(#658),#662);
#658 = CIRCLE('',#659,2.3);
#659 = AXIS2_PLACEMENT_2D('',#660,#661);
#660 = CARTESIAN_POINT('',(0.,0.));
#661 = DIRECTION('',(1.,0.));
#662 = ( GEOMETRIC_REPRESENTATION_CONTEXT(2) 
PARAMETRIC_REPRESENTATION_CONTEXT() REPRESENTATION_CONTEXT('2D SPACE',''
  ) );
#663 = ORIENTED_EDGE('',*,*,#614,.T.);
#664 = ADVANCED_FACE('',(#665,#668),#602,.T.);
#665 = FACE_BOUND('',#666,.T.);
#666 = EDGE_LOOP('',(#667));
#667 = ORIENTED_EDGE('',*,*,#580,.T.);
#668 = FACE_BOUND('',#669,.T.);
#669 = EDGE_LOOP('',(#670));
#670 = ORIENTED_EDGE('',*,*,#671,.F.);
#671 = EDGE_CURVE('',#672,#672,#674,.T.);
#672 = VERTEX_POINT('',#673);
#673 = CARTESIAN_POINT('',(-21.49,-3.698433333425E-16,24.8));
#674 = SURFACE_CURVE('',#675,(#680,#687),.PCURVE_S1.);
#675 = CIRCLE('',#676,1.51);
#676 = AXIS2_PLACEMENT_3D('',#677,#678,#679);
#677 = CARTESIAN_POINT('',(-23.,0.,24.8));
#678 = DIRECTION('',(0.,0.,1.));
#679 = DIRECTION('',(1.,0.,-0.));
#680 = PCURVE('',#602,#681);
#681 = DEFINITIONAL_REPRESENTATION('',(#682),#686);
#682 = CIRCLE('',#683,1.51);
#683 = AXIS2_PLACEMENT_2D('',#684,#685);
#684 = CARTESIAN_POINT('',(0.,0.));
#685 = DIRECTION('',(1.,0.));
#686 = ( GEOMETRIC_REPRESENTATION_CONTEXT(2) 
PARAMETRIC_REPRESENTATION_CONTEXT() REPRESENTATION_CONTEXT('2D SPACE',''
  ) );
#687 = PCURVE('',#688,#693);
#688 = CYLINDRICAL_SURFACE('',#689,1.51);
#689 = AXIS2_PLACEMENT_3D('',#690,#691,#692);
#690 = CARTESIAN_POINT('',(-23.,0.,19.7));
#691 = DIRECTION('',(0.,0.,1.));
#692 = DIRECTION('',(1.,0.,-0.));
#693 = DEFINITIONAL_REPRESENTATION('',(#694),#698);
#694 = LINE('',#695,#696);
#695 = CARTESIAN_POINT('',(0.,5.1));
#696 = VECTOR('',#697,1.);
#697 = DIRECTION('',(1.,0.));
#698 = ( GEOMETRIC_REPRESENTATION_CONTEXT(2) 
PARAMETRIC_REPRESENTATION_CONTEXT() REPRESENTATION_CONTEXT('2D SPACE',''
  ) );
#699 = ADVANCED_FACE('',(#700,#703),#652,.F.);
#700 = FACE_BOUND('',#701,.F.);
#701 = EDGE_LOOP('',(#702));
#702 = ORIENTED_EDGE('',*,*,#637,.T.);
#703 = FACE_BOUND('',#704,.F.);
#704 = EDGE_LOOP('',(#705));
#705 = ORIENTED_EDGE('',*,*,#706,.F.);
#706 = EDGE_CURVE('',#707,#707,#709,.T.);
#707 = VERTEX_POINT('',#708);
#708 = CARTESIAN_POINT('',(-21.49,-3.698433333425E-16,19.8));
#709 = SURFACE_CURVE('',#710,(#715,#722),.PCURVE_S1.);
#710 = CIRCLE('',#711,1.51);
#711 = AXIS2_PLACEMENT_3D('',#712,#713,#714);
#712 = CARTESIAN_POINT('',(-23.,0.,19.8));
#713 = DIRECTION('',(0.,0.,1.));
#714 = DIRECTION('',(1.,0.,-0.));
#715 = PCURVE('',#652,#716);
#716 = DEFINITIONAL_REPRESENTATION('',(#717),#721);
#717 = CIRCLE('',#718,1.51);
#718 = AXIS2_PLACEMENT_2D('',#719,#720);
#719 = CARTESIAN_POINT('',(0.,0.));
#720 = DIRECTION('',(1.,0.));
#721 = ( GEOMETRIC_REPRESENTATION_CONTEXT(2) 
PARAMETRIC_REPRESENTATION_CONTEXT() REPRESENTATION_CONTEXT('2D SPACE',''
  ) );
#722 = PCURVE('',#688,#723);
#723 = DEFINITIONAL_REPRESENTATION('',(#724),#728);
#724 = LINE('',#725,#726);
#725 = CARTESIAN_POINT('',(0.,0.1));
#726 = VECTOR('',#727,1.);
#727 = DIRECTION('',(1.,0.));
#728 = ( GEOMETRIC_REPRESENTATION_CONTEXT(2) 
PARAMETRIC_REPRESENTATION_CONTEXT() REPRESENTATION_CONTEXT('2D SPACE',''
  ) );
#729 = ADVANCED_FACE('',(#730),#688,.F.);
#730 = FACE_BOUND('',#731,.F.);
#731 = EDGE_LOOP('',(#732,#733,#754,#755));
#732 = ORIENTED_EDGE('',*,*,#671,.F.);
#733 = ORIENTED_EDGE('',*,*,#734,.F.);
#734 = EDGE_CURVE('',#707,#672,#735,.T.);
#735 = SEAM_CURVE('',#736,(#740,#747),.PCURVE_S1.);
#736 = LINE('',#737,#738);
#737 = CARTESIAN_POINT('',(-21.49,-3.698433333425E-16,19.7));
#738 = VECTOR('',#739,1.);
#739 = DIRECTION('',(0.,0.,1.));
#740 = PCURVE('',#688,#741);
#741 = DEFINITIONAL_REPRESENTATION('',(#742),#746);
#742 = LINE('',#743,#744);
#743 = CARTESIAN_POINT('',(6.28318530718,-0.));
#744 = VECTOR('',#745,1.);
#745 = DIRECTION('',(0.,1.));
#746 = ( GEOMETRIC_REPRESENTATION_CONTEXT(2) 
PARAMETRIC_REPRESENTATION_CONTEXT() REPRESENTATION_CONTEXT('2D SPACE',''
  ) );
#747 = PCURVE('',#688,#748);
#748 = DEFINITIONAL_REPRESENTATION('',(#749),#753);
#749 = LINE('',#750,#751);
#750 = CARTESIAN_POINT('',(0.,-0.));
#751 = VECTOR('',#752,1.);
#752 = DIRECTION('',(0.,1.));
#753 = ( GEOMETRIC_REPRESENTATION_CONTEXT(2) 
PARAMETRIC_REPRESENTATION_CONTEXT() REPRESENTATION_CONTEXT('2D SPACE',''
  ) );
#754 = ORIENTED_EDGE('',*,*,#706,.T.);
#755 = ORIENTED_EDGE('',*,*,#734,.T.);
#756 = ( GEOMETRIC_REPRESENTATION_CONTEXT(3) 
GLOBAL_UNCERTAINTY_ASSIGNED_CONTEXT((#760)) GLOBAL_UNIT_ASSIGNED_CONTEXT
((#757,#758,#759)) REPRESENTATION_CONTEXT('Context #1',
  '3D Context with UNIT and UNCERTAINTY') );
#757 = ( LENGTH_UNIT() NAMED_UNIT(*) SI_UNIT(.MILLI.,.METRE.) );
#758 = ( NAMED_UNIT(*) PLANE_ANGLE_UNIT() SI_UNIT($,.RADIAN.) );
#759 = ( NAMED_UNIT(*) SI_UNIT($,.STERADIAN.) SOLID_ANGLE_UNIT() );
#760 = UNCERTAINTY_MEASURE_WITH_UNIT(LENGTH_MEASURE(1.E-07),#757,
  'distance_accuracy_value','confusion accuracy');
#761 = CONTEXT_DEPENDENT_SHAPE_REPRESENTATION(#762,#764);
#762 = ( REPRESENTATION_RELATIONSHIP('','',#573,#10) 
REPRESENTATION_RELATIONSHIP_WITH_TRANSFORMATION(#763) 
SHAPE_REPRESENTATION_RELATIONSHIP() );
#763 = ITEM_DEFINED_TRANSFORMATION('','',#11,#27);
#764 = PRODUCT_DEFINITION_SHAPE('Placement','Placement of an item',#765
  );
#765 = NEXT_ASSEMBLY_USAGE_OCCURRENCE('4','=>[0:1:1:5]','',#5,#568,$);
#766 = PRODUCT_RELATED_PRODUCT_CATEGORY('part',$,(#570));
#767 = SHAPE_DEFINITION_REPRESENTATION(#768,#774);
#768 = PRODUCT_DEFINITION_SHAPE('','',#769);
#769 = PRODUCT_DEFINITION('design','',#770,#773);
#770 = PRODUCT_DEFINITION_FORMATION('','',#771);
#771 = PRODUCT('COMPOUND','COMPOUND','',(#772));
#772 = PRODUCT_CONTEXT('',#2,'mechanical');
#773 = PRODUCT_DEFINITION_CONTEXT('part definition',#2,'design');
#774 = ADVANCED_BREP_SHAPE_REPRESENTATION('',(#11,#775),#1345);
#775 = MANIFOLD_SOLID_BREP('',#776);
#776 = CLOSED_SHELL('',(#777,#897,#973,#1049,#1158,#1257,#1284,#1311,
    #1318));
#777 = ADVANCED_FACE('',(#778),#792,.F.);
#778 = FACE_BOUND('',#779,.F.);
#779 = EDGE_LOOP('',(#780,#815,#843,#871));
#780 = ORIENTED_EDGE('',*,*,#781,.T.);
#781 = EDGE_CURVE('',#782,#784,#786,.T.);
#782 = VERTEX_POINT('',#783);
#783 = CARTESIAN_POINT('',(-19.82457351945,0.,24.8));
#784 = VERTEX_POINT('',#785);
#785 = CARTESIAN_POINT('',(-19.82457351945,0.,27.2));
#786 = SURFACE_CURVE('',#787,(#791,#803),.PCURVE_S1.);
#787 = LINE('',#788,#789);
#788 = CARTESIAN_POINT('',(-19.82457351945,0.,24.8));
#789 = VECTOR('',#790,1.);
#790 = DIRECTION('',(0.,0.,1.));
#791 = PCURVE('',#792,#797);
#792 = PLANE('',#793);
#793 = AXIS2_PLACEMENT_3D('',#794,#795,#796);
#794 = CARTESIAN_POINT('',(-19.82457351945,0.,24.8));
#795 = DIRECTION('',(-0.866025403784,-0.5,0.));
#796 = DIRECTION('',(-0.5,0.866025403784,0.));
#797 = DEFINITIONAL_REPRESENTATION('',(#798),#802);
#798 = LINE('',#799,#800);
#799 = CARTESIAN_POINT('',(0.,0.));
#800 = VECTOR('',#801,1.);
#801 = DIRECTION('',(0.,-1.));
#802 = ( GEOMETRIC_REPRESENTATION_CONTEXT(2) 
PARAMETRIC_REPRESENTATION_CONTEXT() REPRESENTATION_CONTEXT('2D SPACE',''
  ) );
#803 = PCURVE('',#804,#809);
#804 = PLANE('',#805);
#805 = AXIS2_PLACEMENT_3D('',#806,#807,#808);
#806 = CARTESIAN_POINT('',(-21.41228675972,-2.75,24.8));
#807 = DIRECTION('',(-0.866025403784,0.5,0.));
#808 = DIRECTION('',(0.5,0.866025403784,0.));
#809 = DEFINITIONAL_REPRESENTATION('',(#810),#814);
#810 = LINE('',#811,#812);
#811 = CARTESIAN_POINT('',(3.175426480543,0.));
#812 = VECTOR('',#813,1.);
#813 = DIRECTION('',(0.,-1.));
#814 = ( GEOMETRIC_REPRESENTATION_CONTEXT(2) 
PARAMETRIC_REPRESENTATION_CONTEXT() REPRESENTATION_CONTEXT('2D SPACE',''
  ) );
#815 = ORIENTED_EDGE('',*,*,#816,.T.);
#816 = EDGE_CURVE('',#784,#817,#819,.T.);
#817 = VERTEX_POINT('',#818);
#818 = CARTESIAN_POINT('',(-21.41228675972,2.75,27.2));
#819 = SURFACE_CURVE('',#820,(#824,#831),.PCURVE_S1.);
#820 = LINE('',#821,#822);
#821 = CARTESIAN_POINT('',(-19.82457351945,0.,27.2));
#822 = VECTOR('',#823,1.);
#823 = DIRECTION('',(-0.5,0.866025403784,0.));
#824 = PCURVE('',#792,#825);
#825 = DEFINITIONAL_REPRESENTATION('',(#826),#830);
#826 = LINE('',#827,#828);
#827 = CARTESIAN_POINT('',(0.,-2.4));
#828 = VECTOR('',#829,1.);
#829 = DIRECTION('',(1.,0.));
#830 = ( GEOMETRIC_REPRESENTATION_CONTEXT(2) 
PARAMETRIC_REPRESENTATION_CONTEXT() REPRESENTATION_CONTEXT('2D SPACE',''
  ) );
#831 = PCURVE('',#832,#837);
#832 = PLANE('',#833);
#833 = AXIS2_PLACEMENT_3D('',#834,#835,#836);
#834 = CARTESIAN_POINT('',(-23.,-1.864691089826E-16,27.2));
#835 = DIRECTION('',(0.,0.,1.));
#836 = DIRECTION('',(1.,0.,-0.));
#837 = DEFINITIONAL_REPRESENTATION('',(#838),#842);
#838 = LINE('',#839,#840);
#839 = CARTESIAN_POINT('',(3.175426480543,1.864691089826E-16));
#840 = VECTOR('',#841,1.);
#841 = DIRECTION('',(-0.5,0.866025403784));
#842 = ( GEOMETRIC_REPRESENTATION_CONTEXT(2) 
PARAMETRIC_REPRESENTATION_CONTEXT() REPRESENTATION_CONTEXT('2D SPACE',''
  ) );
#843 = ORIENTED_EDGE('',*,*,#844,.F.);
#844 = EDGE_CURVE('',#845,#817,#847,.T.);
#845 = VERTEX_POINT('',#846);
#846 = CARTESIAN_POINT('',(-21.41228675972,2.75,24.8));
#847 = SURFACE_CURVE('',#848,(#852,#859),.PCURVE_S1.);
#848 = LINE('',#849,#850);
#849 = CARTESIAN_POINT('',(-21.41228675972,2.75,24.8));
#850 = VECTOR('',#851,1.);
#851 = DIRECTION('',(0.,0.,1.));
#852 = PCURVE('',#792,#853);
#853 = DEFINITIONAL_REPRESENTATION('',(#854),#858);
#854 = LINE('',#855,#856);
#855 = CARTESIAN_POINT('',(3.175426480543,0.));
#856 = VECTOR('',#857,1.);
#857 = DIRECTION('',(0.,-1.));
#858 = ( GEOMETRIC_REPRESENTATION_CONTEXT(2) 
PARAMETRIC_REPRESENTATION_CONTEXT() REPRESENTATION_CONTEXT('2D SPACE',''
  ) );
#859 = PCURVE('',#860,#865);
#860 = PLANE('',#861);
#861 = AXIS2_PLACEMENT_3D('',#862,#863,#864);
#862 = CARTESIAN_POINT('',(-21.41228675972,2.75,24.8));
#863 = DIRECTION('',(-1.39851831737E-16,-1.,0.));
#864 = DIRECTION('',(-1.,1.39851831737E-16,0.));
#865 = DEFINITIONAL_REPRESENTATION('',(#866),#870);
#866 = LINE('',#867,#868);
#867 = CARTESIAN_POINT('',(0.,0.));
#868 = VECTOR('',#869,1.);
#869 = DIRECTION('',(0.,-1.));
#870 = ( GEOMETRIC_REPRESENTATION_CONTEXT(2) 
PARAMETRIC_REPRESENTATION_CONTEXT() REPRESENTATION_CONTEXT('2D SPACE',''
  ) );
#871 = ORIENTED_EDGE('',*,*,#872,.F.);
#872 = EDGE_CURVE('',#782,#845,#873,.T.);
#873 = SURFACE_CURVE('',#874,(#878,#885),.PCURVE_S1.);
#874 = LINE('',#875,#876);
#875 = CARTESIAN_POINT('',(-19.82457351945,0.,24.8));
#876 = VECTOR('',#877,1.);
#877 = DIRECTION('',(-0.5,0.866025403784,0.));
#878 = PCURVE('',#792,#879);
#879 = DEFINITIONAL_REPRESENTATION('',(#880),#884);
#880 = LINE('',#881,#882);
#881 = CARTESIAN_POINT('',(0.,0.));
#882 = VECTOR('',#883,1.);
#883 = DIRECTION('',(1.,0.));
#884 = ( GEOMETRIC_REPRESENTATION_CONTEXT(2) 
PARAMETRIC_REPRESENTATION_CONTEXT() REPRESENTATION_CONTEXT('2D SPACE',''
  ) );
#885 = PCURVE('',#886,#891);
#886 = PLANE('',#887);
#887 = AXIS2_PLACEMENT_3D('',#888,#889,#890);
#888 = CARTESIAN_POINT('',(-23.,-1.864691089826E-16,24.8));
#889 = DIRECTION('',(0.,0.,1.));
#890 = DIRECTION('',(1.,0.,-0.));
#891 = DEFINITIONAL_REPRESENTATION('',(#892),#896);
#892 = LINE('',#893,#894);
#893 = CARTESIAN_POINT('',(3.175426480543,1.864691089826E-16));
#894 = VECTOR('',#895,1.);
#895 = DIRECTION('',(-0.5,0.866025403784));
#896 = ( GEOMETRIC_REPRESENTATION_CONTEXT(2) 
PARAMETRIC_REPRESENTATION_CONTEXT() REPRESENTATION_CONTEXT('2D SPACE',''
  ) );
#897 = ADVANCED_FACE('',(#898),#804,.F.);
#898 = FACE_BOUND('',#899,.F.);
#899 = EDGE_LOOP('',(#900,#930,#951,#952));
#900 = ORIENTED_EDGE('',*,*,#901,.T.);
#901 = EDGE_CURVE('',#902,#904,#906,.T.);
#902 = VERTEX_POINT('',#903);
#903 = CARTESIAN_POINT('',(-21.41228675972,-2.75,24.8));
#904 = VERTEX_POINT('',#905);
#905 = CARTESIAN_POINT('',(-21.41228675972,-2.75,27.2));
#906 = SURFACE_CURVE('',#907,(#911,#918),.PCURVE_S1.);
#907 = LINE('',#908,#909);
#908 = CARTESIAN_POINT('',(-21.41228675972,-2.75,24.8));
#909 = VECTOR('',#910,1.);
#910 = DIRECTION('',(0.,0.,1.));
#911 = PCURVE('',#804,#912);
#912 = DEFINITIONAL_REPRESENTATION('',(#913),#917);
#913 = LINE('',#914,#915);
#914 = CARTESIAN_POINT('',(0.,0.));
#915 = VECTOR('',#916,1.);
#916 = DIRECTION('',(0.,-1.));
#917 = ( GEOMETRIC_REPRESENTATION_CONTEXT(2) 
PARAMETRIC_REPRESENTATION_CONTEXT() REPRESENTATION_CONTEXT('2D SPACE',''
  ) );
#918 = PCURVE('',#919,#924);
#919 = PLANE('',#920);
#920 = AXIS2_PLACEMENT_3D('',#921,#922,#923);
#921 = CARTESIAN_POINT('',(-24.58771324027,-2.75,24.8));
#922 = DIRECTION('',(2.79703663474E-16,1.,-0.));
#923 = DIRECTION('',(1.,-2.79703663474E-16,0.));
#924 = DEFINITIONAL_REPRESENTATION('',(#925),#929);
#925 = LINE('',#926,#927);
#926 = CARTESIAN_POINT('',(3.175426480543,0.));
#927 = VECTOR('',#928,1.);
#928 = DIRECTION('',(0.,-1.));
#929 = ( GEOMETRIC_REPRESENTATION_CONTEXT(2) 
PARAMETRIC_REPRESENTATION_CONTEXT() REPRESENTATION_CONTEXT('2D SPACE',''
  ) );
#930 = ORIENTED_EDGE('',*,*,#931,.T.);
#931 = EDGE_CURVE('',#904,#784,#932,.T.);
#932 = SURFACE_CURVE('',#933,(#937,#944),.PCURVE_S1.);
#933 = LINE('',#934,#935);
#934 = CARTESIAN_POINT('',(-21.41228675972,-2.75,27.2));
#935 = VECTOR('',#936,1.);
#936 = DIRECTION('',(0.5,0.866025403784,0.));
#937 = PCURVE('',#804,#938);
#938 = DEFINITIONAL_REPRESENTATION('',(#939),#943);
#939 = LINE('',#940,#941);
#940 = CARTESIAN_POINT('',(0.,-2.4));
#941 = VECTOR('',#942,1.);
#942 = DIRECTION('',(1.,0.));
#943 = ( GEOMETRIC_REPRESENTATION_CONTEXT(2) 
PARAMETRIC_REPRESENTATION_CONTEXT() REPRESENTATION_CONTEXT('2D SPACE',''
  ) );
#944 = PCURVE('',#832,#945);
#945 = DEFINITIONAL_REPRESENTATION('',(#946),#950);
#946 = LINE('',#947,#948);
#947 = CARTESIAN_POINT('',(1.587713240271,-2.75));
#948 = VECTOR('',#949,1.);
#949 = DIRECTION('',(0.5,0.866025403784));
#950 = ( GEOMETRIC_REPRESENTATION_CONTEXT(2) 
PARAMETRIC_REPRESENTATION_CONTEXT() REPRESENTATION_CONTEXT('2D SPACE',''
  ) );
#951 = ORIENTED_EDGE('',*,*,#781,.F.);
#952 = ORIENTED_EDGE('',*,*,#953,.F.);
#953 = EDGE_CURVE('',#902,#782,#954,.T.);
#954 = SURFACE_CURVE('',#955,(#959,#966),.PCURVE_S1.);
#955 = LINE('',#956,#957);
#956 = CARTESIAN_POINT('',(-21.41228675972,-2.75,24.8));
#957 = VECTOR('',#958,1.);
#958 = DIRECTION('',(0.5,0.866025403784,0.));
#959 = PCURVE('',#804,#960);
#960 = DEFINITIONAL_REPRESENTATION('',(#961),#965);
#961 = LINE('',#962,#963);
#962 = CARTESIAN_POINT('',(0.,0.));
#963 = VECTOR('',#964,1.);
#964 = DIRECTION('',(1.,0.));
#965 = ( GEOMETRIC_REPRESENTATION_CONTEXT(2) 
PARAMETRIC_REPRESENTATION_CONTEXT() REPRESENTATION_CONTEXT('2D SPACE',''
  ) );
#966 = PCURVE('',#886,#967);
#967 = DEFINITIONAL_REPRESENTATION('',(#968),#972);
#968 = LINE('',#969,#970);
#969 = CARTESIAN_POINT('',(1.587713240271,-2.75));
#970 = VECTOR('',#971,1.);
#971 = DIRECTION('',(0.5,0.866025403784));
#972 = ( GEOMETRIC_REPRESENTATION_CONTEXT(2) 
PARAMETRIC_REPRESENTATION_CONTEXT() REPRESENTATION_CONTEXT('2D SPACE',''
  ) );
#973 = ADVANCED_FACE('',(#974),#860,.F.);
#974 = FACE_BOUND('',#975,.F.);
#975 = EDGE_LOOP('',(#976,#977,#1000,#1028));
#976 = ORIENTED_EDGE('',*,*,#844,.T.);
#977 = ORIENTED_EDGE('',*,*,#978,.T.);
#978 = EDGE_CURVE('',#817,#979,#981,.T.);
#979 = VERTEX_POINT('',#980);
#980 = CARTESIAN_POINT('',(-24.58771324027,2.75,27.2));
#981 = SURFACE_CURVE('',#982,(#986,#993),.PCURVE_S1.);
#982 = LINE('',#983,#984);
#983 = CARTESIAN_POINT('',(-21.41228675972,2.75,27.2));
#984 = VECTOR('',#985,1.);
#985 = DIRECTION('',(-1.,1.39851831737E-16,0.));
#986 = PCURVE('',#860,#987);
#987 = DEFINITIONAL_REPRESENTATION('',(#988),#992);
#988 = LINE('',#989,#990);
#989 = CARTESIAN_POINT('',(0.,-2.4));
#990 = VECTOR('',#991,1.);
#991 = DIRECTION('',(1.,0.));
#992 = ( GEOMETRIC_REPRESENTATION_CONTEXT(2) 
PARAMETRIC_REPRESENTATION_CONTEXT() REPRESENTATION_CONTEXT('2D SPACE',''
  ) );
#993 = PCURVE('',#832,#994);
#994 = DEFINITIONAL_REPRESENTATION('',(#995),#999);
#995 = LINE('',#996,#997);
#996 = CARTESIAN_POINT('',(1.587713240271,2.75));
#997 = VECTOR('',#998,1.);
#998 = DIRECTION('',(-1.,1.39851831737E-16));
#999 = ( GEOMETRIC_REPRESENTATION_CONTEXT(2) 
PARAMETRIC_REPRESENTATION_CONTEXT() REPRESENTATION_CONTEXT('2D SPACE',''
  ) );
#1000 = ORIENTED_EDGE('',*,*,#1001,.F.);
#1001 = EDGE_CURVE('',#1002,#979,#1004,.T.);
#1002 = VERTEX_POINT('',#1003);
#1003 = CARTESIAN_POINT('',(-24.58771324027,2.75,24.8));
#1004 = SURFACE_CURVE('',#1005,(#1009,#1016),.PCURVE_S1.);
#1005 = LINE('',#1006,#1007);
#1006 = CARTESIAN_POINT('',(-24.58771324027,2.75,24.8));
#1007 = VECTOR('',#1008,1.);
#1008 = DIRECTION('',(0.,0.,1.));
#1009 = PCURVE('',#860,#1010);
#1010 = DEFINITIONAL_REPRESENTATION('',(#1011),#1015);
#1011 = LINE('',#1012,#1013);
#1012 = CARTESIAN_POINT('',(3.175426480543,0.));
#1013 = VECTOR('',#1014,1.);
#1014 = DIRECTION('',(0.,-1.));
#1015 = ( GEOMETRIC_REPRESENTATION_CONTEXT(2) 
PARAMETRIC_REPRESENTATION_CONTEXT() REPRESENTATION_CONTEXT('2D SPACE',''
  ) );
#1016 = PCURVE('',#1017,#1022);
#1017 = PLANE('',#1018);
#1018 = AXIS2_PLACEMENT_3D('',#1019,#1020,#1021);
#1019 = CARTESIAN_POINT('',(-24.58771324027,2.75,24.8));
#1020 = DIRECTION('',(0.866025403784,-0.5,0.));
#1021 = DIRECTION('',(-0.5,-0.866025403784,0.));
#1022 = DEFINITIONAL_REPRESENTATION('',(#1023),#1027);
#1023 = LINE('',#1024,#1025);
#1024 = CARTESIAN_POINT('',(0.,0.));
#1025 = VECTOR('',#1026,1.);
#1026 = DIRECTION('',(0.,-1.));
#1027 = ( GEOMETRIC_REPRESENTATION_CONTEXT(2) 
PARAMETRIC_REPRESENTATION_CONTEXT() REPRESENTATION_CONTEXT('2D SPACE',''
  ) );
#1028 = ORIENTED_EDGE('',*,*,#1029,.F.);
#1029 = EDGE_CURVE('',#845,#1002,#1030,.T.);
#1030 = SURFACE_CURVE('',#1031,(#1035,#1042),.PCURVE_S1.);
#1031 = LINE('',#1032,#1033);
#1032 = CARTESIAN_POINT('',(-21.41228675972,2.75,24.8));
#1033 = VECTOR('',#1034,1.);
#1034 = DIRECTION('',(-1.,1.39851831737E-16,0.));
#1035 = PCURVE('',#860,#1036);
#1036 = DEFINITIONAL_REPRESENTATION('',(#1037),#1041);
#1037 = LINE('',#1038,#1039);
#1038 = CARTESIAN_POINT('',(0.,0.));
#1039 = VECTOR('',#1040,1.);
#1040 = DIRECTION('',(1.,0.));
#1041 = ( GEOMETRIC_REPRESENTATION_CONTEXT(2) 
PARAMETRIC_REPRESENTATION_CONTEXT() REPRESENTATION_CONTEXT('2D SPACE',''
  ) );
#1042 = PCURVE('',#886,#1043);
#1043 = DEFINITIONAL_REPRESENTATION('',(#1044),#1048);
#1044 = LINE('',#1045,#1046);
#1045 = CARTESIAN_POINT('',(1.587713240271,2.75));
#1046 = VECTOR('',#1047,1.);
#1047 = DIRECTION('',(-1.,1.39851831737E-16));
#1048 = ( GEOMETRIC_REPRESENTATION_CONTEXT(2) 
PARAMETRIC_REPRESENTATION_CONTEXT() REPRESENTATION_CONTEXT('2D SPACE',''
  ) );
#1049 = ADVANCED_FACE('',(#1050,#1127),#886,.F.);
#1050 = FACE_BOUND('',#1051,.F.);
#1051 = EDGE_LOOP('',(#1052,#1053,#1054,#1077,#1105,#1126));
#1052 = ORIENTED_EDGE('',*,*,#872,.T.);
#1053 = ORIENTED_EDGE('',*,*,#1029,.T.);
#1054 = ORIENTED_EDGE('',*,*,#1055,.T.);
#1055 = EDGE_CURVE('',#1002,#1056,#1058,.T.);
#1056 = VERTEX_POINT('',#1057);
#1057 = CARTESIAN_POINT('',(-26.17542648054,3.888775875325E-16,24.8));
#1058 = SURFACE_CURVE('',#1059,(#1063,#1070),.PCURVE_S1.);
#1059 = LINE('',#1060,#1061);
#1060 = CARTESIAN_POINT('',(-24.58771324027,2.75,24.8));
#1061 = VECTOR('',#1062,1.);
#1062 = DIRECTION('',(-0.5,-0.866025403784,0.));
#1063 = PCURVE('',#886,#1064);
#1064 = DEFINITIONAL_REPRESENTATION('',(#1065),#1069);
#1065 = LINE('',#1066,#1067);
#1066 = CARTESIAN_POINT('',(-1.587713240271,2.75));
#1067 = VECTOR('',#1068,1.);
#1068 = DIRECTION('',(-0.5,-0.866025403784));
#1069 = ( GEOMETRIC_REPRESENTATION_CONTEXT(2) 
PARAMETRIC_REPRESENTATION_CONTEXT() REPRESENTATION_CONTEXT('2D SPACE',''
  ) );
#1070 = PCURVE('',#1017,#1071);
#1071 = DEFINITIONAL_REPRESENTATION('',(#1072),#1076);
#1072 = LINE('',#1073,#1074);
#1073 = CARTESIAN_POINT('',(0.,0.));
#1074 = VECTOR('',#1075,1.);
#1075 = DIRECTION('',(1.,0.));
#1076 = ( GEOMETRIC_REPRESENTATION_CONTEXT(2) 
PARAMETRIC_REPRESENTATION_CONTEXT() REPRESENTATION_CONTEXT('2D SPACE',''
  ) );
#1077 = ORIENTED_EDGE('',*,*,#1078,.T.);
#1078 = EDGE_CURVE('',#1056,#1079,#1081,.T.);
#1079 = VERTEX_POINT('',#1080);
#1080 = CARTESIAN_POINT('',(-24.58771324027,-2.75,24.8));
#1081 = SURFACE_CURVE('',#1082,(#1086,#1093),.PCURVE_S1.);
#1082 = LINE('',#1083,#1084);
#1083 = CARTESIAN_POINT('',(-26.17542648054,3.888775875325E-16,24.8));
#1084 = VECTOR('',#1085,1.);
#1085 = DIRECTION('',(0.5,-0.866025403784,0.));
#1086 = PCURVE('',#886,#1087);
#1087 = DEFINITIONAL_REPRESENTATION('',(#1088),#1092);
#1088 = LINE('',#1089,#1090);
#1089 = CARTESIAN_POINT('',(-3.175426480543,5.753466965151E-16));
#1090 = VECTOR('',#1091,1.);
#1091 = DIRECTION('',(0.5,-0.866025403784));
#1092 = ( GEOMETRIC_REPRESENTATION_CONTEXT(2) 
PARAMETRIC_REPRESENTATION_CONTEXT() REPRESENTATION_CONTEXT('2D SPACE',''
  ) );
#1093 = PCURVE('',#1094,#1099);
#1094 = PLANE('',#1095);
#1095 = AXIS2_PLACEMENT_3D('',#1096,#1097,#1098);
#1096 = CARTESIAN_POINT('',(-26.17542648054,3.888775875325E-16,24.8));
#1097 = DIRECTION('',(0.866025403784,0.5,-0.));
#1098 = DIRECTION('',(0.5,-0.866025403784,0.));
#1099 = DEFINITIONAL_REPRESENTATION('',(#1100),#1104);
#1100 = LINE('',#1101,#1102);
#1101 = CARTESIAN_POINT('',(0.,0.));
#1102 = VECTOR('',#1103,1.);
#1103 = DIRECTION('',(1.,0.));
#1104 = ( GEOMETRIC_REPRESENTATION_CONTEXT(2) 
PARAMETRIC_REPRESENTATION_CONTEXT() REPRESENTATION_CONTEXT('2D SPACE',''
  ) );
#1105 = ORIENTED_EDGE('',*,*,#1106,.T.);
#1106 = EDGE_CURVE('',#1079,#902,#1107,.T.);
#1107 = SURFACE_CURVE('',#1108,(#1112,#1119),.PCURVE_S1.);
#1108 = LINE('',#1109,#1110);
#1109 = CARTESIAN_POINT('',(-24.58771324027,-2.75,24.8));
#1110 = VECTOR('',#1111,1.);
#1111 = DIRECTION('',(1.,-2.79703663474E-16,0.));
#1112 = PCURVE('',#886,#1113);
#1113 = DEFINITIONAL_REPRESENTATION('',(#1114),#1118);
#1114 = LINE('',#1115,#1116);
#1115 = CARTESIAN_POINT('',(-1.587713240271,-2.75));
#1116 = VECTOR('',#1117,1.);
#1117 = DIRECTION('',(1.,-2.79703663474E-16));
#1118 = ( GEOMETRIC_REPRESENTATION_CONTEXT(2) 
PARAMETRIC_REPRESENTATION_CONTEXT() REPRESENTATION_CONTEXT('2D SPACE',''
  ) );
#1119 = PCURVE('',#919,#1120);
#1120 = DEFINITIONAL_REPRESENTATION('',(#1121),#1125);
#1121 = LINE('',#1122,#1123);
#1122 = CARTESIAN_POINT('',(0.,0.));
#1123 = VECTOR('',#1124,1.);
#1124 = DIRECTION('',(1.,0.));
#1125 = ( GEOMETRIC_REPRESENTATION_CONTEXT(2) 
PARAMETRIC_REPRESENTATION_CONTEXT() REPRESENTATION_CONTEXT('2D SPACE',''
  ) );
#1126 = ORIENTED_EDGE('',*,*,#953,.T.);
#1127 = FACE_BOUND('',#1128,.F.);
#1128 = EDGE_LOOP('',(#1129));
#1129 = ORIENTED_EDGE('',*,*,#1130,.F.);
#1130 = EDGE_CURVE('',#1131,#1131,#1133,.T.);
#1131 = VERTEX_POINT('',#1132);
#1132 = CARTESIAN_POINT('',(-21.49,-3.698433333425E-16,24.8));
#1133 = SURFACE_CURVE('',#1134,(#1139,#1146),.PCURVE_S1.);
#1134 = CIRCLE('',#1135,1.51);
#1135 = AXIS2_PLACEMENT_3D('',#1136,#1137,#1138);
#1136 = CARTESIAN_POINT('',(-23.,0.,24.8));
#1137 = DIRECTION('',(0.,0.,1.));
#1138 = DIRECTION('',(1.,0.,-0.));
#1139 = PCURVE('',#886,#1140);
#1140 = DEFINITIONAL_REPRESENTATION('',(#1141),#1145);
#1141 = CIRCLE('',#1142,1.51);
#1142 = AXIS2_PLACEMENT_2D('',#1143,#1144);
#1143 = CARTESIAN_POINT('',(0.,1.864691089826E-16));
#1144 = DIRECTION('',(1.,0.));
#1145 = ( GEOMETRIC_REPRESENTATION_CONTEXT(2) 
PARAMETRIC_REPRESENTATION_CONTEXT() REPRESENTATION_CONTEXT('2D SPACE',''
  ) );
#1146 = PCURVE('',#1147,#1152);
#1147 = CYLINDRICAL_SURFACE('',#1148,1.51);
#1148 = AXIS2_PLACEMENT_3D('',#1149,#1150,#1151);
#1149 = CARTESIAN_POINT('',(-23.,0.,24.7));
#1150 = DIRECTION('',(0.,0.,1.));
#1151 = DIRECTION('',(1.,0.,-0.));
#1152 = DEFINITIONAL_REPRESENTATION('',(#1153),#1157);
#1153 = LINE('',#1154,#1155);
#1154 = CARTESIAN_POINT('',(0.,0.1));
#1155 = VECTOR('',#1156,1.);
#1156 = DIRECTION('',(1.,0.));
#1157 = ( GEOMETRIC_REPRESENTATION_CONTEXT(2) 
PARAMETRIC_REPRESENTATION_CONTEXT() REPRESENTATION_CONTEXT('2D SPACE',''
  ) );
#1158 = ADVANCED_FACE('',(#1159,#1231),#832,.T.);
#1159 = FACE_BOUND('',#1160,.T.);
#1160 = EDGE_LOOP('',(#1161,#1162,#1163,#1186,#1209,#1230));
#1161 = ORIENTED_EDGE('',*,*,#816,.T.);
#1162 = ORIENTED_EDGE('',*,*,#978,.T.);
#1163 = ORIENTED_EDGE('',*,*,#1164,.T.);
#1164 = EDGE_CURVE('',#979,#1165,#1167,.T.);
#1165 = VERTEX_POINT('',#1166);
#1166 = CARTESIAN_POINT('',(-26.17542648054,3.888775875325E-16,27.2));
#1167 = SURFACE_CURVE('',#1168,(#1172,#1179),.PCURVE_S1.);
#1168 = LINE('',#1169,#1170);
#1169 = CARTESIAN_POINT('',(-24.58771324027,2.75,27.2));
#1170 = VECTOR('',#1171,1.);
#1171 = DIRECTION('',(-0.5,-0.866025403784,0.));
#1172 = PCURVE('',#832,#1173);
#1173 = DEFINITIONAL_REPRESENTATION('',(#1174),#1178);
#1174 = LINE('',#1175,#1176);
#1175 = CARTESIAN_POINT('',(-1.587713240271,2.75));
#1176 = VECTOR('',#1177,1.);
#1177 = DIRECTION('',(-0.5,-0.866025403784));
#1178 = ( GEOMETRIC_REPRESENTATION_CONTEXT(2) 
PARAMETRIC_REPRESENTATION_CONTEXT() REPRESENTATION_CONTEXT('2D SPACE',''
  ) );
#1179 = PCURVE('',#1017,#1180);
#1180 = DEFINITIONAL_REPRESENTATION('',(#1181),#1185);
#1181 = LINE('',#1182,#1183);
#1182 = CARTESIAN_POINT('',(0.,-2.4));
#1183 = VECTOR('',#1184,1.);
#1184 = DIRECTION('',(1.,0.));
#1185 = ( GEOMETRIC_REPRESENTATION_CONTEXT(2) 
PARAMETRIC_REPRESENTATION_CONTEXT() REPRESENTATION_CONTEXT('2D SPACE',''
  ) );
#1186 = ORIENTED_EDGE('',*,*,#1187,.T.);
#1187 = EDGE_CURVE('',#1165,#1188,#1190,.T.);
#1188 = VERTEX_POINT('',#1189);
#1189 = CARTESIAN_POINT('',(-24.58771324027,-2.75,27.2));
#1190 = SURFACE_CURVE('',#1191,(#1195,#1202),.PCURVE_S1.);
#1191 = LINE('',#1192,#1193);
#1192 = CARTESIAN_POINT('',(-26.17542648054,3.888775875325E-16,27.2));
#1193 = VECTOR('',#1194,1.);
#1194 = DIRECTION('',(0.5,-0.866025403784,0.));
#1195 = PCURVE('',#832,#1196);
#1196 = DEFINITIONAL_REPRESENTATION('',(#1197),#1201);
#1197 = LINE('',#1198,#1199);
#1198 = CARTESIAN_POINT('',(-3.175426480543,5.753466965151E-16));
#1199 = VECTOR('',#1200,1.);
#1200 = DIRECTION('',(0.5,-0.866025403784));
#1201 = ( GEOMETRIC_REPRESENTATION_CONTEXT(2) 
PARAMETRIC_REPRESENTATION_CONTEXT() REPRESENTATION_CONTEXT('2D SPACE',''
  ) );
#1202 = PCURVE('',#1094,#1203);
#1203 = DEFINITIONAL_REPRESENTATION('',(#1204),#1208);
#1204 = LINE('',#1205,#1206);
#1205 = CARTESIAN_POINT('',(0.,-2.4));
#1206 = VECTOR('',#1207,1.);
#1207 = DIRECTION('',(1.,0.));
#1208 = ( GEOMETRIC_REPRESENTATION_CONTEXT(2) 
PARAMETRIC_REPRESENTATION_CONTEXT() REPRESENTATION_CONTEXT('2D SPACE',''
  ) );
#1209 = ORIENTED_EDGE('',*,*,#1210,.T.);
#1210 = EDGE_CURVE('',#1188,#904,#1211,.T.);
#1211 = SURFACE_CURVE('',#1212,(#1216,#1223),.PCURVE_S1.);
#1212 = LINE('',#1213,#1214);
#1213 = CARTESIAN_POINT('',(-24.58771324027,-2.75,27.2));
#1214 = VECTOR('',#1215,1.);
#1215 = DIRECTION('',(1.,-2.79703663474E-16,0.));
#1216 = PCURVE('',#832,#1217);
#1217 = DEFINITIONAL_REPRESENTATION('',(#1218),#1222);
#1218 = LINE('',#1219,#1220);
#1219 = CARTESIAN_POINT('',(-1.587713240271,-2.75));
#1220 = VECTOR('',#1221,1.);
#1221 = DIRECTION('',(1.,-2.79703663474E-16));
#1222 = ( GEOMETRIC_REPRESENTATION_CONTEXT(2) 
PARAMETRIC_REPRESENTATION_CONTEXT() REPRESENTATION_CONTEXT('2D SPACE',''
  ) );
#1223 = PCURVE('',#919,#1224);
#1224 = DEFINITIONAL_REPRESENTATION('',(#1225),#1229);
#1225 = LINE('',#1226,#1227);
#1226 = CARTESIAN_POINT('',(0.,-2.4));
#1227 = VECTOR('',#1228,1.);
#1228 = DIRECTION('',(1.,0.));
#1229 = ( GEOMETRIC_REPRESENTATION_CONTEXT(2) 
PARAMETRIC_REPRESENTATION_CONTEXT() REPRESENTATION_CONTEXT('2D SPACE',''
  ) );
#1230 = ORIENTED_EDGE('',*,*,#931,.T.);
#1231 = FACE_BOUND('',#1232,.T.);
#1232 = EDGE_LOOP('',(#1233));
#1233 = ORIENTED_EDGE('',*,*,#1234,.F.);
#1234 = EDGE_CURVE('',#1235,#1235,#1237,.T.);
#1235 = VERTEX_POINT('',#1236);
#1236 = CARTESIAN_POINT('',(-21.49,-3.698433333425E-16,27.2));
#1237 = SURFACE_CURVE('',#1238,(#1243,#1250),.PCURVE_S1.);
#1238 = CIRCLE('',#1239,1.51);
#1239 = AXIS2_PLACEMENT_3D('',#1240,#1241,#1242);
#1240 = CARTESIAN_POINT('',(-23.,0.,27.2));
#1241 = DIRECTION('',(0.,0.,1.));
#1242 = DIRECTION('',(1.,0.,-0.));
#1243 = PCURVE('',#832,#1244);
#1244 = DEFINITIONAL_REPRESENTATION('',(#1245),#1249);
#1245 = CIRCLE('',#1246,1.51);
#1246 = AXIS2_PLACEMENT_2D('',#1247,#1248);
#1247 = CARTESIAN_POINT('',(0.,1.864691089826E-16));
#1248 = DIRECTION('',(1.,0.));
#1249 = ( GEOMETRIC_REPRESENTATION_CONTEXT(2) 
PARAMETRIC_REPRESENTATION_CONTEXT() REPRESENTATION_CONTEXT('2D SPACE',''
  ) );
#1250 = PCURVE('',#1147,#1251);
#1251 = DEFINITIONAL_REPRESENTATION('',(#1252),#1256);
#1252 = LINE('',#1253,#1254);
#1253 = CARTESIAN_POINT('',(0.,2.5));
#1254 = VECTOR('',#1255,1.);
#1255 = DIRECTION('',(1.,0.));
#1256 = ( GEOMETRIC_REPRESENTATION_CONTEXT(2) 
PARAMETRIC_REPRESENTATION_CONTEXT() REPRESENTATION_CONTEXT('2D SPACE',''
  ) );
#1257 = ADVANCED_FACE('',(#1258),#919,.F.);
#1258 = FACE_BOUND('',#1259,.F.);
#1259 = EDGE_LOOP('',(#1260,#1281,#1282,#1283));
#1260 = ORIENTED_EDGE('',*,*,#1261,.T.);
#1261 = EDGE_CURVE('',#1079,#1188,#1262,.T.);
#1262 = SURFACE_CURVE('',#1263,(#1267,#1274),.PCURVE_S1.);
#1263 = LINE('',#1264,#1265);
#1264 = CARTESIAN_POINT('',(-24.58771324027,-2.75,24.8));
#1265 = VECTOR('',#1266,1.);
#1266 = DIRECTION('',(0.,0.,1.));
#1267 = PCURVE('',#919,#1268);
#1268 = DEFINITIONAL_REPRESENTATION('',(#1269),#1273);
#1269 = LINE('',#1270,#1271);
#1270 = CARTESIAN_POINT('',(0.,0.));
#1271 = VECTOR('',#1272,1.);
#1272 = DIRECTION('',(0.,-1.));
#1273 = ( GEOMETRIC_REPRESENTATION_CONTEXT(2) 
PARAMETRIC_REPRESENTATION_CONTEXT() REPRESENTATION_CONTEXT('2D SPACE',''
  ) );
#1274 = PCURVE('',#1094,#1275);
#1275 = DEFINITIONAL_REPRESENTATION('',(#1276),#1280);
#1276 = LINE('',#1277,#1278);
#1277 = CARTESIAN_POINT('',(3.175426480543,0.));
#1278 = VECTOR('',#1279,1.);
#1279 = DIRECTION('',(0.,-1.));
#1280 = ( GEOMETRIC_REPRESENTATION_CONTEXT(2) 
PARAMETRIC_REPRESENTATION_CONTEXT() REPRESENTATION_CONTEXT('2D SPACE',''
  ) );
#1281 = ORIENTED_EDGE('',*,*,#1210,.T.);
#1282 = ORIENTED_EDGE('',*,*,#901,.F.);
#1283 = ORIENTED_EDGE('',*,*,#1106,.F.);
#1284 = ADVANCED_FACE('',(#1285),#1017,.F.);
#1285 = FACE_BOUND('',#1286,.F.);
#1286 = EDGE_LOOP('',(#1287,#1288,#1289,#1310));
#1287 = ORIENTED_EDGE('',*,*,#1001,.T.);
#1288 = ORIENTED_EDGE('',*,*,#1164,.T.);
#1289 = ORIENTED_EDGE('',*,*,#1290,.F.);
#1290 = EDGE_CURVE('',#1056,#1165,#1291,.T.);
#1291 = SURFACE_CURVE('',#1292,(#1296,#1303),.PCURVE_S1.);
#1292 = LINE('',#1293,#1294);
#1293 = CARTESIAN_POINT('',(-26.17542648054,3.888775875325E-16,24.8));
#1294 = VECTOR('',#1295,1.);
#1295 = DIRECTION('',(0.,0.,1.));
#1296 = PCURVE('',#1017,#1297);
#1297 = DEFINITIONAL_REPRESENTATION('',(#1298),#1302);
#1298 = LINE('',#1299,#1300);
#1299 = CARTESIAN_POINT('',(3.175426480543,0.));
#1300 = VECTOR('',#1301,1.);
#1301 = DIRECTION('',(0.,-1.));
#1302 = ( GEOMETRIC_REPRESENTATION_CONTEXT(2) 
PARAMETRIC_REPRESENTATION_CONTEXT() REPRESENTATION_CONTEXT('2D SPACE',''
  ) );
#1303 = PCURVE('',#1094,#1304);
#1304 = DEFINITIONAL_REPRESENTATION('',(#1305),#1309);
#1305 = LINE('',#1306,#1307);
#1306 = CARTESIAN_POINT('',(0.,0.));
#1307 = VECTOR('',#1308,1.);
#1308 = DIRECTION('',(0.,-1.));
#1309 = ( GEOMETRIC_REPRESENTATION_CONTEXT(2) 
PARAMETRIC_REPRESENTATION_CONTEXT() REPRESENTATION_CONTEXT('2D SPACE',''
  ) );
#1310 = ORIENTED_EDGE('',*,*,#1055,.F.);
#1311 = ADVANCED_FACE('',(#1312),#1094,.F.);
#1312 = FACE_BOUND('',#1313,.F.);
#1313 = EDGE_LOOP('',(#1314,#1315,#1316,#1317));
#1314 = ORIENTED_EDGE('',*,*,#1290,.T.);
#1315 = ORIENTED_EDGE('',*,*,#1187,.T.);
#1316 = ORIENTED_EDGE('',*,*,#1261,.F.);
#1317 = ORIENTED_EDGE('',*,*,#1078,.F.);
#1318 = ADVANCED_FACE('',(#1319),#1147,.F.);
#1319 = FACE_BOUND('',#1320,.F.);
#1320 = EDGE_LOOP('',(#1321,#1322,#1343,#1344));
#1321 = ORIENTED_EDGE('',*,*,#1234,.F.);
#1322 = ORIENTED_EDGE('',*,*,#1323,.F.);
#1323 = EDGE_CURVE('',#1131,#1235,#1324,.T.);
#1324 = SEAM_CURVE('',#1325,(#1329,#1336),.PCURVE_S1.);
#1325 = LINE('',#1326,#1327);
#1326 = CARTESIAN_POINT('',(-21.49,-3.698433333425E-16,24.7));
#1327 = VECTOR('',#1328,1.);
#1328 = DIRECTION('',(0.,0.,1.));
#1329 = PCURVE('',#1147,#1330);
#1330 = DEFINITIONAL_REPRESENTATION('',(#1331),#1335);
#1331 = LINE('',#1332,#1333);
#1332 = CARTESIAN_POINT('',(6.28318530718,-0.));
#1333 = VECTOR('',#1334,1.);
#1334 = DIRECTION('',(0.,1.));
#1335 = ( GEOMETRIC_REPRESENTATION_CONTEXT(2) 
PARAMETRIC_REPRESENTATION_CONTEXT() REPRESENTATION_CONTEXT('2D SPACE',''
  ) );
#1336 = PCURVE('',#1147,#1337);
#1337 = DEFINITIONAL_REPRESENTATION('',(#1338),#1342);
#1338 = LINE('',#1339,#1340);
#1339 = CARTESIAN_POINT('',(0.,-0.));
#1340 = VECTOR('',#1341,1.);
#1341 = DIRECTION('',(0.,1.));
#1342 = ( GEOMETRIC_REPRESENTATION_CONTEXT(2) 
PARAMETRIC_REPRESENTATION_CONTEXT() REPRESENTATION_CONTEXT('2D SPACE',''
  ) );
#1343 = ORIENTED_EDGE('',*,*,#1130,.T.);
#1344 = ORIENTED_EDGE('',*,*,#1323,.T.);
#1345 = ( GEOMETRIC_REPRESENTATION_CONTEXT(3) 
GLOBAL_UNCERTAINTY_ASSIGNED_CONTEXT((#1349)) 
GLOBAL_UNIT_ASSIGNED_CONTEXT((#1346,#1347,#1348)) REPRESENTATION_CONTEXT
('Context #1','3D Context with UNIT and UNCERTAINTY') );
#1346 = ( LENGTH_UNIT() NAMED_UNIT(*) SI_UNIT(.MILLI.,.METRE.) );
#1347 = ( NAMED_UNIT(*) PLANE_ANGLE_UNIT() SI_UNIT($,.RADIAN.) );
#1348 = ( NAMED_UNIT(*) SI_UNIT($,.STERADIAN.) SOLID_ANGLE_UNIT() );
#1349 = UNCERTAINTY_MEASURE_WITH_UNIT(LENGTH_MEASURE(1.E-07),#1346,
  'distance_accuracy_value','confusion accuracy');
#1350 = CONTEXT_DEPENDENT_SHAPE_REPRESENTATION(#1351,#1353);
#1351 = ( REPRESENTATION_RELATIONSHIP('','',#774,#10) 
REPRESENTATION_RELATIONSHIP_WITH_TRANSFORMATION(#1352) 
SHAPE_REPRESENTATION_RELATIONSHIP() );
#1352 = ITEM_DEFINED_TRANSFORMATION('','',#11,#31);
#1353 = PRODUCT_DEFINITION_SHAPE('Placement','Placement of an item',
  #1354);
#1354 = NEXT_ASSEMBLY_USAGE_OCCURRENCE('5','=>[0:1:1:6]','',#5,#769,$);
#1355 = PRODUCT_RELATED_PRODUCT_CATEGORY('part',$,(#771));
#1356 = SHAPE_DEFINITION_REPRESENTATION(#1357,#1363);
#1357 = PRODUCT_DEFINITION_SHAPE('','',#1358);
#1358 = PRODUCT_DEFINITION('design','',#1359,#1362);
#1359 = PRODUCT_DEFINITION_FORMATION('','',#1360);
#1360 = PRODUCT('COMPOUND','COMPOUND','',(#1361));
#1361 = PRODUCT_CONTEXT('',#2,'mechanical');
#1362 = PRODUCT_DEFINITION_CONTEXT('part definition',#2,'design');
#1363 = ADVANCED_BREP_SHAPE_REPRESENTATION('',(#11,#1364),#1552);
#1364 = MANIFOLD_SOLID_BREP('',#1365);
#1365 = CLOSED_SHELL('',(#1366,#1454,#1489,#1493,#1548));
#1366 = ADVANCED_FACE('',(#1367),#1380,.T.);
#1367 = FACE_BOUND('',#1368,.T.);
#1368 = EDGE_LOOP('',(#1369,#1403,#1426,#1453));
#1369 = ORIENTED_EDGE('',*,*,#1370,.F.);
#1370 = EDGE_CURVE('',#1371,#1371,#1373,.T.);
#1371 = VERTEX_POINT('',#1372);
#1372 = CARTESIAN_POINT('',(-54.2,1.,2.25));
#1373 = SURFACE_CURVE('',#1374,(#1379,#1391),.PCURVE_S1.);
#1374 = CIRCLE('',#1375,2.75);
#1375 = AXIS2_PLACEMENT_3D('',#1376,#1377,#1378);
#1376 = CARTESIAN_POINT('',(-54.2,1.,5.));
#1377 = DIRECTION('',(1.,-0.,2.22044604925E-16));
#1378 = DIRECTION('',(2.22044604925E-16,0.,-1.));
#1379 = PCURVE('',#1380,#1385);
#1380 = CYLINDRICAL_SURFACE('',#1381,2.75);
#1381 = AXIS2_PLACEMENT_3D('',#1382,#1383,#1384);
#1382 = CARTESIAN_POINT('',(-57.2,1.,5.));
#1383 = DIRECTION('',(1.,0.,2.22044604925E-16));
#1384 = DIRECTION('',(2.22044604925E-16,0.,-1.));
#1385 = DEFINITIONAL_REPRESENTATION('',(#1386),#1390);
#1386 = LINE('',#1387,#1388);
#1387 = CARTESIAN_POINT('',(0.,3.));
#1388 = VECTOR('',#1389,1.);
#1389 = DIRECTION('',(1.,0.));
#1390 = ( GEOMETRIC_REPRESENTATION_CONTEXT(2) 
PARAMETRIC_REPRESENTATION_CONTEXT() REPRESENTATION_CONTEXT('2D SPACE',''
  ) );
#1391 = PCURVE('',#1392,#1397);
#1392 = PLANE('',#1393);
#1393 = AXIS2_PLACEMENT_3D('',#1394,#1395,#1396);
#1394 = CARTESIAN_POINT('',(-54.2,1.,5.));
#1395 = DIRECTION('',(1.,0.,2.22044604925E-16));
#1396 = DIRECTION('',(2.22044604925E-16,0.,-1.));
#1397 = DEFINITIONAL_REPRESENTATION('',(#1398),#1402);
#1398 = CIRCLE('',#1399,2.75);
#1399 = AXIS2_PLACEMENT_2D('',#1400,#1401);
#1400 = CARTESIAN_POINT('',(0.,0.));
#1401 = DIRECTION('',(1.,0.));
#1402 = ( GEOMETRIC_REPRESENTATION_CONTEXT(2) 
PARAMETRIC_REPRESENTATION_CONTEXT() REPRESENTATION_CONTEXT('2D SPACE',''
  ) );
#1403 = ORIENTED_EDGE('',*,*,#1404,.F.);
#1404 = EDGE_CURVE('',#1405,#1371,#1407,.T.);
#1405 = VERTEX_POINT('',#1406);
#1406 = CARTESIAN_POINT('',(-57.2,1.,2.25));
#1407 = SEAM_CURVE('',#1408,(#1412,#1419),.PCURVE_S1.);
#1408 = LINE('',#1409,#1410);
#1409 = CARTESIAN_POINT('',(-57.2,1.,2.25));
#1410 = VECTOR('',#1411,1.);
#1411 = DIRECTION('',(1.,0.,2.22044604925E-16));
#1412 = PCURVE('',#1380,#1413);
#1413 = DEFINITIONAL_REPRESENTATION('',(#1414),#1418);
#1414 = LINE('',#1415,#1416);
#1415 = CARTESIAN_POINT('',(6.28318530718,-0.));
#1416 = VECTOR('',#1417,1.);
#1417 = DIRECTION('',(0.,1.));
#1418 = ( GEOMETRIC_REPRESENTATION_CONTEXT(2) 
PARAMETRIC_REPRESENTATION_CONTEXT() REPRESENTATION_CONTEXT('2D SPACE',''
  ) );
#1419 = PCURVE('',#1380,#1420);
#1420 = DEFINITIONAL_REPRESENTATION('',(#1421),#1425);
#1421 = LINE('',#1422,#1423);
#1422 = CARTESIAN_POINT('',(0.,-0.));
#1423 = VECTOR('',#1424,1.);
#1424 = DIRECTION('',(0.,1.));
#1425 = ( GEOMETRIC_REPRESENTATION_CONTEXT(2) 
PARAMETRIC_REPRESENTATION_CONTEXT() REPRESENTATION_CONTEXT('2D SPACE',''
  ) );
#1426 = ORIENTED_EDGE('',*,*,#1427,.T.);
#1427 = EDGE_CURVE('',#1405,#1405,#1428,.T.);
#1428 = SURFACE_CURVE('',#1429,(#1434,#1441),.PCURVE_S1.);
#1429 = CIRCLE('',#1430,2.75);
#1430 = AXIS2_PLACEMENT_3D('',#1431,#1432,#1433);
#1431 = CARTESIAN_POINT('',(-57.2,1.,5.));
#1432 = DIRECTION('',(1.,-0.,2.22044604925E-16));
#1433 = DIRECTION('',(2.22044604925E-16,0.,-1.));
#1434 = PCURVE('',#1380,#1435);
#1435 = DEFINITIONAL_REPRESENTATION('',(#1436),#1440);
#1436 = LINE('',#1437,#1438);
#1437 = CARTESIAN_POINT('',(0.,0.));
#1438 = VECTOR('',#1439,1.);
#1439 = DIRECTION('',(1.,0.));
#1440 = ( GEOMETRIC_REPRESENTATION_CONTEXT(2) 
PARAMETRIC_REPRESENTATION_CONTEXT() REPRESENTATION_CONTEXT('2D SPACE',''
  ) );
#1441 = PCURVE('',#1442,#1447);
#1442 = PLANE('',#1443);
#1443 = AXIS2_PLACEMENT_3D('',#1444,#1445,#1446);
#1444 = CARTESIAN_POINT('',(-57.2,1.,5.));
#1445 = DIRECTION('',(1.,0.,2.22044604925E-16));
#1446 = DIRECTION('',(2.22044604925E-16,0.,-1.));
#1447 = DEFINITIONAL_REPRESENTATION('',(#1448),#1452);
#1448 = CIRCLE('',#1449,2.75);
#1449 = AXIS2_PLACEMENT_2D('',#1450,#1451);
#1450 = CARTESIAN_POINT('',(0.,0.));
#1451 = DIRECTION('',(1.,0.));
#1452 = ( GEOMETRIC_REPRESENTATION_CONTEXT(2) 
PARAMETRIC_REPRESENTATION_CONTEXT() REPRESENTATION_CONTEXT('2D SPACE',''
  ) );
#1453 = ORIENTED_EDGE('',*,*,#1404,.T.);
#1454 = ADVANCED_FACE('',(#1455,#1458),#1392,.T.);
#1455 = FACE_BOUND('',#1456,.T.);
#1456 = EDGE_LOOP('',(#1457));
#1457 = ORIENTED_EDGE('',*,*,#1370,.T.);
#1458 = FACE_BOUND('',#1459,.T.);
#1459 = EDGE_LOOP('',(#1460));
#1460 = ORIENTED_EDGE('',*,*,#1461,.F.);
#1461 = EDGE_CURVE('',#1462,#1462,#1464,.T.);
#1462 = VERTEX_POINT('',#1463);
#1463 = CARTESIAN_POINT('',(-54.2,1.,3.5));
#1464 = SURFACE_CURVE('',#1465,(#1470,#1477),.PCURVE_S1.);
#1465 = CIRCLE('',#1466,1.5);
#1466 = AXIS2_PLACEMENT_3D('',#1467,#1468,#1469);
#1467 = CARTESIAN_POINT('',(-54.2,1.,5.));
#1468 = DIRECTION('',(1.,-0.,2.22044604925E-16));
#1469 = DIRECTION('',(2.22044604925E-16,0.,-1.));
#1470 = PCURVE('',#1392,#1471);
#1471 = DEFINITIONAL_REPRESENTATION('',(#1472),#1476);
#1472 = CIRCLE('',#1473,1.5);
#1473 = AXIS2_PLACEMENT_2D('',#1474,#1475);
#1474 = CARTESIAN_POINT('',(0.,0.));
#1475 = DIRECTION('',(1.,0.));
#1476 = ( GEOMETRIC_REPRESENTATION_CONTEXT(2) 
PARAMETRIC_REPRESENTATION_CONTEXT() REPRESENTATION_CONTEXT('2D SPACE',''
  ) );
#1477 = PCURVE('',#1478,#1483);
#1478 = CYLINDRICAL_SURFACE('',#1479,1.5);
#1479 = AXIS2_PLACEMENT_3D('',#1480,#1481,#1482);
#1480 = CARTESIAN_POINT('',(-54.2,1.,5.));
#1481 = DIRECTION('',(1.,0.,2.22044604925E-16));
#1482 = DIRECTION('',(2.22044604925E-16,0.,-1.));
#1483 = DEFINITIONAL_REPRESENTATION('',(#1484),#1488);
#1484 = LINE('',#1485,#1486);
#1485 = CARTESIAN_POINT('',(0.,0.));
#1486 = VECTOR('',#1487,1.);
#1487 = DIRECTION('',(1.,0.));
#1488 = ( GEOMETRIC_REPRESENTATION_CONTEXT(2) 
PARAMETRIC_REPRESENTATION_CONTEXT() REPRESENTATION_CONTEXT('2D SPACE',''
  ) );
#1489 = ADVANCED_FACE('',(#1490),#1442,.F.);
#1490 = FACE_BOUND('',#1491,.T.);
#1491 = EDGE_LOOP('',(#1492));
#1492 = ORIENTED_EDGE('',*,*,#1427,.F.);
#1493 = ADVANCED_FACE('',(#1494),#1478,.T.);
#1494 = FACE_BOUND('',#1495,.T.);
#1495 = EDGE_LOOP('',(#1496,#1525,#1546,#1547));
#1496 = ORIENTED_EDGE('',*,*,#1497,.F.);
#1497 = EDGE_CURVE('',#1498,#1498,#1500,.T.);
#1498 = VERTEX_POINT('',#1499);
#1499 = CARTESIAN_POINT('',(-36.2,1.,3.5));
#1500 = SURFACE_CURVE('',#1501,(#1506,#1513),.PCURVE_S1.);
#1501 = CIRCLE('',#1502,1.5);
#1502 = AXIS2_PLACEMENT_3D('',#1503,#1504,#1505);
#1503 = CARTESIAN_POINT('',(-36.2,1.,5.));
#1504 = DIRECTION('',(1.,-0.,2.22044604925E-16));
#1505 = DIRECTION('',(2.22044604925E-16,0.,-1.));
#1506 = PCURVE('',#1478,#1507);
#1507 = DEFINITIONAL_REPRESENTATION('',(#1508),#1512);
#1508 = LINE('',#1509,#1510);
#1509 = CARTESIAN_POINT('',(0.,18.));
#1510 = VECTOR('',#1511,1.);
#1511 = DIRECTION('',(1.,0.));
#1512 = ( GEOMETRIC_REPRESENTATION_CONTEXT(2) 
PARAMETRIC_REPRESENTATION_CONTEXT() REPRESENTATION_CONTEXT('2D SPACE',''
  ) );
#1513 = PCURVE('',#1514,#1519);
#1514 = PLANE('',#1515);
#1515 = AXIS2_PLACEMENT_3D('',#1516,#1517,#1518);
#1516 = CARTESIAN_POINT('',(-36.2,1.,5.));
#1517 = DIRECTION('',(1.,0.,2.22044604925E-16));
#1518 = DIRECTION('',(2.22044604925E-16,0.,-1.));
#1519 = DEFINITIONAL_REPRESENTATION('',(#1520),#1524);
#1520 = CIRCLE('',#1521,1.5);
#1521 = AXIS2_PLACEMENT_2D('',#1522,#1523);
#1522 = CARTESIAN_POINT('',(0.,0.));
#1523 = DIRECTION('',(1.,0.));
#1524 = ( GEOMETRIC_REPRESENTATION_CONTEXT(2) 
PARAMETRIC_REPRESENTATION_CONTEXT() REPRESENTATION_CONTEXT('2D SPACE',''
  ) );
#1525 = ORIENTED_EDGE('',*,*,#1526,.F.);
#1526 = EDGE_CURVE('',#1462,#1498,#1527,.T.);
#1527 = SEAM_CURVE('',#1528,(#1532,#1539),.PCURVE_S1.);
#1528 = LINE('',#1529,#1530);
#1529 = CARTESIAN_POINT('',(-54.2,1.,3.5));
#1530 = VECTOR('',#1531,1.);
#1531 = DIRECTION('',(1.,0.,2.22044604925E-16));
#1532 = PCURVE('',#1478,#1533);
#1533 = DEFINITIONAL_REPRESENTATION('',(#1534),#1538);
#1534 = LINE('',#1535,#1536);
#1535 = CARTESIAN_POINT('',(6.28318530718,-0.));
#1536 = VECTOR('',#1537,1.);
#1537 = DIRECTION('',(0.,1.));
#1538 = ( GEOMETRIC_REPRESENTATION_CONTEXT(2) 
PARAMETRIC_REPRESENTATION_CONTEXT() REPRESENTATION_CONTEXT('2D SPACE',''
  ) );
#1539 = PCURVE('',#1478,#1540);
#1540 = DEFINITIONAL_REPRESENTATION('',(#1541),#1545);
#1541 = LINE('',#1542,#1543);
#1542 = CARTESIAN_POINT('',(0.,-0.));
#1543 = VECTOR('',#1544,1.);
#1544 = DIRECTION('',(0.,1.));
#1545 = ( GEOMETRIC_REPRESENTATION_CONTEXT(2) 
PARAMETRIC_REPRESENTATION_CONTEXT() REPRESENTATION_CONTEXT('2D SPACE',''
  ) );
#1546 = ORIENTED_EDGE('',*,*,#1461,.T.);
#1547 = ORIENTED_EDGE('',*,*,#1526,.T.);
#1548 = ADVANCED_FACE('',(#1549),#1514,.T.);
#1549 = FACE_BOUND('',#1550,.T.);
#1550 = EDGE_LOOP('',(#1551));
#1551 = ORIENTED_EDGE('',*,*,#1497,.T.);
#1552 = ( GEOMETRIC_REPRESENTATION_CONTEXT(3) 
GLOBAL_UNCERTAINTY_ASSIGNED_CONTEXT((#1556)) 
GLOBAL_UNIT_ASSIGNED_CONTEXT((#1553,#1554,#1555)) REPRESENTATION_CONTEXT
('Context #1','3D Context with UNIT and UNCERTAINTY') );
#1553 = ( LENGTH_UNIT() NAMED_UNIT(*) SI_UNIT(.MILLI.,.METRE.) );
#1554 = ( NAMED_UNIT(*) PLANE_ANGLE_UNIT() SI_UNIT($,.RADIAN.) );
#1555 = ( NAMED_UNIT(*) SI_UNIT($,.STERADIAN.) SOLID_ANGLE_UNIT() );
#1556 = UNCERTAINTY_MEASURE_WITH_UNIT(LENGTH_MEASURE(1.E-07),#1553,
  'distance_accuracy_value','confusion accuracy');
#1557 = CONTEXT_DEPENDENT_SHAPE_REPRESENTATION(#1558,#1560);
#1558 = ( REPRESENTATION_RELATIONSHIP('','',#1363,#10) 
REPRESENTATION_RELATIONSHIP_WITH_TRANSFORMATION(#1559) 
SHAPE_REPRESENTATION_RELATIONSHIP() );
#1559 = ITEM_DEFINED_TRANSFORMATION('','',#11,#35);
#1560 = PRODUCT_DEFINITION_SHAPE('Placement','Placement of an item',
  #1561);
#1561 = NEXT_ASSEMBLY_USAGE_OCCURRENCE('6','=>[0:1:1:7]','',#5,#1358,$);
#1562 = PRODUCT_RELATED_PRODUCT_CATEGORY('part',$,(#1360));
#1563 = SHAPE_DEFINITION_REPRESENTATION(#1564,#1570);
#1564 = PRODUCT_DEFINITION_SHAPE('','',#1565);
#1565 = PRODUCT_DEFINITION('design','',#1566,#1569);
#1566 = PRODUCT_DEFINITION_FORMATION('','',#1567);
#1567 = PRODUCT('COMPOUND','COMPOUND','',(#1568));
#1568 = PRODUCT_CONTEXT('',#2,'mechanical');
#1569 = PRODUCT_DEFINITION_CONTEXT('part definition',#2,'design');
#1570 = ADVANCED_BREP_SHAPE_REPRESENTATION('',(#11,#1571),#1759);
#1571 = MANIFOLD_SOLID_BREP('',#1572);
#1572 = CLOSED_SHELL('',(#1573,#1661,#1696,#1700,#1755));
#1573 = ADVANCED_FACE('',(#1574),#1587,.T.);
#1574 = FACE_BOUND('',#1575,.T.);
#1575 = EDGE_LOOP('',(#1576,#1610,#1633,#1660));
#1576 = ORIENTED_EDGE('',*,*,#1577,.F.);
#1577 = EDGE_CURVE('',#1578,#1578,#1580,.T.);
#1578 = VERTEX_POINT('',#1579);
#1579 = CARTESIAN_POINT('',(-54.2,7.,2.25));
#1580 = SURFACE_CURVE('',#1581,(#1586,#1598),.PCURVE_S1.);
#1581 = CIRCLE('',#1582,2.75);
#1582 = AXIS2_PLACEMENT_3D('',#1583,#1584,#1585);
#1583 = CARTESIAN_POINT('',(-54.2,7.,5.));
#1584 = DIRECTION('',(1.,-0.,2.22044604925E-16));
#1585 = DIRECTION('',(2.22044604925E-16,0.,-1.));
#1586 = PCURVE('',#1587,#1592);
#1587 = CYLINDRICAL_SURFACE('',#1588,2.75);
#1588 = AXIS2_PLACEMENT_3D('',#1589,#1590,#1591);
#1589 = CARTESIAN_POINT('',(-57.2,7.,5.));
#1590 = DIRECTION('',(1.,0.,2.22044604925E-16));
#1591 = DIRECTION('',(2.22044604925E-16,0.,-1.));
#1592 = DEFINITIONAL_REPRESENTATION('',(#1593),#1597);
#1593 = LINE('',#1594,#1595);
#1594 = CARTESIAN_POINT('',(0.,3.));
#1595 = VECTOR('',#1596,1.);
#1596 = DIRECTION('',(1.,0.));
#1597 = ( GEOMETRIC_REPRESENTATION_CONTEXT(2) 
PARAMETRIC_REPRESENTATION_CONTEXT() REPRESENTATION_CONTEXT('2D SPACE',''
  ) );
#1598 = PCURVE('',#1599,#1604);
#1599 = PLANE('',#1600);
#1600 = AXIS2_PLACEMENT_3D('',#1601,#1602,#1603);
#1601 = CARTESIAN_POINT('',(-54.2,7.,5.));
#1602 = DIRECTION('',(1.,0.,2.22044604925E-16));
#1603 = DIRECTION('',(2.22044604925E-16,0.,-1.));
#1604 = DEFINITIONAL_REPRESENTATION('',(#1605),#1609);
#1605 = CIRCLE('',#1606,2.75);
#1606 = AXIS2_PLACEMENT_2D('',#1607,#1608);
#1607 = CARTESIAN_POINT('',(0.,0.));
#1608 = DIRECTION('',(1.,0.));
#1609 = ( GEOMETRIC_REPRESENTATION_CONTEXT(2) 
PARAMETRIC_REPRESENTATION_CONTEXT() REPRESENTATION_CONTEXT('2D SPACE',''
  ) );
#1610 = ORIENTED_EDGE('',*,*,#1611,.F.);
#1611 = EDGE_CURVE('',#1612,#1578,#1614,.T.);
#1612 = VERTEX_POINT('',#1613);
#1613 = CARTESIAN_POINT('',(-57.2,7.,2.25));
#1614 = SEAM_CURVE('',#1615,(#1619,#1626),.PCURVE_S1.);
#1615 = LINE('',#1616,#1617);
#1616 = CARTESIAN_POINT('',(-57.2,7.,2.25));
#1617 = VECTOR('',#1618,1.);
#1618 = DIRECTION('',(1.,0.,2.22044604925E-16));
#1619 = PCURVE('',#1587,#1620);
#1620 = DEFINITIONAL_REPRESENTATION('',(#1621),#1625);
#1621 = LINE('',#1622,#1623);
#1622 = CARTESIAN_POINT('',(6.28318530718,-0.));
#1623 = VECTOR('',#1624,1.);
#1624 = DIRECTION('',(0.,1.));
#1625 = ( GEOMETRIC_REPRESENTATION_CONTEXT(2) 
PARAMETRIC_REPRESENTATION_CONTEXT() REPRESENTATION_CONTEXT('2D SPACE',''
  ) );
#1626 = PCURVE('',#1587,#1627);
#1627 = DEFINITIONAL_REPRESENTATION('',(#1628),#1632);
#1628 = LINE('',#1629,#1630);
#1629 = CARTESIAN_POINT('',(0.,-0.));
#1630 = VECTOR('',#1631,1.);
#1631 = DIRECTION('',(0.,1.));
#1632 = ( GEOMETRIC_REPRESENTATION_CONTEXT(2) 
PARAMETRIC_REPRESENTATION_CONTEXT() REPRESENTATION_CONTEXT('2D SPACE',''
  ) );
#1633 = ORIENTED_EDGE('',*,*,#1634,.T.);
#1634 = EDGE_CURVE('',#1612,#1612,#1635,.T.);
#1635 = SURFACE_CURVE('',#1636,(#1641,#1648),.PCURVE_S1.);
#1636 = CIRCLE('',#1637,2.75);
#1637 = AXIS2_PLACEMENT_3D('',#1638,#1639,#1640);
#1638 = CARTESIAN_POINT('',(-57.2,7.,5.));
#1639 = DIRECTION('',(1.,-0.,2.22044604925E-16));
#1640 = DIRECTION('',(2.22044604925E-16,0.,-1.));
#1641 = PCURVE('',#1587,#1642);
#1642 = DEFINITIONAL_REPRESENTATION('',(#1643),#1647);
#1643 = LINE('',#1644,#1645);
#1644 = CARTESIAN_POINT('',(0.,0.));
#1645 = VECTOR('',#1646,1.);
#1646 = DIRECTION('',(1.,0.));
#1647 = ( GEOMETRIC_REPRESENTATION_CONTEXT(2) 
PARAMETRIC_REPRESENTATION_CONTEXT() REPRESENTATION_CONTEXT('2D SPACE',''
  ) );
#1648 = PCURVE('',#1649,#1654);
#1649 = PLANE('',#1650);
#1650 = AXIS2_PLACEMENT_3D('',#1651,#1652,#1653);
#1651 = CARTESIAN_POINT('',(-57.2,7.,5.));
#1652 = DIRECTION('',(1.,0.,2.22044604925E-16));
#1653 = DIRECTION('',(2.22044604925E-16,0.,-1.));
#1654 = DEFINITIONAL_REPRESENTATION('',(#1655),#1659);
#1655 = CIRCLE('',#1656,2.75);
#1656 = AXIS2_PLACEMENT_2D('',#1657,#1658);
#1657 = CARTESIAN_POINT('',(0.,0.));
#1658 = DIRECTION('',(1.,0.));
#1659 = ( GEOMETRIC_REPRESENTATION_CONTEXT(2) 
PARAMETRIC_REPRESENTATION_CONTEXT() REPRESENTATION_CONTEXT('2D SPACE',''
  ) );
#1660 = ORIENTED_EDGE('',*,*,#1611,.T.);
#1661 = ADVANCED_FACE('',(#1662,#1665),#1599,.T.);
#1662 = FACE_BOUND('',#1663,.T.);
#1663 = EDGE_LOOP('',(#1664));
#1664 = ORIENTED_EDGE('',*,*,#1577,.T.);
#1665 = FACE_BOUND('',#1666,.T.);
#1666 = EDGE_LOOP('',(#1667));
#1667 = ORIENTED_EDGE('',*,*,#1668,.F.);
#1668 = EDGE_CURVE('',#1669,#1669,#1671,.T.);
#1669 = VERTEX_POINT('',#1670);
#1670 = CARTESIAN_POINT('',(-54.2,7.,3.5));
#1671 = SURFACE_CURVE('',#1672,(#1677,#1684),.PCURVE_S1.);
#1672 = CIRCLE('',#1673,1.5);
#1673 = AXIS2_PLACEMENT_3D('',#1674,#1675,#1676);
#1674 = CARTESIAN_POINT('',(-54.2,7.,5.));
#1675 = DIRECTION('',(1.,-0.,2.22044604925E-16));
#1676 = DIRECTION('',(2.22044604925E-16,0.,-1.));
#1677 = PCURVE('',#1599,#1678);
#1678 = DEFINITIONAL_REPRESENTATION('',(#1679),#1683);
#1679 = CIRCLE('',#1680,1.5);
#1680 = AXIS2_PLACEMENT_2D('',#1681,#1682);
#1681 = CARTESIAN_POINT('',(0.,0.));
#1682 = DIRECTION('',(1.,0.));
#1683 = ( GEOMETRIC_REPRESENTATION_CONTEXT(2) 
PARAMETRIC_REPRESENTATION_CONTEXT() REPRESENTATION_CONTEXT('2D SPACE',''
  ) );
#1684 = PCURVE('',#1685,#1690);
#1685 = CYLINDRICAL_SURFACE('',#1686,1.5);
#1686 = AXIS2_PLACEMENT_3D('',#1687,#1688,#1689);
#1687 = CARTESIAN_POINT('',(-54.2,7.,5.));
#1688 = DIRECTION('',(1.,0.,2.22044604925E-16));
#1689 = DIRECTION('',(2.22044604925E-16,0.,-1.));
#1690 = DEFINITIONAL_REPRESENTATION('',(#1691),#1695);
#1691 = LINE('',#1692,#1693);
#1692 = CARTESIAN_POINT('',(0.,0.));
#1693 = VECTOR('',#1694,1.);
#1694 = DIRECTION('',(1.,0.));
#1695 = ( GEOMETRIC_REPRESENTATION_CONTEXT(2) 
PARAMETRIC_REPRESENTATION_CONTEXT() REPRESENTATION_CONTEXT('2D SPACE',''
  ) );
#1696 = ADVANCED_FACE('',(#1697),#1649,.F.);
#1697 = FACE_BOUND('',#1698,.T.);
#1698 = EDGE_LOOP('',(#1699));
#1699 = ORIENTED_EDGE('',*,*,#1634,.F.);
#1700 = ADVANCED_FACE('',(#1701),#1685,.T.);
#1701 = FACE_BOUND('',#1702,.T.);
#1702 = EDGE_LOOP('',(#1703,#1732,#1753,#1754));
#1703 = ORIENTED_EDGE('',*,*,#1704,.F.);
#1704 = EDGE_CURVE('',#1705,#1705,#1707,.T.);
#1705 = VERTEX_POINT('',#1706);
#1706 = CARTESIAN_POINT('',(-36.2,7.,3.5));
#1707 = SURFACE_CURVE('',#1708,(#1713,#1720),.PCURVE_S1.);
#1708 = CIRCLE('',#1709,1.5);
#1709 = AXIS2_PLACEMENT_3D('',#1710,#1711,#1712);
#1710 = CARTESIAN_POINT('',(-36.2,7.,5.));
#1711 = DIRECTION('',(1.,-0.,2.22044604925E-16));
#1712 = DIRECTION('',(2.22044604925E-16,0.,-1.));
#1713 = PCURVE('',#1685,#1714);
#1714 = DEFINITIONAL_REPRESENTATION('',(#1715),#1719);
#1715 = LINE('',#1716,#1717);
#1716 = CARTESIAN_POINT('',(0.,18.));
#1717 = VECTOR('',#1718,1.);
#1718 = DIRECTION('',(1.,0.));
#1719 = ( GEOMETRIC_REPRESENTATION_CONTEXT(2) 
PARAMETRIC_REPRESENTATION_CONTEXT() REPRESENTATION_CONTEXT('2D SPACE',''
  ) );
#1720 = PCURVE('',#1721,#1726);
#1721 = PLANE('',#1722);
#1722 = AXIS2_PLACEMENT_3D('',#1723,#1724,#1725);
#1723 = CARTESIAN_POINT('',(-36.2,7.,5.));
#1724 = DIRECTION('',(1.,0.,2.22044604925E-16));
#1725 = DIRECTION('',(2.22044604925E-16,0.,-1.));
#1726 = DEFINITIONAL_REPRESENTATION('',(#1727),#1731);
#1727 = CIRCLE('',#1728,1.5);
#1728 = AXIS2_PLACEMENT_2D('',#1729,#1730);
#1729 = CARTESIAN_POINT('',(0.,0.));
#1730 = DIRECTION('',(1.,0.));
#1731 = ( GEOMETRIC_REPRESENTATION_CONTEXT(2) 
PARAMETRIC_REPRESENTATION_CONTEXT() REPRESENTATION_CONTEXT('2D SPACE',''
  ) );
#1732 = ORIENTED_EDGE('',*,*,#1733,.F.);
#1733 = EDGE_CURVE('',#1669,#1705,#1734,.T.);
#1734 = SEAM_CURVE('',#1735,(#1739,#1746),.PCURVE_S1.);
#1735 = LINE('',#1736,#1737);
#1736 = CARTESIAN_POINT('',(-54.2,7.,3.5));
#1737 = VECTOR('',#1738,1.);
#1738 = DIRECTION('',(1.,0.,2.22044604925E-16));
#1739 = PCURVE('',#1685,#1740);
#1740 = DEFINITIONAL_REPRESENTATION('',(#1741),#1745);
#1741 = LINE('',#1742,#1743);
#1742 = CARTESIAN_POINT('',(6.28318530718,-0.));
#1743 = VECTOR('',#1744,1.);
#1744 = DIRECTION('',(0.,1.));
#1745 = ( GEOMETRIC_REPRESENTATION_CONTEXT(2) 
PARAMETRIC_REPRESENTATION_CONTEXT() REPRESENTATION_CONTEXT('2D SPACE',''
  ) );
#1746 = PCURVE('',#1685,#1747);
#1747 = DEFINITIONAL_REPRESENTATION('',(#1748),#1752);
#1748 = LINE('',#1749,#1750);
#1749 = CARTESIAN_POINT('',(0.,-0.));
#1750 = VECTOR('',#1751,1.);
#1751 = DIRECTION('',(0.,1.));
#1752 = ( GEOMETRIC_REPRESENTATION_CONTEXT(2) 
PARAMETRIC_REPRESENTATION_CONTEXT() REPRESENTATION_CONTEXT('2D SPACE',''
  ) );
#1753 = ORIENTED_EDGE('',*,*,#1668,.T.);
#1754 = ORIENTED_EDGE('',*,*,#1733,.T.);
#1755 = ADVANCED_FACE('',(#1756),#1721,.T.);
#1756 = FACE_BOUND('',#1757,.T.);
#1757 = EDGE_LOOP('',(#1758));
#1758 = ORIENTED_EDGE('',*,*,#1704,.T.);
#1759 = ( GEOMETRIC_REPRESENTATION_CONTEXT(3) 
GLOBAL_UNCERTAINTY_ASSIGNED_CONTEXT((#1763)) 
GLOBAL_UNIT_ASSIGNED_CONTEXT((#1760,#1761,#1762)) REPRESENTATION_CONTEXT
('Context #1','3D Context with UNIT and UNCERTAINTY') );
#1760 = ( LENGTH_UNIT() NAMED_UNIT(*) SI_UNIT(.MILLI.,.METRE.) );
#1761 = ( NAMED_UNIT(*) PLANE_ANGLE_UNIT() SI_UNIT($,.RADIAN.) );
#1762 = ( NAMED_UNIT(*) SI_UNIT($,.STERADIAN.) SOLID_ANGLE_UNIT() );
#1763 = UNCERTAINTY_MEASURE_WITH_UNIT(LENGTH_MEASURE(1.E-07),#1760,
  'distance_accuracy_value','confusion accuracy');
#1764 = CONTEXT_DEPENDENT_SHAPE_REPRESENTATION(#1765,#1767);
#1765 = ( REPRESENTATION_RELATIONSHIP('','',#1570,#10) 
REPRESENTATION_RELATIONSHIP_WITH_TRANSFORMATION(#1766) 
SHAPE_REPRESENTATION_RELATIONSHIP() );
#1766 = ITEM_DEFINED_TRANSFORMATION('','',#11,#39);
#1767 = PRODUCT_DEFINITION_SHAPE('Placement','Placement of an item',
  #1768);
#1768 = NEXT_ASSEMBLY_USAGE_OCCURRENCE('7','=>[0:1:1:8]','',#5,#1565,$);
#1769 = PRODUCT_RELATED_PRODUCT_CATEGORY('part',$,(#1567));
#1770 = SHAPE_DEFINITION_REPRESENTATION(#1771,#1777);
#1771 = PRODUCT_DEFINITION_SHAPE('','',#1772);
#1772 = PRODUCT_DEFINITION('design','',#1773,#1776);
#1773 = PRODUCT_DEFINITION_FORMATION('','',#1774);
#1774 = PRODUCT('COMPOUND','COMPOUND','',(#1775));
#1775 = PRODUCT_CONTEXT('',#2,'mechanical');
#1776 = PRODUCT_DEFINITION_CONTEXT('part definition',#2,'design');
#1777 = ADVANCED_BREP_SHAPE_REPRESENTATION('',(#11,#1778),#1876);
#1778 = MANIFOLD_SOLID_BREP('',#1779);
#1779 = CLOSED_SHELL('',(#1780,#1868,#1872));
#1780 = ADVANCED_FACE('',(#1781),#1794,.T.);
#1781 = FACE_BOUND('',#1782,.T.);
#1782 = EDGE_LOOP('',(#1783,#1817,#1840,#1867));
#1783 = ORIENTED_EDGE('',*,*,#1784,.F.);
#1784 = EDGE_CURVE('',#1785,#1785,#1787,.T.);
#1785 = VERTEX_POINT('',#1786);
#1786 = CARTESIAN_POINT('',(2.,-4.898587196589E-16,2.));
#1787 = SURFACE_CURVE('',#1788,(#1793,#1805),.PCURVE_S1.);
#1788 = CIRCLE('',#1789,2.);
#1789 = AXIS2_PLACEMENT_3D('',#1790,#1791,#1792);
#1790 = CARTESIAN_POINT('',(0.,0.,2.));
#1791 = DIRECTION('',(0.,0.,1.));
#1792 = DIRECTION('',(1.,0.,-0.));
#1793 = PCURVE('',#1794,#1799);
#1794 = CYLINDRICAL_SURFACE('',#1795,2.);
#1795 = AXIS2_PLACEMENT_3D('',#1796,#1797,#1798);
#1796 = CARTESIAN_POINT('',(0.,0.,0.));
#1797 = DIRECTION('',(0.,0.,1.));
#1798 = DIRECTION('',(1.,0.,-0.));
#1799 = DEFINITIONAL_REPRESENTATION('',(#1800),#1804);
#1800 = LINE('',#1801,#1802);
#1801 = CARTESIAN_POINT('',(0.,2.));
#1802 = VECTOR('',#1803,1.);
#1803 = DIRECTION('',(1.,0.));
#1804 = ( GEOMETRIC_REPRESENTATION_CONTEXT(2) 
PARAMETRIC_REPRESENTATION_CONTEXT() REPRESENTATION_CONTEXT('2D SPACE',''
  ) );
#1805 = PCURVE('',#1806,#1811);
#1806 = PLANE('',#1807);
#1807 = AXIS2_PLACEMENT_3D('',#1808,#1809,#1810);
#1808 = CARTESIAN_POINT('',(0.,0.,2.));
#1809 = DIRECTION('',(0.,0.,1.));
#1810 = DIRECTION('',(1.,0.,-0.));
#1811 = DEFINITIONAL_REPRESENTATION('',(#1812),#1816);
#1812 = CIRCLE('',#1813,2.);
#1813 = AXIS2_PLACEMENT_2D('',#1814,#1815);
#1814 = CARTESIAN_POINT('',(0.,0.));
#1815 = DIRECTION('',(1.,0.));
#1816 = ( GEOMETRIC_REPRESENTATION_CONTEXT(2) 
PARAMETRIC_REPRESENTATION_CONTEXT() REPRESENTATION_CONTEXT('2D SPACE',''
  ) );
#1817 = ORIENTED_EDGE('',*,*,#1818,.F.);
#1818 = EDGE_CURVE('',#1819,#1785,#1821,.T.);
#1819 = VERTEX_POINT('',#1820);
#1820 = CARTESIAN_POINT('',(2.,-4.898587196589E-16,0.));
#1821 = SEAM_CURVE('',#1822,(#1826,#1833),.PCURVE_S1.);
#1822 = LINE('',#1823,#1824);
#1823 = CARTESIAN_POINT('',(2.,-4.898587196589E-16,0.));
#1824 = VECTOR('',#1825,1.);
#1825 = DIRECTION('',(0.,0.,1.));
#1826 = PCURVE('',#1794,#1827);
#1827 = DEFINITIONAL_REPRESENTATION('',(#1828),#1832);
#1828 = LINE('',#1829,#1830);
#1829 = CARTESIAN_POINT('',(6.28318530718,-0.));
#1830 = VECTOR('',#1831,1.);
#1831 = DIRECTION('',(0.,1.));
#1832 = ( GEOMETRIC_REPRESENTATION_CONTEXT(2) 
PARAMETRIC_REPRESENTATION_CONTEXT() REPRESENTATION_CONTEXT('2D SPACE',''
  ) );
#1833 = PCURVE('',#1794,#1834);
#1834 = DEFINITIONAL_REPRESENTATION('',(#1835),#1839);
#1835 = LINE('',#1836,#1837);
#1836 = CARTESIAN_POINT('',(0.,-0.));
#1837 = VECTOR('',#1838,1.);
#1838 = DIRECTION('',(0.,1.));
#1839 = ( GEOMETRIC_REPRESENTATION_CONTEXT(2) 
PARAMETRIC_REPRESENTATION_CONTEXT() REPRESENTATION_CONTEXT('2D SPACE',''
  ) );
#1840 = ORIENTED_EDGE('',*,*,#1841,.T.);
#1841 = EDGE_CURVE('',#1819,#1819,#1842,.T.);
#1842 = SURFACE_CURVE('',#1843,(#1848,#1855),.PCURVE_S1.);
#1843 = CIRCLE('',#1844,2.);
#1844 = AXIS2_PLACEMENT_3D('',#1845,#1846,#1847);
#1845 = CARTESIAN_POINT('',(0.,0.,0.));
#1846 = DIRECTION('',(0.,0.,1.));
#1847 = DIRECTION('',(1.,0.,-0.));
#1848 = PCURVE('',#1794,#1849);
#1849 = DEFINITIONAL_REPRESENTATION('',(#1850),#1854);
#1850 = LINE('',#1851,#1852);
#1851 = CARTESIAN_POINT('',(0.,0.));
#1852 = VECTOR('',#1853,1.);
#1853 = DIRECTION('',(1.,0.));
#1854 = ( GEOMETRIC_REPRESENTATION_CONTEXT(2) 
PARAMETRIC_REPRESENTATION_CONTEXT() REPRESENTATION_CONTEXT('2D SPACE',''
  ) );
#1855 = PCURVE('',#1856,#1861);
#1856 = PLANE('',#1857);
#1857 = AXIS2_PLACEMENT_3D('',#1858,#1859,#1860);
#1858 = CARTESIAN_POINT('',(0.,0.,0.));
#1859 = DIRECTION('',(0.,0.,1.));
#1860 = DIRECTION('',(1.,0.,-0.));
#1861 = DEFINITIONAL_REPRESENTATION('',(#1862),#1866);
#1862 = CIRCLE('',#1863,2.);
#1863 = AXIS2_PLACEMENT_2D('',#1864,#1865);
#1864 = CARTESIAN_POINT('',(0.,0.));
#1865 = DIRECTION('',(1.,0.));
#1866 = ( GEOMETRIC_REPRESENTATION_CONTEXT(2) 
PARAMETRIC_REPRESENTATION_CONTEXT() REPRESENTATION_CONTEXT('2D SPACE',''
  ) );
#1867 = ORIENTED_EDGE('',*,*,#1818,.T.);
#1868 = ADVANCED_FACE('',(#1869),#1806,.T.);
#1869 = FACE_BOUND('',#1870,.T.);
#1870 = EDGE_LOOP('',(#1871));
#1871 = ORIENTED_EDGE('',*,*,#1784,.T.);
#1872 = ADVANCED_FACE('',(#1873),#1856,.F.);
#1873 = FACE_BOUND('',#1874,.T.);
#1874 = EDGE_LOOP('',(#1875));
#1875 = ORIENTED_EDGE('',*,*,#1841,.F.);
#1876 = ( GEOMETRIC_REPRESENTATION_CONTEXT(3) 
GLOBAL_UNCERTAINTY_ASSIGNED_CONTEXT((#1880)) 
GLOBAL_UNIT_ASSIGNED_CONTEXT((#1877,#1878,#1879)) REPRESENTATION_CONTEXT
('Context #1','3D Context with UNIT and UNCERTAINTY') );
#1877 = ( LENGTH_UNIT() NAMED_UNIT(*) SI_UNIT(.MILLI.,.METRE.) );
#1878 = ( NAMED_UNIT(*) PLANE_ANGLE_UNIT() SI_UNIT($,.RADIAN.) );
#1879 = ( NAMED_UNIT(*) SI_UNIT($,.STERADIAN.) SOLID_ANGLE_UNIT() );
#1880 = UNCERTAINTY_MEASURE_WITH_UNIT(LENGTH_MEASURE(1.E-07),#1877,
  'distance_accuracy_value','confusion accuracy');
#1881 = CONTEXT_DEPENDENT_SHAPE_REPRESENTATION(#1882,#1884);
#1882 = ( REPRESENTATION_RELATIONSHIP('','',#1777,#10) 
REPRESENTATION_RELATIONSHIP_WITH_TRANSFORMATION(#1883) 
SHAPE_REPRESENTATION_RELATIONSHIP() );
#1883 = ITEM_DEFINED_TRANSFORMATION('','',#11,#43);
#1884 = PRODUCT_DEFINITION_SHAPE('Placement','Placement of an item',
  #1885);
#1885 = NEXT_ASSEMBLY_USAGE_OCCURRENCE('8','=>[0:1:1:9]','',#5,#1772,$);
#1886 = PRODUCT_RELATED_PRODUCT_CATEGORY('part',$,(#1774));
#1887 = SHAPE_DEFINITION_REPRESENTATION(#1888,#1894);
#1888 = PRODUCT_DEFINITION_SHAPE('','',#1889);
#1889 = PRODUCT_DEFINITION('design','',#1890,#1893);
#1890 = PRODUCT_DEFINITION_FORMATION('','',#1891);
#1891 = PRODUCT('COMPOUND','COMPOUND','',(#1892));
#1892 = PRODUCT_CONTEXT('',#2,'mechanical');
#1893 = PRODUCT_DEFINITION_CONTEXT('part definition',#2,'design');
#1894 = ADVANCED_BREP_SHAPE_REPRESENTATION('',(#11,#1895),#1993);
#1895 = MANIFOLD_SOLID_BREP('',#1896);
#1896 = CLOSED_SHELL('',(#1897,#1985,#1989));
#1897 = ADVANCED_FACE('',(#1898),#1911,.T.);
#1898 = FACE_BOUND('',#1899,.T.);
#1899 = EDGE_LOOP('',(#1900,#1934,#1957,#1984));
#1900 = ORIENTED_EDGE('',*,*,#1901,.F.);
#1901 = EDGE_CURVE('',#1902,#1902,#1904,.T.);
#1902 = VERTEX_POINT('',#1903);
#1903 = CARTESIAN_POINT('',(2.,-4.898587196589E-16,2.));
#1904 = SURFACE_CURVE('',#1905,(#1910,#1922),.PCURVE_S1.);
#1905 = CIRCLE('',#1906,2.);
#1906 = AXIS2_PLACEMENT_3D('',#1907,#1908,#1909);
#1907 = CARTESIAN_POINT('',(0.,0.,2.));
#1908 = DIRECTION('',(0.,0.,1.));
#1909 = DIRECTION('',(1.,0.,-0.));
#1910 = PCURVE('',#1911,#1916);
#1911 = CYLINDRICAL_SURFACE('',#1912,2.);
#1912 = AXIS2_PLACEMENT_3D('',#1913,#1914,#1915);
#1913 = CARTESIAN_POINT('',(0.,0.,0.));
#1914 = DIRECTION('',(0.,0.,1.));
#1915 = DIRECTION('',(1.,0.,-0.));
#1916 = DEFINITIONAL_REPRESENTATION('',(#1917),#1921);
#1917 = LINE('',#1918,#1919);
#1918 = CARTESIAN_POINT('',(0.,2.));
#1919 = VECTOR('',#1920,1.);
#1920 = DIRECTION('',(1.,0.));
#1921 = ( GEOMETRIC_REPRESENTATION_CONTEXT(2) 
PARAMETRIC_REPRESENTATION_CONTEXT() REPRESENTATION_CONTEXT('2D SPACE',''
  ) );
#1922 = PCURVE('',#1923,#1928);
#1923 = PLANE('',#1924);
#1924 = AXIS2_PLACEMENT_3D('',#1925,#1926,#1927);
#1925 = CARTESIAN_POINT('',(0.,0.,2.));
#1926 = DIRECTION('',(0.,0.,1.));
#1927 = DIRECTION('',(1.,0.,-0.));
#1928 = DEFINITIONAL_REPRESENTATION('',(#1929),#1933);
#1929 = CIRCLE('',#1930,2.);
#1930 = AXIS2_PLACEMENT_2D('',#1931,#1932);
#1931 = CARTESIAN_POINT('',(0.,0.));
#1932 = DIRECTION('',(1.,0.));
#1933 = ( GEOMETRIC_REPRESENTATION_CONTEXT(2) 
PARAMETRIC_REPRESENTATION_CONTEXT() REPRESENTATION_CONTEXT('2D SPACE',''
  ) );
#1934 = ORIENTED_EDGE('',*,*,#1935,.F.);
#1935 = EDGE_CURVE('',#1936,#1902,#1938,.T.);
#1936 = VERTEX_POINT('',#1937);
#1937 = CARTESIAN_POINT('',(2.,-4.898587196589E-16,0.));
#1938 = SEAM_CURVE('',#1939,(#1943,#1950),.PCURVE_S1.);
#1939 = LINE('',#1940,#1941);
#1940 = CARTESIAN_POINT('',(2.,-4.898587196589E-16,0.));
#1941 = VECTOR('',#1942,1.);
#1942 = DIRECTION('',(0.,0.,1.));
#1943 = PCURVE('',#1911,#1944);
#1944 = DEFINITIONAL_REPRESENTATION('',(#1945),#1949);
#1945 = LINE('',#1946,#1947);
#1946 = CARTESIAN_POINT('',(6.28318530718,-0.));
#1947 = VECTOR('',#1948,1.);
#1948 = DIRECTION('',(0.,1.));
#1949 = ( GEOMETRIC_REPRESENTATION_CONTEXT(2) 
PARAMETRIC_REPRESENTATION_CONTEXT() REPRESENTATION_CONTEXT('2D SPACE',''
  ) );
#1950 = PCURVE('',#1911,#1951);
#1951 = DEFINITIONAL_REPRESENTATION('',(#1952),#1956);
#1952 = LINE('',#1953,#1954);
#1953 = CARTESIAN_POINT('',(0.,-0.));
#1954 = VECTOR('',#1955,1.);
#1955 = DIRECTION('',(0.,1.));
#1956 = ( GEOMETRIC_REPRESENTATION_CONTEXT(2) 
PARAMETRIC_REPRESENTATION_CONTEXT() REPRESENTATION_CONTEXT('2D SPACE',''
  ) );
#1957 = ORIENTED_EDGE('',*,*,#1958,.T.);
#1958 = EDGE_CURVE('',#1936,#1936,#1959,.T.);
#1959 = SURFACE_CURVE('',#1960,(#1965,#1972),.PCURVE_S1.);
#1960 = CIRCLE('',#1961,2.);
#1961 = AXIS2_PLACEMENT_3D('',#1962,#1963,#1964);
#1962 = CARTESIAN_POINT('',(0.,0.,0.));
#1963 = DIRECTION('',(0.,0.,1.));
#1964 = DIRECTION('',(1.,0.,-0.));
#1965 = PCURVE('',#1911,#1966);
#1966 = DEFINITIONAL_REPRESENTATION('',(#1967),#1971);
#1967 = LINE('',#1968,#1969);
#1968 = CARTESIAN_POINT('',(0.,0.));
#1969 = VECTOR('',#1970,1.);
#1970 = DIRECTION('',(1.,0.));
#1971 = ( GEOMETRIC_REPRESENTATION_CONTEXT(2) 
PARAMETRIC_REPRESENTATION_CONTEXT() REPRESENTATION_CONTEXT('2D SPACE',''
  ) );
#1972 = PCURVE('',#1973,#1978);
#1973 = PLANE('',#1974);
#1974 = AXIS2_PLACEMENT_3D('',#1975,#1976,#1977);
#1975 = CARTESIAN_POINT('',(0.,0.,0.));
#1976 = DIRECTION('',(0.,0.,1.));
#1977 = DIRECTION('',(1.,0.,-0.));
#1978 = DEFINITIONAL_REPRESENTATION('',(#1979),#1983);
#1979 = CIRCLE('',#1980,2.);
#1980 = AXIS2_PLACEMENT_2D('',#1981,#1982);
#1981 = CARTESIAN_POINT('',(0.,0.));
#1982 = DIRECTION('',(1.,0.));
#1983 = ( GEOMETRIC_REPRESENTATION_CONTEXT(2) 
PARAMETRIC_REPRESENTATION_CONTEXT() REPRESENTATION_CONTEXT('2D SPACE',''
  ) );
#1984 = ORIENTED_EDGE('',*,*,#1935,.T.);
#1985 = ADVANCED_FACE('',(#1986),#1923,.T.);
#1986 = FACE_BOUND('',#1987,.T.);
#1987 = EDGE_LOOP('',(#1988));
#1988 = ORIENTED_EDGE('',*,*,#1901,.T.);
#1989 = ADVANCED_FACE('',(#1990),#1973,.F.);
#1990 = FACE_BOUND('',#1991,.T.);
#1991 = EDGE_LOOP('',(#1992));
#1992 = ORIENTED_EDGE('',*,*,#1958,.F.);
#1993 = ( GEOMETRIC_REPRESENTATION_CONTEXT(3) 
GLOBAL_UNCERTAINTY_ASSIGNED_CONTEXT((#1997)) 
GLOBAL_UNIT_ASSIGNED_CONTEXT((#1994,#1995,#1996)) REPRESENTATION_CONTEXT
('Context #1','3D Context with UNIT and UNCERTAINTY') );
#1994 = ( LENGTH_UNIT() NAMED_UNIT(*) SI_UNIT(.MILLI.,.METRE.) );
#1995 = ( NAMED_UNIT(*) PLANE_ANGLE_UNIT() SI_UNIT($,.RADIAN.) );
#1996 = ( NAMED_UNIT(*) SI_UNIT($,.STERADIAN.) SOLID_ANGLE_UNIT() );
#1997 = UNCERTAINTY_MEASURE_WITH_UNIT(LENGTH_MEASURE(1.E-07),#1994,
  'distance_accuracy_value','confusion accuracy');
#1998 = CONTEXT_DEPENDENT_SHAPE_REPRESENTATION(#1999,#2001);
#1999 = ( REPRESENTATION_RELATIONSHIP('','',#1894,#10) 
REPRESENTATION_RELATIONSHIP_WITH_TRANSFORMATION(#2000) 
SHAPE_REPRESENTATION_RELATIONSHIP() );
#2000 = ITEM_DEFINED_TRANSFORMATION('','',#11,#47);
#2001 = PRODUCT_DEFINITION_SHAPE('Placement','Placement of an item',
  #2002);
#2002 = NEXT_ASSEMBLY_USAGE_OCCURRENCE('9','=>[0:1:1:10]','',#5,#1889,$
  );
#2003 = PRODUCT_RELATED_PRODUCT_CATEGORY('part',$,(#1891));
#2004 = SHAPE_DEFINITION_REPRESENTATION(#2005,#2011);
#2005 = PRODUCT_DEFINITION_SHAPE('','',#2006);
#2006 = PRODUCT_DEFINITION('design','',#2007,#2010);
#2007 = PRODUCT_DEFINITION_FORMATION('','',#2008);
#2008 = PRODUCT('COMPOUND','COMPOUND','',(#2009));
#2009 = PRODUCT_CONTEXT('',#2,'mechanical');
#2010 = PRODUCT_DEFINITION_CONTEXT('part definition',#2,'design');
#2011 = ADVANCED_BREP_SHAPE_REPRESENTATION('',(#11,#2012),#2200);
#2012 = MANIFOLD_SOLID_BREP('',#2013);
#2013 = CLOSED_SHELL('',(#2014,#2102,#2106,#2141,#2196));
#2014 = ADVANCED_FACE('',(#2015),#2028,.T.);
#2015 = FACE_BOUND('',#2016,.T.);
#2016 = EDGE_LOOP('',(#2017,#2051,#2074,#2101));
#2017 = ORIENTED_EDGE('',*,*,#2018,.F.);
#2018 = EDGE_CURVE('',#2019,#2019,#2021,.T.);
#2019 = VERTEX_POINT('',#2020);
#2020 = CARTESIAN_POINT('',(-20.25,-17.,31.6));
#2021 = SURFACE_CURVE('',#2022,(#2027,#2039),.PCURVE_S1.);
#2022 = CIRCLE('',#2023,2.75);
#2023 = AXIS2_PLACEMENT_3D('',#2024,#2025,#2026);
#2024 = CARTESIAN_POINT('',(-23.,-17.,31.6));
#2025 = DIRECTION('',(0.,0.,1.));
#2026 = DIRECTION('',(1.,0.,-0.));
#2027 = PCURVE('',#2028,#2033);
#2028 = CYLINDRICAL_SURFACE('',#2029,2.75);
#2029 = AXIS2_PLACEMENT_3D('',#2030,#2031,#2032);
#2030 = CARTESIAN_POINT('',(-23.,-17.,28.6));
#2031 = DIRECTION('',(0.,0.,1.));
#2032 = DIRECTION('',(1.,0.,-0.));
#2033 = DEFINITIONAL_REPRESENTATION('',(#2034),#2038);
#2034 = LINE('',#2035,#2036);
#2035 = CARTESIAN_POINT('',(0.,3.));
#2036 = VECTOR('',#2037,1.);
#2037 = DIRECTION('',(1.,0.));
#2038 = ( GEOMETRIC_REPRESENTATION_CONTEXT(2) 
PARAMETRIC_REPRESENTATION_CONTEXT() REPRESENTATION_CONTEXT('2D SPACE',''
  ) );
#2039 = PCURVE('',#2040,#2045);
#2040 = PLANE('',#2041);
#2041 = AXIS2_PLACEMENT_3D('',#2042,#2043,#2044);
#2042 = CARTESIAN_POINT('',(-23.,-17.,31.6));
#2043 = DIRECTION('',(0.,0.,1.));
#2044 = DIRECTION('',(1.,0.,-0.));
#2045 = DEFINITIONAL_REPRESENTATION('',(#2046),#2050);
#2046 = CIRCLE('',#2047,2.75);
#2047 = AXIS2_PLACEMENT_2D('',#2048,#2049);
#2048 = CARTESIAN_POINT('',(0.,0.));
#2049 = DIRECTION('',(1.,0.));
#2050 = ( GEOMETRIC_REPRESENTATION_CONTEXT(2) 
PARAMETRIC_REPRESENTATION_CONTEXT() REPRESENTATION_CONTEXT('2D SPACE',''
  ) );
#2051 = ORIENTED_EDGE('',*,*,#2052,.F.);
#2052 = EDGE_CURVE('',#2053,#2019,#2055,.T.);
#2053 = VERTEX_POINT('',#2054);
#2054 = CARTESIAN_POINT('',(-20.25,-17.,28.6));
#2055 = SEAM_CURVE('',#2056,(#2060,#2067),.PCURVE_S1.);
#2056 = LINE('',#2057,#2058);
#2057 = CARTESIAN_POINT('',(-20.25,-17.,28.6));
#2058 = VECTOR('',#2059,1.);
#2059 = DIRECTION('',(0.,0.,1.));
#2060 = PCURVE('',#2028,#2061);
#2061 = DEFINITIONAL_REPRESENTATION('',(#2062),#2066);
#2062 = LINE('',#2063,#2064);
#2063 = CARTESIAN_POINT('',(6.28318530718,-0.));
#2064 = VECTOR('',#2065,1.);
#2065 = DIRECTION('',(0.,1.));
#2066 = ( GEOMETRIC_REPRESENTATION_CONTEXT(2) 
PARAMETRIC_REPRESENTATION_CONTEXT() REPRESENTATION_CONTEXT('2D SPACE',''
  ) );
#2067 = PCURVE('',#2028,#2068);
#2068 = DEFINITIONAL_REPRESENTATION('',(#2069),#2073);
#2069 = LINE('',#2070,#2071);
#2070 = CARTESIAN_POINT('',(0.,-0.));
#2071 = VECTOR('',#2072,1.);
#2072 = DIRECTION('',(0.,1.));
#2073 = ( GEOMETRIC_REPRESENTATION_CONTEXT(2) 
PARAMETRIC_REPRESENTATION_CONTEXT() REPRESENTATION_CONTEXT('2D SPACE',''
  ) );
#2074 = ORIENTED_EDGE('',*,*,#2075,.T.);
#2075 = EDGE_CURVE('',#2053,#2053,#2076,.T.);
#2076 = SURFACE_CURVE('',#2077,(#2082,#2089),.PCURVE_S1.);
#2077 = CIRCLE('',#2078,2.75);
#2078 = AXIS2_PLACEMENT_3D('',#2079,#2080,#2081);
#2079 = CARTESIAN_POINT('',(-23.,-17.,28.6));
#2080 = DIRECTION('',(0.,0.,1.));
#2081 = DIRECTION('',(1.,0.,-0.));
#2082 = PCURVE('',#2028,#2083);
#2083 = DEFINITIONAL_REPRESENTATION('',(#2084),#2088);
#2084 = LINE('',#2085,#2086);
#2085 = CARTESIAN_POINT('',(0.,0.));
#2086 = VECTOR('',#2087,1.);
#2087 = DIRECTION('',(1.,0.));
#2088 = ( GEOMETRIC_REPRESENTATION_CONTEXT(2) 
PARAMETRIC_REPRESENTATION_CONTEXT() REPRESENTATION_CONTEXT('2D SPACE',''
  ) );
#2089 = PCURVE('',#2090,#2095);
#2090 = PLANE('',#2091);
#2091 = AXIS2_PLACEMENT_3D('',#2092,#2093,#2094);
#2092 = CARTESIAN_POINT('',(-23.,-17.,28.6));
#2093 = DIRECTION('',(0.,0.,1.));
#2094 = DIRECTION('',(1.,0.,-0.));
#2095 = DEFINITIONAL_REPRESENTATION('',(#2096),#2100);
#2096 = CIRCLE('',#2097,2.75);
#2097 = AXIS2_PLACEMENT_2D('',#2098,#2099);
#2098 = CARTESIAN_POINT('',(0.,0.));
#2099 = DIRECTION('',(1.,0.));
#2100 = ( GEOMETRIC_REPRESENTATION_CONTEXT(2) 
PARAMETRIC_REPRESENTATION_CONTEXT() REPRESENTATION_CONTEXT('2D SPACE',''
  ) );
#2101 = ORIENTED_EDGE('',*,*,#2052,.T.);
#2102 = ADVANCED_FACE('',(#2103),#2040,.T.);
#2103 = FACE_BOUND('',#2104,.T.);
#2104 = EDGE_LOOP('',(#2105));
#2105 = ORIENTED_EDGE('',*,*,#2018,.T.);
#2106 = ADVANCED_FACE('',(#2107,#2110),#2090,.F.);
#2107 = FACE_BOUND('',#2108,.F.);
#2108 = EDGE_LOOP('',(#2109));
#2109 = ORIENTED_EDGE('',*,*,#2075,.T.);
#2110 = FACE_BOUND('',#2111,.F.);
#2111 = EDGE_LOOP('',(#2112));
#2112 = ORIENTED_EDGE('',*,*,#2113,.F.);
#2113 = EDGE_CURVE('',#2114,#2114,#2116,.T.);
#2114 = VERTEX_POINT('',#2115);
#2115 = CARTESIAN_POINT('',(-21.5,-17.,28.6));
#2116 = SURFACE_CURVE('',#2117,(#2122,#2129),.PCURVE_S1.);
#2117 = CIRCLE('',#2118,1.5);
#2118 = AXIS2_PLACEMENT_3D('',#2119,#2120,#2121);
#2119 = CARTESIAN_POINT('',(-23.,-17.,28.6));
#2120 = DIRECTION('',(0.,0.,1.));
#2121 = DIRECTION('',(1.,0.,-0.));
#2122 = PCURVE('',#2090,#2123);
#2123 = DEFINITIONAL_REPRESENTATION('',(#2124),#2128);
#2124 = CIRCLE('',#2125,1.5);
#2125 = AXIS2_PLACEMENT_2D('',#2126,#2127);
#2126 = CARTESIAN_POINT('',(0.,0.));
#2127 = DIRECTION('',(1.,0.));
#2128 = ( GEOMETRIC_REPRESENTATION_CONTEXT(2) 
PARAMETRIC_REPRESENTATION_CONTEXT() REPRESENTATION_CONTEXT('2D SPACE',''
  ) );
#2129 = PCURVE('',#2130,#2135);
#2130 = CYLINDRICAL_SURFACE('',#2131,1.5);
#2131 = AXIS2_PLACEMENT_3D('',#2132,#2133,#2134);
#2132 = CARTESIAN_POINT('',(-23.,-17.,16.6));
#2133 = DIRECTION('',(0.,0.,1.));
#2134 = DIRECTION('',(1.,0.,-0.));
#2135 = DEFINITIONAL_REPRESENTATION('',(#2136),#2140);
#2136 = LINE('',#2137,#2138);
#2137 = CARTESIAN_POINT('',(0.,12.));
#2138 = VECTOR('',#2139,1.);
#2139 = DIRECTION('',(1.,0.));
#2140 = ( GEOMETRIC_REPRESENTATION_CONTEXT(2) 
PARAMETRIC_REPRESENTATION_CONTEXT() REPRESENTATION_CONTEXT('2D SPACE',''
  ) );
#2141 = ADVANCED_FACE('',(#2142),#2130,.T.);
#2142 = FACE_BOUND('',#2143,.T.);
#2143 = EDGE_LOOP('',(#2144,#2145,#2168,#2195));
#2144 = ORIENTED_EDGE('',*,*,#2113,.F.);
#2145 = ORIENTED_EDGE('',*,*,#2146,.F.);
#2146 = EDGE_CURVE('',#2147,#2114,#2149,.T.);
#2147 = VERTEX_POINT('',#2148);
#2148 = CARTESIAN_POINT('',(-21.5,-17.,16.6));
#2149 = SEAM_CURVE('',#2150,(#2154,#2161),.PCURVE_S1.);
#2150 = LINE('',#2151,#2152);
#2151 = CARTESIAN_POINT('',(-21.5,-17.,16.6));
#2152 = VECTOR('',#2153,1.);
#2153 = DIRECTION('',(0.,0.,1.));
#2154 = PCURVE('',#2130,#2155);
#2155 = DEFINITIONAL_REPRESENTATION('',(#2156),#2160);
#2156 = LINE('',#2157,#2158);
#2157 = CARTESIAN_POINT('',(6.28318530718,-0.));
#2158 = VECTOR('',#2159,1.);
#2159 = DIRECTION('',(0.,1.));
#2160 = ( GEOMETRIC_REPRESENTATION_CONTEXT(2) 
PARAMETRIC_REPRESENTATION_CONTEXT() REPRESENTATION_CONTEXT('2D SPACE',''
  ) );
#2161 = PCURVE('',#2130,#2162);
#2162 = DEFINITIONAL_REPRESENTATION('',(#2163),#2167);
#2163 = LINE('',#2164,#2165);
#2164 = CARTESIAN_POINT('',(0.,-0.));
#2165 = VECTOR('',#2166,1.);
#2166 = DIRECTION('',(0.,1.));
#2167 = ( GEOMETRIC_REPRESENTATION_CONTEXT(2) 
PARAMETRIC_REPRESENTATION_CONTEXT() REPRESENTATION_CONTEXT('2D SPACE',''
  ) );
#2168 = ORIENTED_EDGE('',*,*,#2169,.T.);
#2169 = EDGE_CURVE('',#2147,#2147,#2170,.T.);
#2170 = SURFACE_CURVE('',#2171,(#2176,#2183),.PCURVE_S1.);
#2171 = CIRCLE('',#2172,1.5);
#2172 = AXIS2_PLACEMENT_3D('',#2173,#2174,#2175);
#2173 = CARTESIAN_POINT('',(-23.,-17.,16.6));
#2174 = DIRECTION('',(0.,0.,1.));
#2175 = DIRECTION('',(1.,0.,-0.));
#2176 = PCURVE('',#2130,#2177);
#2177 = DEFINITIONAL_REPRESENTATION('',(#2178),#2182);
#2178 = LINE('',#2179,#2180);
#2179 = CARTESIAN_POINT('',(0.,0.));
#2180 = VECTOR('',#2181,1.);
#2181 = DIRECTION('',(1.,0.));
#2182 = ( GEOMETRIC_REPRESENTATION_CONTEXT(2) 
PARAMETRIC_REPRESENTATION_CONTEXT() REPRESENTATION_CONTEXT('2D SPACE',''
  ) );
#2183 = PCURVE('',#2184,#2189);
#2184 = PLANE('',#2185);
#2185 = AXIS2_PLACEMENT_3D('',#2186,#2187,#2188);
#2186 = CARTESIAN_POINT('',(-23.,-17.,16.6));
#2187 = DIRECTION('',(0.,0.,1.));
#2188 = DIRECTION('',(1.,0.,-0.));
#2189 = DEFINITIONAL_REPRESENTATION('',(#2190),#2194);
#2190 = CIRCLE('',#2191,1.5);
#2191 = AXIS2_PLACEMENT_2D('',#2192,#2193);
#2192 = CARTESIAN_POINT('',(0.,0.));
#2193 = DIRECTION('',(1.,0.));
#2194 = ( GEOMETRIC_REPRESENTATION_CONTEXT(2) 
PARAMETRIC_REPRESENTATION_CONTEXT() REPRESENTATION_CONTEXT('2D SPACE',''
  ) );
#2195 = ORIENTED_EDGE('',*,*,#2146,.T.);
#2196 = ADVANCED_FACE('',(#2197),#2184,.F.);
#2197 = FACE_BOUND('',#2198,.T.);
#2198 = EDGE_LOOP('',(#2199));
#2199 = ORIENTED_EDGE('',*,*,#2169,.F.);
#2200 = ( GEOMETRIC_REPRESENTATION_CONTEXT(3) 
GLOBAL_UNCERTAINTY_ASSIGNED_CONTEXT((#2204)) 
GLOBAL_UNIT_ASSIGNED_CONTEXT((#2201,#2202,#2203)) REPRESENTATION_CONTEXT
('Context #1','3D Context with UNIT and UNCERTAINTY') );
#2201 = ( LENGTH_UNIT() NAMED_UNIT(*) SI_UNIT(.MILLI.,.METRE.) );
#2202 = ( NAMED_UNIT(*) PLANE_ANGLE_UNIT() SI_UNIT($,.RADIAN.) );
#2203 = ( NAMED_UNIT(*) SI_UNIT($,.STERADIAN.) SOLID_ANGLE_UNIT() );
#2204 = UNCERTAINTY_MEASURE_WITH_UNIT(LENGTH_MEASURE(1.E-07),#2201,
  'distance_accuracy_value','confusion accuracy');
#2205 = CONTEXT_DEPENDENT_SHAPE_REPRESENTATION(#2206,#2208);
#2206 = ( REPRESENTATION_RELATIONSHIP('','',#2011,#10) 
REPRESENTATION_RELATIONSHIP_WITH_TRANSFORMATION(#2207) 
SHAPE_REPRESENTATION_RELATIONSHIP() );
#2207 = ITEM_DEFINED_TRANSFORMATION('','',#11,#51);
#2208 = PRODUCT_DEFINITION_SHAPE('Placement','Placement of an item',
  #2209);
#2209 = NEXT_ASSEMBLY_USAGE_OCCURRENCE('10','=>[0:1:1:11]','',#5,#2006,$
  );
#2210 = PRODUCT_RELATED_PRODUCT_CATEGORY('part',$,(#2008));
#2211 = SHAPE_DEFINITION_REPRESENTATION(#2212,#2218);
#2212 = PRODUCT_DEFINITION_SHAPE('','',#2213);
#2213 = PRODUCT_DEFINITION('design','',#2214,#2217);
#2214 = PRODUCT_DEFINITION_FORMATION('','',#2215);
#2215 = PRODUCT('COMPOUND','COMPOUND','',(#2216));
#2216 = PRODUCT_CONTEXT('',#2,'mechanical');
#2217 = PRODUCT_DEFINITION_CONTEXT('part definition',#2,'design');
#2218 = ADVANCED_BREP_SHAPE_REPRESENTATION('',(#11,#2219),#2401);
#2219 = MANIFOLD_SOLID_BREP('',#2220);
#2220 = CLOSED_SHELL('',(#2221,#2309,#2344,#2374));
#2221 = ADVANCED_FACE('',(#2222),#2235,.T.);
#2222 = FACE_BOUND('',#2223,.T.);
#2223 = EDGE_LOOP('',(#2224,#2258,#2281,#2308));
#2224 = ORIENTED_EDGE('',*,*,#2225,.F.);
#2225 = EDGE_CURVE('',#2226,#2226,#2228,.T.);
#2226 = VERTEX_POINT('',#2227);
#2227 = CARTESIAN_POINT('',(-20.7,-17.,24.8));
#2228 = SURFACE_CURVE('',#2229,(#2234,#2246),.PCURVE_S1.);
#2229 = CIRCLE('',#2230,2.3);
#2230 = AXIS2_PLACEMENT_3D('',#2231,#2232,#2233);
#2231 = CARTESIAN_POINT('',(-23.,-17.,24.8));
#2232 = DIRECTION('',(0.,0.,1.));
#2233 = DIRECTION('',(1.,0.,-0.));
#2234 = PCURVE('',#2235,#2240);
#2235 = CYLINDRICAL_SURFACE('',#2236,2.3);
#2236 = AXIS2_PLACEMENT_3D('',#2237,#2238,#2239);
#2237 = CARTESIAN_POINT('',(-23.,-17.,19.8));
#2238 = DIRECTION('',(0.,0.,1.));
#2239 = DIRECTION('',(1.,0.,-0.));
#2240 = DEFINITIONAL_REPRESENTATION('',(#2241),#2245);
#2241 = LINE('',#2242,#2243);
#2242 = CARTESIAN_POINT('',(0.,5.));
#2243 = VECTOR('',#2244,1.);
#2244 = DIRECTION('',(1.,0.));
#2245 = ( GEOMETRIC_REPRESENTATION_CONTEXT(2) 
PARAMETRIC_REPRESENTATION_CONTEXT() REPRESENTATION_CONTEXT('2D SPACE',''
  ) );
#2246 = PCURVE('',#2247,#2252);
#2247 = PLANE('',#2248);
#2248 = AXIS2_PLACEMENT_3D('',#2249,#2250,#2251);
#2249 = CARTESIAN_POINT('',(-23.,-17.,24.8));
#2250 = DIRECTION('',(0.,0.,1.));
#2251 = DIRECTION('',(1.,0.,-0.));
#2252 = DEFINITIONAL_REPRESENTATION('',(#2253),#2257);
#2253 = CIRCLE('',#2254,2.3);
#2254 = AXIS2_PLACEMENT_2D('',#2255,#2256);
#2255 = CARTESIAN_POINT('',(0.,0.));
#2256 = DIRECTION('',(1.,0.));
#2257 = ( GEOMETRIC_REPRESENTATION_CONTEXT(2) 
PARAMETRIC_REPRESENTATION_CONTEXT() REPRESENTATION_CONTEXT('2D SPACE',''
  ) );
#2258 = ORIENTED_EDGE('',*,*,#2259,.F.);
#2259 = EDGE_CURVE('',#2260,#2226,#2262,.T.);
#2260 = VERTEX_POINT('',#2261);
#2261 = CARTESIAN_POINT('',(-20.7,-17.,19.8));
#2262 = SEAM_CURVE('',#2263,(#2267,#2274),.PCURVE_S1.);
#2263 = LINE('',#2264,#2265);
#2264 = CARTESIAN_POINT('',(-20.7,-17.,19.8));
#2265 = VECTOR('',#2266,1.);
#2266 = DIRECTION('',(0.,0.,1.));
#2267 = PCURVE('',#2235,#2268);
#2268 = DEFINITIONAL_REPRESENTATION('',(#2269),#2273);
#2269 = LINE('',#2270,#2271);
#2270 = CARTESIAN_POINT('',(6.28318530718,-0.));
#2271 = VECTOR('',#2272,1.);
#2272 = DIRECTION('',(0.,1.));
#2273 = ( GEOMETRIC_REPRESENTATION_CONTEXT(2) 
PARAMETRIC_REPRESENTATION_CONTEXT() REPRESENTATION_CONTEXT('2D SPACE',''
  ) );
#2274 = PCURVE('',#2235,#2275);
#2275 = DEFINITIONAL_REPRESENTATION('',(#2276),#2280);
#2276 = LINE('',#2277,#2278);
#2277 = CARTESIAN_POINT('',(0.,-0.));
#2278 = VECTOR('',#2279,1.);
#2279 = DIRECTION('',(0.,1.));
#2280 = ( GEOMETRIC_REPRESENTATION_CONTEXT(2) 
PARAMETRIC_REPRESENTATION_CONTEXT() REPRESENTATION_CONTEXT('2D SPACE',''
  ) );
#2281 = ORIENTED_EDGE('',*,*,#2282,.T.);
#2282 = EDGE_CURVE('',#2260,#2260,#2283,.T.);
#2283 = SURFACE_CURVE('',#2284,(#2289,#2296),.PCURVE_S1.);
#2284 = CIRCLE('',#2285,2.3);
#2285 = AXIS2_PLACEMENT_3D('',#2286,#2287,#2288);
#2286 = CARTESIAN_POINT('',(-23.,-17.,19.8));
#2287 = DIRECTION('',(0.,0.,1.));
#2288 = DIRECTION('',(1.,0.,-0.));
#2289 = PCURVE('',#2235,#2290);
#2290 = DEFINITIONAL_REPRESENTATION('',(#2291),#2295);
#2291 = LINE('',#2292,#2293);
#2292 = CARTESIAN_POINT('',(0.,0.));
#2293 = VECTOR('',#2294,1.);
#2294 = DIRECTION('',(1.,0.));
#2295 = ( GEOMETRIC_REPRESENTATION_CONTEXT(2) 
PARAMETRIC_REPRESENTATION_CONTEXT() REPRESENTATION_CONTEXT('2D SPACE',''
  ) );
#2296 = PCURVE('',#2297,#2302);
#2297 = PLANE('',#2298);
#2298 = AXIS2_PLACEMENT_3D('',#2299,#2300,#2301);
#2299 = CARTESIAN_POINT('',(-23.,-17.,19.8));
#2300 = DIRECTION('',(0.,0.,1.));
#2301 = DIRECTION('',(1.,0.,-0.));
#2302 = DEFINITIONAL_REPRESENTATION('',(#2303),#2307);
#2303 = CIRCLE('',#2304,2.3);
#2304 = AXIS2_PLACEMENT_2D('',#2305,#2306);
#2305 = CARTESIAN_POINT('',(0.,0.));
#2306 = DIRECTION('',(1.,0.));
#2307 = ( GEOMETRIC_REPRESENTATION_CONTEXT(2) 
PARAMETRIC_REPRESENTATION_CONTEXT() REPRESENTATION_CONTEXT('2D SPACE',''
  ) );
#2308 = ORIENTED_EDGE('',*,*,#2259,.T.);
#2309 = ADVANCED_FACE('',(#2310,#2313),#2247,.T.);
#2310 = FACE_BOUND('',#2311,.T.);
#2311 = EDGE_LOOP('',(#2312));
#2312 = ORIENTED_EDGE('',*,*,#2225,.T.);
#2313 = FACE_BOUND('',#2314,.T.);
#2314 = EDGE_LOOP('',(#2315));
#2315 = ORIENTED_EDGE('',*,*,#2316,.F.);
#2316 = EDGE_CURVE('',#2317,#2317,#2319,.T.);
#2317 = VERTEX_POINT('',#2318);
#2318 = CARTESIAN_POINT('',(-21.49,-17.,24.8));
#2319 = SURFACE_CURVE('',#2320,(#2325,#2332),.PCURVE_S1.);
#2320 = CIRCLE('',#2321,1.51);
#2321 = AXIS2_PLACEMENT_3D('',#2322,#2323,#2324);
#2322 = CARTESIAN_POINT('',(-23.,-17.,24.8));
#2323 = DIRECTION('',(0.,0.,1.));
#2324 = DIRECTION('',(1.,0.,-0.));
#2325 = PCURVE('',#2247,#2326);
#2326 = DEFINITIONAL_REPRESENTATION('',(#2327),#2331);
#2327 = CIRCLE('',#2328,1.51);
#2328 = AXIS2_PLACEMENT_2D('',#2329,#2330);
#2329 = CARTESIAN_POINT('',(0.,0.));
#2330 = DIRECTION('',(1.,0.));
#2331 = ( GEOMETRIC_REPRESENTATION_CONTEXT(2) 
PARAMETRIC_REPRESENTATION_CONTEXT() REPRESENTATION_CONTEXT('2D SPACE',''
  ) );
#2332 = PCURVE('',#2333,#2338);
#2333 = CYLINDRICAL_SURFACE('',#2334,1.51);
#2334 = AXIS2_PLACEMENT_3D('',#2335,#2336,#2337);
#2335 = CARTESIAN_POINT('',(-23.,-17.,19.7));
#2336 = DIRECTION('',(0.,0.,1.));
#2337 = DIRECTION('',(1.,0.,-0.));
#2338 = DEFINITIONAL_REPRESENTATION('',(#2339),#2343);
#2339 = LINE('',#2340,#2341);
#2340 = CARTESIAN_POINT('',(0.,5.1));
#2341 = VECTOR('',#2342,1.);
#2342 = DIRECTION('',(1.,0.));
#2343 = ( GEOMETRIC_REPRESENTATION_CONTEXT(2) 
PARAMETRIC_REPRESENTATION_CONTEXT() REPRESENTATION_CONTEXT('2D SPACE',''
  ) );
#2344 = ADVANCED_FACE('',(#2345,#2348),#2297,.F.);
#2345 = FACE_BOUND('',#2346,.F.);
#2346 = EDGE_LOOP('',(#2347));
#2347 = ORIENTED_EDGE('',*,*,#2282,.T.);
#2348 = FACE_BOUND('',#2349,.F.);
#2349 = EDGE_LOOP('',(#2350));
#2350 = ORIENTED_EDGE('',*,*,#2351,.F.);
#2351 = EDGE_CURVE('',#2352,#2352,#2354,.T.);
#2352 = VERTEX_POINT('',#2353);
#2353 = CARTESIAN_POINT('',(-21.49,-17.,19.8));
#2354 = SURFACE_CURVE('',#2355,(#2360,#2367),.PCURVE_S1.);
#2355 = CIRCLE('',#2356,1.51);
#2356 = AXIS2_PLACEMENT_3D('',#2357,#2358,#2359);
#2357 = CARTESIAN_POINT('',(-23.,-17.,19.8));
#2358 = DIRECTION('',(0.,0.,1.));
#2359 = DIRECTION('',(1.,0.,-0.));
#2360 = PCURVE('',#2297,#2361);
#2361 = DEFINITIONAL_REPRESENTATION('',(#2362),#2366);
#2362 = CIRCLE('',#2363,1.51);
#2363 = AXIS2_PLACEMENT_2D('',#2364,#2365);
#2364 = CARTESIAN_POINT('',(0.,0.));
#2365 = DIRECTION('',(1.,0.));
#2366 = ( GEOMETRIC_REPRESENTATION_CONTEXT(2) 
PARAMETRIC_REPRESENTATION_CONTEXT() REPRESENTATION_CONTEXT('2D SPACE',''
  ) );
#2367 = PCURVE('',#2333,#2368);
#2368 = DEFINITIONAL_REPRESENTATION('',(#2369),#2373);
#2369 = LINE('',#2370,#2371);
#2370 = CARTESIAN_POINT('',(0.,0.1));
#2371 = VECTOR('',#2372,1.);
#2372 = DIRECTION('',(1.,0.));
#2373 = ( GEOMETRIC_REPRESENTATION_CONTEXT(2) 
PARAMETRIC_REPRESENTATION_CONTEXT() REPRESENTATION_CONTEXT('2D SPACE',''
  ) );
#2374 = ADVANCED_FACE('',(#2375),#2333,.F.);
#2375 = FACE_BOUND('',#2376,.F.);
#2376 = EDGE_LOOP('',(#2377,#2378,#2399,#2400));
#2377 = ORIENTED_EDGE('',*,*,#2316,.F.);
#2378 = ORIENTED_EDGE('',*,*,#2379,.F.);
#2379 = EDGE_CURVE('',#2352,#2317,#2380,.T.);
#2380 = SEAM_CURVE('',#2381,(#2385,#2392),.PCURVE_S1.);
#2381 = LINE('',#2382,#2383);
#2382 = CARTESIAN_POINT('',(-21.49,-17.,19.7));
#2383 = VECTOR('',#2384,1.);
#2384 = DIRECTION('',(0.,0.,1.));
#2385 = PCURVE('',#2333,#2386);
#2386 = DEFINITIONAL_REPRESENTATION('',(#2387),#2391);
#2387 = LINE('',#2388,#2389);
#2388 = CARTESIAN_POINT('',(6.28318530718,-0.));
#2389 = VECTOR('',#2390,1.);
#2390 = DIRECTION('',(0.,1.));
#2391 = ( GEOMETRIC_REPRESENTATION_CONTEXT(2) 
PARAMETRIC_REPRESENTATION_CONTEXT() REPRESENTATION_CONTEXT('2D SPACE',''
  ) );
#2392 = PCURVE('',#2333,#2393);
#2393 = DEFINITIONAL_REPRESENTATION('',(#2394),#2398);
#2394 = LINE('',#2395,#2396);
#2395 = CARTESIAN_POINT('',(0.,-0.));
#2396 = VECTOR('',#2397,1.);
#2397 = DIRECTION('',(0.,1.));
#2398 = ( GEOMETRIC_REPRESENTATION_CONTEXT(2) 
PARAMETRIC_REPRESENTATION_CONTEXT() REPRESENTATION_CONTEXT('2D SPACE',''
  ) );
#2399 = ORIENTED_EDGE('',*,*,#2351,.T.);
#2400 = ORIENTED_EDGE('',*,*,#2379,.T.);
#2401 = ( GEOMETRIC_REPRESENTATION_CONTEXT(3) 
GLOBAL_UNCERTAINTY_ASSIGNED_CONTEXT((#2405)) 
GLOBAL_UNIT_ASSIGNED_CONTEXT((#2402,#2403,#2404)) REPRESENTATION_CONTEXT
('Context #1','3D Context with UNIT and UNCERTAINTY') );
#2402 = ( LENGTH_UNIT() NAMED_UNIT(*) SI_UNIT(.MILLI.,.METRE.) );
#2403 = ( NAMED_UNIT(*) PLANE_ANGLE_UNIT() SI_UNIT($,.RADIAN.) );
#2404 = ( NAMED_UNIT(*) SI_UNIT($,.STERADIAN.) SOLID_ANGLE_UNIT() );
#2405 = UNCERTAINTY_MEASURE_WITH_UNIT(LENGTH_MEASURE(1.E-07),#2402,
  'distance_accuracy_value','confusion accuracy');
#2406 = CONTEXT_DEPENDENT_SHAPE_REPRESENTATION(#2407,#2409);
#2407 = ( REPRESENTATION_RELATIONSHIP('','',#2218,#10) 
REPRESENTATION_RELATIONSHIP_WITH_TRANSFORMATION(#2408) 
SHAPE_REPRESENTATION_RELATIONSHIP() );
#2408 = ITEM_DEFINED_TRANSFORMATION('','',#11,#55);
#2409 = PRODUCT_DEFINITION_SHAPE('Placement','Placement of an item',
  #2410);
#2410 = NEXT_ASSEMBLY_USAGE_OCCURRENCE('11','=>[0:1:1:12]','',#5,#2213,$
  );
#2411 = PRODUCT_RELATED_PRODUCT_CATEGORY('part',$,(#2215));
#2412 = SHAPE_DEFINITION_REPRESENTATION(#2413,#2419);
#2413 = PRODUCT_DEFINITION_SHAPE('','',#2414);
#2414 = PRODUCT_DEFINITION('design','',#2415,#2418);
#2415 = PRODUCT_DEFINITION_FORMATION('','',#2416);
#2416 = PRODUCT('COMPOUND','COMPOUND','',(#2417));
#2417 = PRODUCT_CONTEXT('',#2,'mechanical');
#2418 = PRODUCT_DEFINITION_CONTEXT('part definition',#2,'design');
#2419 = ADVANCED_BREP_SHAPE_REPRESENTATION('',(#11,#2420),#2990);
#2420 = MANIFOLD_SOLID_BREP('',#2421);
#2421 = CLOSED_SHELL('',(#2422,#2542,#2618,#2694,#2803,#2902,#2929,#2956
    ,#2963));
#2422 = ADVANCED_FACE('',(#2423),#2437,.F.);
#2423 = FACE_BOUND('',#2424,.F.);
#2424 = EDGE_LOOP('',(#2425,#2460,#2488,#2516));
#2425 = ORIENTED_EDGE('',*,*,#2426,.T.);
#2426 = EDGE_CURVE('',#2427,#2429,#2431,.T.);
#2427 = VERTEX_POINT('',#2428);
#2428 = CARTESIAN_POINT('',(-19.82457351945,-17.,24.8));
#2429 = VERTEX_POINT('',#2430);
#2430 = CARTESIAN_POINT('',(-19.82457351945,-17.,27.2));
#2431 = SURFACE_CURVE('',#2432,(#2436,#2448),.PCURVE_S1.);
#2432 = LINE('',#2433,#2434);
#2433 = CARTESIAN_POINT('',(-19.82457351945,-17.,24.8));
#2434 = VECTOR('',#2435,1.);
#2435 = DIRECTION('',(0.,0.,1.));
#2436 = PCURVE('',#2437,#2442);
#2437 = PLANE('',#2438);
#2438 = AXIS2_PLACEMENT_3D('',#2439,#2440,#2441);
#2439 = CARTESIAN_POINT('',(-19.82457351945,-17.,24.8));
#2440 = DIRECTION('',(-0.866025403784,-0.5,0.));
#2441 = DIRECTION('',(-0.5,0.866025403784,0.));
#2442 = DEFINITIONAL_REPRESENTATION('',(#2443),#2447);
#2443 = LINE('',#2444,#2445);
#2444 = CARTESIAN_POINT('',(0.,0.));
#2445 = VECTOR('',#2446,1.);
#2446 = DIRECTION('',(0.,-1.));
#2447 = ( GEOMETRIC_REPRESENTATION_CONTEXT(2) 
PARAMETRIC_REPRESENTATION_CONTEXT() REPRESENTATION_CONTEXT('2D SPACE',''
  ) );
#2448 = PCURVE('',#2449,#2454);
#2449 = PLANE('',#2450);
#2450 = AXIS2_PLACEMENT_3D('',#2451,#2452,#2453);
#2451 = CARTESIAN_POINT('',(-21.41228675972,-19.75,24.8));
#2452 = DIRECTION('',(-0.866025403784,0.5,0.));
#2453 = DIRECTION('',(0.5,0.866025403784,0.));
#2454 = DEFINITIONAL_REPRESENTATION('',(#2455),#2459);
#2455 = LINE('',#2456,#2457);
#2456 = CARTESIAN_POINT('',(3.175426480543,0.));
#2457 = VECTOR('',#2458,1.);
#2458 = DIRECTION('',(0.,-1.));
#2459 = ( GEOMETRIC_REPRESENTATION_CONTEXT(2) 
PARAMETRIC_REPRESENTATION_CONTEXT() REPRESENTATION_CONTEXT('2D SPACE',''
  ) );
#2460 = ORIENTED_EDGE('',*,*,#2461,.T.);
#2461 = EDGE_CURVE('',#2429,#2462,#2464,.T.);
#2462 = VERTEX_POINT('',#2463);
#2463 = CARTESIAN_POINT('',(-21.41228675972,-14.25,27.2));
#2464 = SURFACE_CURVE('',#2465,(#2469,#2476),.PCURVE_S1.);
#2465 = LINE('',#2466,#2467);
#2466 = CARTESIAN_POINT('',(-19.82457351945,-17.,27.2));
#2467 = VECTOR('',#2468,1.);
#2468 = DIRECTION('',(-0.5,0.866025403784,0.));
#2469 = PCURVE('',#2437,#2470);
#2470 = DEFINITIONAL_REPRESENTATION('',(#2471),#2475);
#2471 = LINE('',#2472,#2473);
#2472 = CARTESIAN_POINT('',(0.,-2.4));
#2473 = VECTOR('',#2474,1.);
#2474 = DIRECTION('',(1.,0.));
#2475 = ( GEOMETRIC_REPRESENTATION_CONTEXT(2) 
PARAMETRIC_REPRESENTATION_CONTEXT() REPRESENTATION_CONTEXT('2D SPACE',''
  ) );
#2476 = PCURVE('',#2477,#2482);
#2477 = PLANE('',#2478);
#2478 = AXIS2_PLACEMENT_3D('',#2479,#2480,#2481);
#2479 = CARTESIAN_POINT('',(-23.,-17.,27.2));
#2480 = DIRECTION('',(0.,0.,1.));
#2481 = DIRECTION('',(1.,0.,-0.));
#2482 = DEFINITIONAL_REPRESENTATION('',(#2483),#2487);
#2483 = LINE('',#2484,#2485);
#2484 = CARTESIAN_POINT('',(3.175426480543,1.864691089826E-16));
#2485 = VECTOR('',#2486,1.);
#2486 = DIRECTION('',(-0.5,0.866025403784));
#2487 = ( GEOMETRIC_REPRESENTATION_CONTEXT(2) 
PARAMETRIC_REPRESENTATION_CONTEXT() REPRESENTATION_CONTEXT('2D SPACE',''
  ) );
#2488 = ORIENTED_EDGE('',*,*,#2489,.F.);
#2489 = EDGE_CURVE('',#2490,#2462,#2492,.T.);
#2490 = VERTEX_POINT('',#2491);
#2491 = CARTESIAN_POINT('',(-21.41228675972,-14.25,24.8));
#2492 = SURFACE_CURVE('',#2493,(#2497,#2504),.PCURVE_S1.);
#2493 = LINE('',#2494,#2495);
#2494 = CARTESIAN_POINT('',(-21.41228675972,-14.25,24.8));
#2495 = VECTOR('',#2496,1.);
#2496 = DIRECTION('',(0.,0.,1.));
#2497 = PCURVE('',#2437,#2498);
#2498 = DEFINITIONAL_REPRESENTATION('',(#2499),#2503);
#2499 = LINE('',#2500,#2501);
#2500 = CARTESIAN_POINT('',(3.175426480543,0.));
#2501 = VECTOR('',#2502,1.);
#2502 = DIRECTION('',(0.,-1.));
#2503 = ( GEOMETRIC_REPRESENTATION_CONTEXT(2) 
PARAMETRIC_REPRESENTATION_CONTEXT() REPRESENTATION_CONTEXT('2D SPACE',''
  ) );
#2504 = PCURVE('',#2505,#2510);
#2505 = PLANE('',#2506);
#2506 = AXIS2_PLACEMENT_3D('',#2507,#2508,#2509);
#2507 = CARTESIAN_POINT('',(-21.41228675972,-14.25,24.8));
#2508 = DIRECTION('',(-1.39851831737E-16,-1.,0.));
#2509 = DIRECTION('',(-1.,1.39851831737E-16,0.));
#2510 = DEFINITIONAL_REPRESENTATION('',(#2511),#2515);
#2511 = LINE('',#2512,#2513);
#2512 = CARTESIAN_POINT('',(0.,0.));
#2513 = VECTOR('',#2514,1.);
#2514 = DIRECTION('',(0.,-1.));
#2515 = ( GEOMETRIC_REPRESENTATION_CONTEXT(2) 
PARAMETRIC_REPRESENTATION_CONTEXT() REPRESENTATION_CONTEXT('2D SPACE',''
  ) );
#2516 = ORIENTED_EDGE('',*,*,#2517,.F.);
#2517 = EDGE_CURVE('',#2427,#2490,#2518,.T.);
#2518 = SURFACE_CURVE('',#2519,(#2523,#2530),.PCURVE_S1.);
#2519 = LINE('',#2520,#2521);
#2520 = CARTESIAN_POINT('',(-19.82457351945,-17.,24.8));
#2521 = VECTOR('',#2522,1.);
#2522 = DIRECTION('',(-0.5,0.866025403784,0.));
#2523 = PCURVE('',#2437,#2524);
#2524 = DEFINITIONAL_REPRESENTATION('',(#2525),#2529);
#2525 = LINE('',#2526,#2527);
#2526 = CARTESIAN_POINT('',(0.,0.));
#2527 = VECTOR('',#2528,1.);
#2528 = DIRECTION('',(1.,0.));
#2529 = ( GEOMETRIC_REPRESENTATION_CONTEXT(2) 
PARAMETRIC_REPRESENTATION_CONTEXT() REPRESENTATION_CONTEXT('2D SPACE',''
  ) );
#2530 = PCURVE('',#2531,#2536);
#2531 = PLANE('',#2532);
#2532 = AXIS2_PLACEMENT_3D('',#2533,#2534,#2535);
#2533 = CARTESIAN_POINT('',(-23.,-17.,24.8));
#2534 = DIRECTION('',(0.,0.,1.));
#2535 = DIRECTION('',(1.,0.,-0.));
#2536 = DEFINITIONAL_REPRESENTATION('',(#2537),#2541);
#2537 = LINE('',#2538,#2539);
#2538 = CARTESIAN_POINT('',(3.175426480543,1.864691089826E-16));
#2539 = VECTOR('',#2540,1.);
#2540 = DIRECTION('',(-0.5,0.866025403784));
#2541 = ( GEOMETRIC_REPRESENTATION_CONTEXT(2) 
PARAMETRIC_REPRESENTATION_CONTEXT() REPRESENTATION_CONTEXT('2D SPACE',''
  ) );
#2542 = ADVANCED_FACE('',(#2543),#2449,.F.);
#2543 = FACE_BOUND('',#2544,.F.);
#2544 = EDGE_LOOP('',(#2545,#2575,#2596,#2597));
#2545 = ORIENTED_EDGE('',*,*,#2546,.T.);
#2546 = EDGE_CURVE('',#2547,#2549,#2551,.T.);
#2547 = VERTEX_POINT('',#2548);
#2548 = CARTESIAN_POINT('',(-21.41228675972,-19.75,24.8));
#2549 = VERTEX_POINT('',#2550);
#2550 = CARTESIAN_POINT('',(-21.41228675972,-19.75,27.2));
#2551 = SURFACE_CURVE('',#2552,(#2556,#2563),.PCURVE_S1.);
#2552 = LINE('',#2553,#2554);
#2553 = CARTESIAN_POINT('',(-21.41228675972,-19.75,24.8));
#2554 = VECTOR('',#2555,1.);
#2555 = DIRECTION('',(0.,0.,1.));
#2556 = PCURVE('',#2449,#2557);
#2557 = DEFINITIONAL_REPRESENTATION('',(#2558),#2562);
#2558 = LINE('',#2559,#2560);
#2559 = CARTESIAN_POINT('',(0.,0.));
#2560 = VECTOR('',#2561,1.);
#2561 = DIRECTION('',(0.,-1.));
#2562 = ( GEOMETRIC_REPRESENTATION_CONTEXT(2) 
PARAMETRIC_REPRESENTATION_CONTEXT() REPRESENTATION_CONTEXT('2D SPACE',''
  ) );
#2563 = PCURVE('',#2564,#2569);
#2564 = PLANE('',#2565);
#2565 = AXIS2_PLACEMENT_3D('',#2566,#2567,#2568);
#2566 = CARTESIAN_POINT('',(-24.58771324027,-19.75,24.8));
#2567 = DIRECTION('',(2.79703663474E-16,1.,-0.));
#2568 = DIRECTION('',(1.,-2.79703663474E-16,0.));
#2569 = DEFINITIONAL_REPRESENTATION('',(#2570),#2574);
#2570 = LINE('',#2571,#2572);
#2571 = CARTESIAN_POINT('',(3.175426480543,0.));
#2572 = VECTOR('',#2573,1.);
#2573 = DIRECTION('',(0.,-1.));
#2574 = ( GEOMETRIC_REPRESENTATION_CONTEXT(2) 
PARAMETRIC_REPRESENTATION_CONTEXT() REPRESENTATION_CONTEXT('2D SPACE',''
  ) );
#2575 = ORIENTED_EDGE('',*,*,#2576,.T.);
#2576 = EDGE_CURVE('',#2549,#2429,#2577,.T.);
#2577 = SURFACE_CURVE('',#2578,(#2582,#2589),.PCURVE_S1.);
#2578 = LINE('',#2579,#2580);
#2579 = CARTESIAN_POINT('',(-21.41228675972,-19.75,27.2));
#2580 = VECTOR('',#2581,1.);
#2581 = DIRECTION('',(0.5,0.866025403784,0.));
#2582 = PCURVE('',#2449,#2583);
#2583 = DEFINITIONAL_REPRESENTATION('',(#2584),#2588);
#2584 = LINE('',#2585,#2586);
#2585 = CARTESIAN_POINT('',(0.,-2.4));
#2586 = VECTOR('',#2587,1.);
#2587 = DIRECTION('',(1.,0.));
#2588 = ( GEOMETRIC_REPRESENTATION_CONTEXT(2) 
PARAMETRIC_REPRESENTATION_CONTEXT() REPRESENTATION_CONTEXT('2D SPACE',''
  ) );
#2589 = PCURVE('',#2477,#2590);
#2590 = DEFINITIONAL_REPRESENTATION('',(#2591),#2595);
#2591 = LINE('',#2592,#2593);
#2592 = CARTESIAN_POINT('',(1.587713240271,-2.75));
#2593 = VECTOR('',#2594,1.);
#2594 = DIRECTION('',(0.5,0.866025403784));
#2595 = ( GEOMETRIC_REPRESENTATION_CONTEXT(2) 
PARAMETRIC_REPRESENTATION_CONTEXT() REPRESENTATION_CONTEXT('2D SPACE',''
  ) );
#2596 = ORIENTED_EDGE('',*,*,#2426,.F.);
#2597 = ORIENTED_EDGE('',*,*,#2598,.F.);
#2598 = EDGE_CURVE('',#2547,#2427,#2599,.T.);
#2599 = SURFACE_CURVE('',#2600,(#2604,#2611),.PCURVE_S1.);
#2600 = LINE('',#2601,#2602);
#2601 = CARTESIAN_POINT('',(-21.41228675972,-19.75,24.8));
#2602 = VECTOR('',#2603,1.);
#2603 = DIRECTION('',(0.5,0.866025403784,0.));
#2604 = PCURVE('',#2449,#2605);
#2605 = DEFINITIONAL_REPRESENTATION('',(#2606),#2610);
#2606 = LINE('',#2607,#2608);
#2607 = CARTESIAN_POINT('',(0.,0.));
#2608 = VECTOR('',#2609,1.);
#2609 = DIRECTION('',(1.,0.));
#2610 = ( GEOMETRIC_REPRESENTATION_CONTEXT(2) 
PARAMETRIC_REPRESENTATION_CONTEXT() REPRESENTATION_CONTEXT('2D SPACE',''
  ) );
#2611 = PCURVE('',#2531,#2612);
#2612 = DEFINITIONAL_REPRESENTATION('',(#2613),#2617);
#2613 = LINE('',#2614,#2615);
#2614 = CARTESIAN_POINT('',(1.587713240271,-2.75));
#2615 = VECTOR('',#2616,1.);
#2616 = DIRECTION('',(0.5,0.866025403784));
#2617 = ( GEOMETRIC_REPRESENTATION_CONTEXT(2) 
PARAMETRIC_REPRESENTATION_CONTEXT() REPRESENTATION_CONTEXT('2D SPACE',''
  ) );
#2618 = ADVANCED_FACE('',(#2619),#2505,.F.);
#2619 = FACE_BOUND('',#2620,.F.);
#2620 = EDGE_LOOP('',(#2621,#2622,#2645,#2673));
#2621 = ORIENTED_EDGE('',*,*,#2489,.T.);
#2622 = ORIENTED_EDGE('',*,*,#2623,.T.);
#2623 = EDGE_CURVE('',#2462,#2624,#2626,.T.);
#2624 = VERTEX_POINT('',#2625);
#2625 = CARTESIAN_POINT('',(-24.58771324027,-14.25,27.2));
#2626 = SURFACE_CURVE('',#2627,(#2631,#2638),.PCURVE_S1.);
#2627 = LINE('',#2628,#2629);
#2628 = CARTESIAN_POINT('',(-21.41228675972,-14.25,27.2));
#2629 = VECTOR('',#2630,1.);
#2630 = DIRECTION('',(-1.,1.39851831737E-16,0.));
#2631 = PCURVE('',#2505,#2632);
#2632 = DEFINITIONAL_REPRESENTATION('',(#2633),#2637);
#2633 = LINE('',#2634,#2635);
#2634 = CARTESIAN_POINT('',(0.,-2.4));
#2635 = VECTOR('',#2636,1.);
#2636 = DIRECTION('',(1.,0.));
#2637 = ( GEOMETRIC_REPRESENTATION_CONTEXT(2) 
PARAMETRIC_REPRESENTATION_CONTEXT() REPRESENTATION_CONTEXT('2D SPACE',''
  ) );
#2638 = PCURVE('',#2477,#2639);
#2639 = DEFINITIONAL_REPRESENTATION('',(#2640),#2644);
#2640 = LINE('',#2641,#2642);
#2641 = CARTESIAN_POINT('',(1.587713240271,2.75));
#2642 = VECTOR('',#2643,1.);
#2643 = DIRECTION('',(-1.,1.39851831737E-16));
#2644 = ( GEOMETRIC_REPRESENTATION_CONTEXT(2) 
PARAMETRIC_REPRESENTATION_CONTEXT() REPRESENTATION_CONTEXT('2D SPACE',''
  ) );
#2645 = ORIENTED_EDGE('',*,*,#2646,.F.);
#2646 = EDGE_CURVE('',#2647,#2624,#2649,.T.);
#2647 = VERTEX_POINT('',#2648);
#2648 = CARTESIAN_POINT('',(-24.58771324027,-14.25,24.8));
#2649 = SURFACE_CURVE('',#2650,(#2654,#2661),.PCURVE_S1.);
#2650 = LINE('',#2651,#2652);
#2651 = CARTESIAN_POINT('',(-24.58771324027,-14.25,24.8));
#2652 = VECTOR('',#2653,1.);
#2653 = DIRECTION('',(0.,0.,1.));
#2654 = PCURVE('',#2505,#2655);
#2655 = DEFINITIONAL_REPRESENTATION('',(#2656),#2660);
#2656 = LINE('',#2657,#2658);
#2657 = CARTESIAN_POINT('',(3.175426480543,0.));
#2658 = VECTOR('',#2659,1.);
#2659 = DIRECTION('',(0.,-1.));
#2660 = ( GEOMETRIC_REPRESENTATION_CONTEXT(2) 
PARAMETRIC_REPRESENTATION_CONTEXT() REPRESENTATION_CONTEXT('2D SPACE',''
  ) );
#2661 = PCURVE('',#2662,#2667);
#2662 = PLANE('',#2663);
#2663 = AXIS2_PLACEMENT_3D('',#2664,#2665,#2666);
#2664 = CARTESIAN_POINT('',(-24.58771324027,-14.25,24.8));
#2665 = DIRECTION('',(0.866025403784,-0.5,0.));
#2666 = DIRECTION('',(-0.5,-0.866025403784,0.));
#2667 = DEFINITIONAL_REPRESENTATION('',(#2668),#2672);
#2668 = LINE('',#2669,#2670);
#2669 = CARTESIAN_POINT('',(0.,0.));
#2670 = VECTOR('',#2671,1.);
#2671 = DIRECTION('',(0.,-1.));
#2672 = ( GEOMETRIC_REPRESENTATION_CONTEXT(2) 
PARAMETRIC_REPRESENTATION_CONTEXT() REPRESENTATION_CONTEXT('2D SPACE',''
  ) );
#2673 = ORIENTED_EDGE('',*,*,#2674,.F.);
#2674 = EDGE_CURVE('',#2490,#2647,#2675,.T.);
#2675 = SURFACE_CURVE('',#2676,(#2680,#2687),.PCURVE_S1.);
#2676 = LINE('',#2677,#2678);
#2677 = CARTESIAN_POINT('',(-21.41228675972,-14.25,24.8));
#2678 = VECTOR('',#2679,1.);
#2679 = DIRECTION('',(-1.,1.39851831737E-16,0.));
#2680 = PCURVE('',#2505,#2681);
#2681 = DEFINITIONAL_REPRESENTATION('',(#2682),#2686);
#2682 = LINE('',#2683,#2684);
#2683 = CARTESIAN_POINT('',(0.,0.));
#2684 = VECTOR('',#2685,1.);
#2685 = DIRECTION('',(1.,0.));
#2686 = ( GEOMETRIC_REPRESENTATION_CONTEXT(2) 
PARAMETRIC_REPRESENTATION_CONTEXT() REPRESENTATION_CONTEXT('2D SPACE',''
  ) );
#2687 = PCURVE('',#2531,#2688);
#2688 = DEFINITIONAL_REPRESENTATION('',(#2689),#2693);
#2689 = LINE('',#2690,#2691);
#2690 = CARTESIAN_POINT('',(1.587713240271,2.75));
#2691 = VECTOR('',#2692,1.);
#2692 = DIRECTION('',(-1.,1.39851831737E-16));
#2693 = ( GEOMETRIC_REPRESENTATION_CONTEXT(2) 
PARAMETRIC_REPRESENTATION_CONTEXT() REPRESENTATION_CONTEXT('2D SPACE',''
  ) );
#2694 = ADVANCED_FACE('',(#2695,#2772),#2531,.F.);
#2695 = FACE_BOUND('',#2696,.F.);
#2696 = EDGE_LOOP('',(#2697,#2698,#2699,#2722,#2750,#2771));
#2697 = ORIENTED_EDGE('',*,*,#2517,.T.);
#2698 = ORIENTED_EDGE('',*,*,#2674,.T.);
#2699 = ORIENTED_EDGE('',*,*,#2700,.T.);
#2700 = EDGE_CURVE('',#2647,#2701,#2703,.T.);
#2701 = VERTEX_POINT('',#2702);
#2702 = CARTESIAN_POINT('',(-26.17542648054,-17.,24.8));
#2703 = SURFACE_CURVE('',#2704,(#2708,#2715),.PCURVE_S1.);
#2704 = LINE('',#2705,#2706);
#2705 = CARTESIAN_POINT('',(-24.58771324027,-14.25,24.8));
#2706 = VECTOR('',#2707,1.);
#2707 = DIRECTION('',(-0.5,-0.866025403784,0.));
#2708 = PCURVE('',#2531,#2709);
#2709 = DEFINITIONAL_REPRESENTATION('',(#2710),#2714);
#2710 = LINE('',#2711,#2712);
#2711 = CARTESIAN_POINT('',(-1.587713240271,2.75));
#2712 = VECTOR('',#2713,1.);
#2713 = DIRECTION('',(-0.5,-0.866025403784));
#2714 = ( GEOMETRIC_REPRESENTATION_CONTEXT(2) 
PARAMETRIC_REPRESENTATION_CONTEXT() REPRESENTATION_CONTEXT('2D SPACE',''
  ) );
#2715 = PCURVE('',#2662,#2716);
#2716 = DEFINITIONAL_REPRESENTATION('',(#2717),#2721);
#2717 = LINE('',#2718,#2719);
#2718 = CARTESIAN_POINT('',(0.,0.));
#2719 = VECTOR('',#2720,1.);
#2720 = DIRECTION('',(1.,0.));
#2721 = ( GEOMETRIC_REPRESENTATION_CONTEXT(2) 
PARAMETRIC_REPRESENTATION_CONTEXT() REPRESENTATION_CONTEXT('2D SPACE',''
  ) );
#2722 = ORIENTED_EDGE('',*,*,#2723,.T.);
#2723 = EDGE_CURVE('',#2701,#2724,#2726,.T.);
#2724 = VERTEX_POINT('',#2725);
#2725 = CARTESIAN_POINT('',(-24.58771324027,-19.75,24.8));
#2726 = SURFACE_CURVE('',#2727,(#2731,#2738),.PCURVE_S1.);
#2727 = LINE('',#2728,#2729);
#2728 = CARTESIAN_POINT('',(-26.17542648054,-17.,24.8));
#2729 = VECTOR('',#2730,1.);
#2730 = DIRECTION('',(0.5,-0.866025403784,0.));
#2731 = PCURVE('',#2531,#2732);
#2732 = DEFINITIONAL_REPRESENTATION('',(#2733),#2737);
#2733 = LINE('',#2734,#2735);
#2734 = CARTESIAN_POINT('',(-3.175426480543,5.753466965151E-16));
#2735 = VECTOR('',#2736,1.);
#2736 = DIRECTION('',(0.5,-0.866025403784));
#2737 = ( GEOMETRIC_REPRESENTATION_CONTEXT(2) 
PARAMETRIC_REPRESENTATION_CONTEXT() REPRESENTATION_CONTEXT('2D SPACE',''
  ) );
#2738 = PCURVE('',#2739,#2744);
#2739 = PLANE('',#2740);
#2740 = AXIS2_PLACEMENT_3D('',#2741,#2742,#2743);
#2741 = CARTESIAN_POINT('',(-26.17542648054,-17.,24.8));
#2742 = DIRECTION('',(0.866025403784,0.5,-0.));
#2743 = DIRECTION('',(0.5,-0.866025403784,0.));
#2744 = DEFINITIONAL_REPRESENTATION('',(#2745),#2749);
#2745 = LINE('',#2746,#2747);
#2746 = CARTESIAN_POINT('',(0.,0.));
#2747 = VECTOR('',#2748,1.);
#2748 = DIRECTION('',(1.,0.));
#2749 = ( GEOMETRIC_REPRESENTATION_CONTEXT(2) 
PARAMETRIC_REPRESENTATION_CONTEXT() REPRESENTATION_CONTEXT('2D SPACE',''
  ) );
#2750 = ORIENTED_EDGE('',*,*,#2751,.T.);
#2751 = EDGE_CURVE('',#2724,#2547,#2752,.T.);
#2752 = SURFACE_CURVE('',#2753,(#2757,#2764),.PCURVE_S1.);
#2753 = LINE('',#2754,#2755);
#2754 = CARTESIAN_POINT('',(-24.58771324027,-19.75,24.8));
#2755 = VECTOR('',#2756,1.);
#2756 = DIRECTION('',(1.,-2.79703663474E-16,0.));
#2757 = PCURVE('',#2531,#2758);
#2758 = DEFINITIONAL_REPRESENTATION('',(#2759),#2763);
#2759 = LINE('',#2760,#2761);
#2760 = CARTESIAN_POINT('',(-1.587713240271,-2.75));
#2761 = VECTOR('',#2762,1.);
#2762 = DIRECTION('',(1.,-2.79703663474E-16));
#2763 = ( GEOMETRIC_REPRESENTATION_CONTEXT(2) 
PARAMETRIC_REPRESENTATION_CONTEXT() REPRESENTATION_CONTEXT('2D SPACE',''
  ) );
#2764 = PCURVE('',#2564,#2765);
#2765 = DEFINITIONAL_REPRESENTATION('',(#2766),#2770);
#2766 = LINE('',#2767,#2768);
#2767 = CARTESIAN_POINT('',(0.,0.));
#2768 = VECTOR('',#2769,1.);
#2769 = DIRECTION('',(1.,0.));
#2770 = ( GEOMETRIC_REPRESENTATION_CONTEXT(2) 
PARAMETRIC_REPRESENTATION_CONTEXT() REPRESENTATION_CONTEXT('2D SPACE',''
  ) );
#2771 = ORIENTED_EDGE('',*,*,#2598,.T.);
#2772 = FACE_BOUND('',#2773,.F.);
#2773 = EDGE_LOOP('',(#2774));
#2774 = ORIENTED_EDGE('',*,*,#2775,.F.);
#2775 = EDGE_CURVE('',#2776,#2776,#2778,.T.);
#2776 = VERTEX_POINT('',#2777);
#2777 = CARTESIAN_POINT('',(-21.49,-17.,24.8));
#2778 = SURFACE_CURVE('',#2779,(#2784,#2791),.PCURVE_S1.);
#2779 = CIRCLE('',#2780,1.51);
#2780 = AXIS2_PLACEMENT_3D('',#2781,#2782,#2783);
#2781 = CARTESIAN_POINT('',(-23.,-17.,24.8));
#2782 = DIRECTION('',(0.,0.,1.));
#2783 = DIRECTION('',(1.,0.,-0.));
#2784 = PCURVE('',#2531,#2785);
#2785 = DEFINITIONAL_REPRESENTATION('',(#2786),#2790);
#2786 = CIRCLE('',#2787,1.51);
#2787 = AXIS2_PLACEMENT_2D('',#2788,#2789);
#2788 = CARTESIAN_POINT('',(0.,0.));
#2789 = DIRECTION('',(1.,0.));
#2790 = ( GEOMETRIC_REPRESENTATION_CONTEXT(2) 
PARAMETRIC_REPRESENTATION_CONTEXT() REPRESENTATION_CONTEXT('2D SPACE',''
  ) );
#2791 = PCURVE('',#2792,#2797);
#2792 = CYLINDRICAL_SURFACE('',#2793,1.51);
#2793 = AXIS2_PLACEMENT_3D('',#2794,#2795,#2796);
#2794 = CARTESIAN_POINT('',(-23.,-17.,24.7));
#2795 = DIRECTION('',(0.,0.,1.));
#2796 = DIRECTION('',(1.,0.,-0.));
#2797 = DEFINITIONAL_REPRESENTATION('',(#2798),#2802);
#2798 = LINE('',#2799,#2800);
#2799 = CARTESIAN_POINT('',(0.,0.1));
#2800 = VECTOR('',#2801,1.);
#2801 = DIRECTION('',(1.,0.));
#2802 = ( GEOMETRIC_REPRESENTATION_CONTEXT(2) 
PARAMETRIC_REPRESENTATION_CONTEXT() REPRESENTATION_CONTEXT('2D SPACE',''
  ) );
#2803 = ADVANCED_FACE('',(#2804,#2876),#2477,.T.);
#2804 = FACE_BOUND('',#2805,.T.);
#2805 = EDGE_LOOP('',(#2806,#2807,#2808,#2831,#2854,#2875));
#2806 = ORIENTED_EDGE('',*,*,#2461,.T.);
#2807 = ORIENTED_EDGE('',*,*,#2623,.T.);
#2808 = ORIENTED_EDGE('',*,*,#2809,.T.);
#2809 = EDGE_CURVE('',#2624,#2810,#2812,.T.);
#2810 = VERTEX_POINT('',#2811);
#2811 = CARTESIAN_POINT('',(-26.17542648054,-17.,27.2));
#2812 = SURFACE_CURVE('',#2813,(#2817,#2824),.PCURVE_S1.);
#2813 = LINE('',#2814,#2815);
#2814 = CARTESIAN_POINT('',(-24.58771324027,-14.25,27.2));
#2815 = VECTOR('',#2816,1.);
#2816 = DIRECTION('',(-0.5,-0.866025403784,0.));
#2817 = PCURVE('',#2477,#2818);
#2818 = DEFINITIONAL_REPRESENTATION('',(#2819),#2823);
#2819 = LINE('',#2820,#2821);
#2820 = CARTESIAN_POINT('',(-1.587713240271,2.75));
#2821 = VECTOR('',#2822,1.);
#2822 = DIRECTION('',(-0.5,-0.866025403784));
#2823 = ( GEOMETRIC_REPRESENTATION_CONTEXT(2) 
PARAMETRIC_REPRESENTATION_CONTEXT() REPRESENTATION_CONTEXT('2D SPACE',''
  ) );
#2824 = PCURVE('',#2662,#2825);
#2825 = DEFINITIONAL_REPRESENTATION('',(#2826),#2830);
#2826 = LINE('',#2827,#2828);
#2827 = CARTESIAN_POINT('',(0.,-2.4));
#2828 = VECTOR('',#2829,1.);
#2829 = DIRECTION('',(1.,0.));
#2830 = ( GEOMETRIC_REPRESENTATION_CONTEXT(2) 
PARAMETRIC_REPRESENTATION_CONTEXT() REPRESENTATION_CONTEXT('2D SPACE',''
  ) );
#2831 = ORIENTED_EDGE('',*,*,#2832,.T.);
#2832 = EDGE_CURVE('',#2810,#2833,#2835,.T.);
#2833 = VERTEX_POINT('',#2834);
#2834 = CARTESIAN_POINT('',(-24.58771324027,-19.75,27.2));
#2835 = SURFACE_CURVE('',#2836,(#2840,#2847),.PCURVE_S1.);
#2836 = LINE('',#2837,#2838);
#2837 = CARTESIAN_POINT('',(-26.17542648054,-17.,27.2));
#2838 = VECTOR('',#2839,1.);
#2839 = DIRECTION('',(0.5,-0.866025403784,0.));
#2840 = PCURVE('',#2477,#2841);
#2841 = DEFINITIONAL_REPRESENTATION('',(#2842),#2846);
#2842 = LINE('',#2843,#2844);
#2843 = CARTESIAN_POINT('',(-3.175426480543,5.753466965151E-16));
#2844 = VECTOR('',#2845,1.);
#2845 = DIRECTION('',(0.5,-0.866025403784));
#2846 = ( GEOMETRIC_REPRESENTATION_CONTEXT(2) 
PARAMETRIC_REPRESENTATION_CONTEXT() REPRESENTATION_CONTEXT('2D SPACE',''
  ) );
#2847 = PCURVE('',#2739,#2848);
#2848 = DEFINITIONAL_REPRESENTATION('',(#2849),#2853);
#2849 = LINE('',#2850,#2851);
#2850 = CARTESIAN_POINT('',(0.,-2.4));
#2851 = VECTOR('',#2852,1.);
#2852 = DIRECTION('',(1.,0.));
#2853 = ( GEOMETRIC_REPRESENTATION_CONTEXT(2) 
PARAMETRIC_REPRESENTATION_CONTEXT() REPRESENTATION_CONTEXT('2D SPACE',''
  ) );
#2854 = ORIENTED_EDGE('',*,*,#2855,.T.);
#2855 = EDGE_CURVE('',#2833,#2549,#2856,.T.);
#2856 = SURFACE_CURVE('',#2857,(#2861,#2868),.PCURVE_S1.);
#2857 = LINE('',#2858,#2859);
#2858 = CARTESIAN_POINT('',(-24.58771324027,-19.75,27.2));
#2859 = VECTOR('',#2860,1.);
#2860 = DIRECTION('',(1.,-2.79703663474E-16,0.));
#2861 = PCURVE('',#2477,#2862);
#2862 = DEFINITIONAL_REPRESENTATION('',(#2863),#2867);
#2863 = LINE('',#2864,#2865);
#2864 = CARTESIAN_POINT('',(-1.587713240271,-2.75));
#2865 = VECTOR('',#2866,1.);
#2866 = DIRECTION('',(1.,-2.79703663474E-16));
#2867 = ( GEOMETRIC_REPRESENTATION_CONTEXT(2) 
PARAMETRIC_REPRESENTATION_CONTEXT() REPRESENTATION_CONTEXT('2D SPACE',''
  ) );
#2868 = PCURVE('',#2564,#2869);
#2869 = DEFINITIONAL_REPRESENTATION('',(#2870),#2874);
#2870 = LINE('',#2871,#2872);
#2871 = CARTESIAN_POINT('',(0.,-2.4));
#2872 = VECTOR('',#2873,1.);
#2873 = DIRECTION('',(1.,0.));
#2874 = ( GEOMETRIC_REPRESENTATION_CONTEXT(2) 
PARAMETRIC_REPRESENTATION_CONTEXT() REPRESENTATION_CONTEXT('2D SPACE',''
  ) );
#2875 = ORIENTED_EDGE('',*,*,#2576,.T.);
#2876 = FACE_BOUND('',#2877,.T.);
#2877 = EDGE_LOOP('',(#2878));
#2878 = ORIENTED_EDGE('',*,*,#2879,.F.);
#2879 = EDGE_CURVE('',#2880,#2880,#2882,.T.);
#2880 = VERTEX_POINT('',#2881);
#2881 = CARTESIAN_POINT('',(-21.49,-17.,27.2));
#2882 = SURFACE_CURVE('',#2883,(#2888,#2895),.PCURVE_S1.);
#2883 = CIRCLE('',#2884,1.51);
#2884 = AXIS2_PLACEMENT_3D('',#2885,#2886,#2887);
#2885 = CARTESIAN_POINT('',(-23.,-17.,27.2));
#2886 = DIRECTION('',(0.,0.,1.));
#2887 = DIRECTION('',(1.,0.,-0.));
#2888 = PCURVE('',#2477,#2889);
#2889 = DEFINITIONAL_REPRESENTATION('',(#2890),#2894);
#2890 = CIRCLE('',#2891,1.51);
#2891 = AXIS2_PLACEMENT_2D('',#2892,#2893);
#2892 = CARTESIAN_POINT('',(0.,0.));
#2893 = DIRECTION('',(1.,0.));
#2894 = ( GEOMETRIC_REPRESENTATION_CONTEXT(2) 
PARAMETRIC_REPRESENTATION_CONTEXT() REPRESENTATION_CONTEXT('2D SPACE',''
  ) );
#2895 = PCURVE('',#2792,#2896);
#2896 = DEFINITIONAL_REPRESENTATION('',(#2897),#2901);
#2897 = LINE('',#2898,#2899);
#2898 = CARTESIAN_POINT('',(0.,2.5));
#2899 = VECTOR('',#2900,1.);
#2900 = DIRECTION('',(1.,0.));
#2901 = ( GEOMETRIC_REPRESENTATION_CONTEXT(2) 
PARAMETRIC_REPRESENTATION_CONTEXT() REPRESENTATION_CONTEXT('2D SPACE',''
  ) );
#2902 = ADVANCED_FACE('',(#2903),#2564,.F.);
#2903 = FACE_BOUND('',#2904,.F.);
#2904 = EDGE_LOOP('',(#2905,#2926,#2927,#2928));
#2905 = ORIENTED_EDGE('',*,*,#2906,.T.);
#2906 = EDGE_CURVE('',#2724,#2833,#2907,.T.);
#2907 = SURFACE_CURVE('',#2908,(#2912,#2919),.PCURVE_S1.);
#2908 = LINE('',#2909,#2910);
#2909 = CARTESIAN_POINT('',(-24.58771324027,-19.75,24.8));
#2910 = VECTOR('',#2911,1.);
#2911 = DIRECTION('',(0.,0.,1.));
#2912 = PCURVE('',#2564,#2913);
#2913 = DEFINITIONAL_REPRESENTATION('',(#2914),#2918);
#2914 = LINE('',#2915,#2916);
#2915 = CARTESIAN_POINT('',(0.,0.));
#2916 = VECTOR('',#2917,1.);
#2917 = DIRECTION('',(0.,-1.));
#2918 = ( GEOMETRIC_REPRESENTATION_CONTEXT(2) 
PARAMETRIC_REPRESENTATION_CONTEXT() REPRESENTATION_CONTEXT('2D SPACE',''
  ) );
#2919 = PCURVE('',#2739,#2920);
#2920 = DEFINITIONAL_REPRESENTATION('',(#2921),#2925);
#2921 = LINE('',#2922,#2923);
#2922 = CARTESIAN_POINT('',(3.175426480543,0.));
#2923 = VECTOR('',#2924,1.);
#2924 = DIRECTION('',(0.,-1.));
#2925 = ( GEOMETRIC_REPRESENTATION_CONTEXT(2) 
PARAMETRIC_REPRESENTATION_CONTEXT() REPRESENTATION_CONTEXT('2D SPACE',''
  ) );
#2926 = ORIENTED_EDGE('',*,*,#2855,.T.);
#2927 = ORIENTED_EDGE('',*,*,#2546,.F.);
#2928 = ORIENTED_EDGE('',*,*,#2751,.F.);
#2929 = ADVANCED_FACE('',(#2930),#2662,.F.);
#2930 = FACE_BOUND('',#2931,.F.);
#2931 = EDGE_LOOP('',(#2932,#2933,#2934,#2955));
#2932 = ORIENTED_EDGE('',*,*,#2646,.T.);
#2933 = ORIENTED_EDGE('',*,*,#2809,.T.);
#2934 = ORIENTED_EDGE('',*,*,#2935,.F.);
#2935 = EDGE_CURVE('',#2701,#2810,#2936,.T.);
#2936 = SURFACE_CURVE('',#2937,(#2941,#2948),.PCURVE_S1.);
#2937 = LINE('',#2938,#2939);
#2938 = CARTESIAN_POINT('',(-26.17542648054,-17.,24.8));
#2939 = VECTOR('',#2940,1.);
#2940 = DIRECTION('',(0.,0.,1.));
#2941 = PCURVE('',#2662,#2942);
#2942 = DEFINITIONAL_REPRESENTATION('',(#2943),#2947);
#2943 = LINE('',#2944,#2945);
#2944 = CARTESIAN_POINT('',(3.175426480543,0.));
#2945 = VECTOR('',#2946,1.);
#2946 = DIRECTION('',(0.,-1.));
#2947 = ( GEOMETRIC_REPRESENTATION_CONTEXT(2) 
PARAMETRIC_REPRESENTATION_CONTEXT() REPRESENTATION_CONTEXT('2D SPACE',''
  ) );
#2948 = PCURVE('',#2739,#2949);
#2949 = DEFINITIONAL_REPRESENTATION('',(#2950),#2954);
#2950 = LINE('',#2951,#2952);
#2951 = CARTESIAN_POINT('',(0.,0.));
#2952 = VECTOR('',#2953,1.);
#2953 = DIRECTION('',(0.,-1.));
#2954 = ( GEOMETRIC_REPRESENTATION_CONTEXT(2) 
PARAMETRIC_REPRESENTATION_CONTEXT() REPRESENTATION_CONTEXT('2D SPACE',''
  ) );
#2955 = ORIENTED_EDGE('',*,*,#2700,.F.);
#2956 = ADVANCED_FACE('',(#2957),#2739,.F.);
#2957 = FACE_BOUND('',#2958,.F.);
#2958 = EDGE_LOOP('',(#2959,#2960,#2961,#2962));
#2959 = ORIENTED_EDGE('',*,*,#2935,.T.);
#2960 = ORIENTED_EDGE('',*,*,#2832,.T.);
#2961 = ORIENTED_EDGE('',*,*,#2906,.F.);
#2962 = ORIENTED_EDGE('',*,*,#2723,.F.);
#2963 = ADVANCED_FACE('',(#2964),#2792,.F.);
#2964 = FACE_BOUND('',#2965,.F.);
#2965 = EDGE_LOOP('',(#2966,#2967,#2988,#2989));
#2966 = ORIENTED_EDGE('',*,*,#2879,.F.);
#2967 = ORIENTED_EDGE('',*,*,#2968,.F.);
#2968 = EDGE_CURVE('',#2776,#2880,#2969,.T.);
#2969 = SEAM_CURVE('',#2970,(#2974,#2981),.PCURVE_S1.);
#2970 = LINE('',#2971,#2972);
#2971 = CARTESIAN_POINT('',(-21.49,-17.,24.7));
#2972 = VECTOR('',#2973,1.);
#2973 = DIRECTION('',(0.,0.,1.));
#2974 = PCURVE('',#2792,#2975);
#2975 = DEFINITIONAL_REPRESENTATION('',(#2976),#2980);
#2976 = LINE('',#2977,#2978);
#2977 = CARTESIAN_POINT('',(6.28318530718,-0.));
#2978 = VECTOR('',#2979,1.);
#2979 = DIRECTION('',(0.,1.));
#2980 = ( GEOMETRIC_REPRESENTATION_CONTEXT(2) 
PARAMETRIC_REPRESENTATION_CONTEXT() REPRESENTATION_CONTEXT('2D SPACE',''
  ) );
#2981 = PCURVE('',#2792,#2982);
#2982 = DEFINITIONAL_REPRESENTATION('',(#2983),#2987);
#2983 = LINE('',#2984,#2985);
#2984 = CARTESIAN_POINT('',(0.,-0.));
#2985 = VECTOR('',#2986,1.);
#2986 = DIRECTION('',(0.,1.));
#2987 = ( GEOMETRIC_REPRESENTATION_CONTEXT(2) 
PARAMETRIC_REPRESENTATION_CONTEXT() REPRESENTATION_CONTEXT('2D SPACE',''
  ) );
#2988 = ORIENTED_EDGE('',*,*,#2775,.T.);
#2989 = ORIENTED_EDGE('',*,*,#2968,.T.);
#2990 = ( GEOMETRIC_REPRESENTATION_CONTEXT(3) 
GLOBAL_UNCERTAINTY_ASSIGNED_CONTEXT((#2994)) 
GLOBAL_UNIT_ASSIGNED_CONTEXT((#2991,#2992,#2993)) REPRESENTATION_CONTEXT
('Context #1','3D Context with UNIT and UNCERTAINTY') );
#2991 = ( LENGTH_UNIT() NAMED_UNIT(*) SI_UNIT(.MILLI.,.METRE.) );
#2992 = ( NAMED_UNIT(*) PLANE_ANGLE_UNIT() SI_UNIT($,.RADIAN.) );
#2993 = ( NAMED_UNIT(*) SI_UNIT($,.STERADIAN.) SOLID_ANGLE_UNIT() );
#2994 = UNCERTAINTY_MEASURE_WITH_UNIT(LENGTH_MEASURE(1.E-07),#2991,
  'distance_accuracy_value','confusion accuracy');
#2995 = CONTEXT_DEPENDENT_SHAPE_REPRESENTATION(#2996,#2998);
#2996 = ( REPRESENTATION_RELATIONSHIP('','',#2419,#10) 
REPRESENTATION_RELATIONSHIP_WITH_TRANSFORMATION(#2997) 
SHAPE_REPRESENTATION_RELATIONSHIP() );
#2997 = ITEM_DEFINED_TRANSFORMATION('','',#11,#59);
#2998 = PRODUCT_DEFINITION_SHAPE('Placement','Placement of an item',
  #2999);
#2999 = NEXT_ASSEMBLY_USAGE_OCCURRENCE('12','=>[0:1:1:13]','',#5,#2414,$
  );
#3000 = PRODUCT_RELATED_PRODUCT_CATEGORY('part',$,(#2416));
#3001 = SHAPE_DEFINITION_REPRESENTATION(#3002,#3008);
#3002 = PRODUCT_DEFINITION_SHAPE('','',#3003);
#3003 = PRODUCT_DEFINITION('design','',#3004,#3007);
#3004 = PRODUCT_DEFINITION_FORMATION('','',#3005);
#3005 = PRODUCT('COMPOUND','COMPOUND','',(#3006));
#3006 = PRODUCT_CONTEXT('',#2,'mechanical');
#3007 = PRODUCT_DEFINITION_CONTEXT('part definition',#2,'design');
#3008 = ADVANCED_BREP_SHAPE_REPRESENTATION('',(#11,#3009),#3197);
#3009 = MANIFOLD_SOLID_BREP('',#3010);
#3010 = CLOSED_SHELL('',(#3011,#3099,#3134,#3138,#3193));
#3011 = ADVANCED_FACE('',(#3012),#3025,.T.);
#3012 = FACE_BOUND('',#3013,.T.);
#3013 = EDGE_LOOP('',(#3014,#3048,#3071,#3098));
#3014 = ORIENTED_EDGE('',*,*,#3015,.F.);
#3015 = EDGE_CURVE('',#3016,#3016,#3018,.T.);
#3016 = VERTEX_POINT('',#3017);
#3017 = CARTESIAN_POINT('',(-54.2,-24.,2.25));
#3018 = SURFACE_CURVE('',#3019,(#3024,#3036),.PCURVE_S1.);
#3019 = CIRCLE('',#3020,2.75);
#3020 = AXIS2_PLACEMENT_3D('',#3021,#3022,#3023);
#3021 = CARTESIAN_POINT('',(-54.2,-24.,5.));
#3022 = DIRECTION('',(1.,-0.,2.22044604925E-16));
#3023 = DIRECTION('',(2.22044604925E-16,0.,-1.));
#3024 = PCURVE('',#3025,#3030);
#3025 = CYLINDRICAL_SURFACE('',#3026,2.75);
#3026 = AXIS2_PLACEMENT_3D('',#3027,#3028,#3029);
#3027 = CARTESIAN_POINT('',(-57.2,-24.,5.));
#3028 = DIRECTION('',(1.,0.,2.22044604925E-16));
#3029 = DIRECTION('',(2.22044604925E-16,0.,-1.));
#3030 = DEFINITIONAL_REPRESENTATION('',(#3031),#3035);
#3031 = LINE('',#3032,#3033);
#3032 = CARTESIAN_POINT('',(0.,3.));
#3033 = VECTOR('',#3034,1.);
#3034 = DIRECTION('',(1.,0.));
#3035 = ( GEOMETRIC_REPRESENTATION_CONTEXT(2) 
PARAMETRIC_REPRESENTATION_CONTEXT() REPRESENTATION_CONTEXT('2D SPACE',''
  ) );
#3036 = PCURVE('',#3037,#3042);
#3037 = PLANE('',#3038);
#3038 = AXIS2_PLACEMENT_3D('',#3039,#3040,#3041);
#3039 = CARTESIAN_POINT('',(-54.2,-24.,5.));
#3040 = DIRECTION('',(1.,0.,2.22044604925E-16));
#3041 = DIRECTION('',(2.22044604925E-16,0.,-1.));
#3042 = DEFINITIONAL_REPRESENTATION('',(#3043),#3047);
#3043 = CIRCLE('',#3044,2.75);
#3044 = AXIS2_PLACEMENT_2D('',#3045,#3046);
#3045 = CARTESIAN_POINT('',(0.,0.));
#3046 = DIRECTION('',(1.,0.));
#3047 = ( GEOMETRIC_REPRESENTATION_CONTEXT(2) 
PARAMETRIC_REPRESENTATION_CONTEXT() REPRESENTATION_CONTEXT('2D SPACE',''
  ) );
#3048 = ORIENTED_EDGE('',*,*,#3049,.F.);
#3049 = EDGE_CURVE('',#3050,#3016,#3052,.T.);
#3050 = VERTEX_POINT('',#3051);
#3051 = CARTESIAN_POINT('',(-57.2,-24.,2.25));
#3052 = SEAM_CURVE('',#3053,(#3057,#3064),.PCURVE_S1.);
#3053 = LINE('',#3054,#3055);
#3054 = CARTESIAN_POINT('',(-57.2,-24.,2.25));
#3055 = VECTOR('',#3056,1.);
#3056 = DIRECTION('',(1.,0.,2.22044604925E-16));
#3057 = PCURVE('',#3025,#3058);
#3058 = DEFINITIONAL_REPRESENTATION('',(#3059),#3063);
#3059 = LINE('',#3060,#3061);
#3060 = CARTESIAN_POINT('',(6.28318530718,-0.));
#3061 = VECTOR('',#3062,1.);
#3062 = DIRECTION('',(0.,1.));
#3063 = ( GEOMETRIC_REPRESENTATION_CONTEXT(2) 
PARAMETRIC_REPRESENTATION_CONTEXT() REPRESENTATION_CONTEXT('2D SPACE',''
  ) );
#3064 = PCURVE('',#3025,#3065);
#3065 = DEFINITIONAL_REPRESENTATION('',(#3066),#3070);
#3066 = LINE('',#3067,#3068);
#3067 = CARTESIAN_POINT('',(0.,-0.));
#3068 = VECTOR('',#3069,1.);
#3069 = DIRECTION('',(0.,1.));
#3070 = ( GEOMETRIC_REPRESENTATION_CONTEXT(2) 
PARAMETRIC_REPRESENTATION_CONTEXT() REPRESENTATION_CONTEXT('2D SPACE',''
  ) );
#3071 = ORIENTED_EDGE('',*,*,#3072,.T.);
#3072 = EDGE_CURVE('',#3050,#3050,#3073,.T.);
#3073 = SURFACE_CURVE('',#3074,(#3079,#3086),.PCURVE_S1.);
#3074 = CIRCLE('',#3075,2.75);
#3075 = AXIS2_PLACEMENT_3D('',#3076,#3077,#3078);
#3076 = CARTESIAN_POINT('',(-57.2,-24.,5.));
#3077 = DIRECTION('',(1.,-0.,2.22044604925E-16));
#3078 = DIRECTION('',(2.22044604925E-16,0.,-1.));
#3079 = PCURVE('',#3025,#3080);
#3080 = DEFINITIONAL_REPRESENTATION('',(#3081),#3085);
#3081 = LINE('',#3082,#3083);
#3082 = CARTESIAN_POINT('',(0.,0.));
#3083 = VECTOR('',#3084,1.);
#3084 = DIRECTION('',(1.,0.));
#3085 = ( GEOMETRIC_REPRESENTATION_CONTEXT(2) 
PARAMETRIC_REPRESENTATION_CONTEXT() REPRESENTATION_CONTEXT('2D SPACE',''
  ) );
#3086 = PCURVE('',#3087,#3092);
#3087 = PLANE('',#3088);
#3088 = AXIS2_PLACEMENT_3D('',#3089,#3090,#3091);
#3089 = CARTESIAN_POINT('',(-57.2,-24.,5.));
#3090 = DIRECTION('',(1.,0.,2.22044604925E-16));
#3091 = DIRECTION('',(2.22044604925E-16,0.,-1.));
#3092 = DEFINITIONAL_REPRESENTATION('',(#3093),#3097);
#3093 = CIRCLE('',#3094,2.75);
#3094 = AXIS2_PLACEMENT_2D('',#3095,#3096);
#3095 = CARTESIAN_POINT('',(0.,0.));
#3096 = DIRECTION('',(1.,0.));
#3097 = ( GEOMETRIC_REPRESENTATION_CONTEXT(2) 
PARAMETRIC_REPRESENTATION_CONTEXT() REPRESENTATION_CONTEXT('2D SPACE',''
  ) );
#3098 = ORIENTED_EDGE('',*,*,#3049,.T.);
#3099 = ADVANCED_FACE('',(#3100,#3103),#3037,.T.);
#3100 = FACE_BOUND('',#3101,.T.);
#3101 = EDGE_LOOP('',(#3102));
#3102 = ORIENTED_EDGE('',*,*,#3015,.T.);
#3103 = FACE_BOUND('',#3104,.T.);
#3104 = EDGE_LOOP('',(#3105));
#3105 = ORIENTED_EDGE('',*,*,#3106,.F.);
#3106 = EDGE_CURVE('',#3107,#3107,#3109,.T.);
#3107 = VERTEX_POINT('',#3108);
#3108 = CARTESIAN_POINT('',(-54.2,-24.,3.5));
#3109 = SURFACE_CURVE('',#3110,(#3115,#3122),.PCURVE_S1.);
#3110 = CIRCLE('',#3111,1.5);
#3111 = AXIS2_PLACEMENT_3D('',#3112,#3113,#3114);
#3112 = CARTESIAN_POINT('',(-54.2,-24.,5.));
#3113 = DIRECTION('',(1.,-0.,2.22044604925E-16));
#3114 = DIRECTION('',(2.22044604925E-16,0.,-1.));
#3115 = PCURVE('',#3037,#3116);
#3116 = DEFINITIONAL_REPRESENTATION('',(#3117),#3121);
#3117 = CIRCLE('',#3118,1.5);
#3118 = AXIS2_PLACEMENT_2D('',#3119,#3120);
#3119 = CARTESIAN_POINT('',(0.,0.));
#3120 = DIRECTION('',(1.,0.));
#3121 = ( GEOMETRIC_REPRESENTATION_CONTEXT(2) 
PARAMETRIC_REPRESENTATION_CONTEXT() REPRESENTATION_CONTEXT('2D SPACE',''
  ) );
#3122 = PCURVE('',#3123,#3128);
#3123 = CYLINDRICAL_SURFACE('',#3124,1.5);
#3124 = AXIS2_PLACEMENT_3D('',#3125,#3126,#3127);
#3125 = CARTESIAN_POINT('',(-54.2,-24.,5.));
#3126 = DIRECTION('',(1.,0.,2.22044604925E-16));
#3127 = DIRECTION('',(2.22044604925E-16,0.,-1.));
#3128 = DEFINITIONAL_REPRESENTATION('',(#3129),#3133);
#3129 = LINE('',#3130,#3131);
#3130 = CARTESIAN_POINT('',(0.,0.));
#3131 = VECTOR('',#3132,1.);
#3132 = DIRECTION('',(1.,0.));
#3133 = ( GEOMETRIC_REPRESENTATION_CONTEXT(2) 
PARAMETRIC_REPRESENTATION_CONTEXT() REPRESENTATION_CONTEXT('2D SPACE',''
  ) );
#3134 = ADVANCED_FACE('',(#3135),#3087,.F.);
#3135 = FACE_BOUND('',#3136,.T.);
#3136 = EDGE_LOOP('',(#3137));
#3137 = ORIENTED_EDGE('',*,*,#3072,.F.);
#3138 = ADVANCED_FACE('',(#3139),#3123,.T.);
#3139 = FACE_BOUND('',#3140,.T.);
#3140 = EDGE_LOOP('',(#3141,#3170,#3191,#3192));
#3141 = ORIENTED_EDGE('',*,*,#3142,.F.);
#3142 = EDGE_CURVE('',#3143,#3143,#3145,.T.);
#3143 = VERTEX_POINT('',#3144);
#3144 = CARTESIAN_POINT('',(-36.2,-24.,3.5));
#3145 = SURFACE_CURVE('',#3146,(#3151,#3158),.PCURVE_S1.);
#3146 = CIRCLE('',#3147,1.5);
#3147 = AXIS2_PLACEMENT_3D('',#3148,#3149,#3150);
#3148 = CARTESIAN_POINT('',(-36.2,-24.,5.));
#3149 = DIRECTION('',(1.,-0.,2.22044604925E-16));
#3150 = DIRECTION('',(2.22044604925E-16,0.,-1.));
#3151 = PCURVE('',#3123,#3152);
#3152 = DEFINITIONAL_REPRESENTATION('',(#3153),#3157);
#3153 = LINE('',#3154,#3155);
#3154 = CARTESIAN_POINT('',(0.,18.));
#3155 = VECTOR('',#3156,1.);
#3156 = DIRECTION('',(1.,0.));
#3157 = ( GEOMETRIC_REPRESENTATION_CONTEXT(2) 
PARAMETRIC_REPRESENTATION_CONTEXT() REPRESENTATION_CONTEXT('2D SPACE',''
  ) );
#3158 = PCURVE('',#3159,#3164);
#3159 = PLANE('',#3160);
#3160 = AXIS2_PLACEMENT_3D('',#3161,#3162,#3163);
#3161 = CARTESIAN_POINT('',(-36.2,-24.,5.));
#3162 = DIRECTION('',(1.,0.,2.22044604925E-16));
#3163 = DIRECTION('',(2.22044604925E-16,0.,-1.));
#3164 = DEFINITIONAL_REPRESENTATION('',(#3165),#3169);
#3165 = CIRCLE('',#3166,1.5);
#3166 = AXIS2_PLACEMENT_2D('',#3167,#3168);
#3167 = CARTESIAN_POINT('',(0.,0.));
#3168 = DIRECTION('',(1.,0.));
#3169 = ( GEOMETRIC_REPRESENTATION_CONTEXT(2) 
PARAMETRIC_REPRESENTATION_CONTEXT() REPRESENTATION_CONTEXT('2D SPACE',''
  ) );
#3170 = ORIENTED_EDGE('',*,*,#3171,.F.);
#3171 = EDGE_CURVE('',#3107,#3143,#3172,.T.);
#3172 = SEAM_CURVE('',#3173,(#3177,#3184),.PCURVE_S1.);
#3173 = LINE('',#3174,#3175);
#3174 = CARTESIAN_POINT('',(-54.2,-24.,3.5));
#3175 = VECTOR('',#3176,1.);
#3176 = DIRECTION('',(1.,0.,2.22044604925E-16));
#3177 = PCURVE('',#3123,#3178);
#3178 = DEFINITIONAL_REPRESENTATION('',(#3179),#3183);
#3179 = LINE('',#3180,#3181);
#3180 = CARTESIAN_POINT('',(6.28318530718,-0.));
#3181 = VECTOR('',#3182,1.);
#3182 = DIRECTION('',(0.,1.));
#3183 = ( GEOMETRIC_REPRESENTATION_CONTEXT(2) 
PARAMETRIC_REPRESENTATION_CONTEXT() REPRESENTATION_CONTEXT('2D SPACE',''
  ) );
#3184 = PCURVE('',#3123,#3185);
#3185 = DEFINITIONAL_REPRESENTATION('',(#3186),#3190);
#3186 = LINE('',#3187,#3188);
#3187 = CARTESIAN_POINT('',(0.,-0.));
#3188 = VECTOR('',#3189,1.);
#3189 = DIRECTION('',(0.,1.));
#3190 = ( GEOMETRIC_REPRESENTATION_CONTEXT(2) 
PARAMETRIC_REPRESENTATION_CONTEXT() REPRESENTATION_CONTEXT('2D SPACE',''
  ) );
#3191 = ORIENTED_EDGE('',*,*,#3106,.T.);
#3192 = ORIENTED_EDGE('',*,*,#3171,.T.);
#3193 = ADVANCED_FACE('',(#3194),#3159,.T.);
#3194 = FACE_BOUND('',#3195,.T.);
#3195 = EDGE_LOOP('',(#3196));
#3196 = ORIENTED_EDGE('',*,*,#3142,.T.);
#3197 = ( GEOMETRIC_REPRESENTATION_CONTEXT(3) 
GLOBAL_UNCERTAINTY_ASSIGNED_CONTEXT((#3201)) 
GLOBAL_UNIT_ASSIGNED_CONTEXT((#3198,#3199,#3200)) REPRESENTATION_CONTEXT
('Context #1','3D Context with UNIT and UNCERTAINTY') );
#3198 = ( LENGTH_UNIT() NAMED_UNIT(*) SI_UNIT(.MILLI.,.METRE.) );
#3199 = ( NAMED_UNIT(*) PLANE_ANGLE_UNIT() SI_UNIT($,.RADIAN.) );
#3200 = ( NAMED_UNIT(*) SI_UNIT($,.STERADIAN.) SOLID_ANGLE_UNIT() );
#3201 = UNCERTAINTY_MEASURE_WITH_UNIT(LENGTH_MEASURE(1.E-07),#3198,
  'distance_accuracy_value','confusion accuracy');
#3202 = CONTEXT_DEPENDENT_SHAPE_REPRESENTATION(#3203,#3205);
#3203 = ( REPRESENTATION_RELATIONSHIP('','',#3008,#10) 
REPRESENTATION_RELATIONSHIP_WITH_TRANSFORMATION(#3204) 
SHAPE_REPRESENTATION_RELATIONSHIP() );
#3204 = ITEM_DEFINED_TRANSFORMATION('','',#11,#63);
#3205 = PRODUCT_DEFINITION_SHAPE('Placement','Placement of an item',
  #3206);
#3206 = NEXT_ASSEMBLY_USAGE_OCCURRENCE('13','=>[0:1:1:14]','',#5,#3003,$
  );
#3207 = PRODUCT_RELATED_PRODUCT_CATEGORY('part',$,(#3005));
#3208 = SHAPE_DEFINITION_REPRESENTATION(#3209,#3215);
#3209 = PRODUCT_DEFINITION_SHAPE('','',#3210);
#3210 = PRODUCT_DEFINITION('design','',#3211,#3214);
#3211 = PRODUCT_DEFINITION_FORMATION('','',#3212);
#3212 = PRODUCT('COMPOUND','COMPOUND','',(#3213));
#3213 = PRODUCT_CONTEXT('',#2,'mechanical');
#3214 = PRODUCT_DEFINITION_CONTEXT('part definition',#2,'design');
#3215 = ADVANCED_BREP_SHAPE_REPRESENTATION('',(#11,#3216),#3404);
#3216 = MANIFOLD_SOLID_BREP('',#3217);
#3217 = CLOSED_SHELL('',(#3218,#3306,#3341,#3345,#3400));
#3218 = ADVANCED_FACE('',(#3219),#3232,.T.);
#3219 = FACE_BOUND('',#3220,.T.);
#3220 = EDGE_LOOP('',(#3221,#3255,#3278,#3305));
#3221 = ORIENTED_EDGE('',*,*,#3222,.F.);
#3222 = EDGE_CURVE('',#3223,#3223,#3225,.T.);
#3223 = VERTEX_POINT('',#3224);
#3224 = CARTESIAN_POINT('',(-54.2,-18.,2.25));
#3225 = SURFACE_CURVE('',#3226,(#3231,#3243),.PCURVE_S1.);
#3226 = CIRCLE('',#3227,2.75);
#3227 = AXIS2_PLACEMENT_3D('',#3228,#3229,#3230);
#3228 = CARTESIAN_POINT('',(-54.2,-18.,5.));
#3229 = DIRECTION('',(1.,-0.,2.22044604925E-16));
#3230 = DIRECTION('',(2.22044604925E-16,0.,-1.));
#3231 = PCURVE('',#3232,#3237);
#3232 = CYLINDRICAL_SURFACE('',#3233,2.75);
#3233 = AXIS2_PLACEMENT_3D('',#3234,#3235,#3236);
#3234 = CARTESIAN_POINT('',(-57.2,-18.,5.));
#3235 = DIRECTION('',(1.,0.,2.22044604925E-16));
#3236 = DIRECTION('',(2.22044604925E-16,0.,-1.));
#3237 = DEFINITIONAL_REPRESENTATION('',(#3238),#3242);
#3238 = LINE('',#3239,#3240);
#3239 = CARTESIAN_POINT('',(0.,3.));
#3240 = VECTOR('',#3241,1.);
#3241 = DIRECTION('',(1.,0.));
#3242 = ( GEOMETRIC_REPRESENTATION_CONTEXT(2) 
PARAMETRIC_REPRESENTATION_CONTEXT() REPRESENTATION_CONTEXT('2D SPACE',''
  ) );
#3243 = PCURVE('',#3244,#3249);
#3244 = PLANE('',#3245);
#3245 = AXIS2_PLACEMENT_3D('',#3246,#3247,#3248);
#3246 = CARTESIAN_POINT('',(-54.2,-18.,5.));
#3247 = DIRECTION('',(1.,0.,2.22044604925E-16));
#3248 = DIRECTION('',(2.22044604925E-16,0.,-1.));
#3249 = DEFINITIONAL_REPRESENTATION('',(#3250),#3254);
#3250 = CIRCLE('',#3251,2.75);
#3251 = AXIS2_PLACEMENT_2D('',#3252,#3253);
#3252 = CARTESIAN_POINT('',(0.,0.));
#3253 = DIRECTION('',(1.,0.));
#3254 = ( GEOMETRIC_REPRESENTATION_CONTEXT(2) 
PARAMETRIC_REPRESENTATION_CONTEXT() REPRESENTATION_CONTEXT('2D SPACE',''
  ) );
#3255 = ORIENTED_EDGE('',*,*,#3256,.F.);
#3256 = EDGE_CURVE('',#3257,#3223,#3259,.T.);
#3257 = VERTEX_POINT('',#3258);
#3258 = CARTESIAN_POINT('',(-57.2,-18.,2.25));
#3259 = SEAM_CURVE('',#3260,(#3264,#3271),.PCURVE_S1.);
#3260 = LINE('',#3261,#3262);
#3261 = CARTESIAN_POINT('',(-57.2,-18.,2.25));
#3262 = VECTOR('',#3263,1.);
#3263 = DIRECTION('',(1.,0.,2.22044604925E-16));
#3264 = PCURVE('',#3232,#3265);
#3265 = DEFINITIONAL_REPRESENTATION('',(#3266),#3270);
#3266 = LINE('',#3267,#3268);
#3267 = CARTESIAN_POINT('',(6.28318530718,-0.));
#3268 = VECTOR('',#3269,1.);
#3269 = DIRECTION('',(0.,1.));
#3270 = ( GEOMETRIC_REPRESENTATION_CONTEXT(2) 
PARAMETRIC_REPRESENTATION_CONTEXT() REPRESENTATION_CONTEXT('2D SPACE',''
  ) );
#3271 = PCURVE('',#3232,#3272);
#3272 = DEFINITIONAL_REPRESENTATION('',(#3273),#3277);
#3273 = LINE('',#3274,#3275);
#3274 = CARTESIAN_POINT('',(0.,-0.));
#3275 = VECTOR('',#3276,1.);
#3276 = DIRECTION('',(0.,1.));
#3277 = ( GEOMETRIC_REPRESENTATION_CONTEXT(2) 
PARAMETRIC_REPRESENTATION_CONTEXT() REPRESENTATION_CONTEXT('2D SPACE',''
  ) );
#3278 = ORIENTED_EDGE('',*,*,#3279,.T.);
#3279 = EDGE_CURVE('',#3257,#3257,#3280,.T.);
#3280 = SURFACE_CURVE('',#3281,(#3286,#3293),.PCURVE_S1.);
#3281 = CIRCLE('',#3282,2.75);
#3282 = AXIS2_PLACEMENT_3D('',#3283,#3284,#3285);
#3283 = CARTESIAN_POINT('',(-57.2,-18.,5.));
#3284 = DIRECTION('',(1.,-0.,2.22044604925E-16));
#3285 = DIRECTION('',(2.22044604925E-16,0.,-1.));
#3286 = PCURVE('',#3232,#3287);
#3287 = DEFINITIONAL_REPRESENTATION('',(#3288),#3292);
#3288 = LINE('',#3289,#3290);
#3289 = CARTESIAN_POINT('',(0.,0.));
#3290 = VECTOR('',#3291,1.);
#3291 = DIRECTION('',(1.,0.));
#3292 = ( GEOMETRIC_REPRESENTATION_CONTEXT(2) 
PARAMETRIC_REPRESENTATION_CONTEXT() REPRESENTATION_CONTEXT('2D SPACE',''
  ) );
#3293 = PCURVE('',#3294,#3299);
#3294 = PLANE('',#3295);
#3295 = AXIS2_PLACEMENT_3D('',#3296,#3297,#3298);
#3296 = CARTESIAN_POINT('',(-57.2,-18.,5.));
#3297 = DIRECTION('',(1.,0.,2.22044604925E-16));
#3298 = DIRECTION('',(2.22044604925E-16,0.,-1.));
#3299 = DEFINITIONAL_REPRESENTATION('',(#3300),#3304);
#3300 = CIRCLE('',#3301,2.75);
#3301 = AXIS2_PLACEMENT_2D('',#3302,#3303);
#3302 = CARTESIAN_POINT('',(0.,0.));
#3303 = DIRECTION('',(1.,0.));
#3304 = ( GEOMETRIC_REPRESENTATION_CONTEXT(2) 
PARAMETRIC_REPRESENTATION_CONTEXT() REPRESENTATION_CONTEXT('2D SPACE',''
  ) );
#3305 = ORIENTED_EDGE('',*,*,#3256,.T.);
#3306 = ADVANCED_FACE('',(#3307,#3310),#3244,.T.);
#3307 = FACE_BOUND('',#3308,.T.);
#3308 = EDGE_LOOP('',(#3309));
#3309 = ORIENTED_EDGE('',*,*,#3222,.T.);
#3310 = FACE_BOUND('',#3311,.T.);
#3311 = EDGE_LOOP('',(#3312));
#3312 = ORIENTED_EDGE('',*,*,#3313,.F.);
#3313 = EDGE_CURVE('',#3314,#3314,#3316,.T.);
#3314 = VERTEX_POINT('',#3315);
#3315 = CARTESIAN_POINT('',(-54.2,-18.,3.5));
#3316 = SURFACE_CURVE('',#3317,(#3322,#3329),.PCURVE_S1.);
#3317 = CIRCLE('',#3318,1.5);
#3318 = AXIS2_PLACEMENT_3D('',#3319,#3320,#3321);
#3319 = CARTESIAN_POINT('',(-54.2,-18.,5.));
#3320 = DIRECTION('',(1.,-0.,2.22044604925E-16));
#3321 = DIRECTION('',(2.22044604925E-16,0.,-1.));
#3322 = PCURVE('',#3244,#3323);
#3323 = DEFINITIONAL_REPRESENTATION('',(#3324),#3328);
#3324 = CIRCLE('',#3325,1.5);
#3325 = AXIS2_PLACEMENT_2D('',#3326,#3327);
#3326 = CARTESIAN_POINT('',(0.,0.));
#3327 = DIRECTION('',(1.,0.));
#3328 = ( GEOMETRIC_REPRESENTATION_CONTEXT(2) 
PARAMETRIC_REPRESENTATION_CONTEXT() REPRESENTATION_CONTEXT('2D SPACE',''
  ) );
#3329 = PCURVE('',#3330,#3335);
#3330 = CYLINDRICAL_SURFACE('',#3331,1.5);
#3331 = AXIS2_PLACEMENT_3D('',#3332,#3333,#3334);
#3332 = CARTESIAN_POINT('',(-54.2,-18.,5.));
#3333 = DIRECTION('',(1.,0.,2.22044604925E-16));
#3334 = DIRECTION('',(2.22044604925E-16,0.,-1.));
#3335 = DEFINITIONAL_REPRESENTATION('',(#3336),#3340);
#3336 = LINE('',#3337,#3338);
#3337 = CARTESIAN_POINT('',(0.,0.));
#3338 = VECTOR('',#3339,1.);
#3339 = DIRECTION('',(1.,0.));
#3340 = ( GEOMETRIC_REPRESENTATION_CONTEXT(2) 
PARAMETRIC_REPRESENTATION_CONTEXT() REPRESENTATION_CONTEXT('2D SPACE',''
  ) );
#3341 = ADVANCED_FACE('',(#3342),#3294,.F.);
#3342 = FACE_BOUND('',#3343,.T.);
#3343 = EDGE_LOOP('',(#3344));
#3344 = ORIENTED_EDGE('',*,*,#3279,.F.);
#3345 = ADVANCED_FACE('',(#3346),#3330,.T.);
#3346 = FACE_BOUND('',#3347,.T.);
#3347 = EDGE_LOOP('',(#3348,#3377,#3398,#3399));
#3348 = ORIENTED_EDGE('',*,*,#3349,.F.);
#3349 = EDGE_CURVE('',#3350,#3350,#3352,.T.);
#3350 = VERTEX_POINT('',#3351);
#3351 = CARTESIAN_POINT('',(-36.2,-18.,3.5));
#3352 = SURFACE_CURVE('',#3353,(#3358,#3365),.PCURVE_S1.);
#3353 = CIRCLE('',#3354,1.5);
#3354 = AXIS2_PLACEMENT_3D('',#3355,#3356,#3357);
#3355 = CARTESIAN_POINT('',(-36.2,-18.,5.));
#3356 = DIRECTION('',(1.,-0.,2.22044604925E-16));
#3357 = DIRECTION('',(2.22044604925E-16,0.,-1.));
#3358 = PCURVE('',#3330,#3359);
#3359 = DEFINITIONAL_REPRESENTATION('',(#3360),#3364);
#3360 = LINE('',#3361,#3362);
#3361 = CARTESIAN_POINT('',(0.,18.));
#3362 = VECTOR('',#3363,1.);
#3363 = DIRECTION('',(1.,0.));
#3364 = ( GEOMETRIC_REPRESENTATION_CONTEXT(2) 
PARAMETRIC_REPRESENTATION_CONTEXT() REPRESENTATION_CONTEXT('2D SPACE',''
  ) );
#3365 = PCURVE('',#3366,#3371);
#3366 = PLANE('',#3367);
#3367 = AXIS2_PLACEMENT_3D('',#3368,#3369,#3370);
#3368 = CARTESIAN_POINT('',(-36.2,-18.,5.));
#3369 = DIRECTION('',(1.,0.,2.22044604925E-16));
#3370 = DIRECTION('',(2.22044604925E-16,0.,-1.));
#3371 = DEFINITIONAL_REPRESENTATION('',(#3372),#3376);
#3372 = CIRCLE('',#3373,1.5);
#3373 = AXIS2_PLACEMENT_2D('',#3374,#3375);
#3374 = CARTESIAN_POINT('',(0.,0.));
#3375 = DIRECTION('',(1.,0.));
#3376 = ( GEOMETRIC_REPRESENTATION_CONTEXT(2) 
PARAMETRIC_REPRESENTATION_CONTEXT() REPRESENTATION_CONTEXT('2D SPACE',''
  ) );
#3377 = ORIENTED_EDGE('',*,*,#3378,.F.);
#3378 = EDGE_CURVE('',#3314,#3350,#3379,.T.);
#3379 = SEAM_CURVE('',#3380,(#3384,#3391),.PCURVE_S1.);
#3380 = LINE('',#3381,#3382);
#3381 = CARTESIAN_POINT('',(-54.2,-18.,3.5));
#3382 = VECTOR('',#3383,1.);
#3383 = DIRECTION('',(1.,0.,2.22044604925E-16));
#3384 = PCURVE('',#3330,#3385);
#3385 = DEFINITIONAL_REPRESENTATION('',(#3386),#3390);
#3386 = LINE('',#3387,#3388);
#3387 = CARTESIAN_POINT('',(6.28318530718,-0.));
#3388 = VECTOR('',#3389,1.);
#3389 = DIRECTION('',(0.,1.));
#3390 = ( GEOMETRIC_REPRESENTATION_CONTEXT(2) 
PARAMETRIC_REPRESENTATION_CONTEXT() REPRESENTATION_CONTEXT('2D SPACE',''
  ) );
#3391 = PCURVE('',#3330,#3392);
#3392 = DEFINITIONAL_REPRESENTATION('',(#3393),#3397);
#3393 = LINE('',#3394,#3395);
#3394 = CARTESIAN_POINT('',(0.,-0.));
#3395 = VECTOR('',#3396,1.);
#3396 = DIRECTION('',(0.,1.));
#3397 = ( GEOMETRIC_REPRESENTATION_CONTEXT(2) 
PARAMETRIC_REPRESENTATION_CONTEXT() REPRESENTATION_CONTEXT('2D SPACE',''
  ) );
#3398 = ORIENTED_EDGE('',*,*,#3313,.T.);
#3399 = ORIENTED_EDGE('',*,*,#3378,.T.);
#3400 = ADVANCED_FACE('',(#3401),#3366,.T.);
#3401 = FACE_BOUND('',#3402,.T.);
#3402 = EDGE_LOOP('',(#3403));
#3403 = ORIENTED_EDGE('',*,*,#3349,.T.);
#3404 = ( GEOMETRIC_REPRESENTATION_CONTEXT(3) 
GLOBAL_UNCERTAINTY_ASSIGNED_CONTEXT((#3408)) 
GLOBAL_UNIT_ASSIGNED_CONTEXT((#3405,#3406,#3407)) REPRESENTATION_CONTEXT
('Context #1','3D Context with UNIT and UNCERTAINTY') );
#3405 = ( LENGTH_UNIT() NAMED_UNIT(*) SI_UNIT(.MILLI.,.METRE.) );
#3406 = ( NAMED_UNIT(*) PLANE_ANGLE_UNIT() SI_UNIT($,.RADIAN.) );
#3407 = ( NAMED_UNIT(*) SI_UNIT($,.STERADIAN.) SOLID_ANGLE_UNIT() );
#3408 = UNCERTAINTY_MEASURE_WITH_UNIT(LENGTH_MEASURE(1.E-07),#3405,
  'distance_accuracy_value','confusion accuracy');
#3409 = CONTEXT_DEPENDENT_SHAPE_REPRESENTATION(#3410,#3412);
#3410 = ( REPRESENTATION_RELATIONSHIP('','',#3215,#10) 
REPRESENTATION_RELATIONSHIP_WITH_TRANSFORMATION(#3411) 
SHAPE_REPRESENTATION_RELATIONSHIP() );
#3411 = ITEM_DEFINED_TRANSFORMATION('','',#11,#67);
#3412 = PRODUCT_DEFINITION_SHAPE('Placement','Placement of an item',
  #3413);
#3413 = NEXT_ASSEMBLY_USAGE_OCCURRENCE('14','=>[0:1:1:15]','',#5,#3210,$
  );
#3414 = PRODUCT_RELATED_PRODUCT_CATEGORY('part',$,(#3212));
#3415 = SHAPE_DEFINITION_REPRESENTATION(#3416,#3422);
#3416 = PRODUCT_DEFINITION_SHAPE('','',#3417);
#3417 = PRODUCT_DEFINITION('design','',#3418,#3421);
#3418 = PRODUCT_DEFINITION_FORMATION('','',#3419);
#3419 = PRODUCT('COMPOUND','COMPOUND','',(#3420));
#3420 = PRODUCT_CONTEXT('',#2,'mechanical');
#3421 = PRODUCT_DEFINITION_CONTEXT('part definition',#2,'design');
#3422 = ADVANCED_BREP_SHAPE_REPRESENTATION('',(#11,#3423),#3605);
#3423 = MANIFOLD_SOLID_BREP('',#3424);
#3424 = CLOSED_SHELL('',(#3425,#3513,#3548,#3578));
#3425 = ADVANCED_FACE('',(#3426),#3439,.T.);
#3426 = FACE_BOUND('',#3427,.T.);
#3427 = EDGE_LOOP('',(#3428,#3462,#3485,#3512));
#3428 = ORIENTED_EDGE('',*,*,#3429,.F.);
#3429 = EDGE_CURVE('',#3430,#3430,#3432,.T.);
#3430 = VERTEX_POINT('',#3431);
#3431 = CARTESIAN_POINT('',(-40.1,35.4,16.));
#3432 = SURFACE_CURVE('',#3433,(#3438,#3450),.PCURVE_S1.);
#3433 = CIRCLE('',#3434,2.3);
#3434 = AXIS2_PLACEMENT_3D('',#3435,#3436,#3437);
#3435 = CARTESIAN_POINT('',(-42.4,35.4,16.));
#3436 = DIRECTION('',(0.,0.,1.));
#3437 = DIRECTION('',(1.,0.,-0.));
#3438 = PCURVE('',#3439,#3444);
#3439 = CYLINDRICAL_SURFACE('',#3440,2.3);
#3440 = AXIS2_PLACEMENT_3D('',#3441,#3442,#3443);
#3441 = CARTESIAN_POINT('',(-42.4,35.4,11.));
#3442 = DIRECTION('',(0.,0.,1.));
#3443 = DIRECTION('',(1.,0.,-0.));
#3444 = DEFINITIONAL_REPRESENTATION('',(#3445),#3449);
#3445 = LINE('',#3446,#3447);
#3446 = CARTESIAN_POINT('',(0.,5.));
#3447 = VECTOR('',#3448,1.);
#3448 = DIRECTION('',(1.,0.));
#3449 = ( GEOMETRIC_REPRESENTATION_CONTEXT(2) 
PARAMETRIC_REPRESENTATION_CONTEXT() REPRESENTATION_CONTEXT('2D SPACE',''
  ) );
#3450 = PCURVE('',#3451,#3456);
#3451 = PLANE('',#3452);
#3452 = AXIS2_PLACEMENT_3D('',#3453,#3454,#3455);
#3453 = CARTESIAN_POINT('',(-42.4,35.4,16.));
#3454 = DIRECTION('',(0.,0.,1.));
#3455 = DIRECTION('',(1.,0.,-0.));
#3456 = DEFINITIONAL_REPRESENTATION('',(#3457),#3461);
#3457 = CIRCLE('',#3458,2.3);
#3458 = AXIS2_PLACEMENT_2D('',#3459,#3460);
#3459 = CARTESIAN_POINT('',(0.,0.));
#3460 = DIRECTION('',(1.,0.));
#3461 = ( GEOMETRIC_REPRESENTATION_CONTEXT(2) 
PARAMETRIC_REPRESENTATION_CONTEXT() REPRESENTATION_CONTEXT('2D SPACE',''
  ) );
#3462 = ORIENTED_EDGE('',*,*,#3463,.F.);
#3463 = EDGE_CURVE('',#3464,#3430,#3466,.T.);
#3464 = VERTEX_POINT('',#3465);
#3465 = CARTESIAN_POINT('',(-40.1,35.4,11.));
#3466 = SEAM_CURVE('',#3467,(#3471,#3478),.PCURVE_S1.);
#3467 = LINE('',#3468,#3469);
#3468 = CARTESIAN_POINT('',(-40.1,35.4,11.));
#3469 = VECTOR('',#3470,1.);
#3470 = DIRECTION('',(0.,0.,1.));
#3471 = PCURVE('',#3439,#3472);
#3472 = DEFINITIONAL_REPRESENTATION('',(#3473),#3477);
#3473 = LINE('',#3474,#3475);
#3474 = CARTESIAN_POINT('',(6.28318530718,-0.));
#3475 = VECTOR('',#3476,1.);
#3476 = DIRECTION('',(0.,1.));
#3477 = ( GEOMETRIC_REPRESENTATION_CONTEXT(2) 
PARAMETRIC_REPRESENTATION_CONTEXT() REPRESENTATION_CONTEXT('2D SPACE',''
  ) );
#3478 = PCURVE('',#3439,#3479);
#3479 = DEFINITIONAL_REPRESENTATION('',(#3480),#3484);
#3480 = LINE('',#3481,#3482);
#3481 = CARTESIAN_POINT('',(0.,-0.));
#3482 = VECTOR('',#3483,1.);
#3483 = DIRECTION('',(0.,1.));
#3484 = ( GEOMETRIC_REPRESENTATION_CONTEXT(2) 
PARAMETRIC_REPRESENTATION_CONTEXT() REPRESENTATION_CONTEXT('2D SPACE',''
  ) );
#3485 = ORIENTED_EDGE('',*,*,#3486,.T.);
#3486 = EDGE_CURVE('',#3464,#3464,#3487,.T.);
#3487 = SURFACE_CURVE('',#3488,(#3493,#3500),.PCURVE_S1.);
#3488 = CIRCLE('',#3489,2.3);
#3489 = AXIS2_PLACEMENT_3D('',#3490,#3491,#3492);
#3490 = CARTESIAN_POINT('',(-42.4,35.4,11.));
#3491 = DIRECTION('',(0.,0.,1.));
#3492 = DIRECTION('',(1.,0.,-0.));
#3493 = PCURVE('',#3439,#3494);
#3494 = DEFINITIONAL_REPRESENTATION('',(#3495),#3499);
#3495 = LINE('',#3496,#3497);
#3496 = CARTESIAN_POINT('',(0.,0.));
#3497 = VECTOR('',#3498,1.);
#3498 = DIRECTION('',(1.,0.));
#3499 = ( GEOMETRIC_REPRESENTATION_CONTEXT(2) 
PARAMETRIC_REPRESENTATION_CONTEXT() REPRESENTATION_CONTEXT('2D SPACE',''
  ) );
#3500 = PCURVE('',#3501,#3506);
#3501 = PLANE('',#3502);
#3502 = AXIS2_PLACEMENT_3D('',#3503,#3504,#3505);
#3503 = CARTESIAN_POINT('',(-42.4,35.4,11.));
#3504 = DIRECTION('',(0.,0.,1.));
#3505 = DIRECTION('',(1.,0.,-0.));
#3506 = DEFINITIONAL_REPRESENTATION('',(#3507),#3511);
#3507 = CIRCLE('',#3508,2.3);
#3508 = AXIS2_PLACEMENT_2D('',#3509,#3510);
#3509 = CARTESIAN_POINT('',(0.,0.));
#3510 = DIRECTION('',(1.,0.));
#3511 = ( GEOMETRIC_REPRESENTATION_CONTEXT(2) 
PARAMETRIC_REPRESENTATION_CONTEXT() REPRESENTATION_CONTEXT('2D SPACE',''
  ) );
#3512 = ORIENTED_EDGE('',*,*,#3463,.T.);
#3513 = ADVANCED_FACE('',(#3514,#3517),#3451,.T.);
#3514 = FACE_BOUND('',#3515,.T.);
#3515 = EDGE_LOOP('',(#3516));
#3516 = ORIENTED_EDGE('',*,*,#3429,.T.);
#3517 = FACE_BOUND('',#3518,.T.);
#3518 = EDGE_LOOP('',(#3519));
#3519 = ORIENTED_EDGE('',*,*,#3520,.F.);
#3520 = EDGE_CURVE('',#3521,#3521,#3523,.T.);
#3521 = VERTEX_POINT('',#3522);
#3522 = CARTESIAN_POINT('',(-40.89,35.4,16.));
#3523 = SURFACE_CURVE('',#3524,(#3529,#3536),.PCURVE_S1.);
#3524 = CIRCLE('',#3525,1.51);
#3525 = AXIS2_PLACEMENT_3D('',#3526,#3527,#3528);
#3526 = CARTESIAN_POINT('',(-42.4,35.4,16.));
#3527 = DIRECTION('',(0.,0.,1.));
#3528 = DIRECTION('',(1.,0.,-0.));
#3529 = PCURVE('',#3451,#3530);
#3530 = DEFINITIONAL_REPRESENTATION('',(#3531),#3535);
#3531 = CIRCLE('',#3532,1.51);
#3532 = AXIS2_PLACEMENT_2D('',#3533,#3534);
#3533 = CARTESIAN_POINT('',(0.,0.));
#3534 = DIRECTION('',(1.,0.));
#3535 = ( GEOMETRIC_REPRESENTATION_CONTEXT(2) 
PARAMETRIC_REPRESENTATION_CONTEXT() REPRESENTATION_CONTEXT('2D SPACE',''
  ) );
#3536 = PCURVE('',#3537,#3542);
#3537 = CYLINDRICAL_SURFACE('',#3538,1.51);
#3538 = AXIS2_PLACEMENT_3D('',#3539,#3540,#3541);
#3539 = CARTESIAN_POINT('',(-42.4,35.4,10.9));
#3540 = DIRECTION('',(0.,0.,1.));
#3541 = DIRECTION('',(1.,0.,-0.));
#3542 = DEFINITIONAL_REPRESENTATION('',(#3543),#3547);
#3543 = LINE('',#3544,#3545);
#3544 = CARTESIAN_POINT('',(0.,5.1));
#3545 = VECTOR('',#3546,1.);
#3546 = DIRECTION('',(1.,0.));
#3547 = ( GEOMETRIC_REPRESENTATION_CONTEXT(2) 
PARAMETRIC_REPRESENTATION_CONTEXT() REPRESENTATION_CONTEXT('2D SPACE',''
  ) );
#3548 = ADVANCED_FACE('',(#3549,#3552),#3501,.F.);
#3549 = FACE_BOUND('',#3550,.F.);
#3550 = EDGE_LOOP('',(#3551));
#3551 = ORIENTED_EDGE('',*,*,#3486,.T.);
#3552 = FACE_BOUND('',#3553,.F.);
#3553 = EDGE_LOOP('',(#3554));
#3554 = ORIENTED_EDGE('',*,*,#3555,.F.);
#3555 = EDGE_CURVE('',#3556,#3556,#3558,.T.);
#3556 = VERTEX_POINT('',#3557);
#3557 = CARTESIAN_POINT('',(-40.89,35.4,11.));
#3558 = SURFACE_CURVE('',#3559,(#3564,#3571),.PCURVE_S1.);
#3559 = CIRCLE('',#3560,1.51);
#3560 = AXIS2_PLACEMENT_3D('',#3561,#3562,#3563);
#3561 = CARTESIAN_POINT('',(-42.4,35.4,11.));
#3562 = DIRECTION('',(0.,0.,1.));
#3563 = DIRECTION('',(1.,0.,-0.));
#3564 = PCURVE('',#3501,#3565);
#3565 = DEFINITIONAL_REPRESENTATION('',(#3566),#3570);
#3566 = CIRCLE('',#3567,1.51);
#3567 = AXIS2_PLACEMENT_2D('',#3568,#3569);
#3568 = CARTESIAN_POINT('',(0.,0.));
#3569 = DIRECTION('',(1.,0.));
#3570 = ( GEOMETRIC_REPRESENTATION_CONTEXT(2) 
PARAMETRIC_REPRESENTATION_CONTEXT() REPRESENTATION_CONTEXT('2D SPACE',''
  ) );
#3571 = PCURVE('',#3537,#3572);
#3572 = DEFINITIONAL_REPRESENTATION('',(#3573),#3577);
#3573 = LINE('',#3574,#3575);
#3574 = CARTESIAN_POINT('',(0.,1.E-01));
#3575 = VECTOR('',#3576,1.);
#3576 = DIRECTION('',(1.,0.));
#3577 = ( GEOMETRIC_REPRESENTATION_CONTEXT(2) 
PARAMETRIC_REPRESENTATION_CONTEXT() REPRESENTATION_CONTEXT('2D SPACE',''
  ) );
#3578 = ADVANCED_FACE('',(#3579),#3537,.F.);
#3579 = FACE_BOUND('',#3580,.F.);
#3580 = EDGE_LOOP('',(#3581,#3582,#3603,#3604));
#3581 = ORIENTED_EDGE('',*,*,#3520,.F.);
#3582 = ORIENTED_EDGE('',*,*,#3583,.F.);
#3583 = EDGE_CURVE('',#3556,#3521,#3584,.T.);
#3584 = SEAM_CURVE('',#3585,(#3589,#3596),.PCURVE_S1.);
#3585 = LINE('',#3586,#3587);
#3586 = CARTESIAN_POINT('',(-40.89,35.4,10.9));
#3587 = VECTOR('',#3588,1.);
#3588 = DIRECTION('',(0.,0.,1.));
#3589 = PCURVE('',#3537,#3590);
#3590 = DEFINITIONAL_REPRESENTATION('',(#3591),#3595);
#3591 = LINE('',#3592,#3593);
#3592 = CARTESIAN_POINT('',(6.28318530718,-0.));
#3593 = VECTOR('',#3594,1.);
#3594 = DIRECTION('',(0.,1.));
#3595 = ( GEOMETRIC_REPRESENTATION_CONTEXT(2) 
PARAMETRIC_REPRESENTATION_CONTEXT() REPRESENTATION_CONTEXT('2D SPACE',''
  ) );
#3596 = PCURVE('',#3537,#3597);
#3597 = DEFINITIONAL_REPRESENTATION('',(#3598),#3602);
#3598 = LINE('',#3599,#3600);
#3599 = CARTESIAN_POINT('',(0.,-0.));
#3600 = VECTOR('',#3601,1.);
#3601 = DIRECTION('',(0.,1.));
#3602 = ( GEOMETRIC_REPRESENTATION_CONTEXT(2) 
PARAMETRIC_REPRESENTATION_CONTEXT() REPRESENTATION_CONTEXT('2D SPACE',''
  ) );
#3603 = ORIENTED_EDGE('',*,*,#3555,.T.);
#3604 = ORIENTED_EDGE('',*,*,#3583,.T.);
#3605 = ( GEOMETRIC_REPRESENTATION_CONTEXT(3) 
GLOBAL_UNCERTAINTY_ASSIGNED_CONTEXT((#3609)) 
GLOBAL_UNIT_ASSIGNED_CONTEXT((#3606,#3607,#3608)) REPRESENTATION_CONTEXT
('Context #1','3D Context with UNIT and UNCERTAINTY') );
#3606 = ( LENGTH_UNIT() NAMED_UNIT(*) SI_UNIT(.MILLI.,.METRE.) );
#3607 = ( NAMED_UNIT(*) PLANE_ANGLE_UNIT() SI_UNIT($,.RADIAN.) );
#3608 = ( NAMED_UNIT(*) SI_UNIT($,.STERADIAN.) SOLID_ANGLE_UNIT() );
#3609 = UNCERTAINTY_MEASURE_WITH_UNIT(LENGTH_MEASURE(1.E-07),#3606,
  'distance_accuracy_value','confusion accuracy');
#3610 = CONTEXT_DEPENDENT_SHAPE_REPRESENTATION(#3611,#3613);
#3611 = ( REPRESENTATION_RELATIONSHIP('','',#3422,#10) 
REPRESENTATION_RELATIONSHIP_WITH_TRANSFORMATION(#3612) 
SHAPE_REPRESENTATION_RELATIONSHIP() );
#3612 = ITEM_DEFINED_TRANSFORMATION('','',#11,#71);
#3613 = PRODUCT_DEFINITION_SHAPE('Placement','Placement of an item',
  #3614);
#3614 = NEXT_ASSEMBLY_USAGE_OCCURRENCE('15','=>[0:1:1:16]','',#5,#3417,$
  );
#3615 = PRODUCT_RELATED_PRODUCT_CATEGORY('part',$,(#3419));
#3616 = SHAPE_DEFINITION_REPRESENTATION(#3617,#3623);
#3617 = PRODUCT_DEFINITION_SHAPE('','',#3618);
#3618 = PRODUCT_DEFINITION('design','',#3619,#3622);
#3619 = PRODUCT_DEFINITION_FORMATION('','',#3620);
#3620 = PRODUCT('COMPOUND','COMPOUND','',(#3621));
#3621 = PRODUCT_CONTEXT('',#2,'mechanical');
#3622 = PRODUCT_DEFINITION_CONTEXT('part definition',#2,'design');
#3623 = ADVANCED_BREP_SHAPE_REPRESENTATION('',(#11,#3624),#3806);
#3624 = MANIFOLD_SOLID_BREP('',#3625);
#3625 = CLOSED_SHELL('',(#3626,#3714,#3749,#3779));
#3626 = ADVANCED_FACE('',(#3627),#3640,.T.);
#3627 = FACE_BOUND('',#3628,.T.);
#3628 = EDGE_LOOP('',(#3629,#3663,#3686,#3713));
#3629 = ORIENTED_EDGE('',*,*,#3630,.F.);
#3630 = EDGE_CURVE('',#3631,#3631,#3633,.T.);
#3631 = VERTEX_POINT('',#3632);
#3632 = CARTESIAN_POINT('',(-40.1,-35.4,16.));
#3633 = SURFACE_CURVE('',#3634,(#3639,#3651),.PCURVE_S1.);
#3634 = CIRCLE('',#3635,2.3);
#3635 = AXIS2_PLACEMENT_3D('',#3636,#3637,#3638);
#3636 = CARTESIAN_POINT('',(-42.4,-35.4,16.));
#3637 = DIRECTION('',(0.,0.,1.));
#3638 = DIRECTION('',(1.,0.,-0.));
#3639 = PCURVE('',#3640,#3645);
#3640 = CYLINDRICAL_SURFACE('',#3641,2.3);
#3641 = AXIS2_PLACEMENT_3D('',#3642,#3643,#3644);
#3642 = CARTESIAN_POINT('',(-42.4,-35.4,11.));
#3643 = DIRECTION('',(0.,0.,1.));
#3644 = DIRECTION('',(1.,0.,-0.));
#3645 = DEFINITIONAL_REPRESENTATION('',(#3646),#3650);
#3646 = LINE('',#3647,#3648);
#3647 = CARTESIAN_POINT('',(0.,5.));
#3648 = VECTOR('',#3649,1.);
#3649 = DIRECTION('',(1.,0.));
#3650 = ( GEOMETRIC_REPRESENTATION_CONTEXT(2) 
PARAMETRIC_REPRESENTATION_CONTEXT() REPRESENTATION_CONTEXT('2D SPACE',''
  ) );
#3651 = PCURVE('',#3652,#3657);
#3652 = PLANE('',#3653);
#3653 = AXIS2_PLACEMENT_3D('',#3654,#3655,#3656);
#3654 = CARTESIAN_POINT('',(-42.4,-35.4,16.));
#3655 = DIRECTION('',(0.,0.,1.));
#3656 = DIRECTION('',(1.,0.,-0.));
#3657 = DEFINITIONAL_REPRESENTATION('',(#3658),#3662);
#3658 = CIRCLE('',#3659,2.3);
#3659 = AXIS2_PLACEMENT_2D('',#3660,#3661);
#3660 = CARTESIAN_POINT('',(0.,0.));
#3661 = DIRECTION('',(1.,0.));
#3662 = ( GEOMETRIC_REPRESENTATION_CONTEXT(2) 
PARAMETRIC_REPRESENTATION_CONTEXT() REPRESENTATION_CONTEXT('2D SPACE',''
  ) );
#3663 = ORIENTED_EDGE('',*,*,#3664,.F.);
#3664 = EDGE_CURVE('',#3665,#3631,#3667,.T.);
#3665 = VERTEX_POINT('',#3666);
#3666 = CARTESIAN_POINT('',(-40.1,-35.4,11.));
#3667 = SEAM_CURVE('',#3668,(#3672,#3679),.PCURVE_S1.);
#3668 = LINE('',#3669,#3670);
#3669 = CARTESIAN_POINT('',(-40.1,-35.4,11.));
#3670 = VECTOR('',#3671,1.);
#3671 = DIRECTION('',(0.,0.,1.));
#3672 = PCURVE('',#3640,#3673);
#3673 = DEFINITIONAL_REPRESENTATION('',(#3674),#3678);
#3674 = LINE('',#3675,#3676);
#3675 = CARTESIAN_POINT('',(6.28318530718,-0.));
#3676 = VECTOR('',#3677,1.);
#3677 = DIRECTION('',(0.,1.));
#3678 = ( GEOMETRIC_REPRESENTATION_CONTEXT(2) 
PARAMETRIC_REPRESENTATION_CONTEXT() REPRESENTATION_CONTEXT('2D SPACE',''
  ) );
#3679 = PCURVE('',#3640,#3680);
#3680 = DEFINITIONAL_REPRESENTATION('',(#3681),#3685);
#3681 = LINE('',#3682,#3683);
#3682 = CARTESIAN_POINT('',(0.,-0.));
#3683 = VECTOR('',#3684,1.);
#3684 = DIRECTION('',(0.,1.));
#3685 = ( GEOMETRIC_REPRESENTATION_CONTEXT(2) 
PARAMETRIC_REPRESENTATION_CONTEXT() REPRESENTATION_CONTEXT('2D SPACE',''
  ) );
#3686 = ORIENTED_EDGE('',*,*,#3687,.T.);
#3687 = EDGE_CURVE('',#3665,#3665,#3688,.T.);
#3688 = SURFACE_CURVE('',#3689,(#3694,#3701),.PCURVE_S1.);
#3689 = CIRCLE('',#3690,2.3);
#3690 = AXIS2_PLACEMENT_3D('',#3691,#3692,#3693);
#3691 = CARTESIAN_POINT('',(-42.4,-35.4,11.));
#3692 = DIRECTION('',(0.,0.,1.));
#3693 = DIRECTION('',(1.,0.,-0.));
#3694 = PCURVE('',#3640,#3695);
#3695 = DEFINITIONAL_REPRESENTATION('',(#3696),#3700);
#3696 = LINE('',#3697,#3698);
#3697 = CARTESIAN_POINT('',(0.,0.));
#3698 = VECTOR('',#3699,1.);
#3699 = DIRECTION('',(1.,0.));
#3700 = ( GEOMETRIC_REPRESENTATION_CONTEXT(2) 
PARAMETRIC_REPRESENTATION_CONTEXT() REPRESENTATION_CONTEXT('2D SPACE',''
  ) );
#3701 = PCURVE('',#3702,#3707);
#3702 = PLANE('',#3703);
#3703 = AXIS2_PLACEMENT_3D('',#3704,#3705,#3706);
#3704 = CARTESIAN_POINT('',(-42.4,-35.4,11.));
#3705 = DIRECTION('',(0.,0.,1.));
#3706 = DIRECTION('',(1.,0.,-0.));
#3707 = DEFINITIONAL_REPRESENTATION('',(#3708),#3712);
#3708 = CIRCLE('',#3709,2.3);
#3709 = AXIS2_PLACEMENT_2D('',#3710,#3711);
#3710 = CARTESIAN_POINT('',(0.,0.));
#3711 = DIRECTION('',(1.,0.));
#3712 = ( GEOMETRIC_REPRESENTATION_CONTEXT(2) 
PARAMETRIC_REPRESENTATION_CONTEXT() REPRESENTATION_CONTEXT('2D SPACE',''
  ) );
#3713 = ORIENTED_EDGE('',*,*,#3664,.T.);
#3714 = ADVANCED_FACE('',(#3715,#3718),#3652,.T.);
#3715 = FACE_BOUND('',#3716,.T.);
#3716 = EDGE_LOOP('',(#3717));
#3717 = ORIENTED_EDGE('',*,*,#3630,.T.);
#3718 = FACE_BOUND('',#3719,.T.);
#3719 = EDGE_LOOP('',(#3720));
#3720 = ORIENTED_EDGE('',*,*,#3721,.F.);
#3721 = EDGE_CURVE('',#3722,#3722,#3724,.T.);
#3722 = VERTEX_POINT('',#3723);
#3723 = CARTESIAN_POINT('',(-40.89,-35.4,16.));
#3724 = SURFACE_CURVE('',#3725,(#3730,#3737),.PCURVE_S1.);
#3725 = CIRCLE('',#3726,1.51);
#3726 = AXIS2_PLACEMENT_3D('',#3727,#3728,#3729);
#3727 = CARTESIAN_POINT('',(-42.4,-35.4,16.));
#3728 = DIRECTION('',(0.,0.,1.));
#3729 = DIRECTION('',(1.,0.,-0.));
#3730 = PCURVE('',#3652,#3731);
#3731 = DEFINITIONAL_REPRESENTATION('',(#3732),#3736);
#3732 = CIRCLE('',#3733,1.51);
#3733 = AXIS2_PLACEMENT_2D('',#3734,#3735);
#3734 = CARTESIAN_POINT('',(0.,0.));
#3735 = DIRECTION('',(1.,0.));
#3736 = ( GEOMETRIC_REPRESENTATION_CONTEXT(2) 
PARAMETRIC_REPRESENTATION_CONTEXT() REPRESENTATION_CONTEXT('2D SPACE',''
  ) );
#3737 = PCURVE('',#3738,#3743);
#3738 = CYLINDRICAL_SURFACE('',#3739,1.51);
#3739 = AXIS2_PLACEMENT_3D('',#3740,#3741,#3742);
#3740 = CARTESIAN_POINT('',(-42.4,-35.4,10.9));
#3741 = DIRECTION('',(0.,0.,1.));
#3742 = DIRECTION('',(1.,0.,-0.));
#3743 = DEFINITIONAL_REPRESENTATION('',(#3744),#3748);
#3744 = LINE('',#3745,#3746);
#3745 = CARTESIAN_POINT('',(0.,5.1));
#3746 = VECTOR('',#3747,1.);
#3747 = DIRECTION('',(1.,0.));
#3748 = ( GEOMETRIC_REPRESENTATION_CONTEXT(2) 
PARAMETRIC_REPRESENTATION_CONTEXT() REPRESENTATION_CONTEXT('2D SPACE',''
  ) );
#3749 = ADVANCED_FACE('',(#3750,#3753),#3702,.F.);
#3750 = FACE_BOUND('',#3751,.F.);
#3751 = EDGE_LOOP('',(#3752));
#3752 = ORIENTED_EDGE('',*,*,#3687,.T.);
#3753 = FACE_BOUND('',#3754,.F.);
#3754 = EDGE_LOOP('',(#3755));
#3755 = ORIENTED_EDGE('',*,*,#3756,.F.);
#3756 = EDGE_CURVE('',#3757,#3757,#3759,.T.);
#3757 = VERTEX_POINT('',#3758);
#3758 = CARTESIAN_POINT('',(-40.89,-35.4,11.));
#3759 = SURFACE_CURVE('',#3760,(#3765,#3772),.PCURVE_S1.);
#3760 = CIRCLE('',#3761,1.51);
#3761 = AXIS2_PLACEMENT_3D('',#3762,#3763,#3764);
#3762 = CARTESIAN_POINT('',(-42.4,-35.4,11.));
#3763 = DIRECTION('',(0.,0.,1.));
#3764 = DIRECTION('',(1.,0.,-0.));
#3765 = PCURVE('',#3702,#3766);
#3766 = DEFINITIONAL_REPRESENTATION('',(#3767),#3771);
#3767 = CIRCLE('',#3768,1.51);
#3768 = AXIS2_PLACEMENT_2D('',#3769,#3770);
#3769 = CARTESIAN_POINT('',(0.,0.));
#3770 = DIRECTION('',(1.,0.));
#3771 = ( GEOMETRIC_REPRESENTATION_CONTEXT(2) 
PARAMETRIC_REPRESENTATION_CONTEXT() REPRESENTATION_CONTEXT('2D SPACE',''
  ) );
#3772 = PCURVE('',#3738,#3773);
#3773 = DEFINITIONAL_REPRESENTATION('',(#3774),#3778);
#3774 = LINE('',#3775,#3776);
#3775 = CARTESIAN_POINT('',(0.,1.E-01));
#3776 = VECTOR('',#3777,1.);
#3777 = DIRECTION('',(1.,0.));
#3778 = ( GEOMETRIC_REPRESENTATION_CONTEXT(2) 
PARAMETRIC_REPRESENTATION_CONTEXT() REPRESENTATION_CONTEXT('2D SPACE',''
  ) );
#3779 = ADVANCED_FACE('',(#3780),#3738,.F.);
#3780 = FACE_BOUND('',#3781,.F.);
#3781 = EDGE_LOOP('',(#3782,#3783,#3804,#3805));
#3782 = ORIENTED_EDGE('',*,*,#3721,.F.);
#3783 = ORIENTED_EDGE('',*,*,#3784,.F.);
#3784 = EDGE_CURVE('',#3757,#3722,#3785,.T.);
#3785 = SEAM_CURVE('',#3786,(#3790,#3797),.PCURVE_S1.);
#3786 = LINE('',#3787,#3788);
#3787 = CARTESIAN_POINT('',(-40.89,-35.4,10.9));
#3788 = VECTOR('',#3789,1.);
#3789 = DIRECTION('',(0.,0.,1.));
#3790 = PCURVE('',#3738,#3791);
#3791 = DEFINITIONAL_REPRESENTATION('',(#3792),#3796);
#3792 = LINE('',#3793,#3794);
#3793 = CARTESIAN_POINT('',(6.28318530718,-0.));
#3794 = VECTOR('',#3795,1.);
#3795 = DIRECTION('',(0.,1.));
#3796 = ( GEOMETRIC_REPRESENTATION_CONTEXT(2) 
PARAMETRIC_REPRESENTATION_CONTEXT() REPRESENTATION_CONTEXT('2D SPACE',''
  ) );
#3797 = PCURVE('',#3738,#3798);
#3798 = DEFINITIONAL_REPRESENTATION('',(#3799),#3803);
#3799 = LINE('',#3800,#3801);
#3800 = CARTESIAN_POINT('',(0.,-0.));
#3801 = VECTOR('',#3802,1.);
#3802 = DIRECTION('',(0.,1.));
#3803 = ( GEOMETRIC_REPRESENTATION_CONTEXT(2) 
PARAMETRIC_REPRESENTATION_CONTEXT() REPRESENTATION_CONTEXT('2D SPACE',''
  ) );
#3804 = ORIENTED_EDGE('',*,*,#3756,.T.);
#3805 = ORIENTED_EDGE('',*,*,#3784,.T.);
#3806 = ( GEOMETRIC_REPRESENTATION_CONTEXT(3) 
GLOBAL_UNCERTAINTY_ASSIGNED_CONTEXT((#3810)) 
GLOBAL_UNIT_ASSIGNED_CONTEXT((#3807,#3808,#3809)) REPRESENTATION_CONTEXT
('Context #1','3D Context with UNIT and UNCERTAINTY') );
#3807 = ( LENGTH_UNIT() NAMED_UNIT(*) SI_UNIT(.MILLI.,.METRE.) );
#3808 = ( NAMED_UNIT(*) PLANE_ANGLE_UNIT() SI_UNIT($,.RADIAN.) );
#3809 = ( NAMED_UNIT(*) SI_UNIT($,.STERADIAN.) SOLID_ANGLE_UNIT() );
#3810 = UNCERTAINTY_MEASURE_WITH_UNIT(LENGTH_MEASURE(1.E-07),#3807,
  'distance_accuracy_value','confusion accuracy');
#3811 = CONTEXT_DEPENDENT_SHAPE_REPRESENTATION(#3812,#3814);
#3812 = ( REPRESENTATION_RELATIONSHIP('','',#3623,#10) 
REPRESENTATION_RELATIONSHIP_WITH_TRANSFORMATION(#3813) 
SHAPE_REPRESENTATION_RELATIONSHIP() );
#3813 = ITEM_DEFINED_TRANSFORMATION('','',#11,#75);
#3814 = PRODUCT_DEFINITION_SHAPE('Placement','Placement of an item',
  #3815);
#3815 = NEXT_ASSEMBLY_USAGE_OCCURRENCE('16','=>[0:1:1:17]','',#5,#3618,$
  );
#3816 = PRODUCT_RELATED_PRODUCT_CATEGORY('part',$,(#3620));
#3817 = SHAPE_DEFINITION_REPRESENTATION(#3818,#3824);
#3818 = PRODUCT_DEFINITION_SHAPE('','',#3819);
#3819 = PRODUCT_DEFINITION('design','',#3820,#3823);
#3820 = PRODUCT_DEFINITION_FORMATION('','',#3821);
#3821 = PRODUCT('COMPOUND','COMPOUND','',(#3822));
#3822 = PRODUCT_CONTEXT('',#2,'mechanical');
#3823 = PRODUCT_DEFINITION_CONTEXT('part definition',#2,'design');
#3824 = ADVANCED_BREP_SHAPE_REPRESENTATION('',(#11,#3825),#4007);
#3825 = MANIFOLD_SOLID_BREP('',#3826);
#3826 = CLOSED_SHELL('',(#3827,#3915,#3950,#3980));
#3827 = ADVANCED_FACE('',(#3828),#3841,.T.);
#3828 = FACE_BOUND('',#3829,.T.);
#3829 = EDGE_LOOP('',(#3830,#3864,#3887,#3914));
#3830 = ORIENTED_EDGE('',*,*,#3831,.F.);
#3831 = EDGE_CURVE('',#3832,#3832,#3834,.T.);
#3832 = VERTEX_POINT('',#3833);
#3833 = CARTESIAN_POINT('',(44.7,35.4,16.));
#3834 = SURFACE_CURVE('',#3835,(#3840,#3852),.PCURVE_S1.);
#3835 = CIRCLE('',#3836,2.3);
#3836 = AXIS2_PLACEMENT_3D('',#3837,#3838,#3839);
#3837 = CARTESIAN_POINT('',(42.4,35.4,16.));
#3838 = DIRECTION('',(0.,0.,1.));
#3839 = DIRECTION('',(1.,0.,-0.));
#3840 = PCURVE('',#3841,#3846);
#3841 = CYLINDRICAL_SURFACE('',#3842,2.3);
#3842 = AXIS2_PLACEMENT_3D('',#3843,#3844,#3845);
#3843 = CARTESIAN_POINT('',(42.4,35.4,11.));
#3844 = DIRECTION('',(0.,0.,1.));
#3845 = DIRECTION('',(1.,0.,-0.));
#3846 = DEFINITIONAL_REPRESENTATION('',(#3847),#3851);
#3847 = LINE('',#3848,#3849);
#3848 = CARTESIAN_POINT('',(0.,5.));
#3849 = VECTOR('',#3850,1.);
#3850 = DIRECTION('',(1.,0.));
#3851 = ( GEOMETRIC_REPRESENTATION_CONTEXT(2) 
PARAMETRIC_REPRESENTATION_CONTEXT() REPRESENTATION_CONTEXT('2D SPACE',''
  ) );
#3852 = PCURVE('',#3853,#3858);
#3853 = PLANE('',#3854);
#3854 = AXIS2_PLACEMENT_3D('',#3855,#3856,#3857);
#3855 = CARTESIAN_POINT('',(42.4,35.4,16.));
#3856 = DIRECTION('',(0.,0.,1.));
#3857 = DIRECTION('',(1.,0.,-0.));
#3858 = DEFINITIONAL_REPRESENTATION('',(#3859),#3863);
#3859 = CIRCLE('',#3860,2.3);
#3860 = AXIS2_PLACEMENT_2D('',#3861,#3862);
#3861 = CARTESIAN_POINT('',(0.,0.));
#3862 = DIRECTION('',(1.,0.));
#3863 = ( GEOMETRIC_REPRESENTATION_CONTEXT(2) 
PARAMETRIC_REPRESENTATION_CONTEXT() REPRESENTATION_CONTEXT('2D SPACE',''
  ) );
#3864 = ORIENTED_EDGE('',*,*,#3865,.F.);
#3865 = EDGE_CURVE('',#3866,#3832,#3868,.T.);
#3866 = VERTEX_POINT('',#3867);
#3867 = CARTESIAN_POINT('',(44.7,35.4,11.));
#3868 = SEAM_CURVE('',#3869,(#3873,#3880),.PCURVE_S1.);
#3869 = LINE('',#3870,#3871);
#3870 = CARTESIAN_POINT('',(44.7,35.4,11.));
#3871 = VECTOR('',#3872,1.);
#3872 = DIRECTION('',(0.,0.,1.));
#3873 = PCURVE('',#3841,#3874);
#3874 = DEFINITIONAL_REPRESENTATION('',(#3875),#3879);
#3875 = LINE('',#3876,#3877);
#3876 = CARTESIAN_POINT('',(6.28318530718,-0.));
#3877 = VECTOR('',#3878,1.);
#3878 = DIRECTION('',(0.,1.));
#3879 = ( GEOMETRIC_REPRESENTATION_CONTEXT(2) 
PARAMETRIC_REPRESENTATION_CONTEXT() REPRESENTATION_CONTEXT('2D SPACE',''
  ) );
#3880 = PCURVE('',#3841,#3881);
#3881 = DEFINITIONAL_REPRESENTATION('',(#3882),#3886);
#3882 = LINE('',#3883,#3884);
#3883 = CARTESIAN_POINT('',(0.,-0.));
#3884 = VECTOR('',#3885,1.);
#3885 = DIRECTION('',(0.,1.));
#3886 = ( GEOMETRIC_REPRESENTATION_CONTEXT(2) 
PARAMETRIC_REPRESENTATION_CONTEXT() REPRESENTATION_CONTEXT('2D SPACE',''
  ) );
#3887 = ORIENTED_EDGE('',*,*,#3888,.T.);
#3888 = EDGE_CURVE('',#3866,#3866,#3889,.T.);
#3889 = SURFACE_CURVE('',#3890,(#3895,#3902),.PCURVE_S1.);
#3890 = CIRCLE('',#3891,2.3);
#3891 = AXIS2_PLACEMENT_3D('',#3892,#3893,#3894);
#3892 = CARTESIAN_POINT('',(42.4,35.4,11.));
#3893 = DIRECTION('',(0.,0.,1.));
#3894 = DIRECTION('',(1.,0.,-0.));
#3895 = PCURVE('',#3841,#3896);
#3896 = DEFINITIONAL_REPRESENTATION('',(#3897),#3901);
#3897 = LINE('',#3898,#3899);
#3898 = CARTESIAN_POINT('',(0.,0.));
#3899 = VECTOR('',#3900,1.);
#3900 = DIRECTION('',(1.,0.));
#3901 = ( GEOMETRIC_REPRESENTATION_CONTEXT(2) 
PARAMETRIC_REPRESENTATION_CONTEXT() REPRESENTATION_CONTEXT('2D SPACE',''
  ) );
#3902 = PCURVE('',#3903,#3908);
#3903 = PLANE('',#3904);
#3904 = AXIS2_PLACEMENT_3D('',#3905,#3906,#3907);
#3905 = CARTESIAN_POINT('',(42.4,35.4,11.));
#3906 = DIRECTION('',(0.,0.,1.));
#3907 = DIRECTION('',(1.,0.,-0.));
#3908 = DEFINITIONAL_REPRESENTATION('',(#3909),#3913);
#3909 = CIRCLE('',#3910,2.3);
#3910 = AXIS2_PLACEMENT_2D('',#3911,#3912);
#3911 = CARTESIAN_POINT('',(0.,0.));
#3912 = DIRECTION('',(1.,0.));
#3913 = ( GEOMETRIC_REPRESENTATION_CONTEXT(2) 
PARAMETRIC_REPRESENTATION_CONTEXT() REPRESENTATION_CONTEXT('2D SPACE',''
  ) );
#3914 = ORIENTED_EDGE('',*,*,#3865,.T.);
#3915 = ADVANCED_FACE('',(#3916,#3919),#3853,.T.);
#3916 = FACE_BOUND('',#3917,.T.);
#3917 = EDGE_LOOP('',(#3918));
#3918 = ORIENTED_EDGE('',*,*,#3831,.T.);
#3919 = FACE_BOUND('',#3920,.T.);
#3920 = EDGE_LOOP('',(#3921));
#3921 = ORIENTED_EDGE('',*,*,#3922,.F.);
#3922 = EDGE_CURVE('',#3923,#3923,#3925,.T.);
#3923 = VERTEX_POINT('',#3924);
#3924 = CARTESIAN_POINT('',(43.91,35.4,16.));
#3925 = SURFACE_CURVE('',#3926,(#3931,#3938),.PCURVE_S1.);
#3926 = CIRCLE('',#3927,1.51);
#3927 = AXIS2_PLACEMENT_3D('',#3928,#3929,#3930);
#3928 = CARTESIAN_POINT('',(42.4,35.4,16.));
#3929 = DIRECTION('',(0.,0.,1.));
#3930 = DIRECTION('',(1.,0.,-0.));
#3931 = PCURVE('',#3853,#3932);
#3932 = DEFINITIONAL_REPRESENTATION('',(#3933),#3937);
#3933 = CIRCLE('',#3934,1.51);
#3934 = AXIS2_PLACEMENT_2D('',#3935,#3936);
#3935 = CARTESIAN_POINT('',(0.,0.));
#3936 = DIRECTION('',(1.,0.));
#3937 = ( GEOMETRIC_REPRESENTATION_CONTEXT(2) 
PARAMETRIC_REPRESENTATION_CONTEXT() REPRESENTATION_CONTEXT('2D SPACE',''
  ) );
#3938 = PCURVE('',#3939,#3944);
#3939 = CYLINDRICAL_SURFACE('',#3940,1.51);
#3940 = AXIS2_PLACEMENT_3D('',#3941,#3942,#3943);
#3941 = CARTESIAN_POINT('',(42.4,35.4,10.9));
#3942 = DIRECTION('',(0.,0.,1.));
#3943 = DIRECTION('',(1.,0.,-0.));
#3944 = DEFINITIONAL_REPRESENTATION('',(#3945),#3949);
#3945 = LINE('',#3946,#3947);
#3946 = CARTESIAN_POINT('',(0.,5.1));
#3947 = VECTOR('',#3948,1.);
#3948 = DIRECTION('',(1.,0.));
#3949 = ( GEOMETRIC_REPRESENTATION_CONTEXT(2) 
PARAMETRIC_REPRESENTATION_CONTEXT() REPRESENTATION_CONTEXT('2D SPACE',''
  ) );
#3950 = ADVANCED_FACE('',(#3951,#3954),#3903,.F.);
#3951 = FACE_BOUND('',#3952,.F.);
#3952 = EDGE_LOOP('',(#3953));
#3953 = ORIENTED_EDGE('',*,*,#3888,.T.);
#3954 = FACE_BOUND('',#3955,.F.);
#3955 = EDGE_LOOP('',(#3956));
#3956 = ORIENTED_EDGE('',*,*,#3957,.F.);
#3957 = EDGE_CURVE('',#3958,#3958,#3960,.T.);
#3958 = VERTEX_POINT('',#3959);
#3959 = CARTESIAN_POINT('',(43.91,35.4,11.));
#3960 = SURFACE_CURVE('',#3961,(#3966,#3973),.PCURVE_S1.);
#3961 = CIRCLE('',#3962,1.51);
#3962 = AXIS2_PLACEMENT_3D('',#3963,#3964,#3965);
#3963 = CARTESIAN_POINT('',(42.4,35.4,11.));
#3964 = DIRECTION('',(0.,0.,1.));
#3965 = DIRECTION('',(1.,0.,-0.));
#3966 = PCURVE('',#3903,#3967);
#3967 = DEFINITIONAL_REPRESENTATION('',(#3968),#3972);
#3968 = CIRCLE('',#3969,1.51);
#3969 = AXIS2_PLACEMENT_2D('',#3970,#3971);
#3970 = CARTESIAN_POINT('',(0.,0.));
#3971 = DIRECTION('',(1.,0.));
#3972 = ( GEOMETRIC_REPRESENTATION_CONTEXT(2) 
PARAMETRIC_REPRESENTATION_CONTEXT() REPRESENTATION_CONTEXT('2D SPACE',''
  ) );
#3973 = PCURVE('',#3939,#3974);
#3974 = DEFINITIONAL_REPRESENTATION('',(#3975),#3979);
#3975 = LINE('',#3976,#3977);
#3976 = CARTESIAN_POINT('',(0.,1.E-01));
#3977 = VECTOR('',#3978,1.);
#3978 = DIRECTION('',(1.,0.));
#3979 = ( GEOMETRIC_REPRESENTATION_CONTEXT(2) 
PARAMETRIC_REPRESENTATION_CONTEXT() REPRESENTATION_CONTEXT('2D SPACE',''
  ) );
#3980 = ADVANCED_FACE('',(#3981),#3939,.F.);
#3981 = FACE_BOUND('',#3982,.F.);
#3982 = EDGE_LOOP('',(#3983,#3984,#4005,#4006));
#3983 = ORIENTED_EDGE('',*,*,#3922,.F.);
#3984 = ORIENTED_EDGE('',*,*,#3985,.F.);
#3985 = EDGE_CURVE('',#3958,#3923,#3986,.T.);
#3986 = SEAM_CURVE('',#3987,(#3991,#3998),.PCURVE_S1.);
#3987 = LINE('',#3988,#3989);
#3988 = CARTESIAN_POINT('',(43.91,35.4,10.9));
#3989 = VECTOR('',#3990,1.);
#3990 = DIRECTION('',(0.,0.,1.));
#3991 = PCURVE('',#3939,#3992);
#3992 = DEFINITIONAL_REPRESENTATION('',(#3993),#3997);
#3993 = LINE('',#3994,#3995);
#3994 = CARTESIAN_POINT('',(6.28318530718,-0.));
#3995 = VECTOR('',#3996,1.);
#3996 = DIRECTION('',(0.,1.));
#3997 = ( GEOMETRIC_REPRESENTATION_CONTEXT(2) 
PARAMETRIC_REPRESENTATION_CONTEXT() REPRESENTATION_CONTEXT('2D SPACE',''
  ) );
#3998 = PCURVE('',#3939,#3999);
#3999 = DEFINITIONAL_REPRESENTATION('',(#4000),#4004);
#4000 = LINE('',#4001,#4002);
#4001 = CARTESIAN_POINT('',(0.,-0.));
#4002 = VECTOR('',#4003,1.);
#4003 = DIRECTION('',(0.,1.));
#4004 = ( GEOMETRIC_REPRESENTATION_CONTEXT(2) 
PARAMETRIC_REPRESENTATION_CONTEXT() REPRESENTATION_CONTEXT('2D SPACE',''
  ) );
#4005 = ORIENTED_EDGE('',*,*,#3957,.T.);
#4006 = ORIENTED_EDGE('',*,*,#3985,.T.);
#4007 = ( GEOMETRIC_REPRESENTATION_CONTEXT(3) 
GLOBAL_UNCERTAINTY_ASSIGNED_CONTEXT((#4011)) 
GLOBAL_UNIT_ASSIGNED_CONTEXT((#4008,#4009,#4010)) REPRESENTATION_CONTEXT
('Context #1','3D Context with UNIT and UNCERTAINTY') );
#4008 = ( LENGTH_UNIT() NAMED_UNIT(*) SI_UNIT(.MILLI.,.METRE.) );
#4009 = ( NAMED_UNIT(*) PLANE_ANGLE_UNIT() SI_UNIT($,.RADIAN.) );
#4010 = ( NAMED_UNIT(*) SI_UNIT($,.STERADIAN.) SOLID_ANGLE_UNIT() );
#4011 = UNCERTAINTY_MEASURE_WITH_UNIT(LENGTH_MEASURE(1.E-07),#4008,
  'distance_accuracy_value','confusion accuracy');
#4012 = CONTEXT_DEPENDENT_SHAPE_REPRESENTATION(#4013,#4015);
#4013 = ( REPRESENTATION_RELATIONSHIP('','',#3824,#10) 
REPRESENTATION_RELATIONSHIP_WITH_TRANSFORMATION(#4014) 
SHAPE_REPRESENTATION_RELATIONSHIP() );
#4014 = ITEM_DEFINED_TRANSFORMATION('','',#11,#79);
#4015 = PRODUCT_DEFINITION_SHAPE('Placement','Placement of an item',
  #4016);
#4016 = NEXT_ASSEMBLY_USAGE_OCCURRENCE('17','=>[0:1:1:18]','',#5,#3819,$
  );
#4017 = PRODUCT_RELATED_PRODUCT_CATEGORY('part',$,(#3821));
#4018 = SHAPE_DEFINITION_REPRESENTATION(#4019,#4025);
#4019 = PRODUCT_DEFINITION_SHAPE('','',#4020);
#4020 = PRODUCT_DEFINITION('design','',#4021,#4024);
#4021 = PRODUCT_DEFINITION_FORMATION('','',#4022);
#4022 = PRODUCT('COMPOUND','COMPOUND','',(#4023));
#4023 = PRODUCT_CONTEXT('',#2,'mechanical');
#4024 = PRODUCT_DEFINITION_CONTEXT('part definition',#2,'design');
#4025 = ADVANCED_BREP_SHAPE_REPRESENTATION('',(#11,#4026),#4208);
#4026 = MANIFOLD_SOLID_BREP('',#4027);
#4027 = CLOSED_SHELL('',(#4028,#4116,#4151,#4181));
#4028 = ADVANCED_FACE('',(#4029),#4042,.T.);
#4029 = FACE_BOUND('',#4030,.T.);
#4030 = EDGE_LOOP('',(#4031,#4065,#4088,#4115));
#4031 = ORIENTED_EDGE('',*,*,#4032,.F.);
#4032 = EDGE_CURVE('',#4033,#4033,#4035,.T.);
#4033 = VERTEX_POINT('',#4034);
#4034 = CARTESIAN_POINT('',(44.7,-35.4,16.));
#4035 = SURFACE_CURVE('',#4036,(#4041,#4053),.PCURVE_S1.);
#4036 = CIRCLE('',#4037,2.3);
#4037 = AXIS2_PLACEMENT_3D('',#4038,#4039,#4040);
#4038 = CARTESIAN_POINT('',(42.4,-35.4,16.));
#4039 = DIRECTION('',(0.,0.,1.));
#4040 = DIRECTION('',(1.,0.,-0.));
#4041 = PCURVE('',#4042,#4047);
#4042 = CYLINDRICAL_SURFACE('',#4043,2.3);
#4043 = AXIS2_PLACEMENT_3D('',#4044,#4045,#4046);
#4044 = CARTESIAN_POINT('',(42.4,-35.4,11.));
#4045 = DIRECTION('',(0.,0.,1.));
#4046 = DIRECTION('',(1.,0.,-0.));
#4047 = DEFINITIONAL_REPRESENTATION('',(#4048),#4052);
#4048 = LINE('',#4049,#4050);
#4049 = CARTESIAN_POINT('',(0.,5.));
#4050 = VECTOR('',#4051,1.);
#4051 = DIRECTION('',(1.,0.));
#4052 = ( GEOMETRIC_REPRESENTATION_CONTEXT(2) 
PARAMETRIC_REPRESENTATION_CONTEXT() REPRESENTATION_CONTEXT('2D SPACE',''
  ) );
#4053 = PCURVE('',#4054,#4059);
#4054 = PLANE('',#4055);
#4055 = AXIS2_PLACEMENT_3D('',#4056,#4057,#4058);
#4056 = CARTESIAN_POINT('',(42.4,-35.4,16.));
#4057 = DIRECTION('',(0.,0.,1.));
#4058 = DIRECTION('',(1.,0.,-0.));
#4059 = DEFINITIONAL_REPRESENTATION('',(#4060),#4064);
#4060 = CIRCLE('',#4061,2.3);
#4061 = AXIS2_PLACEMENT_2D('',#4062,#4063);
#4062 = CARTESIAN_POINT('',(0.,0.));
#4063 = DIRECTION('',(1.,0.));
#4064 = ( GEOMETRIC_REPRESENTATION_CONTEXT(2) 
PARAMETRIC_REPRESENTATION_CONTEXT() REPRESENTATION_CONTEXT('2D SPACE',''
  ) );
#4065 = ORIENTED_EDGE('',*,*,#4066,.F.);
#4066 = EDGE_CURVE('',#4067,#4033,#4069,.T.);
#4067 = VERTEX_POINT('',#4068);
#4068 = CARTESIAN_POINT('',(44.7,-35.4,11.));
#4069 = SEAM_CURVE('',#4070,(#4074,#4081),.PCURVE_S1.);
#4070 = LINE('',#4071,#4072);
#4071 = CARTESIAN_POINT('',(44.7,-35.4,11.));
#4072 = VECTOR('',#4073,1.);
#4073 = DIRECTION('',(0.,0.,1.));
#4074 = PCURVE('',#4042,#4075);
#4075 = DEFINITIONAL_REPRESENTATION('',(#4076),#4080);
#4076 = LINE('',#4077,#4078);
#4077 = CARTESIAN_POINT('',(6.28318530718,-0.));
#4078 = VECTOR('',#4079,1.);
#4079 = DIRECTION('',(0.,1.));
#4080 = ( GEOMETRIC_REPRESENTATION_CONTEXT(2) 
PARAMETRIC_REPRESENTATION_CONTEXT() REPRESENTATION_CONTEXT('2D SPACE',''
  ) );
#4081 = PCURVE('',#4042,#4082);
#4082 = DEFINITIONAL_REPRESENTATION('',(#4083),#4087);
#4083 = LINE('',#4084,#4085);
#4084 = CARTESIAN_POINT('',(0.,-0.));
#4085 = VECTOR('',#4086,1.);
#4086 = DIRECTION('',(0.,1.));
#4087 = ( GEOMETRIC_REPRESENTATION_CONTEXT(2) 
PARAMETRIC_REPRESENTATION_CONTEXT() REPRESENTATION_CONTEXT('2D SPACE',''
  ) );
#4088 = ORIENTED_EDGE('',*,*,#4089,.T.);
#4089 = EDGE_CURVE('',#4067,#4067,#4090,.T.);
#4090 = SURFACE_CURVE('',#4091,(#4096,#4103),.PCURVE_S1.);
#4091 = CIRCLE('',#4092,2.3);
#4092 = AXIS2_PLACEMENT_3D('',#4093,#4094,#4095);
#4093 = CARTESIAN_POINT('',(42.4,-35.4,11.));
#4094 = DIRECTION('',(0.,0.,1.));
#4095 = DIRECTION('',(1.,0.,-0.));
#4096 = PCURVE('',#4042,#4097);
#4097 = DEFINITIONAL_REPRESENTATION('',(#4098),#4102);
#4098 = LINE('',#4099,#4100);
#4099 = CARTESIAN_POINT('',(0.,0.));
#4100 = VECTOR('',#4101,1.);
#4101 = DIRECTION('',(1.,0.));
#4102 = ( GEOMETRIC_REPRESENTATION_CONTEXT(2) 
PARAMETRIC_REPRESENTATION_CONTEXT() REPRESENTATION_CONTEXT('2D SPACE',''
  ) );
#4103 = PCURVE('',#4104,#4109);
#4104 = PLANE('',#4105);
#4105 = AXIS2_PLACEMENT_3D('',#4106,#4107,#4108);
#4106 = CARTESIAN_POINT('',(42.4,-35.4,11.));
#4107 = DIRECTION('',(0.,0.,1.));
#4108 = DIRECTION('',(1.,0.,-0.));
#4109 = DEFINITIONAL_REPRESENTATION('',(#4110),#4114);
#4110 = CIRCLE('',#4111,2.3);
#4111 = AXIS2_PLACEMENT_2D('',#4112,#4113);
#4112 = CARTESIAN_POINT('',(0.,0.));
#4113 = DIRECTION('',(1.,0.));
#4114 = ( GEOMETRIC_REPRESENTATION_CONTEXT(2) 
PARAMETRIC_REPRESENTATION_CONTEXT() REPRESENTATION_CONTEXT('2D SPACE',''
  ) );
#4115 = ORIENTED_EDGE('',*,*,#4066,.T.);
#4116 = ADVANCED_FACE('',(#4117,#4120),#4054,.T.);
#4117 = FACE_BOUND('',#4118,.T.);
#4118 = EDGE_LOOP('',(#4119));
#4119 = ORIENTED_EDGE('',*,*,#4032,.T.);
#4120 = FACE_BOUND('',#4121,.T.);
#4121 = EDGE_LOOP('',(#4122));
#4122 = ORIENTED_EDGE('',*,*,#4123,.F.);
#4123 = EDGE_CURVE('',#4124,#4124,#4126,.T.);
#4124 = VERTEX_POINT('',#4125);
#4125 = CARTESIAN_POINT('',(43.91,-35.4,16.));
#4126 = SURFACE_CURVE('',#4127,(#4132,#4139),.PCURVE_S1.);
#4127 = CIRCLE('',#4128,1.51);
#4128 = AXIS2_PLACEMENT_3D('',#4129,#4130,#4131);
#4129 = CARTESIAN_POINT('',(42.4,-35.4,16.));
#4130 = DIRECTION('',(0.,0.,1.));
#4131 = DIRECTION('',(1.,0.,-0.));
#4132 = PCURVE('',#4054,#4133);
#4133 = DEFINITIONAL_REPRESENTATION('',(#4134),#4138);
#4134 = CIRCLE('',#4135,1.51);
#4135 = AXIS2_PLACEMENT_2D('',#4136,#4137);
#4136 = CARTESIAN_POINT('',(0.,0.));
#4137 = DIRECTION('',(1.,0.));
#4138 = ( GEOMETRIC_REPRESENTATION_CONTEXT(2) 
PARAMETRIC_REPRESENTATION_CONTEXT() REPRESENTATION_CONTEXT('2D SPACE',''
  ) );
#4139 = PCURVE('',#4140,#4145);
#4140 = CYLINDRICAL_SURFACE('',#4141,1.51);
#4141 = AXIS2_PLACEMENT_3D('',#4142,#4143,#4144);
#4142 = CARTESIAN_POINT('',(42.4,-35.4,10.9));
#4143 = DIRECTION('',(0.,0.,1.));
#4144 = DIRECTION('',(1.,0.,-0.));
#4145 = DEFINITIONAL_REPRESENTATION('',(#4146),#4150);
#4146 = LINE('',#4147,#4148);
#4147 = CARTESIAN_POINT('',(0.,5.1));
#4148 = VECTOR('',#4149,1.);
#4149 = DIRECTION('',(1.,0.));
#4150 = ( GEOMETRIC_REPRESENTATION_CONTEXT(2) 
PARAMETRIC_REPRESENTATION_CONTEXT() REPRESENTATION_CONTEXT('2D SPACE',''
  ) );
#4151 = ADVANCED_FACE('',(#4152,#4155),#4104,.F.);
#4152 = FACE_BOUND('',#4153,.F.);
#4153 = EDGE_LOOP('',(#4154));
#4154 = ORIENTED_EDGE('',*,*,#4089,.T.);
#4155 = FACE_BOUND('',#4156,.F.);
#4156 = EDGE_LOOP('',(#4157));
#4157 = ORIENTED_EDGE('',*,*,#4158,.F.);
#4158 = EDGE_CURVE('',#4159,#4159,#4161,.T.);
#4159 = VERTEX_POINT('',#4160);
#4160 = CARTESIAN_POINT('',(43.91,-35.4,11.));
#4161 = SURFACE_CURVE('',#4162,(#4167,#4174),.PCURVE_S1.);
#4162 = CIRCLE('',#4163,1.51);
#4163 = AXIS2_PLACEMENT_3D('',#4164,#4165,#4166);
#4164 = CARTESIAN_POINT('',(42.4,-35.4,11.));
#4165 = DIRECTION('',(0.,0.,1.));
#4166 = DIRECTION('',(1.,0.,-0.));
#4167 = PCURVE('',#4104,#4168);
#4168 = DEFINITIONAL_REPRESENTATION('',(#4169),#4173);
#4169 = CIRCLE('',#4170,1.51);
#4170 = AXIS2_PLACEMENT_2D('',#4171,#4172);
#4171 = CARTESIAN_POINT('',(0.,0.));
#4172 = DIRECTION('',(1.,0.));
#4173 = ( GEOMETRIC_REPRESENTATION_CONTEXT(2) 
PARAMETRIC_REPRESENTATION_CONTEXT() REPRESENTATION_CONTEXT('2D SPACE',''
  ) );
#4174 = PCURVE('',#4140,#4175);
#4175 = DEFINITIONAL_REPRESENTATION('',(#4176),#4180);
#4176 = LINE('',#4177,#4178);
#4177 = CARTESIAN_POINT('',(0.,1.E-01));
#4178 = VECTOR('',#4179,1.);
#4179 = DIRECTION('',(1.,0.));
#4180 = ( GEOMETRIC_REPRESENTATION_CONTEXT(2) 
PARAMETRIC_REPRESENTATION_CONTEXT() REPRESENTATION_CONTEXT('2D SPACE',''
  ) );
#4181 = ADVANCED_FACE('',(#4182),#4140,.F.);
#4182 = FACE_BOUND('',#4183,.F.);
#4183 = EDGE_LOOP('',(#4184,#4185,#4206,#4207));
#4184 = ORIENTED_EDGE('',*,*,#4123,.F.);
#4185 = ORIENTED_EDGE('',*,*,#4186,.F.);
#4186 = EDGE_CURVE('',#4159,#4124,#4187,.T.);
#4187 = SEAM_CURVE('',#4188,(#4192,#4199),.PCURVE_S1.);
#4188 = LINE('',#4189,#4190);
#4189 = CARTESIAN_POINT('',(43.91,-35.4,10.9));
#4190 = VECTOR('',#4191,1.);
#4191 = DIRECTION('',(0.,0.,1.));
#4192 = PCURVE('',#4140,#4193);
#4193 = DEFINITIONAL_REPRESENTATION('',(#4194),#4198);
#4194 = LINE('',#4195,#4196);
#4195 = CARTESIAN_POINT('',(6.28318530718,-0.));
#4196 = VECTOR('',#4197,1.);
#4197 = DIRECTION('',(0.,1.));
#4198 = ( GEOMETRIC_REPRESENTATION_CONTEXT(2) 
PARAMETRIC_REPRESENTATION_CONTEXT() REPRESENTATION_CONTEXT('2D SPACE',''
  ) );
#4199 = PCURVE('',#4140,#4200);
#4200 = DEFINITIONAL_REPRESENTATION('',(#4201),#4205);
#4201 = LINE('',#4202,#4203);
#4202 = CARTESIAN_POINT('',(0.,-0.));
#4203 = VECTOR('',#4204,1.);
#4204 = DIRECTION('',(0.,1.));
#4205 = ( GEOMETRIC_REPRESENTATION_CONTEXT(2) 
PARAMETRIC_REPRESENTATION_CONTEXT() REPRESENTATION_CONTEXT('2D SPACE',''
  ) );
#4206 = ORIENTED_EDGE('',*,*,#4158,.T.);
#4207 = ORIENTED_EDGE('',*,*,#4186,.T.);
#4208 = ( GEOMETRIC_REPRESENTATION_CONTEXT(3) 
GLOBAL_UNCERTAINTY_ASSIGNED_CONTEXT((#4212)) 
GLOBAL_UNIT_ASSIGNED_CONTEXT((#4209,#4210,#4211)) REPRESENTATION_CONTEXT
('Context #1','3D Context with UNIT and UNCERTAINTY') );
#4209 = ( LENGTH_UNIT() NAMED_UNIT(*) SI_UNIT(.MILLI.,.METRE.) );
#4210 = ( NAMED_UNIT(*) PLANE_ANGLE_UNIT() SI_UNIT($,.RADIAN.) );
#4211 = ( NAMED_UNIT(*) SI_UNIT($,.STERADIAN.) SOLID_ANGLE_UNIT() );
#4212 = UNCERTAINTY_MEASURE_WITH_UNIT(LENGTH_MEASURE(1.E-07),#4209,
  'distance_accuracy_value','confusion accuracy');
#4213 = CONTEXT_DEPENDENT_SHAPE_REPRESENTATION(#4214,#4216);
#4214 = ( REPRESENTATION_RELATIONSHIP('','',#4025,#10) 
REPRESENTATION_RELATIONSHIP_WITH_TRANSFORMATION(#4215) 
SHAPE_REPRESENTATION_RELATIONSHIP() );
#4215 = ITEM_DEFINED_TRANSFORMATION('','',#11,#83);
#4216 = PRODUCT_DEFINITION_SHAPE('Placement','Placement of an item',
  #4217);
#4217 = NEXT_ASSEMBLY_USAGE_OCCURRENCE('18','=>[0:1:1:19]','',#5,#4020,$
  );
#4218 = PRODUCT_RELATED_PRODUCT_CATEGORY('part',$,(#4022));
#4219 = SHAPE_DEFINITION_REPRESENTATION(#4220,#4226);
#4220 = PRODUCT_DEFINITION_SHAPE('','',#4221);
#4221 = PRODUCT_DEFINITION('design','',#4222,#4225);
#4222 = PRODUCT_DEFINITION_FORMATION('','',#4223);
#4223 = PRODUCT('COMPOUND','COMPOUND','',(#4224));
#4224 = PRODUCT_CONTEXT('',#2,'mechanical');
#4225 = PRODUCT_DEFINITION_CONTEXT('part definition',#2,'design');
#4226 = ADVANCED_BREP_SHAPE_REPRESENTATION('',(#11,#4227),#4409);
#4227 = MANIFOLD_SOLID_BREP('',#4228);
#4228 = CLOSED_SHELL('',(#4229,#4317,#4352,#4382));
#4229 = ADVANCED_FACE('',(#4230),#4243,.T.);
#4230 = FACE_BOUND('',#4231,.T.);
#4231 = EDGE_LOOP('',(#4232,#4266,#4289,#4316));
#4232 = ORIENTED_EDGE('',*,*,#4233,.F.);
#4233 = EDGE_CURVE('',#4234,#4234,#4236,.T.);
#4234 = VERTEX_POINT('',#4235);
#4235 = CARTESIAN_POINT('',(-27.7,-40.,32.));
#4236 = SURFACE_CURVE('',#4237,(#4242,#4254),.PCURVE_S1.);
#4237 = CIRCLE('',#4238,2.3);
#4238 = AXIS2_PLACEMENT_3D('',#4239,#4240,#4241);
#4239 = CARTESIAN_POINT('',(-30.,-40.,32.));
#4240 = DIRECTION('',(0.,0.,1.));
#4241 = DIRECTION('',(1.,0.,-0.));
#4242 = PCURVE('',#4243,#4248);
#4243 = CYLINDRICAL_SURFACE('',#4244,2.3);
#4244 = AXIS2_PLACEMENT_3D('',#4245,#4246,#4247);
#4245 = CARTESIAN_POINT('',(-30.,-40.,27.));
#4246 = DIRECTION('',(0.,0.,1.));
#4247 = DIRECTION('',(1.,0.,-0.));
#4248 = DEFINITIONAL_REPRESENTATION('',(#4249),#4253);
#4249 = LINE('',#4250,#4251);
#4250 = CARTESIAN_POINT('',(0.,5.));
#4251 = VECTOR('',#4252,1.);
#4252 = DIRECTION('',(1.,0.));
#4253 = ( GEOMETRIC_REPRESENTATION_CONTEXT(2) 
PARAMETRIC_REPRESENTATION_CONTEXT() REPRESENTATION_CONTEXT('2D SPACE',''
  ) );
#4254 = PCURVE('',#4255,#4260);
#4255 = PLANE('',#4256);
#4256 = AXIS2_PLACEMENT_3D('',#4257,#4258,#4259);
#4257 = CARTESIAN_POINT('',(-30.,-40.,32.));
#4258 = DIRECTION('',(0.,0.,1.));
#4259 = DIRECTION('',(1.,0.,-0.));
#4260 = DEFINITIONAL_REPRESENTATION('',(#4261),#4265);
#4261 = CIRCLE('',#4262,2.3);
#4262 = AXIS2_PLACEMENT_2D('',#4263,#4264);
#4263 = CARTESIAN_POINT('',(0.,0.));
#4264 = DIRECTION('',(1.,0.));
#4265 = ( GEOMETRIC_REPRESENTATION_CONTEXT(2) 
PARAMETRIC_REPRESENTATION_CONTEXT() REPRESENTATION_CONTEXT('2D SPACE',''
  ) );
#4266 = ORIENTED_EDGE('',*,*,#4267,.F.);
#4267 = EDGE_CURVE('',#4268,#4234,#4270,.T.);
#4268 = VERTEX_POINT('',#4269);
#4269 = CARTESIAN_POINT('',(-27.7,-40.,27.));
#4270 = SEAM_CURVE('',#4271,(#4275,#4282),.PCURVE_S1.);
#4271 = LINE('',#4272,#4273);
#4272 = CARTESIAN_POINT('',(-27.7,-40.,27.));
#4273 = VECTOR('',#4274,1.);
#4274 = DIRECTION('',(0.,0.,1.));
#4275 = PCURVE('',#4243,#4276);
#4276 = DEFINITIONAL_REPRESENTATION('',(#4277),#4281);
#4277 = LINE('',#4278,#4279);
#4278 = CARTESIAN_POINT('',(6.28318530718,-0.));
#4279 = VECTOR('',#4280,1.);
#4280 = DIRECTION('',(0.,1.));
#4281 = ( GEOMETRIC_REPRESENTATION_CONTEXT(2) 
PARAMETRIC_REPRESENTATION_CONTEXT() REPRESENTATION_CONTEXT('2D SPACE',''
  ) );
#4282 = PCURVE('',#4243,#4283);
#4283 = DEFINITIONAL_REPRESENTATION('',(#4284),#4288);
#4284 = LINE('',#4285,#4286);
#4285 = CARTESIAN_POINT('',(0.,-0.));
#4286 = VECTOR('',#4287,1.);
#4287 = DIRECTION('',(0.,1.));
#4288 = ( GEOMETRIC_REPRESENTATION_CONTEXT(2) 
PARAMETRIC_REPRESENTATION_CONTEXT() REPRESENTATION_CONTEXT('2D SPACE',''
  ) );
#4289 = ORIENTED_EDGE('',*,*,#4290,.T.);
#4290 = EDGE_CURVE('',#4268,#4268,#4291,.T.);
#4291 = SURFACE_CURVE('',#4292,(#4297,#4304),.PCURVE_S1.);
#4292 = CIRCLE('',#4293,2.3);
#4293 = AXIS2_PLACEMENT_3D('',#4294,#4295,#4296);
#4294 = CARTESIAN_POINT('',(-30.,-40.,27.));
#4295 = DIRECTION('',(0.,0.,1.));
#4296 = DIRECTION('',(1.,0.,-0.));
#4297 = PCURVE('',#4243,#4298);
#4298 = DEFINITIONAL_REPRESENTATION('',(#4299),#4303);
#4299 = LINE('',#4300,#4301);
#4300 = CARTESIAN_POINT('',(0.,0.));
#4301 = VECTOR('',#4302,1.);
#4302 = DIRECTION('',(1.,0.));
#4303 = ( GEOMETRIC_REPRESENTATION_CONTEXT(2) 
PARAMETRIC_REPRESENTATION_CONTEXT() REPRESENTATION_CONTEXT('2D SPACE',''
  ) );
#4304 = PCURVE('',#4305,#4310);
#4305 = PLANE('',#4306);
#4306 = AXIS2_PLACEMENT_3D('',#4307,#4308,#4309);
#4307 = CARTESIAN_POINT('',(-30.,-40.,27.));
#4308 = DIRECTION('',(0.,0.,1.));
#4309 = DIRECTION('',(1.,0.,-0.));
#4310 = DEFINITIONAL_REPRESENTATION('',(#4311),#4315);
#4311 = CIRCLE('',#4312,2.3);
#4312 = AXIS2_PLACEMENT_2D('',#4313,#4314);
#4313 = CARTESIAN_POINT('',(0.,0.));
#4314 = DIRECTION('',(1.,0.));
#4315 = ( GEOMETRIC_REPRESENTATION_CONTEXT(2) 
PARAMETRIC_REPRESENTATION_CONTEXT() REPRESENTATION_CONTEXT('2D SPACE',''
  ) );
#4316 = ORIENTED_EDGE('',*,*,#4267,.T.);
#4317 = ADVANCED_FACE('',(#4318,#4321),#4255,.T.);
#4318 = FACE_BOUND('',#4319,.T.);
#4319 = EDGE_LOOP('',(#4320));
#4320 = ORIENTED_EDGE('',*,*,#4233,.T.);
#4321 = FACE_BOUND('',#4322,.T.);
#4322 = EDGE_LOOP('',(#4323));
#4323 = ORIENTED_EDGE('',*,*,#4324,.F.);
#4324 = EDGE_CURVE('',#4325,#4325,#4327,.T.);
#4325 = VERTEX_POINT('',#4326);
#4326 = CARTESIAN_POINT('',(-28.49,-40.,32.));
#4327 = SURFACE_CURVE('',#4328,(#4333,#4340),.PCURVE_S1.);
#4328 = CIRCLE('',#4329,1.51);
#4329 = AXIS2_PLACEMENT_3D('',#4330,#4331,#4332);
#4330 = CARTESIAN_POINT('',(-30.,-40.,32.));
#4331 = DIRECTION('',(0.,0.,1.));
#4332 = DIRECTION('',(1.,0.,-0.));
#4333 = PCURVE('',#4255,#4334);
#4334 = DEFINITIONAL_REPRESENTATION('',(#4335),#4339);
#4335 = CIRCLE('',#4336,1.51);
#4336 = AXIS2_PLACEMENT_2D('',#4337,#4338);
#4337 = CARTESIAN_POINT('',(0.,0.));
#4338 = DIRECTION('',(1.,0.));
#4339 = ( GEOMETRIC_REPRESENTATION_CONTEXT(2) 
PARAMETRIC_REPRESENTATION_CONTEXT() REPRESENTATION_CONTEXT('2D SPACE',''
  ) );
#4340 = PCURVE('',#4341,#4346);
#4341 = CYLINDRICAL_SURFACE('',#4342,1.51);
#4342 = AXIS2_PLACEMENT_3D('',#4343,#4344,#4345);
#4343 = CARTESIAN_POINT('',(-30.,-40.,26.9));
#4344 = DIRECTION('',(0.,0.,1.));
#4345 = DIRECTION('',(1.,0.,-0.));
#4346 = DEFINITIONAL_REPRESENTATION('',(#4347),#4351);
#4347 = LINE('',#4348,#4349);
#4348 = CARTESIAN_POINT('',(0.,5.1));
#4349 = VECTOR('',#4350,1.);
#4350 = DIRECTION('',(1.,0.));
#4351 = ( GEOMETRIC_REPRESENTATION_CONTEXT(2) 
PARAMETRIC_REPRESENTATION_CONTEXT() REPRESENTATION_CONTEXT('2D SPACE',''
  ) );
#4352 = ADVANCED_FACE('',(#4353,#4356),#4305,.F.);
#4353 = FACE_BOUND('',#4354,.F.);
#4354 = EDGE_LOOP('',(#4355));
#4355 = ORIENTED_EDGE('',*,*,#4290,.T.);
#4356 = FACE_BOUND('',#4357,.F.);
#4357 = EDGE_LOOP('',(#4358));
#4358 = ORIENTED_EDGE('',*,*,#4359,.F.);
#4359 = EDGE_CURVE('',#4360,#4360,#4362,.T.);
#4360 = VERTEX_POINT('',#4361);
#4361 = CARTESIAN_POINT('',(-28.49,-40.,27.));
#4362 = SURFACE_CURVE('',#4363,(#4368,#4375),.PCURVE_S1.);
#4363 = CIRCLE('',#4364,1.51);
#4364 = AXIS2_PLACEMENT_3D('',#4365,#4366,#4367);
#4365 = CARTESIAN_POINT('',(-30.,-40.,27.));
#4366 = DIRECTION('',(0.,0.,1.));
#4367 = DIRECTION('',(1.,0.,-0.));
#4368 = PCURVE('',#4305,#4369);
#4369 = DEFINITIONAL_REPRESENTATION('',(#4370),#4374);
#4370 = CIRCLE('',#4371,1.51);
#4371 = AXIS2_PLACEMENT_2D('',#4372,#4373);
#4372 = CARTESIAN_POINT('',(0.,0.));
#4373 = DIRECTION('',(1.,0.));
#4374 = ( GEOMETRIC_REPRESENTATION_CONTEXT(2) 
PARAMETRIC_REPRESENTATION_CONTEXT() REPRESENTATION_CONTEXT('2D SPACE',''
  ) );
#4375 = PCURVE('',#4341,#4376);
#4376 = DEFINITIONAL_REPRESENTATION('',(#4377),#4381);
#4377 = LINE('',#4378,#4379);
#4378 = CARTESIAN_POINT('',(0.,0.1));
#4379 = VECTOR('',#4380,1.);
#4380 = DIRECTION('',(1.,0.));
#4381 = ( GEOMETRIC_REPRESENTATION_CONTEXT(2) 
PARAMETRIC_REPRESENTATION_CONTEXT() REPRESENTATION_CONTEXT('2D SPACE',''
  ) );
#4382 = ADVANCED_FACE('',(#4383),#4341,.F.);
#4383 = FACE_BOUND('',#4384,.F.);
#4384 = EDGE_LOOP('',(#4385,#4386,#4407,#4408));
#4385 = ORIENTED_EDGE('',*,*,#4324,.F.);
#4386 = ORIENTED_EDGE('',*,*,#4387,.F.);
#4387 = EDGE_CURVE('',#4360,#4325,#4388,.T.);
#4388 = SEAM_CURVE('',#4389,(#4393,#4400),.PCURVE_S1.);
#4389 = LINE('',#4390,#4391);
#4390 = CARTESIAN_POINT('',(-28.49,-40.,26.9));
#4391 = VECTOR('',#4392,1.);
#4392 = DIRECTION('',(0.,0.,1.));
#4393 = PCURVE('',#4341,#4394);
#4394 = DEFINITIONAL_REPRESENTATION('',(#4395),#4399);
#4395 = LINE('',#4396,#4397);
#4396 = CARTESIAN_POINT('',(6.28318530718,-0.));
#4397 = VECTOR('',#4398,1.);
#4398 = DIRECTION('',(0.,1.));
#4399 = ( GEOMETRIC_REPRESENTATION_CONTEXT(2) 
PARAMETRIC_REPRESENTATION_CONTEXT() REPRESENTATION_CONTEXT('2D SPACE',''
  ) );
#4400 = PCURVE('',#4341,#4401);
#4401 = DEFINITIONAL_REPRESENTATION('',(#4402),#4406);
#4402 = LINE('',#4403,#4404);
#4403 = CARTESIAN_POINT('',(0.,-0.));
#4404 = VECTOR('',#4405,1.);
#4405 = DIRECTION('',(0.,1.));
#4406 = ( GEOMETRIC_REPRESENTATION_CONTEXT(2) 
PARAMETRIC_REPRESENTATION_CONTEXT() REPRESENTATION_CONTEXT('2D SPACE',''
  ) );
#4407 = ORIENTED_EDGE('',*,*,#4359,.T.);
#4408 = ORIENTED_EDGE('',*,*,#4387,.T.);
#4409 = ( GEOMETRIC_REPRESENTATION_CONTEXT(3) 
GLOBAL_UNCERTAINTY_ASSIGNED_CONTEXT((#4413)) 
GLOBAL_UNIT_ASSIGNED_CONTEXT((#4410,#4411,#4412)) REPRESENTATION_CONTEXT
('Context #1','3D Context with UNIT and UNCERTAINTY') );
#4410 = ( LENGTH_UNIT() NAMED_UNIT(*) SI_UNIT(.MILLI.,.METRE.) );
#4411 = ( NAMED_UNIT(*) PLANE_ANGLE_UNIT() SI_UNIT($,.RADIAN.) );
#4412 = ( NAMED_UNIT(*) SI_UNIT($,.STERADIAN.) SOLID_ANGLE_UNIT() );
#4413 = UNCERTAINTY_MEASURE_WITH_UNIT(LENGTH_MEASURE(1.E-07),#4410,
  'distance_accuracy_value','confusion accuracy');
#4414 = CONTEXT_DEPENDENT_SHAPE_REPRESENTATION(#4415,#4417);
#4415 = ( REPRESENTATION_RELATIONSHIP('','',#4226,#10) 
REPRESENTATION_RELATIONSHIP_WITH_TRANSFORMATION(#4416) 
SHAPE_REPRESENTATION_RELATIONSHIP() );
#4416 = ITEM_DEFINED_TRANSFORMATION('','',#11,#87);
#4417 = PRODUCT_DEFINITION_SHAPE('Placement','Placement of an item',
  #4418);
#4418 = NEXT_ASSEMBLY_USAGE_OCCURRENCE('19','=>[0:1:1:20]','',#5,#4221,$
  );
#4419 = PRODUCT_RELATED_PRODUCT_CATEGORY('part',$,(#4223));
#4420 = SHAPE_DEFINITION_REPRESENTATION(#4421,#4427);
#4421 = PRODUCT_DEFINITION_SHAPE('','',#4422);
#4422 = PRODUCT_DEFINITION('design','',#4423,#4426);
#4423 = PRODUCT_DEFINITION_FORMATION('','',#4424);
#4424 = PRODUCT('COMPOUND','COMPOUND','',(#4425));
#4425 = PRODUCT_CONTEXT('',#2,'mechanical');
#4426 = PRODUCT_DEFINITION_CONTEXT('part definition',#2,'design');
#4427 = ADVANCED_BREP_SHAPE_REPRESENTATION('',(#11,#4428),#4616);
#4428 = MANIFOLD_SOLID_BREP('',#4429);
#4429 = CLOSED_SHELL('',(#4430,#4518,#4522,#4557,#4612));
#4430 = ADVANCED_FACE('',(#4431),#4444,.T.);
#4431 = FACE_BOUND('',#4432,.T.);
#4432 = EDGE_LOOP('',(#4433,#4467,#4490,#4517));
#4433 = ORIENTED_EDGE('',*,*,#4434,.F.);
#4434 = EDGE_CURVE('',#4435,#4435,#4437,.T.);
#4435 = VERTEX_POINT('',#4436);
#4436 = CARTESIAN_POINT('',(-27.25,-40.,37.4));
#4437 = SURFACE_CURVE('',#4438,(#4443,#4455),.PCURVE_S1.);
#4438 = CIRCLE('',#4439,2.75);
#4439 = AXIS2_PLACEMENT_3D('',#4440,#4441,#4442);
#4440 = CARTESIAN_POINT('',(-30.,-40.,37.4));
#4441 = DIRECTION('',(0.,0.,1.));
#4442 = DIRECTION('',(1.,0.,-0.));
#4443 = PCURVE('',#4444,#4449);
#4444 = CYLINDRICAL_SURFACE('',#4445,2.75);
#4445 = AXIS2_PLACEMENT_3D('',#4446,#4447,#4448);
#4446 = CARTESIAN_POINT('',(-30.,-40.,34.4));
#4447 = DIRECTION('',(0.,0.,1.));
#4448 = DIRECTION('',(1.,0.,-0.));
#4449 = DEFINITIONAL_REPRESENTATION('',(#4450),#4454);
#4450 = LINE('',#4451,#4452);
#4451 = CARTESIAN_POINT('',(0.,3.));
#4452 = VECTOR('',#4453,1.);
#4453 = DIRECTION('',(1.,0.));
#4454 = ( GEOMETRIC_REPRESENTATION_CONTEXT(2) 
PARAMETRIC_REPRESENTATION_CONTEXT() REPRESENTATION_CONTEXT('2D SPACE',''
  ) );
#4455 = PCURVE('',#4456,#4461);
#4456 = PLANE('',#4457);
#4457 = AXIS2_PLACEMENT_3D('',#4458,#4459,#4460);
#4458 = CARTESIAN_POINT('',(-30.,-40.,37.4));
#4459 = DIRECTION('',(0.,0.,1.));
#4460 = DIRECTION('',(1.,0.,-0.));
#4461 = DEFINITIONAL_REPRESENTATION('',(#4462),#4466);
#4462 = CIRCLE('',#4463,2.75);
#4463 = AXIS2_PLACEMENT_2D('',#4464,#4465);
#4464 = CARTESIAN_POINT('',(0.,0.));
#4465 = DIRECTION('',(1.,0.));
#4466 = ( GEOMETRIC_REPRESENTATION_CONTEXT(2) 
PARAMETRIC_REPRESENTATION_CONTEXT() REPRESENTATION_CONTEXT('2D SPACE',''
  ) );
#4467 = ORIENTED_EDGE('',*,*,#4468,.F.);
#4468 = EDGE_CURVE('',#4469,#4435,#4471,.T.);
#4469 = VERTEX_POINT('',#4470);
#4470 = CARTESIAN_POINT('',(-27.25,-40.,34.4));
#4471 = SEAM_CURVE('',#4472,(#4476,#4483),.PCURVE_S1.);
#4472 = LINE('',#4473,#4474);
#4473 = CARTESIAN_POINT('',(-27.25,-40.,34.4));
#4474 = VECTOR('',#4475,1.);
#4475 = DIRECTION('',(0.,0.,1.));
#4476 = PCURVE('',#4444,#4477);
#4477 = DEFINITIONAL_REPRESENTATION('',(#4478),#4482);
#4478 = LINE('',#4479,#4480);
#4479 = CARTESIAN_POINT('',(6.28318530718,-0.));
#4480 = VECTOR('',#4481,1.);
#4481 = DIRECTION('',(0.,1.));
#4482 = ( GEOMETRIC_REPRESENTATION_CONTEXT(2) 
PARAMETRIC_REPRESENTATION_CONTEXT() REPRESENTATION_CONTEXT('2D SPACE',''
  ) );
#4483 = PCURVE('',#4444,#4484);
#4484 = DEFINITIONAL_REPRESENTATION('',(#4485),#4489);
#4485 = LINE('',#4486,#4487);
#4486 = CARTESIAN_POINT('',(0.,-0.));
#4487 = VECTOR('',#4488,1.);
#4488 = DIRECTION('',(0.,1.));
#4489 = ( GEOMETRIC_REPRESENTATION_CONTEXT(2) 
PARAMETRIC_REPRESENTATION_CONTEXT() REPRESENTATION_CONTEXT('2D SPACE',''
  ) );
#4490 = ORIENTED_EDGE('',*,*,#4491,.T.);
#4491 = EDGE_CURVE('',#4469,#4469,#4492,.T.);
#4492 = SURFACE_CURVE('',#4493,(#4498,#4505),.PCURVE_S1.);
#4493 = CIRCLE('',#4494,2.75);
#4494 = AXIS2_PLACEMENT_3D('',#4495,#4496,#4497);
#4495 = CARTESIAN_POINT('',(-30.,-40.,34.4));
#4496 = DIRECTION('',(0.,0.,1.));
#4497 = DIRECTION('',(1.,0.,-0.));
#4498 = PCURVE('',#4444,#4499);
#4499 = DEFINITIONAL_REPRESENTATION('',(#4500),#4504);
#4500 = LINE('',#4501,#4502);
#4501 = CARTESIAN_POINT('',(0.,0.));
#4502 = VECTOR('',#4503,1.);
#4503 = DIRECTION('',(1.,0.));
#4504 = ( GEOMETRIC_REPRESENTATION_CONTEXT(2) 
PARAMETRIC_REPRESENTATION_CONTEXT() REPRESENTATION_CONTEXT('2D SPACE',''
  ) );
#4505 = PCURVE('',#4506,#4511);
#4506 = PLANE('',#4507);
#4507 = AXIS2_PLACEMENT_3D('',#4508,#4509,#4510);
#4508 = CARTESIAN_POINT('',(-30.,-40.,34.4));
#4509 = DIRECTION('',(0.,0.,1.));
#4510 = DIRECTION('',(1.,0.,-0.));
#4511 = DEFINITIONAL_REPRESENTATION('',(#4512),#4516);
#4512 = CIRCLE('',#4513,2.75);
#4513 = AXIS2_PLACEMENT_2D('',#4514,#4515);
#4514 = CARTESIAN_POINT('',(0.,0.));
#4515 = DIRECTION('',(1.,0.));
#4516 = ( GEOMETRIC_REPRESENTATION_CONTEXT(2) 
PARAMETRIC_REPRESENTATION_CONTEXT() REPRESENTATION_CONTEXT('2D SPACE',''
  ) );
#4517 = ORIENTED_EDGE('',*,*,#4468,.T.);
#4518 = ADVANCED_FACE('',(#4519),#4456,.T.);
#4519 = FACE_BOUND('',#4520,.T.);
#4520 = EDGE_LOOP('',(#4521));
#4521 = ORIENTED_EDGE('',*,*,#4434,.T.);
#4522 = ADVANCED_FACE('',(#4523,#4526),#4506,.F.);
#4523 = FACE_BOUND('',#4524,.F.);
#4524 = EDGE_LOOP('',(#4525));
#4525 = ORIENTED_EDGE('',*,*,#4491,.T.);
#4526 = FACE_BOUND('',#4527,.F.);
#4527 = EDGE_LOOP('',(#4528));
#4528 = ORIENTED_EDGE('',*,*,#4529,.F.);
#4529 = EDGE_CURVE('',#4530,#4530,#4532,.T.);
#4530 = VERTEX_POINT('',#4531);
#4531 = CARTESIAN_POINT('',(-28.5,-40.,34.4));
#4532 = SURFACE_CURVE('',#4533,(#4538,#4545),.PCURVE_S1.);
#4533 = CIRCLE('',#4534,1.5);
#4534 = AXIS2_PLACEMENT_3D('',#4535,#4536,#4537);
#4535 = CARTESIAN_POINT('',(-30.,-40.,34.4));
#4536 = DIRECTION('',(0.,0.,1.));
#4537 = DIRECTION('',(1.,0.,-0.));
#4538 = PCURVE('',#4506,#4539);
#4539 = DEFINITIONAL_REPRESENTATION('',(#4540),#4544);
#4540 = CIRCLE('',#4541,1.5);
#4541 = AXIS2_PLACEMENT_2D('',#4542,#4543);
#4542 = CARTESIAN_POINT('',(0.,0.));
#4543 = DIRECTION('',(1.,0.));
#4544 = ( GEOMETRIC_REPRESENTATION_CONTEXT(2) 
PARAMETRIC_REPRESENTATION_CONTEXT() REPRESENTATION_CONTEXT('2D SPACE',''
  ) );
#4545 = PCURVE('',#4546,#4551);
#4546 = CYLINDRICAL_SURFACE('',#4547,1.5);
#4547 = AXIS2_PLACEMENT_3D('',#4548,#4549,#4550);
#4548 = CARTESIAN_POINT('',(-30.,-40.,26.4));
#4549 = DIRECTION('',(0.,0.,1.));
#4550 = DIRECTION('',(1.,0.,-0.));
#4551 = DEFINITIONAL_REPRESENTATION('',(#4552),#4556);
#4552 = LINE('',#4553,#4554);
#4553 = CARTESIAN_POINT('',(0.,8.));
#4554 = VECTOR('',#4555,1.);
#4555 = DIRECTION('',(1.,0.));
#4556 = ( GEOMETRIC_REPRESENTATION_CONTEXT(2) 
PARAMETRIC_REPRESENTATION_CONTEXT() REPRESENTATION_CONTEXT('2D SPACE',''
  ) );
#4557 = ADVANCED_FACE('',(#4558),#4546,.T.);
#4558 = FACE_BOUND('',#4559,.T.);
#4559 = EDGE_LOOP('',(#4560,#4561,#4584,#4611));
#4560 = ORIENTED_EDGE('',*,*,#4529,.F.);
#4561 = ORIENTED_EDGE('',*,*,#4562,.F.);
#4562 = EDGE_CURVE('',#4563,#4530,#4565,.T.);
#4563 = VERTEX_POINT('',#4564);
#4564 = CARTESIAN_POINT('',(-28.5,-40.,26.4));
#4565 = SEAM_CURVE('',#4566,(#4570,#4577),.PCURVE_S1.);
#4566 = LINE('',#4567,#4568);
#4567 = CARTESIAN_POINT('',(-28.5,-40.,26.4));
#4568 = VECTOR('',#4569,1.);
#4569 = DIRECTION('',(0.,0.,1.));
#4570 = PCURVE('',#4546,#4571);
#4571 = DEFINITIONAL_REPRESENTATION('',(#4572),#4576);
#4572 = LINE('',#4573,#4574);
#4573 = CARTESIAN_POINT('',(6.28318530718,-0.));
#4574 = VECTOR('',#4575,1.);
#4575 = DIRECTION('',(0.,1.));
#4576 = ( GEOMETRIC_REPRESENTATION_CONTEXT(2) 
PARAMETRIC_REPRESENTATION_CONTEXT() REPRESENTATION_CONTEXT('2D SPACE',''
  ) );
#4577 = PCURVE('',#4546,#4578);
#4578 = DEFINITIONAL_REPRESENTATION('',(#4579),#4583);
#4579 = LINE('',#4580,#4581);
#4580 = CARTESIAN_POINT('',(0.,-0.));
#4581 = VECTOR('',#4582,1.);
#4582 = DIRECTION('',(0.,1.));
#4583 = ( GEOMETRIC_REPRESENTATION_CONTEXT(2) 
PARAMETRIC_REPRESENTATION_CONTEXT() REPRESENTATION_CONTEXT('2D SPACE',''
  ) );
#4584 = ORIENTED_EDGE('',*,*,#4585,.T.);
#4585 = EDGE_CURVE('',#4563,#4563,#4586,.T.);
#4586 = SURFACE_CURVE('',#4587,(#4592,#4599),.PCURVE_S1.);
#4587 = CIRCLE('',#4588,1.5);
#4588 = AXIS2_PLACEMENT_3D('',#4589,#4590,#4591);
#4589 = CARTESIAN_POINT('',(-30.,-40.,26.4));
#4590 = DIRECTION('',(0.,0.,1.));
#4591 = DIRECTION('',(1.,0.,-0.));
#4592 = PCURVE('',#4546,#4593);
#4593 = DEFINITIONAL_REPRESENTATION('',(#4594),#4598);
#4594 = LINE('',#4595,#4596);
#4595 = CARTESIAN_POINT('',(0.,0.));
#4596 = VECTOR('',#4597,1.);
#4597 = DIRECTION('',(1.,0.));
#4598 = ( GEOMETRIC_REPRESENTATION_CONTEXT(2) 
PARAMETRIC_REPRESENTATION_CONTEXT() REPRESENTATION_CONTEXT('2D SPACE',''
  ) );
#4599 = PCURVE('',#4600,#4605);
#4600 = PLANE('',#4601);
#4601 = AXIS2_PLACEMENT_3D('',#4602,#4603,#4604);
#4602 = CARTESIAN_POINT('',(-30.,-40.,26.4));
#4603 = DIRECTION('',(0.,0.,1.));
#4604 = DIRECTION('',(1.,0.,-0.));
#4605 = DEFINITIONAL_REPRESENTATION('',(#4606),#4610);
#4606 = CIRCLE('',#4607,1.5);
#4607 = AXIS2_PLACEMENT_2D('',#4608,#4609);
#4608 = CARTESIAN_POINT('',(0.,0.));
#4609 = DIRECTION('',(1.,0.));
#4610 = ( GEOMETRIC_REPRESENTATION_CONTEXT(2) 
PARAMETRIC_REPRESENTATION_CONTEXT() REPRESENTATION_CONTEXT('2D SPACE',''
  ) );
#4611 = ORIENTED_EDGE('',*,*,#4562,.T.);
#4612 = ADVANCED_FACE('',(#4613),#4600,.F.);
#4613 = FACE_BOUND('',#4614,.T.);
#4614 = EDGE_LOOP('',(#4615));
#4615 = ORIENTED_EDGE('',*,*,#4585,.F.);
#4616 = ( GEOMETRIC_REPRESENTATION_CONTEXT(3) 
GLOBAL_UNCERTAINTY_ASSIGNED_CONTEXT((#4620)) 
GLOBAL_UNIT_ASSIGNED_CONTEXT((#4617,#4618,#4619)) REPRESENTATION_CONTEXT
('Context #1','3D Context with UNIT and UNCERTAINTY') );
#4617 = ( LENGTH_UNIT() NAMED_UNIT(*) SI_UNIT(.MILLI.,.METRE.) );
#4618 = ( NAMED_UNIT(*) PLANE_ANGLE_UNIT() SI_UNIT($,.RADIAN.) );
#4619 = ( NAMED_UNIT(*) SI_UNIT($,.STERADIAN.) SOLID_ANGLE_UNIT() );
#4620 = UNCERTAINTY_MEASURE_WITH_UNIT(LENGTH_MEASURE(1.E-07),#4617,
  'distance_accuracy_value','confusion accuracy');
#4621 = CONTEXT_DEPENDENT_SHAPE_REPRESENTATION(#4622,#4624);
#4622 = ( REPRESENTATION_RELATIONSHIP('','',#4427,#10) 
REPRESENTATION_RELATIONSHIP_WITH_TRANSFORMATION(#4623) 
SHAPE_REPRESENTATION_RELATIONSHIP() );
#4623 = ITEM_DEFINED_TRANSFORMATION('','',#11,#91);
#4624 = PRODUCT_DEFINITION_SHAPE('Placement','Placement of an item',
  #4625);
#4625 = NEXT_ASSEMBLY_USAGE_OCCURRENCE('20','=>[0:1:1:21]','',#5,#4422,$
  );
#4626 = PRODUCT_RELATED_PRODUCT_CATEGORY('part',$,(#4424));
#4627 = SHAPE_DEFINITION_REPRESENTATION(#4628,#4634);
#4628 = PRODUCT_DEFINITION_SHAPE('','',#4629);
#4629 = PRODUCT_DEFINITION('design','',#4630,#4633);
#4630 = PRODUCT_DEFINITION_FORMATION('','',#4631);
#4631 = PRODUCT('COMPOUND','COMPOUND','',(#4632));
#4632 = PRODUCT_CONTEXT('',#2,'mechanical');
#4633 = PRODUCT_DEFINITION_CONTEXT('part definition',#2,'design');
#4634 = ADVANCED_BREP_SHAPE_REPRESENTATION('',(#11,#4635),#4817);
#4635 = MANIFOLD_SOLID_BREP('',#4636);
#4636 = CLOSED_SHELL('',(#4637,#4725,#4760,#4790));
#4637 = ADVANCED_FACE('',(#4638),#4651,.T.);
#4638 = FACE_BOUND('',#4639,.T.);
#4639 = EDGE_LOOP('',(#4640,#4674,#4697,#4724));
#4640 = ORIENTED_EDGE('',*,*,#4641,.F.);
#4641 = EDGE_CURVE('',#4642,#4642,#4644,.T.);
#4642 = VERTEX_POINT('',#4643);
#4643 = CARTESIAN_POINT('',(-27.7,40.,32.));
#4644 = SURFACE_CURVE('',#4645,(#4650,#4662),.PCURVE_S1.);
#4645 = CIRCLE('',#4646,2.3);
#4646 = AXIS2_PLACEMENT_3D('',#4647,#4648,#4649);
#4647 = CARTESIAN_POINT('',(-30.,40.,32.));
#4648 = DIRECTION('',(0.,0.,1.));
#4649 = DIRECTION('',(1.,0.,-0.));
#4650 = PCURVE('',#4651,#4656);
#4651 = CYLINDRICAL_SURFACE('',#4652,2.3);
#4652 = AXIS2_PLACEMENT_3D('',#4653,#4654,#4655);
#4653 = CARTESIAN_POINT('',(-30.,40.,27.));
#4654 = DIRECTION('',(0.,0.,1.));
#4655 = DIRECTION('',(1.,0.,-0.));
#4656 = DEFINITIONAL_REPRESENTATION('',(#4657),#4661);
#4657 = LINE('',#4658,#4659);
#4658 = CARTESIAN_POINT('',(0.,5.));
#4659 = VECTOR('',#4660,1.);
#4660 = DIRECTION('',(1.,0.));
#4661 = ( GEOMETRIC_REPRESENTATION_CONTEXT(2) 
PARAMETRIC_REPRESENTATION_CONTEXT() REPRESENTATION_CONTEXT('2D SPACE',''
  ) );
#4662 = PCURVE('',#4663,#4668);
#4663 = PLANE('',#4664);
#4664 = AXIS2_PLACEMENT_3D('',#4665,#4666,#4667);
#4665 = CARTESIAN_POINT('',(-30.,40.,32.));
#4666 = DIRECTION('',(0.,0.,1.));
#4667 = DIRECTION('',(1.,0.,-0.));
#4668 = DEFINITIONAL_REPRESENTATION('',(#4669),#4673);
#4669 = CIRCLE('',#4670,2.3);
#4670 = AXIS2_PLACEMENT_2D('',#4671,#4672);
#4671 = CARTESIAN_POINT('',(0.,0.));
#4672 = DIRECTION('',(1.,0.));
#4673 = ( GEOMETRIC_REPRESENTATION_CONTEXT(2) 
PARAMETRIC_REPRESENTATION_CONTEXT() REPRESENTATION_CONTEXT('2D SPACE',''
  ) );
#4674 = ORIENTED_EDGE('',*,*,#4675,.F.);
#4675 = EDGE_CURVE('',#4676,#4642,#4678,.T.);
#4676 = VERTEX_POINT('',#4677);
#4677 = CARTESIAN_POINT('',(-27.7,40.,27.));
#4678 = SEAM_CURVE('',#4679,(#4683,#4690),.PCURVE_S1.);
#4679 = LINE('',#4680,#4681);
#4680 = CARTESIAN_POINT('',(-27.7,40.,27.));
#4681 = VECTOR('',#4682,1.);
#4682 = DIRECTION('',(0.,0.,1.));
#4683 = PCURVE('',#4651,#4684);
#4684 = DEFINITIONAL_REPRESENTATION('',(#4685),#4689);
#4685 = LINE('',#4686,#4687);
#4686 = CARTESIAN_POINT('',(6.28318530718,-0.));
#4687 = VECTOR('',#4688,1.);
#4688 = DIRECTION('',(0.,1.));
#4689 = ( GEOMETRIC_REPRESENTATION_CONTEXT(2) 
PARAMETRIC_REPRESENTATION_CONTEXT() REPRESENTATION_CONTEXT('2D SPACE',''
  ) );
#4690 = PCURVE('',#4651,#4691);
#4691 = DEFINITIONAL_REPRESENTATION('',(#4692),#4696);
#4692 = LINE('',#4693,#4694);
#4693 = CARTESIAN_POINT('',(0.,-0.));
#4694 = VECTOR('',#4695,1.);
#4695 = DIRECTION('',(0.,1.));
#4696 = ( GEOMETRIC_REPRESENTATION_CONTEXT(2) 
PARAMETRIC_REPRESENTATION_CONTEXT() REPRESENTATION_CONTEXT('2D SPACE',''
  ) );
#4697 = ORIENTED_EDGE('',*,*,#4698,.T.);
#4698 = EDGE_CURVE('',#4676,#4676,#4699,.T.);
#4699 = SURFACE_CURVE('',#4700,(#4705,#4712),.PCURVE_S1.);
#4700 = CIRCLE('',#4701,2.3);
#4701 = AXIS2_PLACEMENT_3D('',#4702,#4703,#4704);
#4702 = CARTESIAN_POINT('',(-30.,40.,27.));
#4703 = DIRECTION('',(0.,0.,1.));
#4704 = DIRECTION('',(1.,0.,-0.));
#4705 = PCURVE('',#4651,#4706);
#4706 = DEFINITIONAL_REPRESENTATION('',(#4707),#4711);
#4707 = LINE('',#4708,#4709);
#4708 = CARTESIAN_POINT('',(0.,0.));
#4709 = VECTOR('',#4710,1.);
#4710 = DIRECTION('',(1.,0.));
#4711 = ( GEOMETRIC_REPRESENTATION_CONTEXT(2) 
PARAMETRIC_REPRESENTATION_CONTEXT() REPRESENTATION_CONTEXT('2D SPACE',''
  ) );
#4712 = PCURVE('',#4713,#4718);
#4713 = PLANE('',#4714);
#4714 = AXIS2_PLACEMENT_3D('',#4715,#4716,#4717);
#4715 = CARTESIAN_POINT('',(-30.,40.,27.));
#4716 = DIRECTION('',(0.,0.,1.));
#4717 = DIRECTION('',(1.,0.,-0.));
#4718 = DEFINITIONAL_REPRESENTATION('',(#4719),#4723);
#4719 = CIRCLE('',#4720,2.3);
#4720 = AXIS2_PLACEMENT_2D('',#4721,#4722);
#4721 = CARTESIAN_POINT('',(0.,0.));
#4722 = DIRECTION('',(1.,0.));
#4723 = ( GEOMETRIC_REPRESENTATION_CONTEXT(2) 
PARAMETRIC_REPRESENTATION_CONTEXT() REPRESENTATION_CONTEXT('2D SPACE',''
  ) );
#4724 = ORIENTED_EDGE('',*,*,#4675,.T.);
#4725 = ADVANCED_FACE('',(#4726,#4729),#4663,.T.);
#4726 = FACE_BOUND('',#4727,.T.);
#4727 = EDGE_LOOP('',(#4728));
#4728 = ORIENTED_EDGE('',*,*,#4641,.T.);
#4729 = FACE_BOUND('',#4730,.T.);
#4730 = EDGE_LOOP('',(#4731));
#4731 = ORIENTED_EDGE('',*,*,#4732,.F.);
#4732 = EDGE_CURVE('',#4733,#4733,#4735,.T.);
#4733 = VERTEX_POINT('',#4734);
#4734 = CARTESIAN_POINT('',(-28.49,40.,32.));
#4735 = SURFACE_CURVE('',#4736,(#4741,#4748),.PCURVE_S1.);
#4736 = CIRCLE('',#4737,1.51);
#4737 = AXIS2_PLACEMENT_3D('',#4738,#4739,#4740);
#4738 = CARTESIAN_POINT('',(-30.,40.,32.));
#4739 = DIRECTION('',(0.,0.,1.));
#4740 = DIRECTION('',(1.,0.,-0.));
#4741 = PCURVE('',#4663,#4742);
#4742 = DEFINITIONAL_REPRESENTATION('',(#4743),#4747);
#4743 = CIRCLE('',#4744,1.51);
#4744 = AXIS2_PLACEMENT_2D('',#4745,#4746);
#4745 = CARTESIAN_POINT('',(0.,0.));
#4746 = DIRECTION('',(1.,0.));
#4747 = ( GEOMETRIC_REPRESENTATION_CONTEXT(2) 
PARAMETRIC_REPRESENTATION_CONTEXT() REPRESENTATION_CONTEXT('2D SPACE',''
  ) );
#4748 = PCURVE('',#4749,#4754);
#4749 = CYLINDRICAL_SURFACE('',#4750,1.51);
#4750 = AXIS2_PLACEMENT_3D('',#4751,#4752,#4753);
#4751 = CARTESIAN_POINT('',(-30.,40.,26.9));
#4752 = DIRECTION('',(0.,0.,1.));
#4753 = DIRECTION('',(1.,0.,-0.));
#4754 = DEFINITIONAL_REPRESENTATION('',(#4755),#4759);
#4755 = LINE('',#4756,#4757);
#4756 = CARTESIAN_POINT('',(0.,5.1));
#4757 = VECTOR('',#4758,1.);
#4758 = DIRECTION('',(1.,0.));
#4759 = ( GEOMETRIC_REPRESENTATION_CONTEXT(2) 
PARAMETRIC_REPRESENTATION_CONTEXT() REPRESENTATION_CONTEXT('2D SPACE',''
  ) );
#4760 = ADVANCED_FACE('',(#4761,#4764),#4713,.F.);
#4761 = FACE_BOUND('',#4762,.F.);
#4762 = EDGE_LOOP('',(#4763));
#4763 = ORIENTED_EDGE('',*,*,#4698,.T.);
#4764 = FACE_BOUND('',#4765,.F.);
#4765 = EDGE_LOOP('',(#4766));
#4766 = ORIENTED_EDGE('',*,*,#4767,.F.);
#4767 = EDGE_CURVE('',#4768,#4768,#4770,.T.);
#4768 = VERTEX_POINT('',#4769);
#4769 = CARTESIAN_POINT('',(-28.49,40.,27.));
#4770 = SURFACE_CURVE('',#4771,(#4776,#4783),.PCURVE_S1.);
#4771 = CIRCLE('',#4772,1.51);
#4772 = AXIS2_PLACEMENT_3D('',#4773,#4774,#4775);
#4773 = CARTESIAN_POINT('',(-30.,40.,27.));
#4774 = DIRECTION('',(0.,0.,1.));
#4775 = DIRECTION('',(1.,0.,-0.));
#4776 = PCURVE('',#4713,#4777);
#4777 = DEFINITIONAL_REPRESENTATION('',(#4778),#4782);
#4778 = CIRCLE('',#4779,1.51);
#4779 = AXIS2_PLACEMENT_2D('',#4780,#4781);
#4780 = CARTESIAN_POINT('',(0.,0.));
#4781 = DIRECTION('',(1.,0.));
#4782 = ( GEOMETRIC_REPRESENTATION_CONTEXT(2) 
PARAMETRIC_REPRESENTATION_CONTEXT() REPRESENTATION_CONTEXT('2D SPACE',''
  ) );
#4783 = PCURVE('',#4749,#4784);
#4784 = DEFINITIONAL_REPRESENTATION('',(#4785),#4789);
#4785 = LINE('',#4786,#4787);
#4786 = CARTESIAN_POINT('',(0.,0.1));
#4787 = VECTOR('',#4788,1.);
#4788 = DIRECTION('',(1.,0.));
#4789 = ( GEOMETRIC_REPRESENTATION_CONTEXT(2) 
PARAMETRIC_REPRESENTATION_CONTEXT() REPRESENTATION_CONTEXT('2D SPACE',''
  ) );
#4790 = ADVANCED_FACE('',(#4791),#4749,.F.);
#4791 = FACE_BOUND('',#4792,.F.);
#4792 = EDGE_LOOP('',(#4793,#4794,#4815,#4816));
#4793 = ORIENTED_EDGE('',*,*,#4732,.F.);
#4794 = ORIENTED_EDGE('',*,*,#4795,.F.);
#4795 = EDGE_CURVE('',#4768,#4733,#4796,.T.);
#4796 = SEAM_CURVE('',#4797,(#4801,#4808),.PCURVE_S1.);
#4797 = LINE('',#4798,#4799);
#4798 = CARTESIAN_POINT('',(-28.49,40.,26.9));
#4799 = VECTOR('',#4800,1.);
#4800 = DIRECTION('',(0.,0.,1.));
#4801 = PCURVE('',#4749,#4802);
#4802 = DEFINITIONAL_REPRESENTATION('',(#4803),#4807);
#4803 = LINE('',#4804,#4805);
#4804 = CARTESIAN_POINT('',(6.28318530718,-0.));
#4805 = VECTOR('',#4806,1.);
#4806 = DIRECTION('',(0.,1.));
#4807 = ( GEOMETRIC_REPRESENTATION_CONTEXT(2) 
PARAMETRIC_REPRESENTATION_CONTEXT() REPRESENTATION_CONTEXT('2D SPACE',''
  ) );
#4808 = PCURVE('',#4749,#4809);
#4809 = DEFINITIONAL_REPRESENTATION('',(#4810),#4814);
#4810 = LINE('',#4811,#4812);
#4811 = CARTESIAN_POINT('',(0.,-0.));
#4812 = VECTOR('',#4813,1.);
#4813 = DIRECTION('',(0.,1.));
#4814 = ( GEOMETRIC_REPRESENTATION_CONTEXT(2) 
PARAMETRIC_REPRESENTATION_CONTEXT() REPRESENTATION_CONTEXT('2D SPACE',''
  ) );
#4815 = ORIENTED_EDGE('',*,*,#4767,.T.);
#4816 = ORIENTED_EDGE('',*,*,#4795,.T.);
#4817 = ( GEOMETRIC_REPRESENTATION_CONTEXT(3) 
GLOBAL_UNCERTAINTY_ASSIGNED_CONTEXT((#4821)) 
GLOBAL_UNIT_ASSIGNED_CONTEXT((#4818,#4819,#4820)) REPRESENTATION_CONTEXT
('Context #1','3D Context with UNIT and UNCERTAINTY') );
#4818 = ( LENGTH_UNIT() NAMED_UNIT(*) SI_UNIT(.MILLI.,.METRE.) );
#4819 = ( NAMED_UNIT(*) PLANE_ANGLE_UNIT() SI_UNIT($,.RADIAN.) );
#4820 = ( NAMED_UNIT(*) SI_UNIT($,.STERADIAN.) SOLID_ANGLE_UNIT() );
#4821 = UNCERTAINTY_MEASURE_WITH_UNIT(LENGTH_MEASURE(1.E-07),#4818,
  'distance_accuracy_value','confusion accuracy');
#4822 = CONTEXT_DEPENDENT_SHAPE_REPRESENTATION(#4823,#4825);
#4823 = ( REPRESENTATION_RELATIONSHIP('','',#4634,#10) 
REPRESENTATION_RELATIONSHIP_WITH_TRANSFORMATION(#4824) 
SHAPE_REPRESENTATION_RELATIONSHIP() );
#4824 = ITEM_DEFINED_TRANSFORMATION('','',#11,#95);
#4825 = PRODUCT_DEFINITION_SHAPE('Placement','Placement of an item',
  #4826);
#4826 = NEXT_ASSEMBLY_USAGE_OCCURRENCE('21','=>[0:1:1:22]','',#5,#4629,$
  );
#4827 = PRODUCT_RELATED_PRODUCT_CATEGORY('part',$,(#4631));
#4828 = SHAPE_DEFINITION_REPRESENTATION(#4829,#4835);
#4829 = PRODUCT_DEFINITION_SHAPE('','',#4830);
#4830 = PRODUCT_DEFINITION('design','',#4831,#4834);
#4831 = PRODUCT_DEFINITION_FORMATION('','',#4832);
#4832 = PRODUCT('COMPOUND','COMPOUND','',(#4833));
#4833 = PRODUCT_CONTEXT('',#2,'mechanical');
#4834 = PRODUCT_DEFINITION_CONTEXT('part definition',#2,'design');
#4835 = ADVANCED_BREP_SHAPE_REPRESENTATION('',(#11,#4836),#5024);
#4836 = MANIFOLD_SOLID_BREP('',#4837);
#4837 = CLOSED_SHELL('',(#4838,#4926,#4930,#4965,#5020));
#4838 = ADVANCED_FACE('',(#4839),#4852,.T.);
#4839 = FACE_BOUND('',#4840,.T.);
#4840 = EDGE_LOOP('',(#4841,#4875,#4898,#4925));
#4841 = ORIENTED_EDGE('',*,*,#4842,.F.);
#4842 = EDGE_CURVE('',#4843,#4843,#4845,.T.);
#4843 = VERTEX_POINT('',#4844);
#4844 = CARTESIAN_POINT('',(-27.25,40.,37.4));
#4845 = SURFACE_CURVE('',#4846,(#4851,#4863),.PCURVE_S1.);
#4846 = CIRCLE('',#4847,2.75);
#4847 = AXIS2_PLACEMENT_3D('',#4848,#4849,#4850);
#4848 = CARTESIAN_POINT('',(-30.,40.,37.4));
#4849 = DIRECTION('',(0.,0.,1.));
#4850 = DIRECTION('',(1.,0.,-0.));
#4851 = PCURVE('',#4852,#4857);
#4852 = CYLINDRICAL_SURFACE('',#4853,2.75);
#4853 = AXIS2_PLACEMENT_3D('',#4854,#4855,#4856);
#4854 = CARTESIAN_POINT('',(-30.,40.,34.4));
#4855 = DIRECTION('',(0.,0.,1.));
#4856 = DIRECTION('',(1.,0.,-0.));
#4857 = DEFINITIONAL_REPRESENTATION('',(#4858),#4862);
#4858 = LINE('',#4859,#4860);
#4859 = CARTESIAN_POINT('',(0.,3.));
#4860 = VECTOR('',#4861,1.);
#4861 = DIRECTION('',(1.,0.));
#4862 = ( GEOMETRIC_REPRESENTATION_CONTEXT(2) 
PARAMETRIC_REPRESENTATION_CONTEXT() REPRESENTATION_CONTEXT('2D SPACE',''
  ) );
#4863 = PCURVE('',#4864,#4869);
#4864 = PLANE('',#4865);
#4865 = AXIS2_PLACEMENT_3D('',#4866,#4867,#4868);
#4866 = CARTESIAN_POINT('',(-30.,40.,37.4));
#4867 = DIRECTION('',(0.,0.,1.));
#4868 = DIRECTION('',(1.,0.,-0.));
#4869 = DEFINITIONAL_REPRESENTATION('',(#4870),#4874);
#4870 = CIRCLE('',#4871,2.75);
#4871 = AXIS2_PLACEMENT_2D('',#4872,#4873);
#4872 = CARTESIAN_POINT('',(0.,0.));
#4873 = DIRECTION('',(1.,0.));
#4874 = ( GEOMETRIC_REPRESENTATION_CONTEXT(2) 
PARAMETRIC_REPRESENTATION_CONTEXT() REPRESENTATION_CONTEXT('2D SPACE',''
  ) );
#4875 = ORIENTED_EDGE('',*,*,#4876,.F.);
#4876 = EDGE_CURVE('',#4877,#4843,#4879,.T.);
#4877 = VERTEX_POINT('',#4878);
#4878 = CARTESIAN_POINT('',(-27.25,40.,34.4));
#4879 = SEAM_CURVE('',#4880,(#4884,#4891),.PCURVE_S1.);
#4880 = LINE('',#4881,#4882);
#4881 = CARTESIAN_POINT('',(-27.25,40.,34.4));
#4882 = VECTOR('',#4883,1.);
#4883 = DIRECTION('',(0.,0.,1.));
#4884 = PCURVE('',#4852,#4885);
#4885 = DEFINITIONAL_REPRESENTATION('',(#4886),#4890);
#4886 = LINE('',#4887,#4888);
#4887 = CARTESIAN_POINT('',(6.28318530718,-0.));
#4888 = VECTOR('',#4889,1.);
#4889 = DIRECTION('',(0.,1.));
#4890 = ( GEOMETRIC_REPRESENTATION_CONTEXT(2) 
PARAMETRIC_REPRESENTATION_CONTEXT() REPRESENTATION_CONTEXT('2D SPACE',''
  ) );
#4891 = PCURVE('',#4852,#4892);
#4892 = DEFINITIONAL_REPRESENTATION('',(#4893),#4897);
#4893 = LINE('',#4894,#4895);
#4894 = CARTESIAN_POINT('',(0.,-0.));
#4895 = VECTOR('',#4896,1.);
#4896 = DIRECTION('',(0.,1.));
#4897 = ( GEOMETRIC_REPRESENTATION_CONTEXT(2) 
PARAMETRIC_REPRESENTATION_CONTEXT() REPRESENTATION_CONTEXT('2D SPACE',''
  ) );
#4898 = ORIENTED_EDGE('',*,*,#4899,.T.);
#4899 = EDGE_CURVE('',#4877,#4877,#4900,.T.);
#4900 = SURFACE_CURVE('',#4901,(#4906,#4913),.PCURVE_S1.);
#4901 = CIRCLE('',#4902,2.75);
#4902 = AXIS2_PLACEMENT_3D('',#4903,#4904,#4905);
#4903 = CARTESIAN_POINT('',(-30.,40.,34.4));
#4904 = DIRECTION('',(0.,0.,1.));
#4905 = DIRECTION('',(1.,0.,-0.));
#4906 = PCURVE('',#4852,#4907);
#4907 = DEFINITIONAL_REPRESENTATION('',(#4908),#4912);
#4908 = LINE('',#4909,#4910);
#4909 = CARTESIAN_POINT('',(0.,0.));
#4910 = VECTOR('',#4911,1.);
#4911 = DIRECTION('',(1.,0.));
#4912 = ( GEOMETRIC_REPRESENTATION_CONTEXT(2) 
PARAMETRIC_REPRESENTATION_CONTEXT() REPRESENTATION_CONTEXT('2D SPACE',''
  ) );
#4913 = PCURVE('',#4914,#4919);
#4914 = PLANE('',#4915);
#4915 = AXIS2_PLACEMENT_3D('',#4916,#4917,#4918);
#4916 = CARTESIAN_POINT('',(-30.,40.,34.4));
#4917 = DIRECTION('',(0.,0.,1.));
#4918 = DIRECTION('',(1.,0.,-0.));
#4919 = DEFINITIONAL_REPRESENTATION('',(#4920),#4924);
#4920 = CIRCLE('',#4921,2.75);
#4921 = AXIS2_PLACEMENT_2D('',#4922,#4923);
#4922 = CARTESIAN_POINT('',(0.,0.));
#4923 = DIRECTION('',(1.,0.));
#4924 = ( GEOMETRIC_REPRESENTATION_CONTEXT(2) 
PARAMETRIC_REPRESENTATION_CONTEXT() REPRESENTATION_CONTEXT('2D SPACE',''
  ) );
#4925 = ORIENTED_EDGE('',*,*,#4876,.T.);
#4926 = ADVANCED_FACE('',(#4927),#4864,.T.);
#4927 = FACE_BOUND('',#4928,.T.);
#4928 = EDGE_LOOP('',(#4929));
#4929 = ORIENTED_EDGE('',*,*,#4842,.T.);
#4930 = ADVANCED_FACE('',(#4931,#4934),#4914,.F.);
#4931 = FACE_BOUND('',#4932,.F.);
#4932 = EDGE_LOOP('',(#4933));
#4933 = ORIENTED_EDGE('',*,*,#4899,.T.);
#4934 = FACE_BOUND('',#4935,.F.);
#4935 = EDGE_LOOP('',(#4936));
#4936 = ORIENTED_EDGE('',*,*,#4937,.F.);
#4937 = EDGE_CURVE('',#4938,#4938,#4940,.T.);
#4938 = VERTEX_POINT('',#4939);
#4939 = CARTESIAN_POINT('',(-28.5,40.,34.4));
#4940 = SURFACE_CURVE('',#4941,(#4946,#4953),.PCURVE_S1.);
#4941 = CIRCLE('',#4942,1.5);
#4942 = AXIS2_PLACEMENT_3D('',#4943,#4944,#4945);
#4943 = CARTESIAN_POINT('',(-30.,40.,34.4));
#4944 = DIRECTION('',(0.,0.,1.));
#4945 = DIRECTION('',(1.,0.,-0.));
#4946 = PCURVE('',#4914,#4947);
#4947 = DEFINITIONAL_REPRESENTATION('',(#4948),#4952);
#4948 = CIRCLE('',#4949,1.5);
#4949 = AXIS2_PLACEMENT_2D('',#4950,#4951);
#4950 = CARTESIAN_POINT('',(0.,0.));
#4951 = DIRECTION('',(1.,0.));
#4952 = ( GEOMETRIC_REPRESENTATION_CONTEXT(2) 
PARAMETRIC_REPRESENTATION_CONTEXT() REPRESENTATION_CONTEXT('2D SPACE',''
  ) );
#4953 = PCURVE('',#4954,#4959);
#4954 = CYLINDRICAL_SURFACE('',#4955,1.5);
#4955 = AXIS2_PLACEMENT_3D('',#4956,#4957,#4958);
#4956 = CARTESIAN_POINT('',(-30.,40.,26.4));
#4957 = DIRECTION('',(0.,0.,1.));
#4958 = DIRECTION('',(1.,0.,-0.));
#4959 = DEFINITIONAL_REPRESENTATION('',(#4960),#4964);
#4960 = LINE('',#4961,#4962);
#4961 = CARTESIAN_POINT('',(0.,8.));
#4962 = VECTOR('',#4963,1.);
#4963 = DIRECTION('',(1.,0.));
#4964 = ( GEOMETRIC_REPRESENTATION_CONTEXT(2) 
PARAMETRIC_REPRESENTATION_CONTEXT() REPRESENTATION_CONTEXT('2D SPACE',''
  ) );
#4965 = ADVANCED_FACE('',(#4966),#4954,.T.);
#4966 = FACE_BOUND('',#4967,.T.);
#4967 = EDGE_LOOP('',(#4968,#4969,#4992,#5019));
#4968 = ORIENTED_EDGE('',*,*,#4937,.F.);
#4969 = ORIENTED_EDGE('',*,*,#4970,.F.);
#4970 = EDGE_CURVE('',#4971,#4938,#4973,.T.);
#4971 = VERTEX_POINT('',#4972);
#4972 = CARTESIAN_POINT('',(-28.5,40.,26.4));
#4973 = SEAM_CURVE('',#4974,(#4978,#4985),.PCURVE_S1.);
#4974 = LINE('',#4975,#4976);
#4975 = CARTESIAN_POINT('',(-28.5,40.,26.4));
#4976 = VECTOR('',#4977,1.);
#4977 = DIRECTION('',(0.,0.,1.));
#4978 = PCURVE('',#4954,#4979);
#4979 = DEFINITIONAL_REPRESENTATION('',(#4980),#4984);
#4980 = LINE('',#4981,#4982);
#4981 = CARTESIAN_POINT('',(6.28318530718,-0.));
#4982 = VECTOR('',#4983,1.);
#4983 = DIRECTION('',(0.,1.));
#4984 = ( GEOMETRIC_REPRESENTATION_CONTEXT(2) 
PARAMETRIC_REPRESENTATION_CONTEXT() REPRESENTATION_CONTEXT('2D SPACE',''
  ) );
#4985 = PCURVE('',#4954,#4986);
#4986 = DEFINITIONAL_REPRESENTATION('',(#4987),#4991);
#4987 = LINE('',#4988,#4989);
#4988 = CARTESIAN_POINT('',(0.,-0.));
#4989 = VECTOR('',#4990,1.);
#4990 = DIRECTION('',(0.,1.));
#4991 = ( GEOMETRIC_REPRESENTATION_CONTEXT(2) 
PARAMETRIC_REPRESENTATION_CONTEXT() REPRESENTATION_CONTEXT('2D SPACE',''
  ) );
#4992 = ORIENTED_EDGE('',*,*,#4993,.T.);
#4993 = EDGE_CURVE('',#4971,#4971,#4994,.T.);
#4994 = SURFACE_CURVE('',#4995,(#5000,#5007),.PCURVE_S1.);
#4995 = CIRCLE('',#4996,1.5);
#4996 = AXIS2_PLACEMENT_3D('',#4997,#4998,#4999);
#4997 = CARTESIAN_POINT('',(-30.,40.,26.4));
#4998 = DIRECTION('',(0.,0.,1.));
#4999 = DIRECTION('',(1.,0.,-0.));
#5000 = PCURVE('',#4954,#5001);
#5001 = DEFINITIONAL_REPRESENTATION('',(#5002),#5006);
#5002 = LINE('',#5003,#5004);
#5003 = CARTESIAN_POINT('',(0.,0.));
#5004 = VECTOR('',#5005,1.);
#5005 = DIRECTION('',(1.,0.));
#5006 = ( GEOMETRIC_REPRESENTATION_CONTEXT(2) 
PARAMETRIC_REPRESENTATION_CONTEXT() REPRESENTATION_CONTEXT('2D SPACE',''
  ) );
#5007 = PCURVE('',#5008,#5013);
#5008 = PLANE('',#5009);
#5009 = AXIS2_PLACEMENT_3D('',#5010,#5011,#5012);
#5010 = CARTESIAN_POINT('',(-30.,40.,26.4));
#5011 = DIRECTION('',(0.,0.,1.));
#5012 = DIRECTION('',(1.,0.,-0.));
#5013 = DEFINITIONAL_REPRESENTATION('',(#5014),#5018);
#5014 = CIRCLE('',#5015,1.5);
#5015 = AXIS2_PLACEMENT_2D('',#5016,#5017);
#5016 = CARTESIAN_POINT('',(0.,0.));
#5017 = DIRECTION('',(1.,0.));
#5018 = ( GEOMETRIC_REPRESENTATION_CONTEXT(2) 
PARAMETRIC_REPRESENTATION_CONTEXT() REPRESENTATION_CONTEXT('2D SPACE',''
  ) );
#5019 = ORIENTED_EDGE('',*,*,#4970,.T.);
#5020 = ADVANCED_FACE('',(#5021),#5008,.F.);
#5021 = FACE_BOUND('',#5022,.T.);
#5022 = EDGE_LOOP('',(#5023));
#5023 = ORIENTED_EDGE('',*,*,#4993,.F.);
#5024 = ( GEOMETRIC_REPRESENTATION_CONTEXT(3) 
GLOBAL_UNCERTAINTY_ASSIGNED_CONTEXT((#5028)) 
GLOBAL_UNIT_ASSIGNED_CONTEXT((#5025,#5026,#5027)) REPRESENTATION_CONTEXT
('Context #1','3D Context with UNIT and UNCERTAINTY') );
#5025 = ( LENGTH_UNIT() NAMED_UNIT(*) SI_UNIT(.MILLI.,.METRE.) );
#5026 = ( NAMED_UNIT(*) PLANE_ANGLE_UNIT() SI_UNIT($,.RADIAN.) );
#5027 = ( NAMED_UNIT(*) SI_UNIT($,.STERADIAN.) SOLID_ANGLE_UNIT() );
#5028 = UNCERTAINTY_MEASURE_WITH_UNIT(LENGTH_MEASURE(1.E-07),#5025,
  'distance_accuracy_value','confusion accuracy');
#5029 = CONTEXT_DEPENDENT_SHAPE_REPRESENTATION(#5030,#5032);
#5030 = ( REPRESENTATION_RELATIONSHIP('','',#4835,#10) 
REPRESENTATION_RELATIONSHIP_WITH_TRANSFORMATION(#5031) 
SHAPE_REPRESENTATION_RELATIONSHIP() );
#5031 = ITEM_DEFINED_TRANSFORMATION('','',#11,#99);
#5032 = PRODUCT_DEFINITION_SHAPE('Placement','Placement of an item',
  #5033);
#5033 = NEXT_ASSEMBLY_USAGE_OCCURRENCE('22','=>[0:1:1:23]','',#5,#4830,$
  );
#5034 = PRODUCT_RELATED_PRODUCT_CATEGORY('part',$,(#4832));
#5035 = SHAPE_DEFINITION_REPRESENTATION(#5036,#5042);
#5036 = PRODUCT_DEFINITION_SHAPE('','',#5037);
#5037 = PRODUCT_DEFINITION('design','',#5038,#5041);
#5038 = PRODUCT_DEFINITION_FORMATION('','',#5039);
#5039 = PRODUCT('COMPOUND','COMPOUND','',(#5040));
#5040 = PRODUCT_CONTEXT('',#2,'mechanical');
#5041 = PRODUCT_DEFINITION_CONTEXT('part definition',#2,'design');
#5042 = ADVANCED_BREP_SHAPE_REPRESENTATION('',(#11,#5043),#5225);
#5043 = MANIFOLD_SOLID_BREP('',#5044);
#5044 = CLOSED_SHELL('',(#5045,#5133,#5168,#5198));
#5045 = ADVANCED_FACE('',(#5046),#5059,.T.);
#5046 = FACE_BOUND('',#5047,.T.);
#5047 = EDGE_LOOP('',(#5048,#5082,#5105,#5132));
#5048 = ORIENTED_EDGE('',*,*,#5049,.F.);
#5049 = EDGE_CURVE('',#5050,#5050,#5052,.T.);
#5050 = VERTEX_POINT('',#5051);
#5051 = CARTESIAN_POINT('',(32.3,-40.,32.));
#5052 = SURFACE_CURVE('',#5053,(#5058,#5070),.PCURVE_S1.);
#5053 = CIRCLE('',#5054,2.3);
#5054 = AXIS2_PLACEMENT_3D('',#5055,#5056,#5057);
#5055 = CARTESIAN_POINT('',(30.,-40.,32.));
#5056 = DIRECTION('',(0.,0.,1.));
#5057 = DIRECTION('',(1.,0.,-0.));
#5058 = PCURVE('',#5059,#5064);
#5059 = CYLINDRICAL_SURFACE('',#5060,2.3);
#5060 = AXIS2_PLACEMENT_3D('',#5061,#5062,#5063);
#5061 = CARTESIAN_POINT('',(30.,-40.,27.));
#5062 = DIRECTION('',(0.,0.,1.));
#5063 = DIRECTION('',(1.,0.,-0.));
#5064 = DEFINITIONAL_REPRESENTATION('',(#5065),#5069);
#5065 = LINE('',#5066,#5067);
#5066 = CARTESIAN_POINT('',(0.,5.));
#5067 = VECTOR('',#5068,1.);
#5068 = DIRECTION('',(1.,0.));
#5069 = ( GEOMETRIC_REPRESENTATION_CONTEXT(2) 
PARAMETRIC_REPRESENTATION_CONTEXT() REPRESENTATION_CONTEXT('2D SPACE',''
  ) );
#5070 = PCURVE('',#5071,#5076);
#5071 = PLANE('',#5072);
#5072 = AXIS2_PLACEMENT_3D('',#5073,#5074,#5075);
#5073 = CARTESIAN_POINT('',(30.,-40.,32.));
#5074 = DIRECTION('',(0.,0.,1.));
#5075 = DIRECTION('',(1.,0.,-0.));
#5076 = DEFINITIONAL_REPRESENTATION('',(#5077),#5081);
#5077 = CIRCLE('',#5078,2.3);
#5078 = AXIS2_PLACEMENT_2D('',#5079,#5080);
#5079 = CARTESIAN_POINT('',(0.,0.));
#5080 = DIRECTION('',(1.,0.));
#5081 = ( GEOMETRIC_REPRESENTATION_CONTEXT(2) 
PARAMETRIC_REPRESENTATION_CONTEXT() REPRESENTATION_CONTEXT('2D SPACE',''
  ) );
#5082 = ORIENTED_EDGE('',*,*,#5083,.F.);
#5083 = EDGE_CURVE('',#5084,#5050,#5086,.T.);
#5084 = VERTEX_POINT('',#5085);
#5085 = CARTESIAN_POINT('',(32.3,-40.,27.));
#5086 = SEAM_CURVE('',#5087,(#5091,#5098),.PCURVE_S1.);
#5087 = LINE('',#5088,#5089);
#5088 = CARTESIAN_POINT('',(32.3,-40.,27.));
#5089 = VECTOR('',#5090,1.);
#5090 = DIRECTION('',(0.,0.,1.));
#5091 = PCURVE('',#5059,#5092);
#5092 = DEFINITIONAL_REPRESENTATION('',(#5093),#5097);
#5093 = LINE('',#5094,#5095);
#5094 = CARTESIAN_POINT('',(6.28318530718,-0.));
#5095 = VECTOR('',#5096,1.);
#5096 = DIRECTION('',(0.,1.));
#5097 = ( GEOMETRIC_REPRESENTATION_CONTEXT(2) 
PARAMETRIC_REPRESENTATION_CONTEXT() REPRESENTATION_CONTEXT('2D SPACE',''
  ) );
#5098 = PCURVE('',#5059,#5099);
#5099 = DEFINITIONAL_REPRESENTATION('',(#5100),#5104);
#5100 = LINE('',#5101,#5102);
#5101 = CARTESIAN_POINT('',(0.,-0.));
#5102 = VECTOR('',#5103,1.);
#5103 = DIRECTION('',(0.,1.));
#5104 = ( GEOMETRIC_REPRESENTATION_CONTEXT(2) 
PARAMETRIC_REPRESENTATION_CONTEXT() REPRESENTATION_CONTEXT('2D SPACE',''
  ) );
#5105 = ORIENTED_EDGE('',*,*,#5106,.T.);
#5106 = EDGE_CURVE('',#5084,#5084,#5107,.T.);
#5107 = SURFACE_CURVE('',#5108,(#5113,#5120),.PCURVE_S1.);
#5108 = CIRCLE('',#5109,2.3);
#5109 = AXIS2_PLACEMENT_3D('',#5110,#5111,#5112);
#5110 = CARTESIAN_POINT('',(30.,-40.,27.));
#5111 = DIRECTION('',(0.,0.,1.));
#5112 = DIRECTION('',(1.,0.,-0.));
#5113 = PCURVE('',#5059,#5114);
#5114 = DEFINITIONAL_REPRESENTATION('',(#5115),#5119);
#5115 = LINE('',#5116,#5117);
#5116 = CARTESIAN_POINT('',(0.,0.));
#5117 = VECTOR('',#5118,1.);
#5118 = DIRECTION('',(1.,0.));
#5119 = ( GEOMETRIC_REPRESENTATION_CONTEXT(2) 
PARAMETRIC_REPRESENTATION_CONTEXT() REPRESENTATION_CONTEXT('2D SPACE',''
  ) );
#5120 = PCURVE('',#5121,#5126);
#5121 = PLANE('',#5122);
#5122 = AXIS2_PLACEMENT_3D('',#5123,#5124,#5125);
#5123 = CARTESIAN_POINT('',(30.,-40.,27.));
#5124 = DIRECTION('',(0.,0.,1.));
#5125 = DIRECTION('',(1.,0.,-0.));
#5126 = DEFINITIONAL_REPRESENTATION('',(#5127),#5131);
#5127 = CIRCLE('',#5128,2.3);
#5128 = AXIS2_PLACEMENT_2D('',#5129,#5130);
#5129 = CARTESIAN_POINT('',(0.,0.));
#5130 = DIRECTION('',(1.,0.));
#5131 = ( GEOMETRIC_REPRESENTATION_CONTEXT(2) 
PARAMETRIC_REPRESENTATION_CONTEXT() REPRESENTATION_CONTEXT('2D SPACE',''
  ) );
#5132 = ORIENTED_EDGE('',*,*,#5083,.T.);
#5133 = ADVANCED_FACE('',(#5134,#5137),#5071,.T.);
#5134 = FACE_BOUND('',#5135,.T.);
#5135 = EDGE_LOOP('',(#5136));
#5136 = ORIENTED_EDGE('',*,*,#5049,.T.);
#5137 = FACE_BOUND('',#5138,.T.);
#5138 = EDGE_LOOP('',(#5139));
#5139 = ORIENTED_EDGE('',*,*,#5140,.F.);
#5140 = EDGE_CURVE('',#5141,#5141,#5143,.T.);
#5141 = VERTEX_POINT('',#5142);
#5142 = CARTESIAN_POINT('',(31.51,-40.,32.));
#5143 = SURFACE_CURVE('',#5144,(#5149,#5156),.PCURVE_S1.);
#5144 = CIRCLE('',#5145,1.51);
#5145 = AXIS2_PLACEMENT_3D('',#5146,#5147,#5148);
#5146 = CARTESIAN_POINT('',(30.,-40.,32.));
#5147 = DIRECTION('',(0.,0.,1.));
#5148 = DIRECTION('',(1.,0.,-0.));
#5149 = PCURVE('',#5071,#5150);
#5150 = DEFINITIONAL_REPRESENTATION('',(#5151),#5155);
#5151 = CIRCLE('',#5152,1.51);
#5152 = AXIS2_PLACEMENT_2D('',#5153,#5154);
#5153 = CARTESIAN_POINT('',(0.,0.));
#5154 = DIRECTION('',(1.,0.));
#5155 = ( GEOMETRIC_REPRESENTATION_CONTEXT(2) 
PARAMETRIC_REPRESENTATION_CONTEXT() REPRESENTATION_CONTEXT('2D SPACE',''
  ) );
#5156 = PCURVE('',#5157,#5162);
#5157 = CYLINDRICAL_SURFACE('',#5158,1.51);
#5158 = AXIS2_PLACEMENT_3D('',#5159,#5160,#5161);
#5159 = CARTESIAN_POINT('',(30.,-40.,26.9));
#5160 = DIRECTION('',(0.,0.,1.));
#5161 = DIRECTION('',(1.,0.,-0.));
#5162 = DEFINITIONAL_REPRESENTATION('',(#5163),#5167);
#5163 = LINE('',#5164,#5165);
#5164 = CARTESIAN_POINT('',(0.,5.1));
#5165 = VECTOR('',#5166,1.);
#5166 = DIRECTION('',(1.,0.));
#5167 = ( GEOMETRIC_REPRESENTATION_CONTEXT(2) 
PARAMETRIC_REPRESENTATION_CONTEXT() REPRESENTATION_CONTEXT('2D SPACE',''
  ) );
#5168 = ADVANCED_FACE('',(#5169,#5172),#5121,.F.);
#5169 = FACE_BOUND('',#5170,.F.);
#5170 = EDGE_LOOP('',(#5171));
#5171 = ORIENTED_EDGE('',*,*,#5106,.T.);
#5172 = FACE_BOUND('',#5173,.F.);
#5173 = EDGE_LOOP('',(#5174));
#5174 = ORIENTED_EDGE('',*,*,#5175,.F.);
#5175 = EDGE_CURVE('',#5176,#5176,#5178,.T.);
#5176 = VERTEX_POINT('',#5177);
#5177 = CARTESIAN_POINT('',(31.51,-40.,27.));
#5178 = SURFACE_CURVE('',#5179,(#5184,#5191),.PCURVE_S1.);
#5179 = CIRCLE('',#5180,1.51);
#5180 = AXIS2_PLACEMENT_3D('',#5181,#5182,#5183);
#5181 = CARTESIAN_POINT('',(30.,-40.,27.));
#5182 = DIRECTION('',(0.,0.,1.));
#5183 = DIRECTION('',(1.,0.,-0.));
#5184 = PCURVE('',#5121,#5185);
#5185 = DEFINITIONAL_REPRESENTATION('',(#5186),#5190);
#5186 = CIRCLE('',#5187,1.51);
#5187 = AXIS2_PLACEMENT_2D('',#5188,#5189);
#5188 = CARTESIAN_POINT('',(0.,0.));
#5189 = DIRECTION('',(1.,0.));
#5190 = ( GEOMETRIC_REPRESENTATION_CONTEXT(2) 
PARAMETRIC_REPRESENTATION_CONTEXT() REPRESENTATION_CONTEXT('2D SPACE',''
  ) );
#5191 = PCURVE('',#5157,#5192);
#5192 = DEFINITIONAL_REPRESENTATION('',(#5193),#5197);
#5193 = LINE('',#5194,#5195);
#5194 = CARTESIAN_POINT('',(0.,0.1));
#5195 = VECTOR('',#5196,1.);
#5196 = DIRECTION('',(1.,0.));
#5197 = ( GEOMETRIC_REPRESENTATION_CONTEXT(2) 
PARAMETRIC_REPRESENTATION_CONTEXT() REPRESENTATION_CONTEXT('2D SPACE',''
  ) );
#5198 = ADVANCED_FACE('',(#5199),#5157,.F.);
#5199 = FACE_BOUND('',#5200,.F.);
#5200 = EDGE_LOOP('',(#5201,#5202,#5223,#5224));
#5201 = ORIENTED_EDGE('',*,*,#5140,.F.);
#5202 = ORIENTED_EDGE('',*,*,#5203,.F.);
#5203 = EDGE_CURVE('',#5176,#5141,#5204,.T.);
#5204 = SEAM_CURVE('',#5205,(#5209,#5216),.PCURVE_S1.);
#5205 = LINE('',#5206,#5207);
#5206 = CARTESIAN_POINT('',(31.51,-40.,26.9));
#5207 = VECTOR('',#5208,1.);
#5208 = DIRECTION('',(0.,0.,1.));
#5209 = PCURVE('',#5157,#5210);
#5210 = DEFINITIONAL_REPRESENTATION('',(#5211),#5215);
#5211 = LINE('',#5212,#5213);
#5212 = CARTESIAN_POINT('',(6.28318530718,-0.));
#5213 = VECTOR('',#5214,1.);
#5214 = DIRECTION('',(0.,1.));
#5215 = ( GEOMETRIC_REPRESENTATION_CONTEXT(2) 
PARAMETRIC_REPRESENTATION_CONTEXT() REPRESENTATION_CONTEXT('2D SPACE',''
  ) );
#5216 = PCURVE('',#5157,#5217);
#5217 = DEFINITIONAL_REPRESENTATION('',(#5218),#5222);
#5218 = LINE('',#5219,#5220);
#5219 = CARTESIAN_POINT('',(0.,-0.));
#5220 = VECTOR('',#5221,1.);
#5221 = DIRECTION('',(0.,1.));
#5222 = ( GEOMETRIC_REPRESENTATION_CONTEXT(2) 
PARAMETRIC_REPRESENTATION_CONTEXT() REPRESENTATION_CONTEXT('2D SPACE',''
  ) );
#5223 = ORIENTED_EDGE('',*,*,#5175,.T.);
#5224 = ORIENTED_EDGE('',*,*,#5203,.T.);
#5225 = ( GEOMETRIC_REPRESENTATION_CONTEXT(3) 
GLOBAL_UNCERTAINTY_ASSIGNED_CONTEXT((#5229)) 
GLOBAL_UNIT_ASSIGNED_CONTEXT((#5226,#5227,#5228)) REPRESENTATION_CONTEXT
('Context #1','3D Context with UNIT and UNCERTAINTY') );
#5226 = ( LENGTH_UNIT() NAMED_UNIT(*) SI_UNIT(.MILLI.,.METRE.) );
#5227 = ( NAMED_UNIT(*) PLANE_ANGLE_UNIT() SI_UNIT($,.RADIAN.) );
#5228 = ( NAMED_UNIT(*) SI_UNIT($,.STERADIAN.) SOLID_ANGLE_UNIT() );
#5229 = UNCERTAINTY_MEASURE_WITH_UNIT(LENGTH_MEASURE(1.E-07),#5226,
  'distance_accuracy_value','confusion accuracy');
#5230 = CONTEXT_DEPENDENT_SHAPE_REPRESENTATION(#5231,#5233);
#5231 = ( REPRESENTATION_RELATIONSHIP('','',#5042,#10) 
REPRESENTATION_RELATIONSHIP_WITH_TRANSFORMATION(#5232) 
SHAPE_REPRESENTATION_RELATIONSHIP() );
#5232 = ITEM_DEFINED_TRANSFORMATION('','',#11,#103);
#5233 = PRODUCT_DEFINITION_SHAPE('Placement','Placement of an item',
  #5234);
#5234 = NEXT_ASSEMBLY_USAGE_OCCURRENCE('23','=>[0:1:1:24]','',#5,#5037,$
  );
#5235 = PRODUCT_RELATED_PRODUCT_CATEGORY('part',$,(#5039));
#5236 = SHAPE_DEFINITION_REPRESENTATION(#5237,#5243);
#5237 = PRODUCT_DEFINITION_SHAPE('','',#5238);
#5238 = PRODUCT_DEFINITION('design','',#5239,#5242);
#5239 = PRODUCT_DEFINITION_FORMATION('','',#5240);
#5240 = PRODUCT('COMPOUND','COMPOUND','',(#5241));
#5241 = PRODUCT_CONTEXT('',#2,'mechanical');
#5242 = PRODUCT_DEFINITION_CONTEXT('part definition',#2,'design');
#5243 = ADVANCED_BREP_SHAPE_REPRESENTATION('',(#11,#5244),#5432);
#5244 = MANIFOLD_SOLID_BREP('',#5245);
#5245 = CLOSED_SHELL('',(#5246,#5334,#5338,#5373,#5428));
#5246 = ADVANCED_FACE('',(#5247),#5260,.T.);
#5247 = FACE_BOUND('',#5248,.T.);
#5248 = EDGE_LOOP('',(#5249,#5283,#5306,#5333));
#5249 = ORIENTED_EDGE('',*,*,#5250,.F.);
#5250 = EDGE_CURVE('',#5251,#5251,#5253,.T.);
#5251 = VERTEX_POINT('',#5252);
#5252 = CARTESIAN_POINT('',(32.75,-40.,37.4));
#5253 = SURFACE_CURVE('',#5254,(#5259,#5271),.PCURVE_S1.);
#5254 = CIRCLE('',#5255,2.75);
#5255 = AXIS2_PLACEMENT_3D('',#5256,#5257,#5258);
#5256 = CARTESIAN_POINT('',(30.,-40.,37.4));
#5257 = DIRECTION('',(0.,0.,1.));
#5258 = DIRECTION('',(1.,0.,-0.));
#5259 = PCURVE('',#5260,#5265);
#5260 = CYLINDRICAL_SURFACE('',#5261,2.75);
#5261 = AXIS2_PLACEMENT_3D('',#5262,#5263,#5264);
#5262 = CARTESIAN_POINT('',(30.,-40.,34.4));
#5263 = DIRECTION('',(0.,0.,1.));
#5264 = DIRECTION('',(1.,0.,-0.));
#5265 = DEFINITIONAL_REPRESENTATION('',(#5266),#5270);
#5266 = LINE('',#5267,#5268);
#5267 = CARTESIAN_POINT('',(0.,3.));
#5268 = VECTOR('',#5269,1.);
#5269 = DIRECTION('',(1.,0.));
#5270 = ( GEOMETRIC_REPRESENTATION_CONTEXT(2) 
PARAMETRIC_REPRESENTATION_CONTEXT() REPRESENTATION_CONTEXT('2D SPACE',''
  ) );
#5271 = PCURVE('',#5272,#5277);
#5272 = PLANE('',#5273);
#5273 = AXIS2_PLACEMENT_3D('',#5274,#5275,#5276);
#5274 = CARTESIAN_POINT('',(30.,-40.,37.4));
#5275 = DIRECTION('',(0.,0.,1.));
#5276 = DIRECTION('',(1.,0.,-0.));
#5277 = DEFINITIONAL_REPRESENTATION('',(#5278),#5282);
#5278 = CIRCLE('',#5279,2.75);
#5279 = AXIS2_PLACEMENT_2D('',#5280,#5281);
#5280 = CARTESIAN_POINT('',(0.,0.));
#5281 = DIRECTION('',(1.,0.));
#5282 = ( GEOMETRIC_REPRESENTATION_CONTEXT(2) 
PARAMETRIC_REPRESENTATION_CONTEXT() REPRESENTATION_CONTEXT('2D SPACE',''
  ) );
#5283 = ORIENTED_EDGE('',*,*,#5284,.F.);
#5284 = EDGE_CURVE('',#5285,#5251,#5287,.T.);
#5285 = VERTEX_POINT('',#5286);
#5286 = CARTESIAN_POINT('',(32.75,-40.,34.4));
#5287 = SEAM_CURVE('',#5288,(#5292,#5299),.PCURVE_S1.);
#5288 = LINE('',#5289,#5290);
#5289 = CARTESIAN_POINT('',(32.75,-40.,34.4));
#5290 = VECTOR('',#5291,1.);
#5291 = DIRECTION('',(0.,0.,1.));
#5292 = PCURVE('',#5260,#5293);
#5293 = DEFINITIONAL_REPRESENTATION('',(#5294),#5298);
#5294 = LINE('',#5295,#5296);
#5295 = CARTESIAN_POINT('',(6.28318530718,-0.));
#5296 = VECTOR('',#5297,1.);
#5297 = DIRECTION('',(0.,1.));
#5298 = ( GEOMETRIC_REPRESENTATION_CONTEXT(2) 
PARAMETRIC_REPRESENTATION_CONTEXT() REPRESENTATION_CONTEXT('2D SPACE',''
  ) );
#5299 = PCURVE('',#5260,#5300);
#5300 = DEFINITIONAL_REPRESENTATION('',(#5301),#5305);
#5301 = LINE('',#5302,#5303);
#5302 = CARTESIAN_POINT('',(0.,-0.));
#5303 = VECTOR('',#5304,1.);
#5304 = DIRECTION('',(0.,1.));
#5305 = ( GEOMETRIC_REPRESENTATION_CONTEXT(2) 
PARAMETRIC_REPRESENTATION_CONTEXT() REPRESENTATION_CONTEXT('2D SPACE',''
  ) );
#5306 = ORIENTED_EDGE('',*,*,#5307,.T.);
#5307 = EDGE_CURVE('',#5285,#5285,#5308,.T.);
#5308 = SURFACE_CURVE('',#5309,(#5314,#5321),.PCURVE_S1.);
#5309 = CIRCLE('',#5310,2.75);
#5310 = AXIS2_PLACEMENT_3D('',#5311,#5312,#5313);
#5311 = CARTESIAN_POINT('',(30.,-40.,34.4));
#5312 = DIRECTION('',(0.,0.,1.));
#5313 = DIRECTION('',(1.,0.,-0.));
#5314 = PCURVE('',#5260,#5315);
#5315 = DEFINITIONAL_REPRESENTATION('',(#5316),#5320);
#5316 = LINE('',#5317,#5318);
#5317 = CARTESIAN_POINT('',(0.,0.));
#5318 = VECTOR('',#5319,1.);
#5319 = DIRECTION('',(1.,0.));
#5320 = ( GEOMETRIC_REPRESENTATION_CONTEXT(2) 
PARAMETRIC_REPRESENTATION_CONTEXT() REPRESENTATION_CONTEXT('2D SPACE',''
  ) );
#5321 = PCURVE('',#5322,#5327);
#5322 = PLANE('',#5323);
#5323 = AXIS2_PLACEMENT_3D('',#5324,#5325,#5326);
#5324 = CARTESIAN_POINT('',(30.,-40.,34.4));
#5325 = DIRECTION('',(0.,0.,1.));
#5326 = DIRECTION('',(1.,0.,-0.));
#5327 = DEFINITIONAL_REPRESENTATION('',(#5328),#5332);
#5328 = CIRCLE('',#5329,2.75);
#5329 = AXIS2_PLACEMENT_2D('',#5330,#5331);
#5330 = CARTESIAN_POINT('',(0.,0.));
#5331 = DIRECTION('',(1.,0.));
#5332 = ( GEOMETRIC_REPRESENTATION_CONTEXT(2) 
PARAMETRIC_REPRESENTATION_CONTEXT() REPRESENTATION_CONTEXT('2D SPACE',''
  ) );
#5333 = ORIENTED_EDGE('',*,*,#5284,.T.);
#5334 = ADVANCED_FACE('',(#5335),#5272,.T.);
#5335 = FACE_BOUND('',#5336,.T.);
#5336 = EDGE_LOOP('',(#5337));
#5337 = ORIENTED_EDGE('',*,*,#5250,.T.);
#5338 = ADVANCED_FACE('',(#5339,#5342),#5322,.F.);
#5339 = FACE_BOUND('',#5340,.F.);
#5340 = EDGE_LOOP('',(#5341));
#5341 = ORIENTED_EDGE('',*,*,#5307,.T.);
#5342 = FACE_BOUND('',#5343,.F.);
#5343 = EDGE_LOOP('',(#5344));
#5344 = ORIENTED_EDGE('',*,*,#5345,.F.);
#5345 = EDGE_CURVE('',#5346,#5346,#5348,.T.);
#5346 = VERTEX_POINT('',#5347);
#5347 = CARTESIAN_POINT('',(31.5,-40.,34.4));
#5348 = SURFACE_CURVE('',#5349,(#5354,#5361),.PCURVE_S1.);
#5349 = CIRCLE('',#5350,1.5);
#5350 = AXIS2_PLACEMENT_3D('',#5351,#5352,#5353);
#5351 = CARTESIAN_POINT('',(30.,-40.,34.4));
#5352 = DIRECTION('',(0.,0.,1.));
#5353 = DIRECTION('',(1.,0.,-0.));
#5354 = PCURVE('',#5322,#5355);
#5355 = DEFINITIONAL_REPRESENTATION('',(#5356),#5360);
#5356 = CIRCLE('',#5357,1.5);
#5357 = AXIS2_PLACEMENT_2D('',#5358,#5359);
#5358 = CARTESIAN_POINT('',(0.,0.));
#5359 = DIRECTION('',(1.,0.));
#5360 = ( GEOMETRIC_REPRESENTATION_CONTEXT(2) 
PARAMETRIC_REPRESENTATION_CONTEXT() REPRESENTATION_CONTEXT('2D SPACE',''
  ) );
#5361 = PCURVE('',#5362,#5367);
#5362 = CYLINDRICAL_SURFACE('',#5363,1.5);
#5363 = AXIS2_PLACEMENT_3D('',#5364,#5365,#5366);
#5364 = CARTESIAN_POINT('',(30.,-40.,26.4));
#5365 = DIRECTION('',(0.,0.,1.));
#5366 = DIRECTION('',(1.,0.,-0.));
#5367 = DEFINITIONAL_REPRESENTATION('',(#5368),#5372);
#5368 = LINE('',#5369,#5370);
#5369 = CARTESIAN_POINT('',(0.,8.));
#5370 = VECTOR('',#5371,1.);
#5371 = DIRECTION('',(1.,0.));
#5372 = ( GEOMETRIC_REPRESENTATION_CONTEXT(2) 
PARAMETRIC_REPRESENTATION_CONTEXT() REPRESENTATION_CONTEXT('2D SPACE',''
  ) );
#5373 = ADVANCED_FACE('',(#5374),#5362,.T.);
#5374 = FACE_BOUND('',#5375,.T.);
#5375 = EDGE_LOOP('',(#5376,#5377,#5400,#5427));
#5376 = ORIENTED_EDGE('',*,*,#5345,.F.);
#5377 = ORIENTED_EDGE('',*,*,#5378,.F.);
#5378 = EDGE_CURVE('',#5379,#5346,#5381,.T.);
#5379 = VERTEX_POINT('',#5380);
#5380 = CARTESIAN_POINT('',(31.5,-40.,26.4));
#5381 = SEAM_CURVE('',#5382,(#5386,#5393),.PCURVE_S1.);
#5382 = LINE('',#5383,#5384);
#5383 = CARTESIAN_POINT('',(31.5,-40.,26.4));
#5384 = VECTOR('',#5385,1.);
#5385 = DIRECTION('',(0.,0.,1.));
#5386 = PCURVE('',#5362,#5387);
#5387 = DEFINITIONAL_REPRESENTATION('',(#5388),#5392);
#5388 = LINE('',#5389,#5390);
#5389 = CARTESIAN_POINT('',(6.28318530718,-0.));
#5390 = VECTOR('',#5391,1.);
#5391 = DIRECTION('',(0.,1.));
#5392 = ( GEOMETRIC_REPRESENTATION_CONTEXT(2) 
PARAMETRIC_REPRESENTATION_CONTEXT() REPRESENTATION_CONTEXT('2D SPACE',''
  ) );
#5393 = PCURVE('',#5362,#5394);
#5394 = DEFINITIONAL_REPRESENTATION('',(#5395),#5399);
#5395 = LINE('',#5396,#5397);
#5396 = CARTESIAN_POINT('',(0.,-0.));
#5397 = VECTOR('',#5398,1.);
#5398 = DIRECTION('',(0.,1.));
#5399 = ( GEOMETRIC_REPRESENTATION_CONTEXT(2) 
PARAMETRIC_REPRESENTATION_CONTEXT() REPRESENTATION_CONTEXT('2D SPACE',''
  ) );
#5400 = ORIENTED_EDGE('',*,*,#5401,.T.);
#5401 = EDGE_CURVE('',#5379,#5379,#5402,.T.);
#5402 = SURFACE_CURVE('',#5403,(#5408,#5415),.PCURVE_S1.);
#5403 = CIRCLE('',#5404,1.5);
#5404 = AXIS2_PLACEMENT_3D('',#5405,#5406,#5407);
#5405 = CARTESIAN_POINT('',(30.,-40.,26.4));
#5406 = DIRECTION('',(0.,0.,1.));
#5407 = DIRECTION('',(1.,0.,-0.));
#5408 = PCURVE('',#5362,#5409);
#5409 = DEFINITIONAL_REPRESENTATION('',(#5410),#5414);
#5410 = LINE('',#5411,#5412);
#5411 = CARTESIAN_POINT('',(0.,0.));
#5412 = VECTOR('',#5413,1.);
#5413 = DIRECTION('',(1.,0.));
#5414 = ( GEOMETRIC_REPRESENTATION_CONTEXT(2) 
PARAMETRIC_REPRESENTATION_CONTEXT() REPRESENTATION_CONTEXT('2D SPACE',''
  ) );
#5415 = PCURVE('',#5416,#5421);
#5416 = PLANE('',#5417);
#5417 = AXIS2_PLACEMENT_3D('',#5418,#5419,#5420);
#5418 = CARTESIAN_POINT('',(30.,-40.,26.4));
#5419 = DIRECTION('',(0.,0.,1.));
#5420 = DIRECTION('',(1.,0.,-0.));
#5421 = DEFINITIONAL_REPRESENTATION('',(#5422),#5426);
#5422 = CIRCLE('',#5423,1.5);
#5423 = AXIS2_PLACEMENT_2D('',#5424,#5425);
#5424 = CARTESIAN_POINT('',(0.,0.));
#5425 = DIRECTION('',(1.,0.));
#5426 = ( GEOMETRIC_REPRESENTATION_CONTEXT(2) 
PARAMETRIC_REPRESENTATION_CONTEXT() REPRESENTATION_CONTEXT('2D SPACE',''
  ) );
#5427 = ORIENTED_EDGE('',*,*,#5378,.T.);
#5428 = ADVANCED_FACE('',(#5429),#5416,.F.);
#5429 = FACE_BOUND('',#5430,.T.);
#5430 = EDGE_LOOP('',(#5431));
#5431 = ORIENTED_EDGE('',*,*,#5401,.F.);
#5432 = ( GEOMETRIC_REPRESENTATION_CONTEXT(3) 
GLOBAL_UNCERTAINTY_ASSIGNED_CONTEXT((#5436)) 
GLOBAL_UNIT_ASSIGNED_CONTEXT((#5433,#5434,#5435)) REPRESENTATION_CONTEXT
('Context #1','3D Context with UNIT and UNCERTAINTY') );
#5433 = ( LENGTH_UNIT() NAMED_UNIT(*) SI_UNIT(.MILLI.,.METRE.) );
#5434 = ( NAMED_UNIT(*) PLANE_ANGLE_UNIT() SI_UNIT($,.RADIAN.) );
#5435 = ( NAMED_UNIT(*) SI_UNIT($,.STERADIAN.) SOLID_ANGLE_UNIT() );
#5436 = UNCERTAINTY_MEASURE_WITH_UNIT(LENGTH_MEASURE(1.E-07),#5433,
  'distance_accuracy_value','confusion accuracy');
#5437 = CONTEXT_DEPENDENT_SHAPE_REPRESENTATION(#5438,#5440);
#5438 = ( REPRESENTATION_RELATIONSHIP('','',#5243,#10) 
REPRESENTATION_RELATIONSHIP_WITH_TRANSFORMATION(#5439) 
SHAPE_REPRESENTATION_RELATIONSHIP() );
#5439 = ITEM_DEFINED_TRANSFORMATION('','',#11,#107);
#5440 = PRODUCT_DEFINITION_SHAPE('Placement','Placement of an item',
  #5441);
#5441 = NEXT_ASSEMBLY_USAGE_OCCURRENCE('24','=>[0:1:1:25]','',#5,#5238,$
  );
#5442 = PRODUCT_RELATED_PRODUCT_CATEGORY('part',$,(#5240));
#5443 = SHAPE_DEFINITION_REPRESENTATION(#5444,#5450);
#5444 = PRODUCT_DEFINITION_SHAPE('','',#5445);
#5445 = PRODUCT_DEFINITION('design','',#5446,#5449);
#5446 = PRODUCT_DEFINITION_FORMATION('','',#5447);
#5447 = PRODUCT('COMPOUND','COMPOUND','',(#5448));
#5448 = PRODUCT_CONTEXT('',#2,'mechanical');
#5449 = PRODUCT_DEFINITION_CONTEXT('part definition',#2,'design');
#5450 = ADVANCED_BREP_SHAPE_REPRESENTATION('',(#11,#5451),#5633);
#5451 = MANIFOLD_SOLID_BREP('',#5452);
#5452 = CLOSED_SHELL('',(#5453,#5541,#5576,#5606));
#5453 = ADVANCED_FACE('',(#5454),#5467,.T.);
#5454 = FACE_BOUND('',#5455,.T.);
#5455 = EDGE_LOOP('',(#5456,#5490,#5513,#5540));
#5456 = ORIENTED_EDGE('',*,*,#5457,.F.);
#5457 = EDGE_CURVE('',#5458,#5458,#5460,.T.);
#5458 = VERTEX_POINT('',#5459);
#5459 = CARTESIAN_POINT('',(32.3,40.,32.));
#5460 = SURFACE_CURVE('',#5461,(#5466,#5478),.PCURVE_S1.);
#5461 = CIRCLE('',#5462,2.3);
#5462 = AXIS2_PLACEMENT_3D('',#5463,#5464,#5465);
#5463 = CARTESIAN_POINT('',(30.,40.,32.));
#5464 = DIRECTION('',(0.,0.,1.));
#5465 = DIRECTION('',(1.,0.,-0.));
#5466 = PCURVE('',#5467,#5472);
#5467 = CYLINDRICAL_SURFACE('',#5468,2.3);
#5468 = AXIS2_PLACEMENT_3D('',#5469,#5470,#5471);
#5469 = CARTESIAN_POINT('',(30.,40.,27.));
#5470 = DIRECTION('',(0.,0.,1.));
#5471 = DIRECTION('',(1.,0.,-0.));
#5472 = DEFINITIONAL_REPRESENTATION('',(#5473),#5477);
#5473 = LINE('',#5474,#5475);
#5474 = CARTESIAN_POINT('',(0.,5.));
#5475 = VECTOR('',#5476,1.);
#5476 = DIRECTION('',(1.,0.));
#5477 = ( GEOMETRIC_REPRESENTATION_CONTEXT(2) 
PARAMETRIC_REPRESENTATION_CONTEXT() REPRESENTATION_CONTEXT('2D SPACE',''
  ) );
#5478 = PCURVE('',#5479,#5484);
#5479 = PLANE('',#5480);
#5480 = AXIS2_PLACEMENT_3D('',#5481,#5482,#5483);
#5481 = CARTESIAN_POINT('',(30.,40.,32.));
#5482 = DIRECTION('',(0.,0.,1.));
#5483 = DIRECTION('',(1.,0.,-0.));
#5484 = DEFINITIONAL_REPRESENTATION('',(#5485),#5489);
#5485 = CIRCLE('',#5486,2.3);
#5486 = AXIS2_PLACEMENT_2D('',#5487,#5488);
#5487 = CARTESIAN_POINT('',(0.,0.));
#5488 = DIRECTION('',(1.,0.));
#5489 = ( GEOMETRIC_REPRESENTATION_CONTEXT(2) 
PARAMETRIC_REPRESENTATION_CONTEXT() REPRESENTATION_CONTEXT('2D SPACE',''
  ) );
#5490 = ORIENTED_EDGE('',*,*,#5491,.F.);
#5491 = EDGE_CURVE('',#5492,#5458,#5494,.T.);
#5492 = VERTEX_POINT('',#5493);
#5493 = CARTESIAN_POINT('',(32.3,40.,27.));
#5494 = SEAM_CURVE('',#5495,(#5499,#5506),.PCURVE_S1.);
#5495 = LINE('',#5496,#5497);
#5496 = CARTESIAN_POINT('',(32.3,40.,27.));
#5497 = VECTOR('',#5498,1.);
#5498 = DIRECTION('',(0.,0.,1.));
#5499 = PCURVE('',#5467,#5500);
#5500 = DEFINITIONAL_REPRESENTATION('',(#5501),#5505);
#5501 = LINE('',#5502,#5503);
#5502 = CARTESIAN_POINT('',(6.28318530718,-0.));
#5503 = VECTOR('',#5504,1.);
#5504 = DIRECTION('',(0.,1.));
#5505 = ( GEOMETRIC_REPRESENTATION_CONTEXT(2) 
PARAMETRIC_REPRESENTATION_CONTEXT() REPRESENTATION_CONTEXT('2D SPACE',''
  ) );
#5506 = PCURVE('',#5467,#5507);
#5507 = DEFINITIONAL_REPRESENTATION('',(#5508),#5512);
#5508 = LINE('',#5509,#5510);
#5509 = CARTESIAN_POINT('',(0.,-0.));
#5510 = VECTOR('',#5511,1.);
#5511 = DIRECTION('',(0.,1.));
#5512 = ( GEOMETRIC_REPRESENTATION_CONTEXT(2) 
PARAMETRIC_REPRESENTATION_CONTEXT() REPRESENTATION_CONTEXT('2D SPACE',''
  ) );
#5513 = ORIENTED_EDGE('',*,*,#5514,.T.);
#5514 = EDGE_CURVE('',#5492,#5492,#5515,.T.);
#5515 = SURFACE_CURVE('',#5516,(#5521,#5528),.PCURVE_S1.);
#5516 = CIRCLE('',#5517,2.3);
#5517 = AXIS2_PLACEMENT_3D('',#5518,#5519,#5520);
#5518 = CARTESIAN_POINT('',(30.,40.,27.));
#5519 = DIRECTION('',(0.,0.,1.));
#5520 = DIRECTION('',(1.,0.,-0.));
#5521 = PCURVE('',#5467,#5522);
#5522 = DEFINITIONAL_REPRESENTATION('',(#5523),#5527);
#5523 = LINE('',#5524,#5525);
#5524 = CARTESIAN_POINT('',(0.,0.));
#5525 = VECTOR('',#5526,1.);
#5526 = DIRECTION('',(1.,0.));
#5527 = ( GEOMETRIC_REPRESENTATION_CONTEXT(2) 
PARAMETRIC_REPRESENTATION_CONTEXT() REPRESENTATION_CONTEXT('2D SPACE',''
  ) );
#5528 = PCURVE('',#5529,#5534);
#5529 = PLANE('',#5530);
#5530 = AXIS2_PLACEMENT_3D('',#5531,#5532,#5533);
#5531 = CARTESIAN_POINT('',(30.,40.,27.));
#5532 = DIRECTION('',(0.,0.,1.));
#5533 = DIRECTION('',(1.,0.,-0.));
#5534 = DEFINITIONAL_REPRESENTATION('',(#5535),#5539);
#5535 = CIRCLE('',#5536,2.3);
#5536 = AXIS2_PLACEMENT_2D('',#5537,#5538);
#5537 = CARTESIAN_POINT('',(0.,0.));
#5538 = DIRECTION('',(1.,0.));
#5539 = ( GEOMETRIC_REPRESENTATION_CONTEXT(2) 
PARAMETRIC_REPRESENTATION_CONTEXT() REPRESENTATION_CONTEXT('2D SPACE',''
  ) );
#5540 = ORIENTED_EDGE('',*,*,#5491,.T.);
#5541 = ADVANCED_FACE('',(#5542,#5545),#5479,.T.);
#5542 = FACE_BOUND('',#5543,.T.);
#5543 = EDGE_LOOP('',(#5544));
#5544 = ORIENTED_EDGE('',*,*,#5457,.T.);
#5545 = FACE_BOUND('',#5546,.T.);
#5546 = EDGE_LOOP('',(#5547));
#5547 = ORIENTED_EDGE('',*,*,#5548,.F.);
#5548 = EDGE_CURVE('',#5549,#5549,#5551,.T.);
#5549 = VERTEX_POINT('',#5550);
#5550 = CARTESIAN_POINT('',(31.51,40.,32.));
#5551 = SURFACE_CURVE('',#5552,(#5557,#5564),.PCURVE_S1.);
#5552 = CIRCLE('',#5553,1.51);
#5553 = AXIS2_PLACEMENT_3D('',#5554,#5555,#5556);
#5554 = CARTESIAN_POINT('',(30.,40.,32.));
#5555 = DIRECTION('',(0.,0.,1.));
#5556 = DIRECTION('',(1.,0.,-0.));
#5557 = PCURVE('',#5479,#5558);
#5558 = DEFINITIONAL_REPRESENTATION('',(#5559),#5563);
#5559 = CIRCLE('',#5560,1.51);
#5560 = AXIS2_PLACEMENT_2D('',#5561,#5562);
#5561 = CARTESIAN_POINT('',(0.,0.));
#5562 = DIRECTION('',(1.,0.));
#5563 = ( GEOMETRIC_REPRESENTATION_CONTEXT(2) 
PARAMETRIC_REPRESENTATION_CONTEXT() REPRESENTATION_CONTEXT('2D SPACE',''
  ) );
#5564 = PCURVE('',#5565,#5570);
#5565 = CYLINDRICAL_SURFACE('',#5566,1.51);
#5566 = AXIS2_PLACEMENT_3D('',#5567,#5568,#5569);
#5567 = CARTESIAN_POINT('',(30.,40.,26.9));
#5568 = DIRECTION('',(0.,0.,1.));
#5569 = DIRECTION('',(1.,0.,-0.));
#5570 = DEFINITIONAL_REPRESENTATION('',(#5571),#5575);
#5571 = LINE('',#5572,#5573);
#5572 = CARTESIAN_POINT('',(0.,5.1));
#5573 = VECTOR('',#5574,1.);
#5574 = DIRECTION('',(1.,0.));
#5575 = ( GEOMETRIC_REPRESENTATION_CONTEXT(2) 
PARAMETRIC_REPRESENTATION_CONTEXT() REPRESENTATION_CONTEXT('2D SPACE',''
  ) );
#5576 = ADVANCED_FACE('',(#5577,#5580),#5529,.F.);
#5577 = FACE_BOUND('',#5578,.F.);
#5578 = EDGE_LOOP('',(#5579));
#5579 = ORIENTED_EDGE('',*,*,#5514,.T.);
#5580 = FACE_BOUND('',#5581,.F.);
#5581 = EDGE_LOOP('',(#5582));
#5582 = ORIENTED_EDGE('',*,*,#5583,.F.);
#5583 = EDGE_CURVE('',#5584,#5584,#5586,.T.);
#5584 = VERTEX_POINT('',#5585);
#5585 = CARTESIAN_POINT('',(31.51,40.,27.));
#5586 = SURFACE_CURVE('',#5587,(#5592,#5599),.PCURVE_S1.);
#5587 = CIRCLE('',#5588,1.51);
#5588 = AXIS2_PLACEMENT_3D('',#5589,#5590,#5591);
#5589 = CARTESIAN_POINT('',(30.,40.,27.));
#5590 = DIRECTION('',(0.,0.,1.));
#5591 = DIRECTION('',(1.,0.,-0.));
#5592 = PCURVE('',#5529,#5593);
#5593 = DEFINITIONAL_REPRESENTATION('',(#5594),#5598);
#5594 = CIRCLE('',#5595,1.51);
#5595 = AXIS2_PLACEMENT_2D('',#5596,#5597);
#5596 = CARTESIAN_POINT('',(0.,0.));
#5597 = DIRECTION('',(1.,0.));
#5598 = ( GEOMETRIC_REPRESENTATION_CONTEXT(2) 
PARAMETRIC_REPRESENTATION_CONTEXT() REPRESENTATION_CONTEXT('2D SPACE',''
  ) );
#5599 = PCURVE('',#5565,#5600);
#5600 = DEFINITIONAL_REPRESENTATION('',(#5601),#5605);
#5601 = LINE('',#5602,#5603);
#5602 = CARTESIAN_POINT('',(0.,0.1));
#5603 = VECTOR('',#5604,1.);
#5604 = DIRECTION('',(1.,0.));
#5605 = ( GEOMETRIC_REPRESENTATION_CONTEXT(2) 
PARAMETRIC_REPRESENTATION_CONTEXT() REPRESENTATION_CONTEXT('2D SPACE',''
  ) );
#5606 = ADVANCED_FACE('',(#5607),#5565,.F.);
#5607 = FACE_BOUND('',#5608,.F.);
#5608 = EDGE_LOOP('',(#5609,#5610,#5631,#5632));
#5609 = ORIENTED_EDGE('',*,*,#5548,.F.);
#5610 = ORIENTED_EDGE('',*,*,#5611,.F.);
#5611 = EDGE_CURVE('',#5584,#5549,#5612,.T.);
#5612 = SEAM_CURVE('',#5613,(#5617,#5624),.PCURVE_S1.);
#5613 = LINE('',#5614,#5615);
#5614 = CARTESIAN_POINT('',(31.51,40.,26.9));
#5615 = VECTOR('',#5616,1.);
#5616 = DIRECTION('',(0.,0.,1.));
#5617 = PCURVE('',#5565,#5618);
#5618 = DEFINITIONAL_REPRESENTATION('',(#5619),#5623);
#5619 = LINE('',#5620,#5621);
#5620 = CARTESIAN_POINT('',(6.28318530718,-0.));
#5621 = VECTOR('',#5622,1.);
#5622 = DIRECTION('',(0.,1.));
#5623 = ( GEOMETRIC_REPRESENTATION_CONTEXT(2) 
PARAMETRIC_REPRESENTATION_CONTEXT() REPRESENTATION_CONTEXT('2D SPACE',''
  ) );
#5624 = PCURVE('',#5565,#5625);
#5625 = DEFINITIONAL_REPRESENTATION('',(#5626),#5630);
#5626 = LINE('',#5627,#5628);
#5627 = CARTESIAN_POINT('',(0.,-0.));
#5628 = VECTOR('',#5629,1.);
#5629 = DIRECTION('',(0.,1.));
#5630 = ( GEOMETRIC_REPRESENTATION_CONTEXT(2) 
PARAMETRIC_REPRESENTATION_CONTEXT() REPRESENTATION_CONTEXT('2D SPACE',''
  ) );
#5631 = ORIENTED_EDGE('',*,*,#5583,.T.);
#5632 = ORIENTED_EDGE('',*,*,#5611,.T.);
#5633 = ( GEOMETRIC_REPRESENTATION_CONTEXT(3) 
GLOBAL_UNCERTAINTY_ASSIGNED_CONTEXT((#5637)) 
GLOBAL_UNIT_ASSIGNED_CONTEXT((#5634,#5635,#5636)) REPRESENTATION_CONTEXT
('Context #1','3D Context with UNIT and UNCERTAINTY') );
#5634 = ( LENGTH_UNIT() NAMED_UNIT(*) SI_UNIT(.MILLI.,.METRE.) );
#5635 = ( NAMED_UNIT(*) PLANE_ANGLE_UNIT() SI_UNIT($,.RADIAN.) );
#5636 = ( NAMED_UNIT(*) SI_UNIT($,.STERADIAN.) SOLID_ANGLE_UNIT() );
#5637 = UNCERTAINTY_MEASURE_WITH_UNIT(LENGTH_MEASURE(1.E-07),#5634,
  'distance_accuracy_value','confusion accuracy');
#5638 = CONTEXT_DEPENDENT_SHAPE_REPRESENTATION(#5639,#5641);
#5639 = ( REPRESENTATION_RELATIONSHIP('','',#5450,#10) 
REPRESENTATION_RELATIONSHIP_WITH_TRANSFORMATION(#5640) 
SHAPE_REPRESENTATION_RELATIONSHIP() );
#5640 = ITEM_DEFINED_TRANSFORMATION('','',#11,#111);
#5641 = PRODUCT_DEFINITION_SHAPE('Placement','Placement of an item',
  #5642);
#5642 = NEXT_ASSEMBLY_USAGE_OCCURRENCE('25','=>[0:1:1:26]','',#5,#5445,$
  );
#5643 = PRODUCT_RELATED_PRODUCT_CATEGORY('part',$,(#5447));
#5644 = SHAPE_DEFINITION_REPRESENTATION(#5645,#5651);
#5645 = PRODUCT_DEFINITION_SHAPE('','',#5646);
#5646 = PRODUCT_DEFINITION('design','',#5647,#5650);
#5647 = PRODUCT_DEFINITION_FORMATION('','',#5648);
#5648 = PRODUCT('COMPOUND','COMPOUND','',(#5649));
#5649 = PRODUCT_CONTEXT('',#2,'mechanical');
#5650 = PRODUCT_DEFINITION_CONTEXT('part definition',#2,'design');
#5651 = ADVANCED_BREP_SHAPE_REPRESENTATION('',(#11,#5652),#5840);
#5652 = MANIFOLD_SOLID_BREP('',#5653);
#5653 = CLOSED_SHELL('',(#5654,#5742,#5746,#5781,#5836));
#5654 = ADVANCED_FACE('',(#5655),#5668,.T.);
#5655 = FACE_BOUND('',#5656,.T.);
#5656 = EDGE_LOOP('',(#5657,#5691,#5714,#5741));
#5657 = ORIENTED_EDGE('',*,*,#5658,.F.);
#5658 = EDGE_CURVE('',#5659,#5659,#5661,.T.);
#5659 = VERTEX_POINT('',#5660);
#5660 = CARTESIAN_POINT('',(32.75,40.,37.4));
#5661 = SURFACE_CURVE('',#5662,(#5667,#5679),.PCURVE_S1.);
#5662 = CIRCLE('',#5663,2.75);
#5663 = AXIS2_PLACEMENT_3D('',#5664,#5665,#5666);
#5664 = CARTESIAN_POINT('',(30.,40.,37.4));
#5665 = DIRECTION('',(0.,0.,1.));
#5666 = DIRECTION('',(1.,0.,-0.));
#5667 = PCURVE('',#5668,#5673);
#5668 = CYLINDRICAL_SURFACE('',#5669,2.75);
#5669 = AXIS2_PLACEMENT_3D('',#5670,#5671,#5672);
#5670 = CARTESIAN_POINT('',(30.,40.,34.4));
#5671 = DIRECTION('',(0.,0.,1.));
#5672 = DIRECTION('',(1.,0.,-0.));
#5673 = DEFINITIONAL_REPRESENTATION('',(#5674),#5678);
#5674 = LINE('',#5675,#5676);
#5675 = CARTESIAN_POINT('',(0.,3.));
#5676 = VECTOR('',#5677,1.);
#5677 = DIRECTION('',(1.,0.));
#5678 = ( GEOMETRIC_REPRESENTATION_CONTEXT(2) 
PARAMETRIC_REPRESENTATION_CONTEXT() REPRESENTATION_CONTEXT('2D SPACE',''
  ) );
#5679 = PCURVE('',#5680,#5685);
#5680 = PLANE('',#5681);
#5681 = AXIS2_PLACEMENT_3D('',#5682,#5683,#5684);
#5682 = CARTESIAN_POINT('',(30.,40.,37.4));
#5683 = DIRECTION('',(0.,0.,1.));
#5684 = DIRECTION('',(1.,0.,-0.));
#5685 = DEFINITIONAL_REPRESENTATION('',(#5686),#5690);
#5686 = CIRCLE('',#5687,2.75);
#5687 = AXIS2_PLACEMENT_2D('',#5688,#5689);
#5688 = CARTESIAN_POINT('',(0.,0.));
#5689 = DIRECTION('',(1.,0.));
#5690 = ( GEOMETRIC_REPRESENTATION_CONTEXT(2) 
PARAMETRIC_REPRESENTATION_CONTEXT() REPRESENTATION_CONTEXT('2D SPACE',''
  ) );
#5691 = ORIENTED_EDGE('',*,*,#5692,.F.);
#5692 = EDGE_CURVE('',#5693,#5659,#5695,.T.);
#5693 = VERTEX_POINT('',#5694);
#5694 = CARTESIAN_POINT('',(32.75,40.,34.4));
#5695 = SEAM_CURVE('',#5696,(#5700,#5707),.PCURVE_S1.);
#5696 = LINE('',#5697,#5698);
#5697 = CARTESIAN_POINT('',(32.75,40.,34.4));
#5698 = VECTOR('',#5699,1.);
#5699 = DIRECTION('',(0.,0.,1.));
#5700 = PCURVE('',#5668,#5701);
#5701 = DEFINITIONAL_REPRESENTATION('',(#5702),#5706);
#5702 = LINE('',#5703,#5704);
#5703 = CARTESIAN_POINT('',(6.28318530718,-0.));
#5704 = VECTOR('',#5705,1.);
#5705 = DIRECTION('',(0.,1.));
#5706 = ( GEOMETRIC_REPRESENTATION_CONTEXT(2) 
PARAMETRIC_REPRESENTATION_CONTEXT() REPRESENTATION_CONTEXT('2D SPACE',''
  ) );
#5707 = PCURVE('',#5668,#5708);
#5708 = DEFINITIONAL_REPRESENTATION('',(#5709),#5713);
#5709 = LINE('',#5710,#5711);
#5710 = CARTESIAN_POINT('',(0.,-0.));
#5711 = VECTOR('',#5712,1.);
#5712 = DIRECTION('',(0.,1.));
#5713 = ( GEOMETRIC_REPRESENTATION_CONTEXT(2) 
PARAMETRIC_REPRESENTATION_CONTEXT() REPRESENTATION_CONTEXT('2D SPACE',''
  ) );
#5714 = ORIENTED_EDGE('',*,*,#5715,.T.);
#5715 = EDGE_CURVE('',#5693,#5693,#5716,.T.);
#5716 = SURFACE_CURVE('',#5717,(#5722,#5729),.PCURVE_S1.);
#5717 = CIRCLE('',#5718,2.75);
#5718 = AXIS2_PLACEMENT_3D('',#5719,#5720,#5721);
#5719 = CARTESIAN_POINT('',(30.,40.,34.4));
#5720 = DIRECTION('',(0.,0.,1.));
#5721 = DIRECTION('',(1.,0.,-0.));
#5722 = PCURVE('',#5668,#5723);
#5723 = DEFINITIONAL_REPRESENTATION('',(#5724),#5728);
#5724 = LINE('',#5725,#5726);
#5725 = CARTESIAN_POINT('',(0.,0.));
#5726 = VECTOR('',#5727,1.);
#5727 = DIRECTION('',(1.,0.));
#5728 = ( GEOMETRIC_REPRESENTATION_CONTEXT(2) 
PARAMETRIC_REPRESENTATION_CONTEXT() REPRESENTATION_CONTEXT('2D SPACE',''
  ) );
#5729 = PCURVE('',#5730,#5735);
#5730 = PLANE('',#5731);
#5731 = AXIS2_PLACEMENT_3D('',#5732,#5733,#5734);
#5732 = CARTESIAN_POINT('',(30.,40.,34.4));
#5733 = DIRECTION('',(0.,0.,1.));
#5734 = DIRECTION('',(1.,0.,-0.));
#5735 = DEFINITIONAL_REPRESENTATION('',(#5736),#5740);
#5736 = CIRCLE('',#5737,2.75);
#5737 = AXIS2_PLACEMENT_2D('',#5738,#5739);
#5738 = CARTESIAN_POINT('',(0.,0.));
#5739 = DIRECTION('',(1.,0.));
#5740 = ( GEOMETRIC_REPRESENTATION_CONTEXT(2) 
PARAMETRIC_REPRESENTATION_CONTEXT() REPRESENTATION_CONTEXT('2D SPACE',''
  ) );
#5741 = ORIENTED_EDGE('',*,*,#5692,.T.);
#5742 = ADVANCED_FACE('',(#5743),#5680,.T.);
#5743 = FACE_BOUND('',#5744,.T.);
#5744 = EDGE_LOOP('',(#5745));
#5745 = ORIENTED_EDGE('',*,*,#5658,.T.);
#5746 = ADVANCED_FACE('',(#5747,#5750),#5730,.F.);
#5747 = FACE_BOUND('',#5748,.F.);
#5748 = EDGE_LOOP('',(#5749));
#5749 = ORIENTED_EDGE('',*,*,#5715,.T.);
#5750 = FACE_BOUND('',#5751,.F.);
#5751 = EDGE_LOOP('',(#5752));
#5752 = ORIENTED_EDGE('',*,*,#5753,.F.);
#5753 = EDGE_CURVE('',#5754,#5754,#5756,.T.);
#5754 = VERTEX_POINT('',#5755);
#5755 = CARTESIAN_POINT('',(31.5,40.,34.4));
#5756 = SURFACE_CURVE('',#5757,(#5762,#5769),.PCURVE_S1.);
#5757 = CIRCLE('',#5758,1.5);
#5758 = AXIS2_PLACEMENT_3D('',#5759,#5760,#5761);
#5759 = CARTESIAN_POINT('',(30.,40.,34.4));
#5760 = DIRECTION('',(0.,0.,1.));
#5761 = DIRECTION('',(1.,0.,-0.));
#5762 = PCURVE('',#5730,#5763);
#5763 = DEFINITIONAL_REPRESENTATION('',(#5764),#5768);
#5764 = CIRCLE('',#5765,1.5);
#5765 = AXIS2_PLACEMENT_2D('',#5766,#5767);
#5766 = CARTESIAN_POINT('',(0.,0.));
#5767 = DIRECTION('',(1.,0.));
#5768 = ( GEOMETRIC_REPRESENTATION_CONTEXT(2) 
PARAMETRIC_REPRESENTATION_CONTEXT() REPRESENTATION_CONTEXT('2D SPACE',''
  ) );
#5769 = PCURVE('',#5770,#5775);
#5770 = CYLINDRICAL_SURFACE('',#5771,1.5);
#5771 = AXIS2_PLACEMENT_3D('',#5772,#5773,#5774);
#5772 = CARTESIAN_POINT('',(30.,40.,26.4));
#5773 = DIRECTION('',(0.,0.,1.));
#5774 = DIRECTION('',(1.,0.,-0.));
#5775 = DEFINITIONAL_REPRESENTATION('',(#5776),#5780);
#5776 = LINE('',#5777,#5778);
#5777 = CARTESIAN_POINT('',(0.,8.));
#5778 = VECTOR('',#5779,1.);
#5779 = DIRECTION('',(1.,0.));
#5780 = ( GEOMETRIC_REPRESENTATION_CONTEXT(2) 
PARAMETRIC_REPRESENTATION_CONTEXT() REPRESENTATION_CONTEXT('2D SPACE',''
  ) );
#5781 = ADVANCED_FACE('',(#5782),#5770,.T.);
#5782 = FACE_BOUND('',#5783,.T.);
#5783 = EDGE_LOOP('',(#5784,#5785,#5808,#5835));
#5784 = ORIENTED_EDGE('',*,*,#5753,.F.);
#5785 = ORIENTED_EDGE('',*,*,#5786,.F.);
#5786 = EDGE_CURVE('',#5787,#5754,#5789,.T.);
#5787 = VERTEX_POINT('',#5788);
#5788 = CARTESIAN_POINT('',(31.5,40.,26.4));
#5789 = SEAM_CURVE('',#5790,(#5794,#5801),.PCURVE_S1.);
#5790 = LINE('',#5791,#5792);
#5791 = CARTESIAN_POINT('',(31.5,40.,26.4));
#5792 = VECTOR('',#5793,1.);
#5793 = DIRECTION('',(0.,0.,1.));
#5794 = PCURVE('',#5770,#5795);
#5795 = DEFINITIONAL_REPRESENTATION('',(#5796),#5800);
#5796 = LINE('',#5797,#5798);
#5797 = CARTESIAN_POINT('',(6.28318530718,-0.));
#5798 = VECTOR('',#5799,1.);
#5799 = DIRECTION('',(0.,1.));
#5800 = ( GEOMETRIC_REPRESENTATION_CONTEXT(2) 
PARAMETRIC_REPRESENTATION_CONTEXT() REPRESENTATION_CONTEXT('2D SPACE',''
  ) );
#5801 = PCURVE('',#5770,#5802);
#5802 = DEFINITIONAL_REPRESENTATION('',(#5803),#5807);
#5803 = LINE('',#5804,#5805);
#5804 = CARTESIAN_POINT('',(0.,-0.));
#5805 = VECTOR('',#5806,1.);
#5806 = DIRECTION('',(0.,1.));
#5807 = ( GEOMETRIC_REPRESENTATION_CONTEXT(2) 
PARAMETRIC_REPRESENTATION_CONTEXT() REPRESENTATION_CONTEXT('2D SPACE',''
  ) );
#5808 = ORIENTED_EDGE('',*,*,#5809,.T.);
#5809 = EDGE_CURVE('',#5787,#5787,#5810,.T.);
#5810 = SURFACE_CURVE('',#5811,(#5816,#5823),.PCURVE_S1.);
#5811 = CIRCLE('',#5812,1.5);
#5812 = AXIS2_PLACEMENT_3D('',#5813,#5814,#5815);
#5813 = CARTESIAN_POINT('',(30.,40.,26.4));
#5814 = DIRECTION('',(0.,0.,1.));
#5815 = DIRECTION('',(1.,0.,-0.));
#5816 = PCURVE('',#5770,#5817);
#5817 = DEFINITIONAL_REPRESENTATION('',(#5818),#5822);
#5818 = LINE('',#5819,#5820);
#5819 = CARTESIAN_POINT('',(0.,0.));
#5820 = VECTOR('',#5821,1.);
#5821 = DIRECTION('',(1.,0.));
#5822 = ( GEOMETRIC_REPRESENTATION_CONTEXT(2) 
PARAMETRIC_REPRESENTATION_CONTEXT() REPRESENTATION_CONTEXT('2D SPACE',''
  ) );
#5823 = PCURVE('',#5824,#5829);
#5824 = PLANE('',#5825);
#5825 = AXIS2_PLACEMENT_3D('',#5826,#5827,#5828);
#5826 = CARTESIAN_POINT('',(30.,40.,26.4));
#5827 = DIRECTION('',(0.,0.,1.));
#5828 = DIRECTION('',(1.,0.,-0.));
#5829 = DEFINITIONAL_REPRESENTATION('',(#5830),#5834);
#5830 = CIRCLE('',#5831,1.5);
#5831 = AXIS2_PLACEMENT_2D('',#5832,#5833);
#5832 = CARTESIAN_POINT('',(0.,0.));
#5833 = DIRECTION('',(1.,0.));
#5834 = ( GEOMETRIC_REPRESENTATION_CONTEXT(2) 
PARAMETRIC_REPRESENTATION_CONTEXT() REPRESENTATION_CONTEXT('2D SPACE',''
  ) );
#5835 = ORIENTED_EDGE('',*,*,#5786,.T.);
#5836 = ADVANCED_FACE('',(#5837),#5824,.F.);
#5837 = FACE_BOUND('',#5838,.T.);
#5838 = EDGE_LOOP('',(#5839));
#5839 = ORIENTED_EDGE('',*,*,#5809,.F.);
#5840 = ( GEOMETRIC_REPRESENTATION_CONTEXT(3) 
GLOBAL_UNCERTAINTY_ASSIGNED_CONTEXT((#5844)) 
GLOBAL_UNIT_ASSIGNED_CONTEXT((#5841,#5842,#5843)) REPRESENTATION_CONTEXT
('Context #1','3D Context with UNIT and UNCERTAINTY') );
#5841 = ( LENGTH_UNIT() NAMED_UNIT(*) SI_UNIT(.MILLI.,.METRE.) );
#5842 = ( NAMED_UNIT(*) PLANE_ANGLE_UNIT() SI_UNIT($,.RADIAN.) );
#5843 = ( NAMED_UNIT(*) SI_UNIT($,.STERADIAN.) SOLID_ANGLE_UNIT() );
#5844 = UNCERTAINTY_MEASURE_WITH_UNIT(LENGTH_MEASURE(1.E-07),#5841,
  'distance_accuracy_value','confusion accuracy');
#5845 = CONTEXT_DEPENDENT_SHAPE_REPRESENTATION(#5846,#5848);
#5846 = ( REPRESENTATION_RELATIONSHIP('','',#5651,#10) 
REPRESENTATION_RELATIONSHIP_WITH_TRANSFORMATION(#5847) 
SHAPE_REPRESENTATION_RELATIONSHIP() );
#5847 = ITEM_DEFINED_TRANSFORMATION('','',#11,#115);
#5848 = PRODUCT_DEFINITION_SHAPE('Placement','Placement of an item',
  #5849);
#5849 = NEXT_ASSEMBLY_USAGE_OCCURRENCE('26','=>[0:1:1:27]','',#5,#5646,$
  );
#5850 = PRODUCT_RELATED_PRODUCT_CATEGORY('part',$,(#5648));
ENDSEC;
END-ISO-10303-21;
