ISO-10303-21;
HEADER;
FILE_DESCRIPTION(('Open CASCADE Model'),'2;1');
FILE_NAME('Open CASCADE Shape Model','2026-09-11T09:21:17',('Author'),(
    'Open CASCADE'),'Open CASCADE STEP processor 7.9','build123d',
  'Unknown');
FILE_SCHEMA(('AUTOMOTIVE_DESIGN { 1 0 10303 214 1 1 1 1 }'));
ENDSEC;
DATA;
#1 = APPLICATION_PROTOCOL_DEFINITION('international standard',
  'automotive_design',2000,#2);
#2 = APPLICATION_CONTEXT(
  'core data for automotive mechanical design processes');
#3 = SHAPE_DEFINITION_REPRESENTATION(#4,#10);
#4 = PRODUCT_DEFINITION_SHAPE('','',#5);
#5 = PRODUCT_DEFINITION('design','',#6,#9);
#6 = PRODUCT_DEFINITION_FORMATION('','',#7);
#7 = PRODUCT('=>[0:1:1:2]','=>[0:1:1:2]','',(#8));
#8 = PRODUCT_CONTEXT('',#2,'mechanical');
#9 = PRODUCT_DEFINITION_CONTEXT('part definition',#2,'design');
#10 = SHAPE_REPRESENTATION('',(#11,#15),#19);
#11 = AXIS2_PLACEMENT_3D('',#12,#13,#14);
#12 = CARTESIAN_POINT('',(0.,0.,0.));
#13 = DIRECTION('',(0.,0.,1.));
#14 = DIRECTION('',(1.,0.,-0.));
#15 = AXIS2_PLACEMENT_3D('',#16,#17,#18);
#16 = CARTESIAN_POINT('',(0.,0.,2.187139358512E-14));
#17 = DIRECTION('',(0.,0.,1.));
#18 = DIRECTION('',(1.,0.,-0.));
#19 = ( GEOMETRIC_REPRESENTATION_CONTEXT(3) 
GLOBAL_UNCERTAINTY_ASSIGNED_CONTEXT((#23)) GLOBAL_UNIT_ASSIGNED_CONTEXT(
(#20,#21,#22)) REPRESENTATION_CONTEXT('Context #1',
  '3D Context with UNIT and UNCERTAINTY') );
#20 = ( LENGTH_UNIT() NAMED_UNIT(*) SI_UNIT(.MILLI.,.METRE.) );
#21 = ( NAMED_UNIT(*) PLANE_ANGLE_UNIT() SI_UNIT($,.RADIAN.) );
#22 = ( NAMED_UNIT(*) SI_UNIT($,.STERADIAN.) SOLID_ANGLE_UNIT() );
#23 = UNCERTAINTY_MEASURE_WITH_UNIT(LENGTH_MEASURE(2.E-06),#20,
  'distance_accuracy_value','confusion accuracy');
#24 = PRODUCT_RELATED_PRODUCT_CATEGORY('part',$,(#7));
#25 = SHAPE_DEFINITION_REPRESENTATION(#26,#32);
#26 = PRODUCT_DEFINITION_SHAPE('','',#27);
#27 = PRODUCT_DEFINITION('design','',#28,#31);
#28 = PRODUCT_DEFINITION_FORMATION('','',#29);
#29 = PRODUCT('COMPOUND','COMPOUND','',(#30));
#30 = PRODUCT_CONTEXT('',#2,'mechanical');
#31 = PRODUCT_DEFINITION_CONTEXT('part definition',#2,'design');
#32 = ADVANCED_BREP_SHAPE_REPRESENTATION('',(#11,#33),#19337);
#33 = MANIFOLD_SOLID_BREP('',#34);
#34 = CLOSED_SHELL('',(#35,#153,#241,#313,#576,#651,#709,#790,#842,#891,
    #1929,#1935,#1987,#2251,#2951,#3001,#3145,#3172,#3229,#3279,#3304,
    #3382,#3479,#3504,#3551,#3604,#3656,#3709,#3789,#3815,#4012,#4062,
    #4181,#4231,#4448,#4479,#4555,#4581,#4734,#4741,#4815,#4862,#4909,
    #4934,#5003,#5050,#5097,#5122,#5191,#5238,#5285,#5310,#5379,#5426,
    #5473,#5498,#5551,#5606,#6747,#6796,#6845,#6871,#6946,#6972,#7063,
    #7110,#7234,#7331,#7432,#7478,#7526,#7572,#7670,#7719,#7820,#7866,
    #7914,#7960,#8058,#8107,#8134,#8141,#8168,#8218,#8267,#8295,#8526,
    #8584,#8633,#8682,#8737,#8792,#8847,#8901,#8956,#8983,#9030,#9084,
    #9114,#9125,#9180,#9235,#9262,#9289,#9316,#9323,#10458,#10510,#10537
    ,#10566,#10591,#10598,#10623,#10648,#10673,#11684,#11709,#11829,
    #11876,#12018,#12073,#13177,#13226,#13321,#13348,#13397,#13492,
    #13519,#13547,#13574,#13648,#13695,#13723,#13778,#13852,#13899,
    #13927,#13982,#14032,#14087,#14161,#14209,#14236,#14286,#14606,
    #14651,#14724,#14731,#14779,#14915,#14940,#14988,#15124,#15149,
    #15175,#15250,#15276,#15325,#15352,#15380,#15432,#15482,#15486,
    #15490,#15543,#15595,#15623,#15673,#15698,#15702,#15706,#15784,
    #15833,#15884,#15962,#16011,#16062,#16109,#16157,#16262,#16311,
    #16404,#16452,#16479,#16526,#16574,#16679,#16728,#16821,#16869,
    #16896,#16972,#17021,#17070,#17097,#17173,#17222,#17271,#17298,
    #17323,#17385,#17447,#17494,#17521,#17548,#17555,#17602,#17629,
    #17656,#17663,#17710,#17737,#17764,#17771,#17818,#17845,#17872,
    #17879,#17926,#17953,#17980,#17987,#18034,#18061,#18088,#18095,
    #18142,#18169,#18196,#18203,#18230,#18237,#18284,#18332,#18359,
    #18386,#18412,#18439,#18469,#18495,#18521,#18551,#18558,#18584,
    #18591,#18597,#18601,#18607,#18611,#18615,#18621,#18648,#18657,
    #18684,#18739,#18813,#18861,#18888,#18913,#18968,#18993,#19048,
    #19075,#19102,#19109,#19116,#19123,#19148,#19155,#19180,#19187,
    #19194,#19201,#19256,#19311,#19315,#19321,#19325,#19329,#19333));
#35 = ADVANCED_FACE('',(#36),#50,.F.);
#36 = FACE_BOUND('',#37,.F.);
#37 = EDGE_LOOP('',(#38,#73,#101,#127));
#38 = ORIENTED_EDGE('',*,*,#39,.F.);
#39 = EDGE_CURVE('',#40,#42,#44,.T.);
#40 = VERTEX_POINT('',#41);
#41 = CARTESIAN_POINT('',(-36.4,-43.4,0.8));
#42 = VERTEX_POINT('',#43);
#43 = CARTESIAN_POINT('',(-36.4,-43.4,3.6));
#44 = SURFACE_CURVE('',#45,(#49,#61),.PCURVE_S1.);
#45 = LINE('',#46,#47);
#46 = CARTESIAN_POINT('',(-36.4,-43.4,0.));
#47 = VECTOR('',#48,1.);
#48 = DIRECTION('',(0.,0.,1.));
#49 = PCURVE('',#50,#55);
#50 = PLANE('',#51);
#51 = AXIS2_PLACEMENT_3D('',#52,#53,#54);
#52 = CARTESIAN_POINT('',(-36.4,-46.4,0.));
#53 = DIRECTION('',(1.,0.,-0.));
#54 = DIRECTION('',(0.,0.,1.));
#55 = DEFINITIONAL_REPRESENTATION('',(#56),#60);
#56 = LINE('',#57,#58);
#57 = CARTESIAN_POINT('',(0.,-3.));
#58 = VECTOR('',#59,1.);
#59 = DIRECTION('',(1.,0.));
#60 = ( GEOMETRIC_REPRESENTATION_CONTEXT(2) 
PARAMETRIC_REPRESENTATION_CONTEXT() REPRESENTATION_CONTEXT('2D SPACE',''
  ) );
#61 = PCURVE('',#62,#67);
#62 = CYLINDRICAL_SURFACE('',#63,3.);
#63 = AXIS2_PLACEMENT_3D('',#64,#65,#66);
#64 = CARTESIAN_POINT('',(-33.4,-43.4,0.));
#65 = DIRECTION('',(0.,0.,1.));
#66 = DIRECTION('',(-1.,-0.,0.));
#67 = DEFINITIONAL_REPRESENTATION('',(#68),#72);
#68 = LINE('',#69,#70);
#69 = CARTESIAN_POINT('',(0.,0.));
#70 = VECTOR('',#71,1.);
#71 = DIRECTION('',(0.,1.));
#72 = ( GEOMETRIC_REPRESENTATION_CONTEXT(2) 
PARAMETRIC_REPRESENTATION_CONTEXT() REPRESENTATION_CONTEXT('2D SPACE',''
  ) );
#73 = ORIENTED_EDGE('',*,*,#74,.T.);
#74 = EDGE_CURVE('',#40,#75,#77,.T.);
#75 = VERTEX_POINT('',#76);
#76 = CARTESIAN_POINT('',(-36.4,-28.,0.8));
#77 = SURFACE_CURVE('',#78,(#82,#89),.PCURVE_S1.);
#78 = LINE('',#79,#80);
#79 = CARTESIAN_POINT('',(-36.4,-43.4,0.8));
#80 = VECTOR('',#81,1.);
#81 = DIRECTION('',(-0.,1.,0.));
#82 = PCURVE('',#50,#83);
#83 = DEFINITIONAL_REPRESENTATION('',(#84),#88);
#84 = LINE('',#85,#86);
#85 = CARTESIAN_POINT('',(0.8,-3.));
#86 = VECTOR('',#87,1.);
#87 = DIRECTION('',(0.,-1.));
#88 = ( GEOMETRIC_REPRESENTATION_CONTEXT(2) 
PARAMETRIC_REPRESENTATION_CONTEXT() REPRESENTATION_CONTEXT('2D SPACE',''
  ) );
#89 = PCURVE('',#90,#95);
#90 = PLANE('',#91);
#91 = AXIS2_PLACEMENT_3D('',#92,#93,#94);
#92 = CARTESIAN_POINT('',(-36.,-43.4,0.4));
#93 = DIRECTION('',(-0.707106781187,6.983161618628E-18,-0.707106781187)
  );
#94 = DIRECTION('',(4.937840934654E-18,1.,4.937840934654E-18));
#95 = DEFINITIONAL_REPRESENTATION('',(#96),#100);
#96 = LINE('',#97,#98);
#97 = CARTESIAN_POINT('',(0.,-0.565685424949));
#98 = VECTOR('',#99,1.);
#99 = DIRECTION('',(1.,0.));
#100 = ( GEOMETRIC_REPRESENTATION_CONTEXT(2) 
PARAMETRIC_REPRESENTATION_CONTEXT() REPRESENTATION_CONTEXT('2D SPACE',''
  ) );
#101 = ORIENTED_EDGE('',*,*,#102,.T.);
#102 = EDGE_CURVE('',#75,#103,#105,.T.);
#103 = VERTEX_POINT('',#104);
#104 = CARTESIAN_POINT('',(-36.4,-28.,3.6));
#105 = SURFACE_CURVE('',#106,(#110,#116),.PCURVE_S1.);
#106 = LINE('',#107,#108);
#107 = CARTESIAN_POINT('',(-36.4,-28.,0.));
#108 = VECTOR('',#109,1.);
#109 = DIRECTION('',(0.,-0.,1.));
#110 = PCURVE('',#50,#111);
#111 = DEFINITIONAL_REPRESENTATION('',(#112),#115);
#112 = B_SPLINE_CURVE_WITH_KNOTS('',1,(#113,#114),.UNSPECIFIED.,.F.,.F.,
  (2,2),(0.8,3.6),.PIECEWISE_BEZIER_KNOTS.);
#113 = CARTESIAN_POINT('',(0.8,-18.4));
#114 = CARTESIAN_POINT('',(3.6,-18.4));
#115 = ( GEOMETRIC_REPRESENTATION_CONTEXT(2) 
PARAMETRIC_REPRESENTATION_CONTEXT() REPRESENTATION_CONTEXT('2D SPACE',''
  ) );
#116 = PCURVE('',#117,#122);
#117 = PLANE('',#118);
#118 = AXIS2_PLACEMENT_3D('',#119,#120,#121);
#119 = CARTESIAN_POINT('',(-39.20000004048,-28.,0.));
#120 = DIRECTION('',(0.,1.,0.));
#121 = DIRECTION('',(1.,0.,0.));
#122 = DEFINITIONAL_REPRESENTATION('',(#123),#126);
#123 = B_SPLINE_CURVE_WITH_KNOTS('',1,(#124,#125),.UNSPECIFIED.,.F.,.F.,
  (2,2),(0.8,3.6),.PIECEWISE_BEZIER_KNOTS.);
#124 = CARTESIAN_POINT('',(2.800000040489,-0.8));
#125 = CARTESIAN_POINT('',(2.800000040489,-3.6));
#126 = ( GEOMETRIC_REPRESENTATION_CONTEXT(2) 
PARAMETRIC_REPRESENTATION_CONTEXT() REPRESENTATION_CONTEXT('2D SPACE',''
  ) );
#127 = ORIENTED_EDGE('',*,*,#128,.F.);
#128 = EDGE_CURVE('',#42,#103,#129,.T.);
#129 = SURFACE_CURVE('',#130,(#134,#141),.PCURVE_S1.);
#130 = LINE('',#131,#132);
#131 = CARTESIAN_POINT('',(-36.4,-43.4,3.6));
#132 = VECTOR('',#133,1.);
#133 = DIRECTION('',(-0.,1.,0.));
#134 = PCURVE('',#50,#135);
#135 = DEFINITIONAL_REPRESENTATION('',(#136),#140);
#136 = LINE('',#137,#138);
#137 = CARTESIAN_POINT('',(3.6,-3.));
#138 = VECTOR('',#139,1.);
#139 = DIRECTION('',(0.,-1.));
#140 = ( GEOMETRIC_REPRESENTATION_CONTEXT(2) 
PARAMETRIC_REPRESENTATION_CONTEXT() REPRESENTATION_CONTEXT('2D SPACE',''
  ) );
#141 = PCURVE('',#142,#147);
#142 = PLANE('',#143);
#143 = AXIS2_PLACEMENT_3D('',#144,#145,#146);
#144 = CARTESIAN_POINT('',(-37.,-43.4,4.2));
#145 = DIRECTION('',(-0.707106781187,0.,-0.707106781187));
#146 = DIRECTION('',(0.,1.,0.));
#147 = DEFINITIONAL_REPRESENTATION('',(#148),#152);
#148 = LINE('',#149,#150);
#149 = CARTESIAN_POINT('',(0.,0.848528137424));
#150 = VECTOR('',#151,1.);
#151 = DIRECTION('',(1.,0.));
#152 = ( GEOMETRIC_REPRESENTATION_CONTEXT(2) 
PARAMETRIC_REPRESENTATION_CONTEXT() REPRESENTATION_CONTEXT('2D SPACE',''
  ) );
#153 = ADVANCED_FACE('',(#154),#62,.T.);
#154 = FACE_BOUND('',#155,.T.);
#155 = EDGE_LOOP('',(#156,#157,#186,#214));
#156 = ORIENTED_EDGE('',*,*,#39,.F.);
#157 = ORIENTED_EDGE('',*,*,#158,.F.);
#158 = EDGE_CURVE('',#159,#40,#161,.T.);
#159 = VERTEX_POINT('',#160);
#160 = CARTESIAN_POINT('',(-33.4,-46.4,0.8));
#161 = SURFACE_CURVE('',#162,(#167,#174),.PCURVE_S1.);
#162 = CIRCLE('',#163,3.);
#163 = AXIS2_PLACEMENT_3D('',#164,#165,#166);
#164 = CARTESIAN_POINT('',(-33.4,-43.4,0.8));
#165 = DIRECTION('',(-0.,-0.,-1.));
#166 = DIRECTION('',(0.,-1.,0.));
#167 = PCURVE('',#62,#168);
#168 = DEFINITIONAL_REPRESENTATION('',(#169),#173);
#169 = LINE('',#170,#171);
#170 = CARTESIAN_POINT('',(1.570796326795,0.8));
#171 = VECTOR('',#172,1.);
#172 = DIRECTION('',(-1.,-0.));
#173 = ( GEOMETRIC_REPRESENTATION_CONTEXT(2) 
PARAMETRIC_REPRESENTATION_CONTEXT() REPRESENTATION_CONTEXT('2D SPACE',''
  ) );
#174 = PCURVE('',#175,#180);
#175 = CONICAL_SURFACE('',#176,3.,0.785398163397);
#176 = AXIS2_PLACEMENT_3D('',#177,#178,#179);
#177 = CARTESIAN_POINT('',(-33.4,-43.4,0.8));
#178 = DIRECTION('',(0.,0.,1.));
#179 = DIRECTION('',(0.,-1.,0.));
#180 = DEFINITIONAL_REPRESENTATION('',(#181),#185);
#181 = LINE('',#182,#183);
#182 = CARTESIAN_POINT('',(-0.,-0.));
#183 = VECTOR('',#184,1.);
#184 = DIRECTION('',(-1.,-0.));
#185 = ( GEOMETRIC_REPRESENTATION_CONTEXT(2) 
PARAMETRIC_REPRESENTATION_CONTEXT() REPRESENTATION_CONTEXT('2D SPACE',''
  ) );
#186 = ORIENTED_EDGE('',*,*,#187,.T.);
#187 = EDGE_CURVE('',#159,#188,#190,.T.);
#188 = VERTEX_POINT('',#189);
#189 = CARTESIAN_POINT('',(-33.4,-46.4,3.6));
#190 = SURFACE_CURVE('',#191,(#195,#202),.PCURVE_S1.);
#191 = LINE('',#192,#193);
#192 = CARTESIAN_POINT('',(-33.4,-46.4,0.));
#193 = VECTOR('',#194,1.);
#194 = DIRECTION('',(0.,0.,1.));
#195 = PCURVE('',#62,#196);
#196 = DEFINITIONAL_REPRESENTATION('',(#197),#201);
#197 = LINE('',#198,#199);
#198 = CARTESIAN_POINT('',(1.570796326795,0.));
#199 = VECTOR('',#200,1.);
#200 = DIRECTION('',(0.,1.));
#201 = ( GEOMETRIC_REPRESENTATION_CONTEXT(2) 
PARAMETRIC_REPRESENTATION_CONTEXT() REPRESENTATION_CONTEXT('2D SPACE',''
  ) );
#202 = PCURVE('',#203,#208);
#203 = PLANE('',#204);
#204 = AXIS2_PLACEMENT_3D('',#205,#206,#207);
#205 = CARTESIAN_POINT('',(-36.4,-46.4,0.));
#206 = DIRECTION('',(-0.,1.,0.));
#207 = DIRECTION('',(0.,0.,1.));
#208 = DEFINITIONAL_REPRESENTATION('',(#209),#213);
#209 = LINE('',#210,#211);
#210 = CARTESIAN_POINT('',(0.,3.));
#211 = VECTOR('',#212,1.);
#212 = DIRECTION('',(1.,0.));
#213 = ( GEOMETRIC_REPRESENTATION_CONTEXT(2) 
PARAMETRIC_REPRESENTATION_CONTEXT() REPRESENTATION_CONTEXT('2D SPACE',''
  ) );
#214 = ORIENTED_EDGE('',*,*,#215,.T.);
#215 = EDGE_CURVE('',#188,#42,#216,.T.);
#216 = SURFACE_CURVE('',#217,(#222,#229),.PCURVE_S1.);
#217 = CIRCLE('',#218,3.);
#218 = AXIS2_PLACEMENT_3D('',#219,#220,#221);
#219 = CARTESIAN_POINT('',(-33.4,-43.4,3.6));
#220 = DIRECTION('',(-0.,-0.,-1.));
#221 = DIRECTION('',(0.,-1.,0.));
#222 = PCURVE('',#62,#223);
#223 = DEFINITIONAL_REPRESENTATION('',(#224),#228);
#224 = LINE('',#225,#226);
#225 = CARTESIAN_POINT('',(1.570796326795,3.6));
#226 = VECTOR('',#227,1.);
#227 = DIRECTION('',(-1.,0.));
#228 = ( GEOMETRIC_REPRESENTATION_CONTEXT(2) 
PARAMETRIC_REPRESENTATION_CONTEXT() REPRESENTATION_CONTEXT('2D SPACE',''
  ) );
#229 = PCURVE('',#230,#235);
#230 = CONICAL_SURFACE('',#231,4.2,0.785398163397);
#231 = AXIS2_PLACEMENT_3D('',#232,#233,#234);
#232 = CARTESIAN_POINT('',(-33.4,-43.4,4.8));
#233 = DIRECTION('',(0.,0.,1.));
#234 = DIRECTION('',(0.,-1.,0.));
#235 = DEFINITIONAL_REPRESENTATION('',(#236),#240);
#236 = LINE('',#237,#238);
#237 = CARTESIAN_POINT('',(-0.,-1.2));
#238 = VECTOR('',#239,1.);
#239 = DIRECTION('',(-1.,-0.));
#240 = ( GEOMETRIC_REPRESENTATION_CONTEXT(2) 
PARAMETRIC_REPRESENTATION_CONTEXT() REPRESENTATION_CONTEXT('2D SPACE',''
  ) );
#241 = ADVANCED_FACE('',(#242),#142,.T.);
#242 = FACE_BOUND('',#243,.T.);
#243 = EDGE_LOOP('',(#244,#265,#293,#312));
#244 = ORIENTED_EDGE('',*,*,#245,.F.);
#245 = EDGE_CURVE('',#246,#42,#248,.T.);
#246 = VERTEX_POINT('',#247);
#247 = CARTESIAN_POINT('',(-37.6,-43.4,4.8));
#248 = SURFACE_CURVE('',#249,(#253,#259),.PCURVE_S1.);
#249 = LINE('',#250,#251);
#250 = CARTESIAN_POINT('',(-37.,-43.4,4.2));
#251 = VECTOR('',#252,1.);
#252 = DIRECTION('',(0.707106781187,0.,-0.707106781187));
#253 = PCURVE('',#142,#254);
#254 = DEFINITIONAL_REPRESENTATION('',(#255),#258);
#255 = B_SPLINE_CURVE_WITH_KNOTS('',1,(#256,#257),.UNSPECIFIED.,.F.,.F.,
  (2,2),(-0.848528137424,0.848528137424),.PIECEWISE_BEZIER_KNOTS.);
#256 = CARTESIAN_POINT('',(0.,-0.848528137424));
#257 = CARTESIAN_POINT('',(0.,0.848528137424));
#258 = ( GEOMETRIC_REPRESENTATION_CONTEXT(2) 
PARAMETRIC_REPRESENTATION_CONTEXT() REPRESENTATION_CONTEXT('2D SPACE',''
  ) );
#259 = PCURVE('',#230,#260);
#260 = DEFINITIONAL_REPRESENTATION('',(#261),#264);
#261 = B_SPLINE_CURVE_WITH_KNOTS('',1,(#262,#263),.UNSPECIFIED.,.F.,.F.,
  (2,2),(-0.848528137424,0.848528137424),.PIECEWISE_BEZIER_KNOTS.);
#262 = CARTESIAN_POINT('',(-1.570796326795,0.));
#263 = CARTESIAN_POINT('',(-1.570796326795,-1.2));
#264 = ( GEOMETRIC_REPRESENTATION_CONTEXT(2) 
PARAMETRIC_REPRESENTATION_CONTEXT() REPRESENTATION_CONTEXT('2D SPACE',''
  ) );
#265 = ORIENTED_EDGE('',*,*,#266,.T.);
#266 = EDGE_CURVE('',#246,#267,#269,.T.);
#267 = VERTEX_POINT('',#268);
#268 = CARTESIAN_POINT('',(-37.6,-28.,4.8));
#269 = SURFACE_CURVE('',#270,(#274,#281),.PCURVE_S1.);
#270 = LINE('',#271,#272);
#271 = CARTESIAN_POINT('',(-37.6,-43.4,4.8));
#272 = VECTOR('',#273,1.);
#273 = DIRECTION('',(-0.,1.,0.));
#274 = PCURVE('',#142,#275);
#275 = DEFINITIONAL_REPRESENTATION('',(#276),#280);
#276 = LINE('',#277,#278);
#277 = CARTESIAN_POINT('',(0.,-0.848528137424));
#278 = VECTOR('',#279,1.);
#279 = DIRECTION('',(1.,0.));
#280 = ( GEOMETRIC_REPRESENTATION_CONTEXT(2) 
PARAMETRIC_REPRESENTATION_CONTEXT() REPRESENTATION_CONTEXT('2D SPACE',''
  ) );
#281 = PCURVE('',#282,#287);
#282 = PLANE('',#283);
#283 = AXIS2_PLACEMENT_3D('',#284,#285,#286);
#284 = CARTESIAN_POINT('',(-37.6,-47.6,3.6));
#285 = DIRECTION('',(1.,0.,-0.));
#286 = DIRECTION('',(0.,0.,1.));
#287 = DEFINITIONAL_REPRESENTATION('',(#288),#292);
#288 = LINE('',#289,#290);
#289 = CARTESIAN_POINT('',(1.2,-4.2));
#290 = VECTOR('',#291,1.);
#291 = DIRECTION('',(0.,-1.));
#292 = ( GEOMETRIC_REPRESENTATION_CONTEXT(2) 
PARAMETRIC_REPRESENTATION_CONTEXT() REPRESENTATION_CONTEXT('2D SPACE',''
  ) );
#293 = ORIENTED_EDGE('',*,*,#294,.T.);
#294 = EDGE_CURVE('',#267,#103,#295,.T.);
#295 = SURFACE_CURVE('',#296,(#300,#306),.PCURVE_S1.);
#296 = LINE('',#297,#298);
#297 = CARTESIAN_POINT('',(-36.50000001012,-28.,3.700000010122));
#298 = VECTOR('',#299,1.);
#299 = DIRECTION('',(0.707106781187,0.,-0.707106781187));
#300 = PCURVE('',#142,#301);
#301 = DEFINITIONAL_REPRESENTATION('',(#302),#305);
#302 = B_SPLINE_CURVE_WITH_KNOTS('',1,(#303,#304),.UNSPECIFIED.,.F.,.F.,
  (2,2),(-1.555634904295,0.141421370552),.PIECEWISE_BEZIER_KNOTS.);
#303 = CARTESIAN_POINT('',(15.4,-0.848528137424));
#304 = CARTESIAN_POINT('',(15.4,0.848528137424));
#305 = ( GEOMETRIC_REPRESENTATION_CONTEXT(2) 
PARAMETRIC_REPRESENTATION_CONTEXT() REPRESENTATION_CONTEXT('2D SPACE',''
  ) );
#306 = PCURVE('',#117,#307);
#307 = DEFINITIONAL_REPRESENTATION('',(#308),#311);
#308 = B_SPLINE_CURVE_WITH_KNOTS('',1,(#309,#310),.UNSPECIFIED.,.F.,.F.,
  (2,2),(-1.555634904295,0.141421370552),.PIECEWISE_BEZIER_KNOTS.);
#309 = CARTESIAN_POINT('',(1.600000040489,-4.8));
#310 = CARTESIAN_POINT('',(2.800000040489,-3.6));
#311 = ( GEOMETRIC_REPRESENTATION_CONTEXT(2) 
PARAMETRIC_REPRESENTATION_CONTEXT() REPRESENTATION_CONTEXT('2D SPACE',''
  ) );
#312 = ORIENTED_EDGE('',*,*,#128,.F.);
#313 = ADVANCED_FACE('',(#314),#117,.F.);
#314 = FACE_BOUND('',#315,.F.);
#315 = EDGE_LOOP('',(#316,#346,#374,#402,#430,#456,#482,#508,#527,#528,
    #529,#550));
#316 = ORIENTED_EDGE('',*,*,#317,.F.);
#317 = EDGE_CURVE('',#318,#320,#322,.T.);
#318 = VERTEX_POINT('',#319);
#319 = CARTESIAN_POINT('',(-39.20000004048,-28.,0.));
#320 = VERTEX_POINT('',#321);
#321 = CARTESIAN_POINT('',(-36.19999997103,-28.,0.));
#322 = SURFACE_CURVE('',#323,(#327,#334),.PCURVE_S1.);
#323 = LINE('',#324,#325);
#324 = CARTESIAN_POINT('',(-37.69999995951,-28.,0.));
#325 = VECTOR('',#326,1.);
#326 = DIRECTION('',(1.,0.,0.));
#327 = PCURVE('',#117,#328);
#328 = DEFINITIONAL_REPRESENTATION('',(#329),#333);
#329 = LINE('',#330,#331);
#330 = CARTESIAN_POINT('',(1.500000080978,0.));
#331 = VECTOR('',#332,1.);
#332 = DIRECTION('',(1.,0.));
#333 = ( GEOMETRIC_REPRESENTATION_CONTEXT(2) 
PARAMETRIC_REPRESENTATION_CONTEXT() REPRESENTATION_CONTEXT('2D SPACE',''
  ) );
#334 = PCURVE('',#335,#340);
#335 = PLANE('',#336);
#336 = AXIS2_PLACEMENT_3D('',#337,#338,#339);
#337 = CARTESIAN_POINT('',(-37.69999997369,-21.,0.));
#338 = DIRECTION('',(0.,0.,1.));
#339 = DIRECTION('',(1.,0.,-0.));
#340 = DEFINITIONAL_REPRESENTATION('',(#341),#345);
#341 = LINE('',#342,#343);
#342 = CARTESIAN_POINT('',(1.41842591006E-08,-7.));
#343 = VECTOR('',#344,1.);
#344 = DIRECTION('',(1.,0.));
#345 = ( GEOMETRIC_REPRESENTATION_CONTEXT(2) 
PARAMETRIC_REPRESENTATION_CONTEXT() REPRESENTATION_CONTEXT('2D SPACE',''
  ) );
#346 = ORIENTED_EDGE('',*,*,#347,.T.);
#347 = EDGE_CURVE('',#318,#348,#350,.T.);
#348 = VERTEX_POINT('',#349);
#349 = CARTESIAN_POINT('',(-39.20000004048,-28.,9.3));
#350 = SURFACE_CURVE('',#351,(#355,#362),.PCURVE_S1.);
#351 = LINE('',#352,#353);
#352 = CARTESIAN_POINT('',(-39.20000004048,-28.,0.));
#353 = VECTOR('',#354,1.);
#354 = DIRECTION('',(0.,0.,1.));
#355 = PCURVE('',#117,#356);
#356 = DEFINITIONAL_REPRESENTATION('',(#357),#361);
#357 = LINE('',#358,#359);
#358 = CARTESIAN_POINT('',(0.,0.));
#359 = VECTOR('',#360,1.);
#360 = DIRECTION('',(0.,-1.));
#361 = ( GEOMETRIC_REPRESENTATION_CONTEXT(2) 
PARAMETRIC_REPRESENTATION_CONTEXT() REPRESENTATION_CONTEXT('2D SPACE',''
  ) );
#362 = PCURVE('',#363,#368);
#363 = CYLINDRICAL_SURFACE('',#364,0.8);
#364 = AXIS2_PLACEMENT_3D('',#365,#366,#367);
#365 = CARTESIAN_POINT('',(-39.20000004048,-27.2,0.));
#366 = DIRECTION('',(-0.,-0.,-1.));
#367 = DIRECTION('',(1.,0.,0.));
#368 = DEFINITIONAL_REPRESENTATION('',(#369),#373);
#369 = LINE('',#370,#371);
#370 = CARTESIAN_POINT('',(-4.712388980385,0.));
#371 = VECTOR('',#372,1.);
#372 = DIRECTION('',(-0.,-1.));
#373 = ( GEOMETRIC_REPRESENTATION_CONTEXT(2) 
PARAMETRIC_REPRESENTATION_CONTEXT() REPRESENTATION_CONTEXT('2D SPACE',''
  ) );
#374 = ORIENTED_EDGE('',*,*,#375,.T.);
#375 = EDGE_CURVE('',#348,#376,#378,.T.);
#376 = VERTEX_POINT('',#377);
#377 = CARTESIAN_POINT('',(-36.19999997103,-28.,9.3));
#378 = SURFACE_CURVE('',#379,(#383,#390),.PCURVE_S1.);
#379 = LINE('',#380,#381);
#380 = CARTESIAN_POINT('',(-37.69999995951,-28.,9.3));
#381 = VECTOR('',#382,1.);
#382 = DIRECTION('',(1.,0.,0.));
#383 = PCURVE('',#117,#384);
#384 = DEFINITIONAL_REPRESENTATION('',(#385),#389);
#385 = LINE('',#386,#387);
#386 = CARTESIAN_POINT('',(1.500000080978,-9.3));
#387 = VECTOR('',#388,1.);
#388 = DIRECTION('',(1.,0.));
#389 = ( GEOMETRIC_REPRESENTATION_CONTEXT(2) 
PARAMETRIC_REPRESENTATION_CONTEXT() REPRESENTATION_CONTEXT('2D SPACE',''
  ) );
#390 = PCURVE('',#391,#396);
#391 = PLANE('',#392);
#392 = AXIS2_PLACEMENT_3D('',#393,#394,#395);
#393 = CARTESIAN_POINT('',(-37.69999997369,-21.,9.3));
#394 = DIRECTION('',(0.,0.,1.));
#395 = DIRECTION('',(1.,0.,-0.));
#396 = DEFINITIONAL_REPRESENTATION('',(#397),#401);
#397 = LINE('',#398,#399);
#398 = CARTESIAN_POINT('',(1.418425574539E-08,-7.));
#399 = VECTOR('',#400,1.);
#400 = DIRECTION('',(1.,0.));
#401 = ( GEOMETRIC_REPRESENTATION_CONTEXT(2) 
PARAMETRIC_REPRESENTATION_CONTEXT() REPRESENTATION_CONTEXT('2D SPACE',''
  ) );
#402 = ORIENTED_EDGE('',*,*,#403,.F.);
#403 = EDGE_CURVE('',#404,#376,#406,.T.);
#404 = VERTEX_POINT('',#405);
#405 = CARTESIAN_POINT('',(-36.19999997103,-28.,9.));
#406 = SURFACE_CURVE('',#407,(#411,#418),.PCURVE_S1.);
#407 = LINE('',#408,#409);
#408 = CARTESIAN_POINT('',(-36.19999997103,-28.,0.));
#409 = VECTOR('',#410,1.);
#410 = DIRECTION('',(0.,0.,1.));
#411 = PCURVE('',#117,#412);
#412 = DEFINITIONAL_REPRESENTATION('',(#413),#417);
#413 = LINE('',#414,#415);
#414 = CARTESIAN_POINT('',(3.000000069451,0.));
#415 = VECTOR('',#416,1.);
#416 = DIRECTION('',(0.,-1.));
#417 = ( GEOMETRIC_REPRESENTATION_CONTEXT(2) 
PARAMETRIC_REPRESENTATION_CONTEXT() REPRESENTATION_CONTEXT('2D SPACE',''
  ) );
#418 = PCURVE('',#419,#424);
#419 = CYLINDRICAL_SURFACE('',#420,0.8);
#420 = AXIS2_PLACEMENT_3D('',#421,#422,#423);
#421 = CARTESIAN_POINT('',(-36.19999997103,-27.2,0.));
#422 = DIRECTION('',(-0.,-0.,-1.));
#423 = DIRECTION('',(1.,0.,0.));
#424 = DEFINITIONAL_REPRESENTATION('',(#425),#429);
#425 = LINE('',#426,#427);
#426 = CARTESIAN_POINT('',(-4.712388980385,0.));
#427 = VECTOR('',#428,1.);
#428 = DIRECTION('',(-0.,-1.));
#429 = ( GEOMETRIC_REPRESENTATION_CONTEXT(2) 
PARAMETRIC_REPRESENTATION_CONTEXT() REPRESENTATION_CONTEXT('2D SPACE',''
  ) );
#430 = ORIENTED_EDGE('',*,*,#431,.T.);
#431 = EDGE_CURVE('',#404,#432,#434,.T.);
#432 = VERTEX_POINT('',#433);
#433 = CARTESIAN_POINT('',(-36.4,-28.,9.));
#434 = SURFACE_CURVE('',#435,(#439,#445),.PCURVE_S1.);
#435 = LINE('',#436,#437);
#436 = CARTESIAN_POINT('',(-38.05000002024,-28.,9.));
#437 = VECTOR('',#438,1.);
#438 = DIRECTION('',(-1.,0.,0.));
#439 = PCURVE('',#117,#440);
#440 = DEFINITIONAL_REPRESENTATION('',(#441),#444);
#441 = B_SPLINE_CURVE_WITH_KNOTS('',1,(#442,#443),.UNSPECIFIED.,.F.,.F.,
  (2,2),(-1.850000049206,-1.650000020245),.PIECEWISE_BEZIER_KNOTS.);
#442 = CARTESIAN_POINT('',(3.000000069451,-9.));
#443 = CARTESIAN_POINT('',(2.800000040489,-9.));
#444 = ( GEOMETRIC_REPRESENTATION_CONTEXT(2) 
PARAMETRIC_REPRESENTATION_CONTEXT() REPRESENTATION_CONTEXT('2D SPACE',''
  ) );
#445 = PCURVE('',#446,#451);
#446 = PLANE('',#447);
#447 = AXIS2_PLACEMENT_3D('',#448,#449,#450);
#448 = CARTESIAN_POINT('',(-36.9,-30.,9.));
#449 = DIRECTION('',(0.,0.,1.));
#450 = DIRECTION('',(1.,0.,-0.));
#451 = DEFINITIONAL_REPRESENTATION('',(#452),#455);
#452 = B_SPLINE_CURVE_WITH_KNOTS('',1,(#453,#454),.UNSPECIFIED.,.F.,.F.,
  (2,2),(-1.850000049206,-1.650000020245),.PIECEWISE_BEZIER_KNOTS.);
#453 = CARTESIAN_POINT('',(0.700000028962,2.));
#454 = CARTESIAN_POINT('',(0.5,2.));
#455 = ( GEOMETRIC_REPRESENTATION_CONTEXT(2) 
PARAMETRIC_REPRESENTATION_CONTEXT() REPRESENTATION_CONTEXT('2D SPACE',''
  ) );
#456 = ORIENTED_EDGE('',*,*,#457,.F.);
#457 = EDGE_CURVE('',#458,#432,#460,.T.);
#458 = VERTEX_POINT('',#459);
#459 = CARTESIAN_POINT('',(-36.4,-28.,8.4));
#460 = SURFACE_CURVE('',#461,(#465,#471),.PCURVE_S1.);
#461 = LINE('',#462,#463);
#462 = CARTESIAN_POINT('',(-36.4,-28.,0.));
#463 = VECTOR('',#464,1.);
#464 = DIRECTION('',(0.,-0.,1.));
#465 = PCURVE('',#117,#466);
#466 = DEFINITIONAL_REPRESENTATION('',(#467),#470);
#467 = B_SPLINE_CURVE_WITH_KNOTS('',1,(#468,#469),.UNSPECIFIED.,.F.,.F.,
  (2,2),(8.4,9.3),.PIECEWISE_BEZIER_KNOTS.);
#468 = CARTESIAN_POINT('',(2.800000040489,-8.4));
#469 = CARTESIAN_POINT('',(2.800000040489,-9.3));
#470 = ( GEOMETRIC_REPRESENTATION_CONTEXT(2) 
PARAMETRIC_REPRESENTATION_CONTEXT() REPRESENTATION_CONTEXT('2D SPACE',''
  ) );
#471 = PCURVE('',#472,#477);
#472 = PLANE('',#473);
#473 = AXIS2_PLACEMENT_3D('',#474,#475,#476);
#474 = CARTESIAN_POINT('',(-36.4,-46.4,0.));
#475 = DIRECTION('',(1.,0.,-0.));
#476 = DIRECTION('',(0.,0.,1.));
#477 = DEFINITIONAL_REPRESENTATION('',(#478),#481);
#478 = B_SPLINE_CURVE_WITH_KNOTS('',1,(#479,#480),.UNSPECIFIED.,.F.,.F.,
  (2,2),(8.4,9.3),.PIECEWISE_BEZIER_KNOTS.);
#479 = CARTESIAN_POINT('',(8.4,-18.4));
#480 = CARTESIAN_POINT('',(9.3,-18.4));
#481 = ( GEOMETRIC_REPRESENTATION_CONTEXT(2) 
PARAMETRIC_REPRESENTATION_CONTEXT() REPRESENTATION_CONTEXT('2D SPACE',''
  ) );
#482 = ORIENTED_EDGE('',*,*,#483,.F.);
#483 = EDGE_CURVE('',#484,#458,#486,.T.);
#484 = VERTEX_POINT('',#485);
#485 = CARTESIAN_POINT('',(-37.6,-28.,7.2));
#486 = SURFACE_CURVE('',#487,(#491,#497),.PCURVE_S1.);
#487 = LINE('',#488,#489);
#488 = CARTESIAN_POINT('',(-39.50000001012,-28.,5.299999989878));
#489 = VECTOR('',#490,1.);
#490 = DIRECTION('',(0.707106781187,-0.,0.707106781187));
#491 = PCURVE('',#117,#492);
#492 = DEFINITIONAL_REPRESENTATION('',(#493),#496);
#493 = B_SPLINE_CURVE_WITH_KNOTS('',1,(#494,#495),.UNSPECIFIED.,.F.,.F.,
  (2,2),(2.687005782824,4.384062057672),.PIECEWISE_BEZIER_KNOTS.);
#494 = CARTESIAN_POINT('',(1.600000040489,-7.2));
#495 = CARTESIAN_POINT('',(2.800000040489,-8.4));
#496 = ( GEOMETRIC_REPRESENTATION_CONTEXT(2) 
PARAMETRIC_REPRESENTATION_CONTEXT() REPRESENTATION_CONTEXT('2D SPACE',''
  ) );
#497 = PCURVE('',#498,#503);
#498 = PLANE('',#499);
#499 = AXIS2_PLACEMENT_3D('',#500,#501,#502);
#500 = CARTESIAN_POINT('',(-37.,-43.4,7.8));
#501 = DIRECTION('',(0.707106781187,0.,-0.707106781187));
#502 = DIRECTION('',(0.,1.,0.));
#503 = DEFINITIONAL_REPRESENTATION('',(#504),#507);
#504 = B_SPLINE_CURVE_WITH_KNOTS('',1,(#505,#506),.UNSPECIFIED.,.F.,.F.,
  (2,2),(2.687005782824,4.384062057672),.PIECEWISE_BEZIER_KNOTS.);
#505 = CARTESIAN_POINT('',(15.4,-0.848528137424));
#506 = CARTESIAN_POINT('',(15.4,0.848528137424));
#507 = ( GEOMETRIC_REPRESENTATION_CONTEXT(2) 
PARAMETRIC_REPRESENTATION_CONTEXT() REPRESENTATION_CONTEXT('2D SPACE',''
  ) );
#508 = ORIENTED_EDGE('',*,*,#509,.F.);
#509 = EDGE_CURVE('',#267,#484,#510,.T.);
#510 = SURFACE_CURVE('',#511,(#515,#521),.PCURVE_S1.);
#511 = LINE('',#512,#513);
#512 = CARTESIAN_POINT('',(-37.6,-28.,1.8));
#513 = VECTOR('',#514,1.);
#514 = DIRECTION('',(0.,-0.,1.));
#515 = PCURVE('',#117,#516);
#516 = DEFINITIONAL_REPRESENTATION('',(#517),#520);
#517 = B_SPLINE_CURVE_WITH_KNOTS('',1,(#518,#519),.UNSPECIFIED.,.F.,.F.,
  (2,2),(3.,5.4),.PIECEWISE_BEZIER_KNOTS.);
#518 = CARTESIAN_POINT('',(1.600000040489,-4.8));
#519 = CARTESIAN_POINT('',(1.600000040489,-7.2));
#520 = ( GEOMETRIC_REPRESENTATION_CONTEXT(2) 
PARAMETRIC_REPRESENTATION_CONTEXT() REPRESENTATION_CONTEXT('2D SPACE',''
  ) );
#521 = PCURVE('',#282,#522);
#522 = DEFINITIONAL_REPRESENTATION('',(#523),#526);
#523 = B_SPLINE_CURVE_WITH_KNOTS('',1,(#524,#525),.UNSPECIFIED.,.F.,.F.,
  (2,2),(3.,5.4),.PIECEWISE_BEZIER_KNOTS.);
#524 = CARTESIAN_POINT('',(1.2,-19.6));
#525 = CARTESIAN_POINT('',(3.6,-19.6));
#526 = ( GEOMETRIC_REPRESENTATION_CONTEXT(2) 
PARAMETRIC_REPRESENTATION_CONTEXT() REPRESENTATION_CONTEXT('2D SPACE',''
  ) );
#527 = ORIENTED_EDGE('',*,*,#294,.T.);
#528 = ORIENTED_EDGE('',*,*,#102,.F.);
#529 = ORIENTED_EDGE('',*,*,#530,.T.);
#530 = EDGE_CURVE('',#75,#531,#533,.T.);
#531 = VERTEX_POINT('',#532);
#532 = CARTESIAN_POINT('',(-36.19999997103,-28.,0.599999971038));
#533 = SURFACE_CURVE('',#534,(#538,#544),.PCURVE_S1.);
#534 = LINE('',#535,#536);
#535 = CARTESIAN_POINT('',(-36.70000001012,-28.,1.100000010122));
#536 = VECTOR('',#537,1.);
#537 = DIRECTION('',(0.707106781187,0.,-0.707106781187));
#538 = PCURVE('',#117,#539);
#539 = DEFINITIONAL_REPRESENTATION('',(#540),#543);
#540 = B_SPLINE_CURVE_WITH_KNOTS('',1,(#541,#542),.UNSPECIFIED.,.F.,.F.,
  (2,2),(0.424264083027,0.707106836459),.PIECEWISE_BEZIER_KNOTS.);
#541 = CARTESIAN_POINT('',(2.800000040489,-0.8));
#542 = CARTESIAN_POINT('',(3.000000069451,-0.599999971038));
#543 = ( GEOMETRIC_REPRESENTATION_CONTEXT(2) 
PARAMETRIC_REPRESENTATION_CONTEXT() REPRESENTATION_CONTEXT('2D SPACE',''
  ) );
#544 = PCURVE('',#90,#545);
#545 = DEFINITIONAL_REPRESENTATION('',(#546),#549);
#546 = B_SPLINE_CURVE_WITH_KNOTS('',1,(#547,#548),.UNSPECIFIED.,.F.,.F.,
  (2,2),(0.424264083027,0.707106836459),.PIECEWISE_BEZIER_KNOTS.);
#547 = CARTESIAN_POINT('',(15.4,-0.565685424949));
#548 = CARTESIAN_POINT('',(15.4,-0.282842671517));
#549 = ( GEOMETRIC_REPRESENTATION_CONTEXT(2) 
PARAMETRIC_REPRESENTATION_CONTEXT() REPRESENTATION_CONTEXT('2D SPACE',''
  ) );
#550 = ORIENTED_EDGE('',*,*,#551,.F.);
#551 = EDGE_CURVE('',#320,#531,#552,.T.);
#552 = SURFACE_CURVE('',#553,(#557,#564),.PCURVE_S1.);
#553 = LINE('',#554,#555);
#554 = CARTESIAN_POINT('',(-36.19999997103,-28.,0.));
#555 = VECTOR('',#556,1.);
#556 = DIRECTION('',(0.,0.,1.));
#557 = PCURVE('',#117,#558);
#558 = DEFINITIONAL_REPRESENTATION('',(#559),#563);
#559 = LINE('',#560,#561);
#560 = CARTESIAN_POINT('',(3.000000069451,0.));
#561 = VECTOR('',#562,1.);
#562 = DIRECTION('',(0.,-1.));
#563 = ( GEOMETRIC_REPRESENTATION_CONTEXT(2) 
PARAMETRIC_REPRESENTATION_CONTEXT() REPRESENTATION_CONTEXT('2D SPACE',''
  ) );
#564 = PCURVE('',#565,#570);
#565 = CYLINDRICAL_SURFACE('',#566,0.8);
#566 = AXIS2_PLACEMENT_3D('',#567,#568,#569);
#567 = CARTESIAN_POINT('',(-36.19999997103,-27.2,0.));
#568 = DIRECTION('',(-0.,-0.,-1.));
#569 = DIRECTION('',(1.,0.,0.));
#570 = DEFINITIONAL_REPRESENTATION('',(#571),#575);
#571 = LINE('',#572,#573);
#572 = CARTESIAN_POINT('',(-4.712388980385,0.));
#573 = VECTOR('',#574,1.);
#574 = DIRECTION('',(-0.,-1.));
#575 = ( GEOMETRIC_REPRESENTATION_CONTEXT(2) 
PARAMETRIC_REPRESENTATION_CONTEXT() REPRESENTATION_CONTEXT('2D SPACE',''
  ) );
#576 = ADVANCED_FACE('',(#577),#90,.T.);
#577 = FACE_BOUND('',#578,.T.);
#578 = EDGE_LOOP('',(#579,#600,#601,#602,#630));
#579 = ORIENTED_EDGE('',*,*,#580,.F.);
#580 = EDGE_CURVE('',#40,#581,#583,.T.);
#581 = VERTEX_POINT('',#582);
#582 = CARTESIAN_POINT('',(-35.6,-43.4,1.110223024625E-16));
#583 = SURFACE_CURVE('',#584,(#588,#594),.PCURVE_S1.);
#584 = LINE('',#585,#586);
#585 = CARTESIAN_POINT('',(-36.,-43.4,0.4));
#586 = VECTOR('',#587,1.);
#587 = DIRECTION('',(0.707106781187,0.,-0.707106781187));
#588 = PCURVE('',#90,#589);
#589 = DEFINITIONAL_REPRESENTATION('',(#590),#593);
#590 = B_SPLINE_CURVE_WITH_KNOTS('',1,(#591,#592),.UNSPECIFIED.,.F.,.F.,
  (2,2),(-0.565685424949,0.565685424949),.PIECEWISE_BEZIER_KNOTS.);
#591 = CARTESIAN_POINT('',(0.,-0.565685424949));
#592 = CARTESIAN_POINT('',(0.,0.565685424949));
#593 = ( GEOMETRIC_REPRESENTATION_CONTEXT(2) 
PARAMETRIC_REPRESENTATION_CONTEXT() REPRESENTATION_CONTEXT('2D SPACE',''
  ) );
#594 = PCURVE('',#175,#595);
#595 = DEFINITIONAL_REPRESENTATION('',(#596),#599);
#596 = B_SPLINE_CURVE_WITH_KNOTS('',1,(#597,#598),.UNSPECIFIED.,.F.,.F.,
  (2,2),(-0.565685424949,0.565685424949),.PIECEWISE_BEZIER_KNOTS.);
#597 = CARTESIAN_POINT('',(-1.570796326795,0.));
#598 = CARTESIAN_POINT('',(-1.570796326795,-0.8));
#599 = ( GEOMETRIC_REPRESENTATION_CONTEXT(2) 
PARAMETRIC_REPRESENTATION_CONTEXT() REPRESENTATION_CONTEXT('2D SPACE',''
  ) );
#600 = ORIENTED_EDGE('',*,*,#74,.T.);
#601 = ORIENTED_EDGE('',*,*,#530,.T.);
#602 = ORIENTED_EDGE('',*,*,#603,.F.);
#603 = EDGE_CURVE('',#604,#531,#606,.T.);
#604 = VERTEX_POINT('',#605);
#605 = CARTESIAN_POINT('',(-35.6,-27.72915029505,0.));
#606 = SURFACE_CURVE('',#607,(#612,#619),.PCURVE_S1.);
#607 = ELLIPSE('',#608,1.131370849898,0.8);
#608 = AXIS2_PLACEMENT_3D('',#609,#610,#611);
#609 = CARTESIAN_POINT('',(-36.19999997103,-27.2,0.599999971038));
#610 = DIRECTION('',(-0.707106781187,6.983161618628E-18,-0.707106781187)
  );
#611 = DIRECTION('',(0.707106781187,-6.983161618628E-18,-0.707106781187)
  );
#612 = PCURVE('',#90,#613);
#613 = DEFINITIONAL_REPRESENTATION('',(#614),#618);
#614 = ELLIPSE('',#615,1.131370849898,0.8);
#615 = AXIS2_PLACEMENT_2D('',#616,#617);
#616 = CARTESIAN_POINT('',(16.2,-0.282842671517));
#617 = DIRECTION('',(-6.983161618628E-18,1.));
#618 = ( GEOMETRIC_REPRESENTATION_CONTEXT(2) 
PARAMETRIC_REPRESENTATION_CONTEXT() REPRESENTATION_CONTEXT('2D SPACE',''
  ) );
#619 = PCURVE('',#565,#620);
#620 = DEFINITIONAL_REPRESENTATION('',(#621),#629);
#621 = B_SPLINE_CURVE_WITH_KNOTS('',6,(#622,#623,#624,#625,#626,#627,
    #628),.UNSPECIFIED.,.F.,.F.,(7,7),(0.722729766961,1.570796326795),
  .PIECEWISE_BEZIER_KNOTS.);
#622 = CARTESIAN_POINT('',(-5.560455540219,2.400000001512E-06));
#623 = CARTESIAN_POINT('',(-5.41911111358,-7.478966041149E-02));
#624 = CARTESIAN_POINT('',(-5.277766686941,-0.163965857617));
#625 = CARTESIAN_POINT('',(-5.136422260302,-0.26483847608));
#626 = CARTESIAN_POINT('',(-4.995077833663,-0.373849155407));
#627 = CARTESIAN_POINT('',(-4.853733407024,-0.486924429727));
#628 = CARTESIAN_POINT('',(-4.712388980385,-0.599999971038));
#629 = ( GEOMETRIC_REPRESENTATION_CONTEXT(2) 
PARAMETRIC_REPRESENTATION_CONTEXT() REPRESENTATION_CONTEXT('2D SPACE',''
  ) );
#630 = ORIENTED_EDGE('',*,*,#631,.F.);
#631 = EDGE_CURVE('',#581,#604,#632,.T.);
#632 = SURFACE_CURVE('',#633,(#637,#644),.PCURVE_S1.);
#633 = LINE('',#634,#635);
#634 = CARTESIAN_POINT('',(-35.6,-43.4,0.));
#635 = VECTOR('',#636,1.);
#636 = DIRECTION('',(-0.,1.,0.));
#637 = PCURVE('',#90,#638);
#638 = DEFINITIONAL_REPRESENTATION('',(#639),#643);
#639 = LINE('',#640,#641);
#640 = CARTESIAN_POINT('',(0.,0.565685424949));
#641 = VECTOR('',#642,1.);
#642 = DIRECTION('',(1.,0.));
#643 = ( GEOMETRIC_REPRESENTATION_CONTEXT(2) 
PARAMETRIC_REPRESENTATION_CONTEXT() REPRESENTATION_CONTEXT('2D SPACE',''
  ) );
#644 = PCURVE('',#335,#645);
#645 = DEFINITIONAL_REPRESENTATION('',(#646),#650);
#646 = LINE('',#647,#648);
#647 = CARTESIAN_POINT('',(2.099999973695,-22.4));
#648 = VECTOR('',#649,1.);
#649 = DIRECTION('',(0.,1.));
#650 = ( GEOMETRIC_REPRESENTATION_CONTEXT(2) 
PARAMETRIC_REPRESENTATION_CONTEXT() REPRESENTATION_CONTEXT('2D SPACE',''
  ) );
#651 = ADVANCED_FACE('',(#652),#230,.T.);
#652 = FACE_BOUND('',#653,.T.);
#653 = EDGE_LOOP('',(#654,#680,#707,#708));
#654 = ORIENTED_EDGE('',*,*,#655,.F.);
#655 = EDGE_CURVE('',#656,#188,#658,.T.);
#656 = VERTEX_POINT('',#657);
#657 = CARTESIAN_POINT('',(-33.4,-47.6,4.8));
#658 = SURFACE_CURVE('',#659,(#663,#669),.PCURVE_S1.);
#659 = LINE('',#660,#661);
#660 = CARTESIAN_POINT('',(-33.4,-47.,4.2));
#661 = VECTOR('',#662,1.);
#662 = DIRECTION('',(-0.,0.707106781187,-0.707106781187));
#663 = PCURVE('',#230,#664);
#664 = DEFINITIONAL_REPRESENTATION('',(#665),#668);
#665 = B_SPLINE_CURVE_WITH_KNOTS('',1,(#666,#667),.UNSPECIFIED.,.F.,.F.,
  (2,2),(-0.848528137424,0.848528137424),.PIECEWISE_BEZIER_KNOTS.);
#666 = CARTESIAN_POINT('',(0.,0.));
#667 = CARTESIAN_POINT('',(0.,-1.2));
#668 = ( GEOMETRIC_REPRESENTATION_CONTEXT(2) 
PARAMETRIC_REPRESENTATION_CONTEXT() REPRESENTATION_CONTEXT('2D SPACE',''
  ) );
#669 = PCURVE('',#670,#675);
#670 = PLANE('',#671);
#671 = AXIS2_PLACEMENT_3D('',#672,#673,#674);
#672 = CARTESIAN_POINT('',(33.4,-47.,4.2));
#673 = DIRECTION('',(0.,-0.707106781187,-0.707106781187));
#674 = DIRECTION('',(-1.,-0.,0.));
#675 = DEFINITIONAL_REPRESENTATION('',(#676),#679);
#676 = B_SPLINE_CURVE_WITH_KNOTS('',1,(#677,#678),.UNSPECIFIED.,.F.,.F.,
  (2,2),(-0.848528137424,0.848528137424),.PIECEWISE_BEZIER_KNOTS.);
#677 = CARTESIAN_POINT('',(66.8,-0.848528137424));
#678 = CARTESIAN_POINT('',(66.8,0.848528137424));
#679 = ( GEOMETRIC_REPRESENTATION_CONTEXT(2) 
PARAMETRIC_REPRESENTATION_CONTEXT() REPRESENTATION_CONTEXT('2D SPACE',''
  ) );
#680 = ORIENTED_EDGE('',*,*,#681,.T.);
#681 = EDGE_CURVE('',#656,#246,#682,.T.);
#682 = SURFACE_CURVE('',#683,(#688,#695),.PCURVE_S1.);
#683 = CIRCLE('',#684,4.2);
#684 = AXIS2_PLACEMENT_3D('',#685,#686,#687);
#685 = CARTESIAN_POINT('',(-33.4,-43.4,4.8));
#686 = DIRECTION('',(-0.,-0.,-1.));
#687 = DIRECTION('',(0.,-1.,0.));
#688 = PCURVE('',#230,#689);
#689 = DEFINITIONAL_REPRESENTATION('',(#690),#694);
#690 = LINE('',#691,#692);
#691 = CARTESIAN_POINT('',(-0.,-0.));
#692 = VECTOR('',#693,1.);
#693 = DIRECTION('',(-1.,-0.));
#694 = ( GEOMETRIC_REPRESENTATION_CONTEXT(2) 
PARAMETRIC_REPRESENTATION_CONTEXT() REPRESENTATION_CONTEXT('2D SPACE',''
  ) );
#695 = PCURVE('',#696,#701);
#696 = CYLINDRICAL_SURFACE('',#697,4.2);
#697 = AXIS2_PLACEMENT_3D('',#698,#699,#700);
#698 = CARTESIAN_POINT('',(-33.4,-43.4,3.6));
#699 = DIRECTION('',(0.,0.,1.));
#700 = DIRECTION('',(-1.,-0.,0.));
#701 = DEFINITIONAL_REPRESENTATION('',(#702),#706);
#702 = LINE('',#703,#704);
#703 = CARTESIAN_POINT('',(1.570796326795,1.2));
#704 = VECTOR('',#705,1.);
#705 = DIRECTION('',(-1.,-0.));
#706 = ( GEOMETRIC_REPRESENTATION_CONTEXT(2) 
PARAMETRIC_REPRESENTATION_CONTEXT() REPRESENTATION_CONTEXT('2D SPACE',''
  ) );
#707 = ORIENTED_EDGE('',*,*,#245,.T.);
#708 = ORIENTED_EDGE('',*,*,#215,.F.);
#709 = ADVANCED_FACE('',(#710),#203,.F.);
#710 = FACE_BOUND('',#711,.F.);
#711 = EDGE_LOOP('',(#712,#740,#741,#764));
#712 = ORIENTED_EDGE('',*,*,#713,.T.);
#713 = EDGE_CURVE('',#714,#159,#716,.T.);
#714 = VERTEX_POINT('',#715);
#715 = CARTESIAN_POINT('',(33.4,-46.4,0.8));
#716 = SURFACE_CURVE('',#717,(#721,#728),.PCURVE_S1.);
#717 = LINE('',#718,#719);
#718 = CARTESIAN_POINT('',(33.4,-46.4,0.8));
#719 = VECTOR('',#720,1.);
#720 = DIRECTION('',(-1.,-0.,0.));
#721 = PCURVE('',#203,#722);
#722 = DEFINITIONAL_REPRESENTATION('',(#723),#727);
#723 = LINE('',#724,#725);
#724 = CARTESIAN_POINT('',(0.8,69.8));
#725 = VECTOR('',#726,1.);
#726 = DIRECTION('',(0.,-1.));
#727 = ( GEOMETRIC_REPRESENTATION_CONTEXT(2) 
PARAMETRIC_REPRESENTATION_CONTEXT() REPRESENTATION_CONTEXT('2D SPACE',''
  ) );
#728 = PCURVE('',#729,#734);
#729 = PLANE('',#730);
#730 = AXIS2_PLACEMENT_3D('',#731,#732,#733);
#731 = CARTESIAN_POINT('',(33.4,-46.,0.4));
#732 = DIRECTION('',(-6.983161618628E-18,-0.707106781187,-0.707106781187
    ));
#733 = DIRECTION('',(-1.,4.937840934654E-18,4.937840934654E-18));
#734 = DEFINITIONAL_REPRESENTATION('',(#735),#739);
#735 = LINE('',#736,#737);
#736 = CARTESIAN_POINT('',(0.,-0.565685424949));
#737 = VECTOR('',#738,1.);
#738 = DIRECTION('',(1.,0.));
#739 = ( GEOMETRIC_REPRESENTATION_CONTEXT(2) 
PARAMETRIC_REPRESENTATION_CONTEXT() REPRESENTATION_CONTEXT('2D SPACE',''
  ) );
#740 = ORIENTED_EDGE('',*,*,#187,.T.);
#741 = ORIENTED_EDGE('',*,*,#742,.F.);
#742 = EDGE_CURVE('',#743,#188,#745,.T.);
#743 = VERTEX_POINT('',#744);
#744 = CARTESIAN_POINT('',(33.4,-46.4,3.6));
#745 = SURFACE_CURVE('',#746,(#750,#757),.PCURVE_S1.);
#746 = LINE('',#747,#748);
#747 = CARTESIAN_POINT('',(33.4,-46.4,3.6));
#748 = VECTOR('',#749,1.);
#749 = DIRECTION('',(-1.,-0.,0.));
#750 = PCURVE('',#203,#751);
#751 = DEFINITIONAL_REPRESENTATION('',(#752),#756);
#752 = LINE('',#753,#754);
#753 = CARTESIAN_POINT('',(3.6,69.8));
#754 = VECTOR('',#755,1.);
#755 = DIRECTION('',(0.,-1.));
#756 = ( GEOMETRIC_REPRESENTATION_CONTEXT(2) 
PARAMETRIC_REPRESENTATION_CONTEXT() REPRESENTATION_CONTEXT('2D SPACE',''
  ) );
#757 = PCURVE('',#670,#758);
#758 = DEFINITIONAL_REPRESENTATION('',(#759),#763);
#759 = LINE('',#760,#761);
#760 = CARTESIAN_POINT('',(0.,0.848528137424));
#761 = VECTOR('',#762,1.);
#762 = DIRECTION('',(1.,0.));
#763 = ( GEOMETRIC_REPRESENTATION_CONTEXT(2) 
PARAMETRIC_REPRESENTATION_CONTEXT() REPRESENTATION_CONTEXT('2D SPACE',''
  ) );
#764 = ORIENTED_EDGE('',*,*,#765,.F.);
#765 = EDGE_CURVE('',#714,#743,#766,.T.);
#766 = SURFACE_CURVE('',#767,(#771,#778),.PCURVE_S1.);
#767 = LINE('',#768,#769);
#768 = CARTESIAN_POINT('',(33.4,-46.4,0.));
#769 = VECTOR('',#770,1.);
#770 = DIRECTION('',(0.,0.,1.));
#771 = PCURVE('',#203,#772);
#772 = DEFINITIONAL_REPRESENTATION('',(#773),#777);
#773 = LINE('',#774,#775);
#774 = CARTESIAN_POINT('',(0.,69.8));
#775 = VECTOR('',#776,1.);
#776 = DIRECTION('',(1.,0.));
#777 = ( GEOMETRIC_REPRESENTATION_CONTEXT(2) 
PARAMETRIC_REPRESENTATION_CONTEXT() REPRESENTATION_CONTEXT('2D SPACE',''
  ) );
#778 = PCURVE('',#779,#784);
#779 = CYLINDRICAL_SURFACE('',#780,3.);
#780 = AXIS2_PLACEMENT_3D('',#781,#782,#783);
#781 = CARTESIAN_POINT('',(33.4,-43.4,0.));
#782 = DIRECTION('',(0.,0.,1.));
#783 = DIRECTION('',(1.,0.,-0.));
#784 = DEFINITIONAL_REPRESENTATION('',(#785),#789);
#785 = LINE('',#786,#787);
#786 = CARTESIAN_POINT('',(-1.570796326795,0.));
#787 = VECTOR('',#788,1.);
#788 = DIRECTION('',(-0.,1.));
#789 = ( GEOMETRIC_REPRESENTATION_CONTEXT(2) 
PARAMETRIC_REPRESENTATION_CONTEXT() REPRESENTATION_CONTEXT('2D SPACE',''
  ) );
#790 = ADVANCED_FACE('',(#791),#175,.T.);
#791 = FACE_BOUND('',#792,.T.);
#792 = EDGE_LOOP('',(#793,#814,#815,#816));
#793 = ORIENTED_EDGE('',*,*,#794,.F.);
#794 = EDGE_CURVE('',#159,#795,#797,.T.);
#795 = VERTEX_POINT('',#796);
#796 = CARTESIAN_POINT('',(-33.4,-45.6,4.440892098501E-16));
#797 = SURFACE_CURVE('',#798,(#802,#808),.PCURVE_S1.);
#798 = LINE('',#799,#800);
#799 = CARTESIAN_POINT('',(-33.4,-46.,0.4));
#800 = VECTOR('',#801,1.);
#801 = DIRECTION('',(0.,0.707106781187,-0.707106781187));
#802 = PCURVE('',#175,#803);
#803 = DEFINITIONAL_REPRESENTATION('',(#804),#807);
#804 = B_SPLINE_CURVE_WITH_KNOTS('',1,(#805,#806),.UNSPECIFIED.,.F.,.F.,
  (2,2),(-0.565685424949,0.565685424949),.PIECEWISE_BEZIER_KNOTS.);
#805 = CARTESIAN_POINT('',(0.,0.));
#806 = CARTESIAN_POINT('',(0.,-0.8));
#807 = ( GEOMETRIC_REPRESENTATION_CONTEXT(2) 
PARAMETRIC_REPRESENTATION_CONTEXT() REPRESENTATION_CONTEXT('2D SPACE',''
  ) );
#808 = PCURVE('',#729,#809);
#809 = DEFINITIONAL_REPRESENTATION('',(#810),#813);
#810 = B_SPLINE_CURVE_WITH_KNOTS('',1,(#811,#812),.UNSPECIFIED.,.F.,.F.,
  (2,2),(-0.565685424949,0.565685424949),.PIECEWISE_BEZIER_KNOTS.);
#811 = CARTESIAN_POINT('',(66.8,-0.565685424949));
#812 = CARTESIAN_POINT('',(66.8,0.565685424949));
#813 = ( GEOMETRIC_REPRESENTATION_CONTEXT(2) 
PARAMETRIC_REPRESENTATION_CONTEXT() REPRESENTATION_CONTEXT('2D SPACE',''
  ) );
#814 = ORIENTED_EDGE('',*,*,#158,.T.);
#815 = ORIENTED_EDGE('',*,*,#580,.T.);
#816 = ORIENTED_EDGE('',*,*,#817,.F.);
#817 = EDGE_CURVE('',#795,#581,#818,.T.);
#818 = SURFACE_CURVE('',#819,(#824,#831),.PCURVE_S1.);
#819 = CIRCLE('',#820,2.2);
#820 = AXIS2_PLACEMENT_3D('',#821,#822,#823);
#821 = CARTESIAN_POINT('',(-33.4,-43.4,0.));
#822 = DIRECTION('',(-0.,-0.,-1.));
#823 = DIRECTION('',(0.,-1.,0.));
#824 = PCURVE('',#175,#825);
#825 = DEFINITIONAL_REPRESENTATION('',(#826),#830);
#826 = LINE('',#827,#828);
#827 = CARTESIAN_POINT('',(-0.,-0.8));
#828 = VECTOR('',#829,1.);
#829 = DIRECTION('',(-1.,-0.));
#830 = ( GEOMETRIC_REPRESENTATION_CONTEXT(2) 
PARAMETRIC_REPRESENTATION_CONTEXT() REPRESENTATION_CONTEXT('2D SPACE',''
  ) );
#831 = PCURVE('',#335,#832);
#832 = DEFINITIONAL_REPRESENTATION('',(#833),#841);
#833 = ( BOUNDED_CURVE() B_SPLINE_CURVE(2,(#834,#835,#836,#837,#838,#839
,#840),.UNSPECIFIED.,.T.,.F.) B_SPLINE_CURVE_WITH_KNOTS((1,2,2,2,2,1),(
    -2.094395102393,0.,2.094395102393,4.188790204786,6.28318530718,
8.377580409573),.UNSPECIFIED.) CURVE() GEOMETRIC_REPRESENTATION_ITEM() 
RATIONAL_B_SPLINE_CURVE((1.,0.5,1.,0.5,1.,0.5,1.)) REPRESENTATION_ITEM(
  '') );
#834 = CARTESIAN_POINT('',(4.299999973695,-24.6));
#835 = CARTESIAN_POINT('',(0.489488197044,-24.6));
#836 = CARTESIAN_POINT('',(2.394744085369,-21.3));
#837 = CARTESIAN_POINT('',(4.299999973695,-18.));
#838 = CARTESIAN_POINT('',(6.205255862021,-21.3));
#839 = CARTESIAN_POINT('',(8.110511750347,-24.6));
#840 = CARTESIAN_POINT('',(4.299999973695,-24.6));
#841 = ( GEOMETRIC_REPRESENTATION_CONTEXT(2) 
PARAMETRIC_REPRESENTATION_CONTEXT() REPRESENTATION_CONTEXT('2D SPACE',''
  ) );
#842 = ADVANCED_FACE('',(#843),#282,.F.);
#843 = FACE_BOUND('',#844,.F.);
#844 = EDGE_LOOP('',(#845,#868,#869,#870));
#845 = ORIENTED_EDGE('',*,*,#846,.F.);
#846 = EDGE_CURVE('',#246,#847,#849,.T.);
#847 = VERTEX_POINT('',#848);
#848 = CARTESIAN_POINT('',(-37.6,-43.4,7.2));
#849 = SURFACE_CURVE('',#850,(#854,#861),.PCURVE_S1.);
#850 = LINE('',#851,#852);
#851 = CARTESIAN_POINT('',(-37.6,-43.4,3.6));
#852 = VECTOR('',#853,1.);
#853 = DIRECTION('',(0.,0.,1.));
#854 = PCURVE('',#282,#855);
#855 = DEFINITIONAL_REPRESENTATION('',(#856),#860);
#856 = LINE('',#857,#858);
#857 = CARTESIAN_POINT('',(0.,-4.2));
#858 = VECTOR('',#859,1.);
#859 = DIRECTION('',(1.,0.));
#860 = ( GEOMETRIC_REPRESENTATION_CONTEXT(2) 
PARAMETRIC_REPRESENTATION_CONTEXT() REPRESENTATION_CONTEXT('2D SPACE',''
  ) );
#861 = PCURVE('',#696,#862);
#862 = DEFINITIONAL_REPRESENTATION('',(#863),#867);
#863 = LINE('',#864,#865);
#864 = CARTESIAN_POINT('',(0.,0.));
#865 = VECTOR('',#866,1.);
#866 = DIRECTION('',(0.,1.));
#867 = ( GEOMETRIC_REPRESENTATION_CONTEXT(2) 
PARAMETRIC_REPRESENTATION_CONTEXT() REPRESENTATION_CONTEXT('2D SPACE',''
  ) );
#868 = ORIENTED_EDGE('',*,*,#266,.T.);
#869 = ORIENTED_EDGE('',*,*,#509,.T.);
#870 = ORIENTED_EDGE('',*,*,#871,.F.);
#871 = EDGE_CURVE('',#847,#484,#872,.T.);
#872 = SURFACE_CURVE('',#873,(#877,#884),.PCURVE_S1.);
#873 = LINE('',#874,#875);
#874 = CARTESIAN_POINT('',(-37.6,-43.4,7.2));
#875 = VECTOR('',#876,1.);
#876 = DIRECTION('',(-0.,1.,0.));
#877 = PCURVE('',#282,#878);
#878 = DEFINITIONAL_REPRESENTATION('',(#879),#883);
#879 = LINE('',#880,#881);
#880 = CARTESIAN_POINT('',(3.6,-4.2));
#881 = VECTOR('',#882,1.);
#882 = DIRECTION('',(0.,-1.));
#883 = ( GEOMETRIC_REPRESENTATION_CONTEXT(2) 
PARAMETRIC_REPRESENTATION_CONTEXT() REPRESENTATION_CONTEXT('2D SPACE',''
  ) );
#884 = PCURVE('',#498,#885);
#885 = DEFINITIONAL_REPRESENTATION('',(#886),#890);
#886 = LINE('',#887,#888);
#887 = CARTESIAN_POINT('',(0.,-0.848528137424));
#888 = VECTOR('',#889,1.);
#889 = DIRECTION('',(1.,0.));
#890 = ( GEOMETRIC_REPRESENTATION_CONTEXT(2) 
PARAMETRIC_REPRESENTATION_CONTEXT() REPRESENTATION_CONTEXT('2D SPACE',''
  ) );
#891 = ADVANCED_FACE('',(#892,#1489,#1599,#1709,#1819),#335,.F.);
#892 = FACE_BOUND('',#893,.F.);
#893 = EDGE_LOOP('',(#894,#924,#946,#947,#969,#970,#971,#994,#1027,#1055
    ,#1088,#1116,#1149,#1177,#1206,#1234,#1263,#1291,#1320,#1348,#1377,
    #1405,#1434,#1462));
#894 = ORIENTED_EDGE('',*,*,#895,.F.);
#895 = EDGE_CURVE('',#896,#898,#900,.T.);
#896 = VERTEX_POINT('',#897);
#897 = CARTESIAN_POINT('',(-40.,-27.2,0.));
#898 = VERTEX_POINT('',#899);
#899 = CARTESIAN_POINT('',(-40.,-14.8,0.));
#900 = SURFACE_CURVE('',#901,(#905,#912),.PCURVE_S1.);
#901 = LINE('',#902,#903);
#902 = CARTESIAN_POINT('',(-39.99999995951,-21.,0.));
#903 = VECTOR('',#904,1.);
#904 = DIRECTION('',(0.,1.,0.));
#905 = PCURVE('',#335,#906);
#906 = DEFINITIONAL_REPRESENTATION('',(#907),#911);
#907 = LINE('',#908,#909);
#908 = CARTESIAN_POINT('',(-2.299999985816,0.));
#909 = VECTOR('',#910,1.);
#910 = DIRECTION('',(0.,1.));
#911 = ( GEOMETRIC_REPRESENTATION_CONTEXT(2) 
PARAMETRIC_REPRESENTATION_CONTEXT() REPRESENTATION_CONTEXT('2D SPACE',''
  ) );
#912 = PCURVE('',#913,#918);
#913 = PLANE('',#914);
#914 = AXIS2_PLACEMENT_3D('',#915,#916,#917);
#915 = CARTESIAN_POINT('',(-39.99999995951,-27.2,0.));
#916 = DIRECTION('',(-1.,0.,0.));
#917 = DIRECTION('',(0.,1.,0.));
#918 = DEFINITIONAL_REPRESENTATION('',(#919),#923);
#919 = LINE('',#920,#921);
#920 = CARTESIAN_POINT('',(6.2,0.));
#921 = VECTOR('',#922,1.);
#922 = DIRECTION('',(1.,0.));
#923 = ( GEOMETRIC_REPRESENTATION_CONTEXT(2) 
PARAMETRIC_REPRESENTATION_CONTEXT() REPRESENTATION_CONTEXT('2D SPACE',''
  ) );
#924 = ORIENTED_EDGE('',*,*,#925,.T.);
#925 = EDGE_CURVE('',#896,#318,#926,.T.);
#926 = SURFACE_CURVE('',#927,(#932,#939),.PCURVE_S1.);
#927 = CIRCLE('',#928,0.8);
#928 = AXIS2_PLACEMENT_3D('',#929,#930,#931);
#929 = CARTESIAN_POINT('',(-39.20000004048,-27.2,0.));
#930 = DIRECTION('',(0.,0.,1.));
#931 = DIRECTION('',(1.,0.,0.));
#932 = PCURVE('',#335,#933);
#933 = DEFINITIONAL_REPRESENTATION('',(#934),#938);
#934 = CIRCLE('',#935,0.8);
#935 = AXIS2_PLACEMENT_2D('',#936,#937);
#936 = CARTESIAN_POINT('',(-1.500000066794,-6.2));
#937 = DIRECTION('',(1.,0.));
#938 = ( GEOMETRIC_REPRESENTATION_CONTEXT(2) 
PARAMETRIC_REPRESENTATION_CONTEXT() REPRESENTATION_CONTEXT('2D SPACE',''
  ) );
#939 = PCURVE('',#363,#940);
#940 = DEFINITIONAL_REPRESENTATION('',(#941),#945);
#941 = LINE('',#942,#943);
#942 = CARTESIAN_POINT('',(-0.,0.));
#943 = VECTOR('',#944,1.);
#944 = DIRECTION('',(-1.,0.));
#945 = ( GEOMETRIC_REPRESENTATION_CONTEXT(2) 
PARAMETRIC_REPRESENTATION_CONTEXT() REPRESENTATION_CONTEXT('2D SPACE',''
  ) );
#946 = ORIENTED_EDGE('',*,*,#317,.T.);
#947 = ORIENTED_EDGE('',*,*,#948,.T.);
#948 = EDGE_CURVE('',#320,#604,#949,.T.);
#949 = SURFACE_CURVE('',#950,(#955,#962),.PCURVE_S1.);
#950 = CIRCLE('',#951,0.8);
#951 = AXIS2_PLACEMENT_3D('',#952,#953,#954);
#952 = CARTESIAN_POINT('',(-36.19999997103,-27.2,0.));
#953 = DIRECTION('',(0.,0.,1.));
#954 = DIRECTION('',(1.,0.,0.));
#955 = PCURVE('',#335,#956);
#956 = DEFINITIONAL_REPRESENTATION('',(#957),#961);
#957 = CIRCLE('',#958,0.8);
#958 = AXIS2_PLACEMENT_2D('',#959,#960);
#959 = CARTESIAN_POINT('',(1.500000002657,-6.2));
#960 = DIRECTION('',(1.,0.));
#961 = ( GEOMETRIC_REPRESENTATION_CONTEXT(2) 
PARAMETRIC_REPRESENTATION_CONTEXT() REPRESENTATION_CONTEXT('2D SPACE',''
  ) );
#962 = PCURVE('',#565,#963);
#963 = DEFINITIONAL_REPRESENTATION('',(#964),#968);
#964 = LINE('',#965,#966);
#965 = CARTESIAN_POINT('',(-0.,0.));
#966 = VECTOR('',#967,1.);
#967 = DIRECTION('',(-1.,0.));
#968 = ( GEOMETRIC_REPRESENTATION_CONTEXT(2) 
PARAMETRIC_REPRESENTATION_CONTEXT() REPRESENTATION_CONTEXT('2D SPACE',''
  ) );
#969 = ORIENTED_EDGE('',*,*,#631,.F.);
#970 = ORIENTED_EDGE('',*,*,#817,.F.);
#971 = ORIENTED_EDGE('',*,*,#972,.F.);
#972 = EDGE_CURVE('',#973,#795,#975,.T.);
#973 = VERTEX_POINT('',#974);
#974 = CARTESIAN_POINT('',(33.4,-45.6,-1.554312234475E-15));
#975 = SURFACE_CURVE('',#976,(#980,#987),.PCURVE_S1.);
#976 = LINE('',#977,#978);
#977 = CARTESIAN_POINT('',(33.4,-45.6,0.));
#978 = VECTOR('',#979,1.);
#979 = DIRECTION('',(-1.,-0.,0.));
#980 = PCURVE('',#335,#981);
#981 = DEFINITIONAL_REPRESENTATION('',(#982),#986);
#982 = LINE('',#983,#984);
#983 = CARTESIAN_POINT('',(71.099999973695,-24.6));
#984 = VECTOR('',#985,1.);
#985 = DIRECTION('',(-1.,0.));
#986 = ( GEOMETRIC_REPRESENTATION_CONTEXT(2) 
PARAMETRIC_REPRESENTATION_CONTEXT() REPRESENTATION_CONTEXT('2D SPACE',''
  ) );
#987 = PCURVE('',#729,#988);
#988 = DEFINITIONAL_REPRESENTATION('',(#989),#993);
#989 = LINE('',#990,#991);
#990 = CARTESIAN_POINT('',(0.,0.565685424949));
#991 = VECTOR('',#992,1.);
#992 = DIRECTION('',(1.,0.));
#993 = ( GEOMETRIC_REPRESENTATION_CONTEXT(2) 
PARAMETRIC_REPRESENTATION_CONTEXT() REPRESENTATION_CONTEXT('2D SPACE',''
  ) );
#994 = ORIENTED_EDGE('',*,*,#995,.F.);
#995 = EDGE_CURVE('',#996,#973,#998,.T.);
#996 = VERTEX_POINT('',#997);
#997 = CARTESIAN_POINT('',(35.6,-43.4,-3.330669073875E-16));
#998 = SURFACE_CURVE('',#999,(#1004,#1015),.PCURVE_S1.);
#999 = CIRCLE('',#1000,2.2);
#1000 = AXIS2_PLACEMENT_3D('',#1001,#1002,#1003);
#1001 = CARTESIAN_POINT('',(33.4,-43.4,0.));
#1002 = DIRECTION('',(0.,-0.,-1.));
#1003 = DIRECTION('',(1.,0.,-0.));
#1004 = PCURVE('',#335,#1005);
#1005 = DEFINITIONAL_REPRESENTATION('',(#1006),#1014);
#1006 = ( BOUNDED_CURVE() B_SPLINE_CURVE(2,(#1007,#1008,#1009,#1010,
#1011,#1012,#1013),.UNSPECIFIED.,.T.,.F.) B_SPLINE_CURVE_WITH_KNOTS((1,2
    ,2,2,2,1),(-2.094395102393,0.,2.094395102393,4.188790204786,
6.28318530718,8.377580409573),.UNSPECIFIED.) CURVE() 
GEOMETRIC_REPRESENTATION_ITEM() RATIONAL_B_SPLINE_CURVE((1.,0.5,1.,0.5,
1.,0.5,1.)) REPRESENTATION_ITEM('') );
#1007 = CARTESIAN_POINT('',(73.299999973695,-22.4));
#1008 = CARTESIAN_POINT('',(73.299999973695,-26.21051177665));
#1009 = CARTESIAN_POINT('',(69.999999973695,-24.30525588832));
#1010 = CARTESIAN_POINT('',(66.699999973695,-22.4));
#1011 = CARTESIAN_POINT('',(69.999999973695,-20.49474411167));
#1012 = CARTESIAN_POINT('',(73.299999973695,-18.58948822334));
#1013 = CARTESIAN_POINT('',(73.299999973695,-22.4));
#1014 = ( GEOMETRIC_REPRESENTATION_CONTEXT(2) 
PARAMETRIC_REPRESENTATION_CONTEXT() REPRESENTATION_CONTEXT('2D SPACE',''
  ) );
#1015 = PCURVE('',#1016,#1021);
#1016 = CONICAL_SURFACE('',#1017,3.,0.785398163397);
#1017 = AXIS2_PLACEMENT_3D('',#1018,#1019,#1020);
#1018 = CARTESIAN_POINT('',(33.4,-43.4,0.8));
#1019 = DIRECTION('',(0.,0.,1.));
#1020 = DIRECTION('',(1.,0.,-0.));
#1021 = DEFINITIONAL_REPRESENTATION('',(#1022),#1026);
#1022 = LINE('',#1023,#1024);
#1023 = CARTESIAN_POINT('',(-0.,-0.8));
#1024 = VECTOR('',#1025,1.);
#1025 = DIRECTION('',(-1.,-0.));
#1026 = ( GEOMETRIC_REPRESENTATION_CONTEXT(2) 
PARAMETRIC_REPRESENTATION_CONTEXT() REPRESENTATION_CONTEXT('2D SPACE',''
  ) );
#1027 = ORIENTED_EDGE('',*,*,#1028,.F.);
#1028 = EDGE_CURVE('',#1029,#996,#1031,.T.);
#1029 = VERTEX_POINT('',#1030);
#1030 = CARTESIAN_POINT('',(35.6,43.4,-1.554312234475E-15));
#1031 = SURFACE_CURVE('',#1032,(#1036,#1043),.PCURVE_S1.);
#1032 = LINE('',#1033,#1034);
#1033 = CARTESIAN_POINT('',(35.6,43.4,0.));
#1034 = VECTOR('',#1035,1.);
#1035 = DIRECTION('',(0.,-1.,-0.));
#1036 = PCURVE('',#335,#1037);
#1037 = DEFINITIONAL_REPRESENTATION('',(#1038),#1042);
#1038 = LINE('',#1039,#1040);
#1039 = CARTESIAN_POINT('',(73.299999973695,64.4));
#1040 = VECTOR('',#1041,1.);
#1041 = DIRECTION('',(0.,-1.));
#1042 = ( GEOMETRIC_REPRESENTATION_CONTEXT(2) 
PARAMETRIC_REPRESENTATION_CONTEXT() REPRESENTATION_CONTEXT('2D SPACE',''
  ) );
#1043 = PCURVE('',#1044,#1049);
#1044 = PLANE('',#1045);
#1045 = AXIS2_PLACEMENT_3D('',#1046,#1047,#1048);
#1046 = CARTESIAN_POINT('',(36.,43.4,0.4));
#1047 = DIRECTION('',(-0.707106781187,-6.983161618628E-18,0.707106781187
    ));
#1048 = DIRECTION('',(-4.937840934654E-18,1.,4.937840934654E-18));
#1049 = DEFINITIONAL_REPRESENTATION('',(#1050),#1054);
#1050 = LINE('',#1051,#1052);
#1051 = CARTESIAN_POINT('',(-0.,0.565685424949));
#1052 = VECTOR('',#1053,1.);
#1053 = DIRECTION('',(-1.,0.));
#1054 = ( GEOMETRIC_REPRESENTATION_CONTEXT(2) 
PARAMETRIC_REPRESENTATION_CONTEXT() REPRESENTATION_CONTEXT('2D SPACE',''
  ) );
#1055 = ORIENTED_EDGE('',*,*,#1056,.F.);
#1056 = EDGE_CURVE('',#1057,#1029,#1059,.T.);
#1057 = VERTEX_POINT('',#1058);
#1058 = CARTESIAN_POINT('',(33.4,45.6,-2.22044604925E-16));
#1059 = SURFACE_CURVE('',#1060,(#1065,#1076),.PCURVE_S1.);
#1060 = CIRCLE('',#1061,2.2);
#1061 = AXIS2_PLACEMENT_3D('',#1062,#1063,#1064);
#1062 = CARTESIAN_POINT('',(33.4,43.4,0.));
#1063 = DIRECTION('',(0.,-0.,-1.));
#1064 = DIRECTION('',(0.,1.,-0.));
#1065 = PCURVE('',#335,#1066);
#1066 = DEFINITIONAL_REPRESENTATION('',(#1067),#1075);
#1067 = ( BOUNDED_CURVE() B_SPLINE_CURVE(2,(#1068,#1069,#1070,#1071,
#1072,#1073,#1074),.UNSPECIFIED.,.T.,.F.) B_SPLINE_CURVE_WITH_KNOTS((1,2
    ,2,2,2,1),(-2.094395102393,0.,2.094395102393,4.188790204786,
6.28318530718,8.377580409573),.UNSPECIFIED.) CURVE() 
GEOMETRIC_REPRESENTATION_ITEM() RATIONAL_B_SPLINE_CURVE((1.,0.5,1.,0.5,
1.,0.5,1.)) REPRESENTATION_ITEM('') );
#1068 = CARTESIAN_POINT('',(71.099999973695,66.6));
#1069 = CARTESIAN_POINT('',(74.910511750347,66.6));
#1070 = CARTESIAN_POINT('',(73.005255862021,63.3));
#1071 = CARTESIAN_POINT('',(71.099999973695,60.));
#1072 = CARTESIAN_POINT('',(69.194744085369,63.3));
#1073 = CARTESIAN_POINT('',(67.289488197044,66.6));
#1074 = CARTESIAN_POINT('',(71.099999973695,66.6));
#1075 = ( GEOMETRIC_REPRESENTATION_CONTEXT(2) 
PARAMETRIC_REPRESENTATION_CONTEXT() REPRESENTATION_CONTEXT('2D SPACE',''
  ) );
#1076 = PCURVE('',#1077,#1082);
#1077 = CONICAL_SURFACE('',#1078,3.,0.785398163397);
#1078 = AXIS2_PLACEMENT_3D('',#1079,#1080,#1081);
#1079 = CARTESIAN_POINT('',(33.4,43.4,0.8));
#1080 = DIRECTION('',(0.,0.,1.));
#1081 = DIRECTION('',(0.,1.,0.));
#1082 = DEFINITIONAL_REPRESENTATION('',(#1083),#1087);
#1083 = LINE('',#1084,#1085);
#1084 = CARTESIAN_POINT('',(-0.,-0.8));
#1085 = VECTOR('',#1086,1.);
#1086 = DIRECTION('',(-1.,-0.));
#1087 = ( GEOMETRIC_REPRESENTATION_CONTEXT(2) 
PARAMETRIC_REPRESENTATION_CONTEXT() REPRESENTATION_CONTEXT('2D SPACE',''
  ) );
#1088 = ORIENTED_EDGE('',*,*,#1089,.F.);
#1089 = EDGE_CURVE('',#1090,#1057,#1092,.T.);
#1090 = VERTEX_POINT('',#1091);
#1091 = CARTESIAN_POINT('',(-33.4,45.6,-1.554312234475E-15));
#1092 = SURFACE_CURVE('',#1093,(#1097,#1104),.PCURVE_S1.);
#1093 = LINE('',#1094,#1095);
#1094 = CARTESIAN_POINT('',(-33.4,45.6,0.));
#1095 = VECTOR('',#1096,1.);
#1096 = DIRECTION('',(1.,0.,-0.));
#1097 = PCURVE('',#335,#1098);
#1098 = DEFINITIONAL_REPRESENTATION('',(#1099),#1103);
#1099 = LINE('',#1100,#1101);
#1100 = CARTESIAN_POINT('',(4.299999973695,66.6));
#1101 = VECTOR('',#1102,1.);
#1102 = DIRECTION('',(1.,0.));
#1103 = ( GEOMETRIC_REPRESENTATION_CONTEXT(2) 
PARAMETRIC_REPRESENTATION_CONTEXT() REPRESENTATION_CONTEXT('2D SPACE',''
  ) );
#1104 = PCURVE('',#1105,#1110);
#1105 = PLANE('',#1106);
#1106 = AXIS2_PLACEMENT_3D('',#1107,#1108,#1109);
#1107 = CARTESIAN_POINT('',(-33.4,46.,0.4));
#1108 = DIRECTION('',(6.983161618628E-18,-0.707106781187,0.707106781187)
  );
#1109 = DIRECTION('',(-1.,-4.937840934654E-18,4.937840934654E-18));
#1110 = DEFINITIONAL_REPRESENTATION('',(#1111),#1115);
#1111 = LINE('',#1112,#1113);
#1112 = CARTESIAN_POINT('',(-0.,0.565685424949));
#1113 = VECTOR('',#1114,1.);
#1114 = DIRECTION('',(-1.,0.));
#1115 = ( GEOMETRIC_REPRESENTATION_CONTEXT(2) 
PARAMETRIC_REPRESENTATION_CONTEXT() REPRESENTATION_CONTEXT('2D SPACE',''
  ) );
#1116 = ORIENTED_EDGE('',*,*,#1117,.F.);
#1117 = EDGE_CURVE('',#1118,#1090,#1120,.T.);
#1118 = VERTEX_POINT('',#1119);
#1119 = CARTESIAN_POINT('',(-35.6,43.4,5.551115123126E-16));
#1120 = SURFACE_CURVE('',#1121,(#1126,#1137),.PCURVE_S1.);
#1121 = CIRCLE('',#1122,2.2);
#1122 = AXIS2_PLACEMENT_3D('',#1123,#1124,#1125);
#1123 = CARTESIAN_POINT('',(-33.4,43.4,0.));
#1124 = DIRECTION('',(-0.,0.,-1.));
#1125 = DIRECTION('',(-1.,0.,0.));
#1126 = PCURVE('',#335,#1127);
#1127 = DEFINITIONAL_REPRESENTATION('',(#1128),#1136);
#1128 = ( BOUNDED_CURVE() B_SPLINE_CURVE(2,(#1129,#1130,#1131,#1132,
#1133,#1134,#1135),.UNSPECIFIED.,.T.,.F.) B_SPLINE_CURVE_WITH_KNOTS((1,2
    ,2,2,2,1),(-2.094395102393,0.,2.094395102393,4.188790204786,
6.28318530718,8.377580409573),.UNSPECIFIED.) CURVE() 
GEOMETRIC_REPRESENTATION_ITEM() RATIONAL_B_SPLINE_CURVE((1.,0.5,1.,0.5,
1.,0.5,1.)) REPRESENTATION_ITEM('') );
#1129 = CARTESIAN_POINT('',(2.099999973695,64.4));
#1130 = CARTESIAN_POINT('',(2.099999973695,68.210511776652));
#1131 = CARTESIAN_POINT('',(5.399999973695,66.305255888326));
#1132 = CARTESIAN_POINT('',(8.699999973695,64.4));
#1133 = CARTESIAN_POINT('',(5.399999973695,62.494744111674));
#1134 = CARTESIAN_POINT('',(2.099999973695,60.589488223348));
#1135 = CARTESIAN_POINT('',(2.099999973695,64.4));
#1136 = ( GEOMETRIC_REPRESENTATION_CONTEXT(2) 
PARAMETRIC_REPRESENTATION_CONTEXT() REPRESENTATION_CONTEXT('2D SPACE',''
  ) );
#1137 = PCURVE('',#1138,#1143);
#1138 = CONICAL_SURFACE('',#1139,3.,0.785398163397);
#1139 = AXIS2_PLACEMENT_3D('',#1140,#1141,#1142);
#1140 = CARTESIAN_POINT('',(-33.4,43.4,0.8));
#1141 = DIRECTION('',(0.,0.,1.));
#1142 = DIRECTION('',(-1.,0.,0.));
#1143 = DEFINITIONAL_REPRESENTATION('',(#1144),#1148);
#1144 = LINE('',#1145,#1146);
#1145 = CARTESIAN_POINT('',(-0.,-0.8));
#1146 = VECTOR('',#1147,1.);
#1147 = DIRECTION('',(-1.,-0.));
#1148 = ( GEOMETRIC_REPRESENTATION_CONTEXT(2) 
PARAMETRIC_REPRESENTATION_CONTEXT() REPRESENTATION_CONTEXT('2D SPACE',''
  ) );
#1149 = ORIENTED_EDGE('',*,*,#1150,.F.);
#1150 = EDGE_CURVE('',#1151,#1118,#1153,.T.);
#1151 = VERTEX_POINT('',#1152);
#1152 = CARTESIAN_POINT('',(-35.6,10.729150295052,0.));
#1153 = SURFACE_CURVE('',#1154,(#1158,#1165),.PCURVE_S1.);
#1154 = LINE('',#1155,#1156);
#1155 = CARTESIAN_POINT('',(-35.6,-43.4,0.));
#1156 = VECTOR('',#1157,1.);
#1157 = DIRECTION('',(-0.,1.,0.));
#1158 = PCURVE('',#335,#1159);
#1159 = DEFINITIONAL_REPRESENTATION('',(#1160),#1164);
#1160 = LINE('',#1161,#1162);
#1161 = CARTESIAN_POINT('',(2.099999973695,-22.4));
#1162 = VECTOR('',#1163,1.);
#1163 = DIRECTION('',(0.,1.));
#1164 = ( GEOMETRIC_REPRESENTATION_CONTEXT(2) 
PARAMETRIC_REPRESENTATION_CONTEXT() REPRESENTATION_CONTEXT('2D SPACE',''
  ) );
#1165 = PCURVE('',#1166,#1171);
#1166 = PLANE('',#1167);
#1167 = AXIS2_PLACEMENT_3D('',#1168,#1169,#1170);
#1168 = CARTESIAN_POINT('',(-36.,-43.4,0.4));
#1169 = DIRECTION('',(-0.707106781187,6.983161618628E-18,-0.707106781187
    ));
#1170 = DIRECTION('',(4.937840934654E-18,1.,4.937840934654E-18));
#1171 = DEFINITIONAL_REPRESENTATION('',(#1172),#1176);
#1172 = LINE('',#1173,#1174);
#1173 = CARTESIAN_POINT('',(0.,0.565685424949));
#1174 = VECTOR('',#1175,1.);
#1175 = DIRECTION('',(1.,0.));
#1176 = ( GEOMETRIC_REPRESENTATION_CONTEXT(2) 
PARAMETRIC_REPRESENTATION_CONTEXT() REPRESENTATION_CONTEXT('2D SPACE',''
  ) );
#1177 = ORIENTED_EDGE('',*,*,#1178,.T.);
#1178 = EDGE_CURVE('',#1151,#1179,#1181,.T.);
#1179 = VERTEX_POINT('',#1180);
#1180 = CARTESIAN_POINT('',(-36.19999997103,11.,0.));
#1181 = SURFACE_CURVE('',#1182,(#1187,#1194),.PCURVE_S1.);
#1182 = CIRCLE('',#1183,0.8);
#1183 = AXIS2_PLACEMENT_3D('',#1184,#1185,#1186);
#1184 = CARTESIAN_POINT('',(-36.19999997103,10.2,0.));
#1185 = DIRECTION('',(0.,0.,1.));
#1186 = DIRECTION('',(1.,0.,0.));
#1187 = PCURVE('',#335,#1188);
#1188 = DEFINITIONAL_REPRESENTATION('',(#1189),#1193);
#1189 = CIRCLE('',#1190,0.8);
#1190 = AXIS2_PLACEMENT_2D('',#1191,#1192);
#1191 = CARTESIAN_POINT('',(1.500000002657,31.2));
#1192 = DIRECTION('',(1.,0.));
#1193 = ( GEOMETRIC_REPRESENTATION_CONTEXT(2) 
PARAMETRIC_REPRESENTATION_CONTEXT() REPRESENTATION_CONTEXT('2D SPACE',''
  ) );
#1194 = PCURVE('',#1195,#1200);
#1195 = CYLINDRICAL_SURFACE('',#1196,0.8);
#1196 = AXIS2_PLACEMENT_3D('',#1197,#1198,#1199);
#1197 = CARTESIAN_POINT('',(-36.19999997103,10.2,0.));
#1198 = DIRECTION('',(-0.,-0.,-1.));
#1199 = DIRECTION('',(1.,0.,0.));
#1200 = DEFINITIONAL_REPRESENTATION('',(#1201),#1205);
#1201 = LINE('',#1202,#1203);
#1202 = CARTESIAN_POINT('',(-0.,0.));
#1203 = VECTOR('',#1204,1.);
#1204 = DIRECTION('',(-1.,0.));
#1205 = ( GEOMETRIC_REPRESENTATION_CONTEXT(2) 
PARAMETRIC_REPRESENTATION_CONTEXT() REPRESENTATION_CONTEXT('2D SPACE',''
  ) );
#1206 = ORIENTED_EDGE('',*,*,#1207,.F.);
#1207 = EDGE_CURVE('',#1208,#1179,#1210,.T.);
#1208 = VERTEX_POINT('',#1209);
#1209 = CARTESIAN_POINT('',(-39.20000004048,11.,0.));
#1210 = SURFACE_CURVE('',#1211,(#1215,#1222),.PCURVE_S1.);
#1211 = LINE('',#1212,#1213);
#1212 = CARTESIAN_POINT('',(-37.69999995951,11.,0.));
#1213 = VECTOR('',#1214,1.);
#1214 = DIRECTION('',(1.,0.,0.));
#1215 = PCURVE('',#335,#1216);
#1216 = DEFINITIONAL_REPRESENTATION('',(#1217),#1221);
#1217 = LINE('',#1218,#1219);
#1218 = CARTESIAN_POINT('',(1.41842591006E-08,32.));
#1219 = VECTOR('',#1220,1.);
#1220 = DIRECTION('',(1.,0.));
#1221 = ( GEOMETRIC_REPRESENTATION_CONTEXT(2) 
PARAMETRIC_REPRESENTATION_CONTEXT() REPRESENTATION_CONTEXT('2D SPACE',''
  ) );
#1222 = PCURVE('',#1223,#1228);
#1223 = PLANE('',#1224);
#1224 = AXIS2_PLACEMENT_3D('',#1225,#1226,#1227);
#1225 = CARTESIAN_POINT('',(-39.20000004048,11.,0.));
#1226 = DIRECTION('',(0.,1.,0.));
#1227 = DIRECTION('',(1.,0.,0.));
#1228 = DEFINITIONAL_REPRESENTATION('',(#1229),#1233);
#1229 = LINE('',#1230,#1231);
#1230 = CARTESIAN_POINT('',(1.500000080978,0.));
#1231 = VECTOR('',#1232,1.);
#1232 = DIRECTION('',(1.,0.));
#1233 = ( GEOMETRIC_REPRESENTATION_CONTEXT(2) 
PARAMETRIC_REPRESENTATION_CONTEXT() REPRESENTATION_CONTEXT('2D SPACE',''
  ) );
#1234 = ORIENTED_EDGE('',*,*,#1235,.T.);
#1235 = EDGE_CURVE('',#1208,#1236,#1238,.T.);
#1236 = VERTEX_POINT('',#1237);
#1237 = CARTESIAN_POINT('',(-40.,10.2,0.));
#1238 = SURFACE_CURVE('',#1239,(#1244,#1251),.PCURVE_S1.);
#1239 = CIRCLE('',#1240,0.8);
#1240 = AXIS2_PLACEMENT_3D('',#1241,#1242,#1243);
#1241 = CARTESIAN_POINT('',(-39.20000004048,10.2,0.));
#1242 = DIRECTION('',(0.,0.,1.));
#1243 = DIRECTION('',(1.,0.,0.));
#1244 = PCURVE('',#335,#1245);
#1245 = DEFINITIONAL_REPRESENTATION('',(#1246),#1250);
#1246 = CIRCLE('',#1247,0.8);
#1247 = AXIS2_PLACEMENT_2D('',#1248,#1249);
#1248 = CARTESIAN_POINT('',(-1.500000066794,31.2));
#1249 = DIRECTION('',(1.,0.));
#1250 = ( GEOMETRIC_REPRESENTATION_CONTEXT(2) 
PARAMETRIC_REPRESENTATION_CONTEXT() REPRESENTATION_CONTEXT('2D SPACE',''
  ) );
#1251 = PCURVE('',#1252,#1257);
#1252 = CYLINDRICAL_SURFACE('',#1253,0.8);
#1253 = AXIS2_PLACEMENT_3D('',#1254,#1255,#1256);
#1254 = CARTESIAN_POINT('',(-39.20000004048,10.2,0.));
#1255 = DIRECTION('',(-0.,-0.,-1.));
#1256 = DIRECTION('',(1.,0.,0.));
#1257 = DEFINITIONAL_REPRESENTATION('',(#1258),#1262);
#1258 = LINE('',#1259,#1260);
#1259 = CARTESIAN_POINT('',(-0.,0.));
#1260 = VECTOR('',#1261,1.);
#1261 = DIRECTION('',(-1.,0.));
#1262 = ( GEOMETRIC_REPRESENTATION_CONTEXT(2) 
PARAMETRIC_REPRESENTATION_CONTEXT() REPRESENTATION_CONTEXT('2D SPACE',''
  ) );
#1263 = ORIENTED_EDGE('',*,*,#1264,.F.);
#1264 = EDGE_CURVE('',#1265,#1236,#1267,.T.);
#1265 = VERTEX_POINT('',#1266);
#1266 = CARTESIAN_POINT('',(-40.,-2.2,0.));
#1267 = SURFACE_CURVE('',#1268,(#1272,#1279),.PCURVE_S1.);
#1268 = LINE('',#1269,#1270);
#1269 = CARTESIAN_POINT('',(-39.99999995951,4.,0.));
#1270 = VECTOR('',#1271,1.);
#1271 = DIRECTION('',(0.,1.,0.));
#1272 = PCURVE('',#335,#1273);
#1273 = DEFINITIONAL_REPRESENTATION('',(#1274),#1278);
#1274 = LINE('',#1275,#1276);
#1275 = CARTESIAN_POINT('',(-2.299999985816,25.));
#1276 = VECTOR('',#1277,1.);
#1277 = DIRECTION('',(0.,1.));
#1278 = ( GEOMETRIC_REPRESENTATION_CONTEXT(2) 
PARAMETRIC_REPRESENTATION_CONTEXT() REPRESENTATION_CONTEXT('2D SPACE',''
  ) );
#1279 = PCURVE('',#1280,#1285);
#1280 = PLANE('',#1281);
#1281 = AXIS2_PLACEMENT_3D('',#1282,#1283,#1284);
#1282 = CARTESIAN_POINT('',(-39.99999995951,-2.2,0.));
#1283 = DIRECTION('',(-1.,0.,0.));
#1284 = DIRECTION('',(0.,1.,0.));
#1285 = DEFINITIONAL_REPRESENTATION('',(#1286),#1290);
#1286 = LINE('',#1287,#1288);
#1287 = CARTESIAN_POINT('',(6.2,0.));
#1288 = VECTOR('',#1289,1.);
#1289 = DIRECTION('',(1.,0.));
#1290 = ( GEOMETRIC_REPRESENTATION_CONTEXT(2) 
PARAMETRIC_REPRESENTATION_CONTEXT() REPRESENTATION_CONTEXT('2D SPACE',''
  ) );
#1291 = ORIENTED_EDGE('',*,*,#1292,.T.);
#1292 = EDGE_CURVE('',#1265,#1293,#1295,.T.);
#1293 = VERTEX_POINT('',#1294);
#1294 = CARTESIAN_POINT('',(-39.20000004048,-3.,0.));
#1295 = SURFACE_CURVE('',#1296,(#1301,#1308),.PCURVE_S1.);
#1296 = CIRCLE('',#1297,0.8);
#1297 = AXIS2_PLACEMENT_3D('',#1298,#1299,#1300);
#1298 = CARTESIAN_POINT('',(-39.20000004048,-2.2,0.));
#1299 = DIRECTION('',(0.,0.,1.));
#1300 = DIRECTION('',(1.,0.,0.));
#1301 = PCURVE('',#335,#1302);
#1302 = DEFINITIONAL_REPRESENTATION('',(#1303),#1307);
#1303 = CIRCLE('',#1304,0.8);
#1304 = AXIS2_PLACEMENT_2D('',#1305,#1306);
#1305 = CARTESIAN_POINT('',(-1.500000066794,18.8));
#1306 = DIRECTION('',(1.,0.));
#1307 = ( GEOMETRIC_REPRESENTATION_CONTEXT(2) 
PARAMETRIC_REPRESENTATION_CONTEXT() REPRESENTATION_CONTEXT('2D SPACE',''
  ) );
#1308 = PCURVE('',#1309,#1314);
#1309 = CYLINDRICAL_SURFACE('',#1310,0.8);
#1310 = AXIS2_PLACEMENT_3D('',#1311,#1312,#1313);
#1311 = CARTESIAN_POINT('',(-39.20000004048,-2.2,0.));
#1312 = DIRECTION('',(-0.,-0.,-1.));
#1313 = DIRECTION('',(1.,0.,0.));
#1314 = DEFINITIONAL_REPRESENTATION('',(#1315),#1319);
#1315 = LINE('',#1316,#1317);
#1316 = CARTESIAN_POINT('',(-0.,0.));
#1317 = VECTOR('',#1318,1.);
#1318 = DIRECTION('',(-1.,0.));
#1319 = ( GEOMETRIC_REPRESENTATION_CONTEXT(2) 
PARAMETRIC_REPRESENTATION_CONTEXT() REPRESENTATION_CONTEXT('2D SPACE',''
  ) );
#1320 = ORIENTED_EDGE('',*,*,#1321,.T.);
#1321 = EDGE_CURVE('',#1293,#1322,#1324,.T.);
#1322 = VERTEX_POINT('',#1323);
#1323 = CARTESIAN_POINT('',(-36.19999997103,-3.,0.));
#1324 = SURFACE_CURVE('',#1325,(#1329,#1336),.PCURVE_S1.);
#1325 = LINE('',#1326,#1327);
#1326 = CARTESIAN_POINT('',(-37.69999995951,-3.,0.));
#1327 = VECTOR('',#1328,1.);
#1328 = DIRECTION('',(1.,0.,0.));
#1329 = PCURVE('',#335,#1330);
#1330 = DEFINITIONAL_REPRESENTATION('',(#1331),#1335);
#1331 = LINE('',#1332,#1333);
#1332 = CARTESIAN_POINT('',(1.41842591006E-08,18.));
#1333 = VECTOR('',#1334,1.);
#1334 = DIRECTION('',(1.,0.));
#1335 = ( GEOMETRIC_REPRESENTATION_CONTEXT(2) 
PARAMETRIC_REPRESENTATION_CONTEXT() REPRESENTATION_CONTEXT('2D SPACE',''
  ) );
#1336 = PCURVE('',#1337,#1342);
#1337 = PLANE('',#1338);
#1338 = AXIS2_PLACEMENT_3D('',#1339,#1340,#1341);
#1339 = CARTESIAN_POINT('',(-39.20000004048,-3.,0.));
#1340 = DIRECTION('',(0.,1.,0.));
#1341 = DIRECTION('',(1.,0.,0.));
#1342 = DEFINITIONAL_REPRESENTATION('',(#1343),#1347);
#1343 = LINE('',#1344,#1345);
#1344 = CARTESIAN_POINT('',(1.500000080978,0.));
#1345 = VECTOR('',#1346,1.);
#1346 = DIRECTION('',(1.,0.));
#1347 = ( GEOMETRIC_REPRESENTATION_CONTEXT(2) 
PARAMETRIC_REPRESENTATION_CONTEXT() REPRESENTATION_CONTEXT('2D SPACE',''
  ) );
#1348 = ORIENTED_EDGE('',*,*,#1349,.T.);
#1349 = EDGE_CURVE('',#1322,#1350,#1352,.T.);
#1350 = VERTEX_POINT('',#1351);
#1351 = CARTESIAN_POINT('',(-35.6,-2.729150295052,0.));
#1352 = SURFACE_CURVE('',#1353,(#1358,#1365),.PCURVE_S1.);
#1353 = CIRCLE('',#1354,0.8);
#1354 = AXIS2_PLACEMENT_3D('',#1355,#1356,#1357);
#1355 = CARTESIAN_POINT('',(-36.19999997103,-2.2,0.));
#1356 = DIRECTION('',(0.,0.,1.));
#1357 = DIRECTION('',(1.,0.,0.));
#1358 = PCURVE('',#335,#1359);
#1359 = DEFINITIONAL_REPRESENTATION('',(#1360),#1364);
#1360 = CIRCLE('',#1361,0.8);
#1361 = AXIS2_PLACEMENT_2D('',#1362,#1363);
#1362 = CARTESIAN_POINT('',(1.500000002657,18.8));
#1363 = DIRECTION('',(1.,0.));
#1364 = ( GEOMETRIC_REPRESENTATION_CONTEXT(2) 
PARAMETRIC_REPRESENTATION_CONTEXT() REPRESENTATION_CONTEXT('2D SPACE',''
  ) );
#1365 = PCURVE('',#1366,#1371);
#1366 = CYLINDRICAL_SURFACE('',#1367,0.8);
#1367 = AXIS2_PLACEMENT_3D('',#1368,#1369,#1370);
#1368 = CARTESIAN_POINT('',(-36.19999997103,-2.2,0.));
#1369 = DIRECTION('',(-0.,-0.,-1.));
#1370 = DIRECTION('',(1.,0.,0.));
#1371 = DEFINITIONAL_REPRESENTATION('',(#1372),#1376);
#1372 = LINE('',#1373,#1374);
#1373 = CARTESIAN_POINT('',(-0.,0.));
#1374 = VECTOR('',#1375,1.);
#1375 = DIRECTION('',(-1.,0.));
#1376 = ( GEOMETRIC_REPRESENTATION_CONTEXT(2) 
PARAMETRIC_REPRESENTATION_CONTEXT() REPRESENTATION_CONTEXT('2D SPACE',''
  ) );
#1377 = ORIENTED_EDGE('',*,*,#1378,.F.);
#1378 = EDGE_CURVE('',#1379,#1350,#1381,.T.);
#1379 = VERTEX_POINT('',#1380);
#1380 = CARTESIAN_POINT('',(-35.6,-14.27084970494,0.));
#1381 = SURFACE_CURVE('',#1382,(#1386,#1393),.PCURVE_S1.);
#1382 = LINE('',#1383,#1384);
#1383 = CARTESIAN_POINT('',(-35.6,-43.4,0.));
#1384 = VECTOR('',#1385,1.);
#1385 = DIRECTION('',(-0.,1.,0.));
#1386 = PCURVE('',#335,#1387);
#1387 = DEFINITIONAL_REPRESENTATION('',(#1388),#1392);
#1388 = LINE('',#1389,#1390);
#1389 = CARTESIAN_POINT('',(2.099999973695,-22.4));
#1390 = VECTOR('',#1391,1.);
#1391 = DIRECTION('',(0.,1.));
#1392 = ( GEOMETRIC_REPRESENTATION_CONTEXT(2) 
PARAMETRIC_REPRESENTATION_CONTEXT() REPRESENTATION_CONTEXT('2D SPACE',''
  ) );
#1393 = PCURVE('',#1394,#1399);
#1394 = PLANE('',#1395);
#1395 = AXIS2_PLACEMENT_3D('',#1396,#1397,#1398);
#1396 = CARTESIAN_POINT('',(-36.,-43.4,0.4));
#1397 = DIRECTION('',(-0.707106781187,6.983161618628E-18,-0.707106781187
    ));
#1398 = DIRECTION('',(4.937840934654E-18,1.,4.937840934654E-18));
#1399 = DEFINITIONAL_REPRESENTATION('',(#1400),#1404);
#1400 = LINE('',#1401,#1402);
#1401 = CARTESIAN_POINT('',(0.,0.565685424949));
#1402 = VECTOR('',#1403,1.);
#1403 = DIRECTION('',(1.,0.));
#1404 = ( GEOMETRIC_REPRESENTATION_CONTEXT(2) 
PARAMETRIC_REPRESENTATION_CONTEXT() REPRESENTATION_CONTEXT('2D SPACE',''
  ) );
#1405 = ORIENTED_EDGE('',*,*,#1406,.T.);
#1406 = EDGE_CURVE('',#1379,#1407,#1409,.T.);
#1407 = VERTEX_POINT('',#1408);
#1408 = CARTESIAN_POINT('',(-36.19999997103,-14.,0.));
#1409 = SURFACE_CURVE('',#1410,(#1415,#1422),.PCURVE_S1.);
#1410 = CIRCLE('',#1411,0.8);
#1411 = AXIS2_PLACEMENT_3D('',#1412,#1413,#1414);
#1412 = CARTESIAN_POINT('',(-36.19999997103,-14.8,0.));
#1413 = DIRECTION('',(0.,0.,1.));
#1414 = DIRECTION('',(1.,0.,0.));
#1415 = PCURVE('',#335,#1416);
#1416 = DEFINITIONAL_REPRESENTATION('',(#1417),#1421);
#1417 = CIRCLE('',#1418,0.8);
#1418 = AXIS2_PLACEMENT_2D('',#1419,#1420);
#1419 = CARTESIAN_POINT('',(1.500000002657,6.2));
#1420 = DIRECTION('',(1.,0.));
#1421 = ( GEOMETRIC_REPRESENTATION_CONTEXT(2) 
PARAMETRIC_REPRESENTATION_CONTEXT() REPRESENTATION_CONTEXT('2D SPACE',''
  ) );
#1422 = PCURVE('',#1423,#1428);
#1423 = CYLINDRICAL_SURFACE('',#1424,0.8);
#1424 = AXIS2_PLACEMENT_3D('',#1425,#1426,#1427);
#1425 = CARTESIAN_POINT('',(-36.19999997103,-14.8,0.));
#1426 = DIRECTION('',(-0.,-0.,-1.));
#1427 = DIRECTION('',(1.,0.,0.));
#1428 = DEFINITIONAL_REPRESENTATION('',(#1429),#1433);
#1429 = LINE('',#1430,#1431);
#1430 = CARTESIAN_POINT('',(-0.,0.));
#1431 = VECTOR('',#1432,1.);
#1432 = DIRECTION('',(-1.,0.));
#1433 = ( GEOMETRIC_REPRESENTATION_CONTEXT(2) 
PARAMETRIC_REPRESENTATION_CONTEXT() REPRESENTATION_CONTEXT('2D SPACE',''
  ) );
#1434 = ORIENTED_EDGE('',*,*,#1435,.F.);
#1435 = EDGE_CURVE('',#1436,#1407,#1438,.T.);
#1436 = VERTEX_POINT('',#1437);
#1437 = CARTESIAN_POINT('',(-39.20000004048,-14.,0.));
#1438 = SURFACE_CURVE('',#1439,(#1443,#1450),.PCURVE_S1.);
#1439 = LINE('',#1440,#1441);
#1440 = CARTESIAN_POINT('',(-37.69999995951,-14.,0.));
#1441 = VECTOR('',#1442,1.);
#1442 = DIRECTION('',(1.,0.,0.));
#1443 = PCURVE('',#335,#1444);
#1444 = DEFINITIONAL_REPRESENTATION('',(#1445),#1449);
#1445 = LINE('',#1446,#1447);
#1446 = CARTESIAN_POINT('',(1.41842591006E-08,7.));
#1447 = VECTOR('',#1448,1.);
#1448 = DIRECTION('',(1.,0.));
#1449 = ( GEOMETRIC_REPRESENTATION_CONTEXT(2) 
PARAMETRIC_REPRESENTATION_CONTEXT() REPRESENTATION_CONTEXT('2D SPACE',''
  ) );
#1450 = PCURVE('',#1451,#1456);
#1451 = PLANE('',#1452);
#1452 = AXIS2_PLACEMENT_3D('',#1453,#1454,#1455);
#1453 = CARTESIAN_POINT('',(-39.20000004048,-14.,0.));
#1454 = DIRECTION('',(0.,1.,0.));
#1455 = DIRECTION('',(1.,0.,0.));
#1456 = DEFINITIONAL_REPRESENTATION('',(#1457),#1461);
#1457 = LINE('',#1458,#1459);
#1458 = CARTESIAN_POINT('',(1.500000080978,0.));
#1459 = VECTOR('',#1460,1.);
#1460 = DIRECTION('',(1.,0.));
#1461 = ( GEOMETRIC_REPRESENTATION_CONTEXT(2) 
PARAMETRIC_REPRESENTATION_CONTEXT() REPRESENTATION_CONTEXT('2D SPACE',''
  ) );
#1462 = ORIENTED_EDGE('',*,*,#1463,.T.);
#1463 = EDGE_CURVE('',#1436,#898,#1464,.T.);
#1464 = SURFACE_CURVE('',#1465,(#1470,#1477),.PCURVE_S1.);
#1465 = CIRCLE('',#1466,0.8);
#1466 = AXIS2_PLACEMENT_3D('',#1467,#1468,#1469);
#1467 = CARTESIAN_POINT('',(-39.20000004048,-14.8,0.));
#1468 = DIRECTION('',(0.,0.,1.));
#1469 = DIRECTION('',(1.,0.,0.));
#1470 = PCURVE('',#335,#1471);
#1471 = DEFINITIONAL_REPRESENTATION('',(#1472),#1476);
#1472 = CIRCLE('',#1473,0.8);
#1473 = AXIS2_PLACEMENT_2D('',#1474,#1475);
#1474 = CARTESIAN_POINT('',(-1.500000066794,6.2));
#1475 = DIRECTION('',(1.,0.));
#1476 = ( GEOMETRIC_REPRESENTATION_CONTEXT(2) 
PARAMETRIC_REPRESENTATION_CONTEXT() REPRESENTATION_CONTEXT('2D SPACE',''
  ) );
#1477 = PCURVE('',#1478,#1483);
#1478 = CYLINDRICAL_SURFACE('',#1479,0.8);
#1479 = AXIS2_PLACEMENT_3D('',#1480,#1481,#1482);
#1480 = CARTESIAN_POINT('',(-39.20000004048,-14.8,0.));
#1481 = DIRECTION('',(-0.,-0.,-1.));
#1482 = DIRECTION('',(1.,0.,0.));
#1483 = DEFINITIONAL_REPRESENTATION('',(#1484),#1488);
#1484 = LINE('',#1485,#1486);
#1485 = CARTESIAN_POINT('',(-0.,0.));
#1486 = VECTOR('',#1487,1.);
#1487 = DIRECTION('',(-1.,0.));
#1488 = ( GEOMETRIC_REPRESENTATION_CONTEXT(2) 
PARAMETRIC_REPRESENTATION_CONTEXT() REPRESENTATION_CONTEXT('2D SPACE',''
  ) );
#1489 = FACE_BOUND('',#1490,.F.);
#1490 = EDGE_LOOP('',(#1491,#1520,#1547,#1574));
#1491 = ORIENTED_EDGE('',*,*,#1492,.F.);
#1492 = EDGE_CURVE('',#1493,#1495,#1497,.T.);
#1493 = VERTEX_POINT('',#1494);
#1494 = CARTESIAN_POINT('',(15.9,35.9,0.));
#1495 = VERTEX_POINT('',#1496);
#1496 = CARTESIAN_POINT('',(15.9,39.1,0.));
#1497 = SURFACE_CURVE('',#1498,(#1502,#1509),.PCURVE_S1.);
#1498 = LINE('',#1499,#1500);
#1499 = CARTESIAN_POINT('',(15.9,-5.25,0.));
#1500 = VECTOR('',#1501,1.);
#1501 = DIRECTION('',(-0.,1.,0.));
#1502 = PCURVE('',#335,#1503);
#1503 = DEFINITIONAL_REPRESENTATION('',(#1504),#1508);
#1504 = LINE('',#1505,#1506);
#1505 = CARTESIAN_POINT('',(53.599999973695,15.75));
#1506 = VECTOR('',#1507,1.);
#1507 = DIRECTION('',(0.,1.));
#1508 = ( GEOMETRIC_REPRESENTATION_CONTEXT(2) 
PARAMETRIC_REPRESENTATION_CONTEXT() REPRESENTATION_CONTEXT('2D SPACE',''
  ) );
#1509 = PCURVE('',#1510,#1515);
#1510 = PLANE('',#1511);
#1511 = AXIS2_PLACEMENT_3D('',#1512,#1513,#1514);
#1512 = CARTESIAN_POINT('',(15.9,35.9,-0.5));
#1513 = DIRECTION('',(1.,0.,-0.));
#1514 = DIRECTION('',(0.,0.,1.));
#1515 = DEFINITIONAL_REPRESENTATION('',(#1516),#1519);
#1516 = B_SPLINE_CURVE_WITH_KNOTS('',1,(#1517,#1518),.UNSPECIFIED.,.F.,
  .F.,(2,2),(41.15,44.35),.PIECEWISE_BEZIER_KNOTS.);
#1517 = CARTESIAN_POINT('',(0.5,0.));
#1518 = CARTESIAN_POINT('',(0.5,-3.2));
#1519 = ( GEOMETRIC_REPRESENTATION_CONTEXT(2) 
PARAMETRIC_REPRESENTATION_CONTEXT() REPRESENTATION_CONTEXT('2D SPACE',''
  ) );
#1520 = ORIENTED_EDGE('',*,*,#1521,.T.);
#1521 = EDGE_CURVE('',#1493,#1522,#1524,.T.);
#1522 = VERTEX_POINT('',#1523);
#1523 = CARTESIAN_POINT('',(14.1,35.9,0.));
#1524 = SURFACE_CURVE('',#1525,(#1529,#1536),.PCURVE_S1.);
#1525 = LINE('',#1526,#1527);
#1526 = CARTESIAN_POINT('',(-11.15,35.9,0.));
#1527 = VECTOR('',#1528,1.);
#1528 = DIRECTION('',(-1.,-0.,0.));
#1529 = PCURVE('',#335,#1530);
#1530 = DEFINITIONAL_REPRESENTATION('',(#1531),#1535);
#1531 = LINE('',#1532,#1533);
#1532 = CARTESIAN_POINT('',(26.549999973695,56.9));
#1533 = VECTOR('',#1534,1.);
#1534 = DIRECTION('',(-1.,0.));
#1535 = ( GEOMETRIC_REPRESENTATION_CONTEXT(2) 
PARAMETRIC_REPRESENTATION_CONTEXT() REPRESENTATION_CONTEXT('2D SPACE',''
  ) );
#1536 = PCURVE('',#1537,#1542);
#1537 = PLANE('',#1538);
#1538 = AXIS2_PLACEMENT_3D('',#1539,#1540,#1541);
#1539 = CARTESIAN_POINT('',(14.1,35.9,-0.5));
#1540 = DIRECTION('',(-0.,1.,0.));
#1541 = DIRECTION('',(0.,0.,1.));
#1542 = DEFINITIONAL_REPRESENTATION('',(#1543),#1546);
#1543 = B_SPLINE_CURVE_WITH_KNOTS('',1,(#1544,#1545),.UNSPECIFIED.,.F.,
  .F.,(2,2),(-27.05,-25.25),.PIECEWISE_BEZIER_KNOTS.);
#1544 = CARTESIAN_POINT('',(0.5,1.8));
#1545 = CARTESIAN_POINT('',(0.5,0.));
#1546 = ( GEOMETRIC_REPRESENTATION_CONTEXT(2) 
PARAMETRIC_REPRESENTATION_CONTEXT() REPRESENTATION_CONTEXT('2D SPACE',''
  ) );
#1547 = ORIENTED_EDGE('',*,*,#1548,.T.);
#1548 = EDGE_CURVE('',#1522,#1549,#1551,.T.);
#1549 = VERTEX_POINT('',#1550);
#1550 = CARTESIAN_POINT('',(14.1,39.1,0.));
#1551 = SURFACE_CURVE('',#1552,(#1556,#1563),.PCURVE_S1.);
#1552 = LINE('',#1553,#1554);
#1553 = CARTESIAN_POINT('',(14.1,-5.25,0.));
#1554 = VECTOR('',#1555,1.);
#1555 = DIRECTION('',(-0.,1.,0.));
#1556 = PCURVE('',#335,#1557);
#1557 = DEFINITIONAL_REPRESENTATION('',(#1558),#1562);
#1558 = LINE('',#1559,#1560);
#1559 = CARTESIAN_POINT('',(51.799999973695,15.75));
#1560 = VECTOR('',#1561,1.);
#1561 = DIRECTION('',(0.,1.));
#1562 = ( GEOMETRIC_REPRESENTATION_CONTEXT(2) 
PARAMETRIC_REPRESENTATION_CONTEXT() REPRESENTATION_CONTEXT('2D SPACE',''
  ) );
#1563 = PCURVE('',#1564,#1569);
#1564 = PLANE('',#1565);
#1565 = AXIS2_PLACEMENT_3D('',#1566,#1567,#1568);
#1566 = CARTESIAN_POINT('',(14.1,35.9,-0.5));
#1567 = DIRECTION('',(1.,0.,-0.));
#1568 = DIRECTION('',(0.,0.,1.));
#1569 = DEFINITIONAL_REPRESENTATION('',(#1570),#1573);
#1570 = B_SPLINE_CURVE_WITH_KNOTS('',1,(#1571,#1572),.UNSPECIFIED.,.F.,
  .F.,(2,2),(41.15,44.35),.PIECEWISE_BEZIER_KNOTS.);
#1571 = CARTESIAN_POINT('',(0.5,0.));
#1572 = CARTESIAN_POINT('',(0.5,-3.2));
#1573 = ( GEOMETRIC_REPRESENTATION_CONTEXT(2) 
PARAMETRIC_REPRESENTATION_CONTEXT() REPRESENTATION_CONTEXT('2D SPACE',''
  ) );
#1574 = ORIENTED_EDGE('',*,*,#1575,.F.);
#1575 = EDGE_CURVE('',#1495,#1549,#1576,.T.);
#1576 = SURFACE_CURVE('',#1577,(#1581,#1588),.PCURVE_S1.);
#1577 = LINE('',#1578,#1579);
#1578 = CARTESIAN_POINT('',(-11.15,39.1,0.));
#1579 = VECTOR('',#1580,1.);
#1580 = DIRECTION('',(-1.,-0.,0.));
#1581 = PCURVE('',#335,#1582);
#1582 = DEFINITIONAL_REPRESENTATION('',(#1583),#1587);
#1583 = LINE('',#1584,#1585);
#1584 = CARTESIAN_POINT('',(26.549999973695,60.1));
#1585 = VECTOR('',#1586,1.);
#1586 = DIRECTION('',(-1.,0.));
#1587 = ( GEOMETRIC_REPRESENTATION_CONTEXT(2) 
PARAMETRIC_REPRESENTATION_CONTEXT() REPRESENTATION_CONTEXT('2D SPACE',''
  ) );
#1588 = PCURVE('',#1589,#1594);
#1589 = PLANE('',#1590);
#1590 = AXIS2_PLACEMENT_3D('',#1591,#1592,#1593);
#1591 = CARTESIAN_POINT('',(14.1,39.1,-0.5));
#1592 = DIRECTION('',(-0.,1.,0.));
#1593 = DIRECTION('',(0.,0.,1.));
#1594 = DEFINITIONAL_REPRESENTATION('',(#1595),#1598);
#1595 = B_SPLINE_CURVE_WITH_KNOTS('',1,(#1596,#1597),.UNSPECIFIED.,.F.,
  .F.,(2,2),(-27.05,-25.25),.PIECEWISE_BEZIER_KNOTS.);
#1596 = CARTESIAN_POINT('',(0.5,1.8));
#1597 = CARTESIAN_POINT('',(0.5,0.));
#1598 = ( GEOMETRIC_REPRESENTATION_CONTEXT(2) 
PARAMETRIC_REPRESENTATION_CONTEXT() REPRESENTATION_CONTEXT('2D SPACE',''
  ) );
#1599 = FACE_BOUND('',#1600,.F.);
#1600 = EDGE_LOOP('',(#1601,#1630,#1657,#1684));
#1601 = ORIENTED_EDGE('',*,*,#1602,.T.);
#1602 = EDGE_CURVE('',#1603,#1605,#1607,.T.);
#1603 = VERTEX_POINT('',#1604);
#1604 = CARTESIAN_POINT('',(-14.1,30.9,0.));
#1605 = VERTEX_POINT('',#1606);
#1606 = CARTESIAN_POINT('',(-15.9,30.9,0.));
#1607 = SURFACE_CURVE('',#1608,(#1612,#1619),.PCURVE_S1.);
#1608 = LINE('',#1609,#1610);
#1609 = CARTESIAN_POINT('',(-26.15,30.9,0.));
#1610 = VECTOR('',#1611,1.);
#1611 = DIRECTION('',(-1.,-0.,0.));
#1612 = PCURVE('',#335,#1613);
#1613 = DEFINITIONAL_REPRESENTATION('',(#1614),#1618);
#1614 = LINE('',#1615,#1616);
#1615 = CARTESIAN_POINT('',(11.549999973695,51.9));
#1616 = VECTOR('',#1617,1.);
#1617 = DIRECTION('',(-1.,0.));
#1618 = ( GEOMETRIC_REPRESENTATION_CONTEXT(2) 
PARAMETRIC_REPRESENTATION_CONTEXT() REPRESENTATION_CONTEXT('2D SPACE',''
  ) );
#1619 = PCURVE('',#1620,#1625);
#1620 = PLANE('',#1621);
#1621 = AXIS2_PLACEMENT_3D('',#1622,#1623,#1624);
#1622 = CARTESIAN_POINT('',(-15.9,30.9,-0.5));
#1623 = DIRECTION('',(-0.,1.,0.));
#1624 = DIRECTION('',(0.,0.,1.));
#1625 = DEFINITIONAL_REPRESENTATION('',(#1626),#1629);
#1626 = B_SPLINE_CURVE_WITH_KNOTS('',1,(#1627,#1628),.UNSPECIFIED.,.F.,
  .F.,(2,2),(-12.05,-10.25),.PIECEWISE_BEZIER_KNOTS.);
#1627 = CARTESIAN_POINT('',(0.5,1.8));
#1628 = CARTESIAN_POINT('',(0.5,0.));
#1629 = ( GEOMETRIC_REPRESENTATION_CONTEXT(2) 
PARAMETRIC_REPRESENTATION_CONTEXT() REPRESENTATION_CONTEXT('2D SPACE',''
  ) );
#1630 = ORIENTED_EDGE('',*,*,#1631,.T.);
#1631 = EDGE_CURVE('',#1605,#1632,#1634,.T.);
#1632 = VERTEX_POINT('',#1633);
#1633 = CARTESIAN_POINT('',(-15.9,34.1,0.));
#1634 = SURFACE_CURVE('',#1635,(#1639,#1646),.PCURVE_S1.);
#1635 = LINE('',#1636,#1637);
#1636 = CARTESIAN_POINT('',(-15.9,-7.75,0.));
#1637 = VECTOR('',#1638,1.);
#1638 = DIRECTION('',(-0.,1.,0.));
#1639 = PCURVE('',#335,#1640);
#1640 = DEFINITIONAL_REPRESENTATION('',(#1641),#1645);
#1641 = LINE('',#1642,#1643);
#1642 = CARTESIAN_POINT('',(21.799999973695,13.25));
#1643 = VECTOR('',#1644,1.);
#1644 = DIRECTION('',(0.,1.));
#1645 = ( GEOMETRIC_REPRESENTATION_CONTEXT(2) 
PARAMETRIC_REPRESENTATION_CONTEXT() REPRESENTATION_CONTEXT('2D SPACE',''
  ) );
#1646 = PCURVE('',#1647,#1652);
#1647 = PLANE('',#1648);
#1648 = AXIS2_PLACEMENT_3D('',#1649,#1650,#1651);
#1649 = CARTESIAN_POINT('',(-15.9,30.9,-0.5));
#1650 = DIRECTION('',(1.,0.,-0.));
#1651 = DIRECTION('',(0.,0.,1.));
#1652 = DEFINITIONAL_REPRESENTATION('',(#1653),#1656);
#1653 = B_SPLINE_CURVE_WITH_KNOTS('',1,(#1654,#1655),.UNSPECIFIED.,.F.,
  .F.,(2,2),(38.65,41.85),.PIECEWISE_BEZIER_KNOTS.);
#1654 = CARTESIAN_POINT('',(0.5,0.));
#1655 = CARTESIAN_POINT('',(0.5,-3.2));
#1656 = ( GEOMETRIC_REPRESENTATION_CONTEXT(2) 
PARAMETRIC_REPRESENTATION_CONTEXT() REPRESENTATION_CONTEXT('2D SPACE',''
  ) );
#1657 = ORIENTED_EDGE('',*,*,#1658,.F.);
#1658 = EDGE_CURVE('',#1659,#1632,#1661,.T.);
#1659 = VERTEX_POINT('',#1660);
#1660 = CARTESIAN_POINT('',(-14.1,34.1,0.));
#1661 = SURFACE_CURVE('',#1662,(#1666,#1673),.PCURVE_S1.);
#1662 = LINE('',#1663,#1664);
#1663 = CARTESIAN_POINT('',(-26.15,34.1,0.));
#1664 = VECTOR('',#1665,1.);
#1665 = DIRECTION('',(-1.,-0.,0.));
#1666 = PCURVE('',#335,#1667);
#1667 = DEFINITIONAL_REPRESENTATION('',(#1668),#1672);
#1668 = LINE('',#1669,#1670);
#1669 = CARTESIAN_POINT('',(11.549999973695,55.1));
#1670 = VECTOR('',#1671,1.);
#1671 = DIRECTION('',(-1.,0.));
#1672 = ( GEOMETRIC_REPRESENTATION_CONTEXT(2) 
PARAMETRIC_REPRESENTATION_CONTEXT() REPRESENTATION_CONTEXT('2D SPACE',''
  ) );
#1673 = PCURVE('',#1674,#1679);
#1674 = PLANE('',#1675);
#1675 = AXIS2_PLACEMENT_3D('',#1676,#1677,#1678);
#1676 = CARTESIAN_POINT('',(-15.9,34.1,-0.5));
#1677 = DIRECTION('',(-0.,1.,0.));
#1678 = DIRECTION('',(0.,0.,1.));
#1679 = DEFINITIONAL_REPRESENTATION('',(#1680),#1683);
#1680 = B_SPLINE_CURVE_WITH_KNOTS('',1,(#1681,#1682),.UNSPECIFIED.,.F.,
  .F.,(2,2),(-12.05,-10.25),.PIECEWISE_BEZIER_KNOTS.);
#1681 = CARTESIAN_POINT('',(0.5,1.8));
#1682 = CARTESIAN_POINT('',(0.5,0.));
#1683 = ( GEOMETRIC_REPRESENTATION_CONTEXT(2) 
PARAMETRIC_REPRESENTATION_CONTEXT() REPRESENTATION_CONTEXT('2D SPACE',''
  ) );
#1684 = ORIENTED_EDGE('',*,*,#1685,.F.);
#1685 = EDGE_CURVE('',#1603,#1659,#1686,.T.);
#1686 = SURFACE_CURVE('',#1687,(#1691,#1698),.PCURVE_S1.);
#1687 = LINE('',#1688,#1689);
#1688 = CARTESIAN_POINT('',(-14.1,-7.75,0.));
#1689 = VECTOR('',#1690,1.);
#1690 = DIRECTION('',(-0.,1.,0.));
#1691 = PCURVE('',#335,#1692);
#1692 = DEFINITIONAL_REPRESENTATION('',(#1693),#1697);
#1693 = LINE('',#1694,#1695);
#1694 = CARTESIAN_POINT('',(23.599999973695,13.25));
#1695 = VECTOR('',#1696,1.);
#1696 = DIRECTION('',(0.,1.));
#1697 = ( GEOMETRIC_REPRESENTATION_CONTEXT(2) 
PARAMETRIC_REPRESENTATION_CONTEXT() REPRESENTATION_CONTEXT('2D SPACE',''
  ) );
#1698 = PCURVE('',#1699,#1704);
#1699 = PLANE('',#1700);
#1700 = AXIS2_PLACEMENT_3D('',#1701,#1702,#1703);
#1701 = CARTESIAN_POINT('',(-14.1,30.9,-0.5));
#1702 = DIRECTION('',(1.,0.,-0.));
#1703 = DIRECTION('',(0.,0.,1.));
#1704 = DEFINITIONAL_REPRESENTATION('',(#1705),#1708);
#1705 = B_SPLINE_CURVE_WITH_KNOTS('',1,(#1706,#1707),.UNSPECIFIED.,.F.,
  .F.,(2,2),(38.65,41.85),.PIECEWISE_BEZIER_KNOTS.);
#1706 = CARTESIAN_POINT('',(0.5,0.));
#1707 = CARTESIAN_POINT('',(0.5,-3.2));
#1708 = ( GEOMETRIC_REPRESENTATION_CONTEXT(2) 
PARAMETRIC_REPRESENTATION_CONTEXT() REPRESENTATION_CONTEXT('2D SPACE',''
  ) );
#1709 = FACE_BOUND('',#1710,.F.);
#1710 = EDGE_LOOP('',(#1711,#1740,#1767,#1794));
#1711 = ORIENTED_EDGE('',*,*,#1712,.T.);
#1712 = EDGE_CURVE('',#1713,#1715,#1717,.T.);
#1713 = VERTEX_POINT('',#1714);
#1714 = CARTESIAN_POINT('',(15.9,30.9,0.));
#1715 = VERTEX_POINT('',#1716);
#1716 = CARTESIAN_POINT('',(14.1,30.9,0.));
#1717 = SURFACE_CURVE('',#1718,(#1722,#1729),.PCURVE_S1.);
#1718 = LINE('',#1719,#1720);
#1719 = CARTESIAN_POINT('',(-11.15,30.9,0.));
#1720 = VECTOR('',#1721,1.);
#1721 = DIRECTION('',(-1.,-0.,0.));
#1722 = PCURVE('',#335,#1723);
#1723 = DEFINITIONAL_REPRESENTATION('',(#1724),#1728);
#1724 = LINE('',#1725,#1726);
#1725 = CARTESIAN_POINT('',(26.549999973695,51.9));
#1726 = VECTOR('',#1727,1.);
#1727 = DIRECTION('',(-1.,0.));
#1728 = ( GEOMETRIC_REPRESENTATION_CONTEXT(2) 
PARAMETRIC_REPRESENTATION_CONTEXT() REPRESENTATION_CONTEXT('2D SPACE',''
  ) );
#1729 = PCURVE('',#1730,#1735);
#1730 = PLANE('',#1731);
#1731 = AXIS2_PLACEMENT_3D('',#1732,#1733,#1734);
#1732 = CARTESIAN_POINT('',(14.1,30.9,-0.5));
#1733 = DIRECTION('',(-0.,1.,0.));
#1734 = DIRECTION('',(0.,0.,1.));
#1735 = DEFINITIONAL_REPRESENTATION('',(#1736),#1739);
#1736 = B_SPLINE_CURVE_WITH_KNOTS('',1,(#1737,#1738),.UNSPECIFIED.,.F.,
  .F.,(2,2),(-27.05,-25.25),.PIECEWISE_BEZIER_KNOTS.);
#1737 = CARTESIAN_POINT('',(0.5,1.8));
#1738 = CARTESIAN_POINT('',(0.5,0.));
#1739 = ( GEOMETRIC_REPRESENTATION_CONTEXT(2) 
PARAMETRIC_REPRESENTATION_CONTEXT() REPRESENTATION_CONTEXT('2D SPACE',''
  ) );
#1740 = ORIENTED_EDGE('',*,*,#1741,.T.);
#1741 = EDGE_CURVE('',#1715,#1742,#1744,.T.);
#1742 = VERTEX_POINT('',#1743);
#1743 = CARTESIAN_POINT('',(14.1,34.1,0.));
#1744 = SURFACE_CURVE('',#1745,(#1749,#1756),.PCURVE_S1.);
#1745 = LINE('',#1746,#1747);
#1746 = CARTESIAN_POINT('',(14.1,-7.75,0.));
#1747 = VECTOR('',#1748,1.);
#1748 = DIRECTION('',(-0.,1.,0.));
#1749 = PCURVE('',#335,#1750);
#1750 = DEFINITIONAL_REPRESENTATION('',(#1751),#1755);
#1751 = LINE('',#1752,#1753);
#1752 = CARTESIAN_POINT('',(51.799999973695,13.25));
#1753 = VECTOR('',#1754,1.);
#1754 = DIRECTION('',(0.,1.));
#1755 = ( GEOMETRIC_REPRESENTATION_CONTEXT(2) 
PARAMETRIC_REPRESENTATION_CONTEXT() REPRESENTATION_CONTEXT('2D SPACE',''
  ) );
#1756 = PCURVE('',#1757,#1762);
#1757 = PLANE('',#1758);
#1758 = AXIS2_PLACEMENT_3D('',#1759,#1760,#1761);
#1759 = CARTESIAN_POINT('',(14.1,30.9,-0.5));
#1760 = DIRECTION('',(1.,0.,-0.));
#1761 = DIRECTION('',(0.,0.,1.));
#1762 = DEFINITIONAL_REPRESENTATION('',(#1763),#1766);
#1763 = B_SPLINE_CURVE_WITH_KNOTS('',1,(#1764,#1765),.UNSPECIFIED.,.F.,
  .F.,(2,2),(38.65,41.85),.PIECEWISE_BEZIER_KNOTS.);
#1764 = CARTESIAN_POINT('',(0.5,0.));
#1765 = CARTESIAN_POINT('',(0.5,-3.2));
#1766 = ( GEOMETRIC_REPRESENTATION_CONTEXT(2) 
PARAMETRIC_REPRESENTATION_CONTEXT() REPRESENTATION_CONTEXT('2D SPACE',''
  ) );
#1767 = ORIENTED_EDGE('',*,*,#1768,.F.);
#1768 = EDGE_CURVE('',#1769,#1742,#1771,.T.);
#1769 = VERTEX_POINT('',#1770);
#1770 = CARTESIAN_POINT('',(15.9,34.1,0.));
#1771 = SURFACE_CURVE('',#1772,(#1776,#1783),.PCURVE_S1.);
#1772 = LINE('',#1773,#1774);
#1773 = CARTESIAN_POINT('',(-11.15,34.1,0.));
#1774 = VECTOR('',#1775,1.);
#1775 = DIRECTION('',(-1.,-0.,0.));
#1776 = PCURVE('',#335,#1777);
#1777 = DEFINITIONAL_REPRESENTATION('',(#1778),#1782);
#1778 = LINE('',#1779,#1780);
#1779 = CARTESIAN_POINT('',(26.549999973695,55.1));
#1780 = VECTOR('',#1781,1.);
#1781 = DIRECTION('',(-1.,0.));
#1782 = ( GEOMETRIC_REPRESENTATION_CONTEXT(2) 
PARAMETRIC_REPRESENTATION_CONTEXT() REPRESENTATION_CONTEXT('2D SPACE',''
  ) );
#1783 = PCURVE('',#1784,#1789);
#1784 = PLANE('',#1785);
#1785 = AXIS2_PLACEMENT_3D('',#1786,#1787,#1788);
#1786 = CARTESIAN_POINT('',(14.1,34.1,-0.5));
#1787 = DIRECTION('',(-0.,1.,0.));
#1788 = DIRECTION('',(0.,0.,1.));
#1789 = DEFINITIONAL_REPRESENTATION('',(#1790),#1793);
#1790 = B_SPLINE_CURVE_WITH_KNOTS('',1,(#1791,#1792),.UNSPECIFIED.,.F.,
  .F.,(2,2),(-27.05,-25.25),.PIECEWISE_BEZIER_KNOTS.);
#1791 = CARTESIAN_POINT('',(0.5,1.8));
#1792 = CARTESIAN_POINT('',(0.5,0.));
#1793 = ( GEOMETRIC_REPRESENTATION_CONTEXT(2) 
PARAMETRIC_REPRESENTATION_CONTEXT() REPRESENTATION_CONTEXT('2D SPACE',''
  ) );
#1794 = ORIENTED_EDGE('',*,*,#1795,.F.);
#1795 = EDGE_CURVE('',#1713,#1769,#1796,.T.);
#1796 = SURFACE_CURVE('',#1797,(#1801,#1808),.PCURVE_S1.);
#1797 = LINE('',#1798,#1799);
#1798 = CARTESIAN_POINT('',(15.9,-7.75,0.));
#1799 = VECTOR('',#1800,1.);
#1800 = DIRECTION('',(-0.,1.,0.));
#1801 = PCURVE('',#335,#1802);
#1802 = DEFINITIONAL_REPRESENTATION('',(#1803),#1807);
#1803 = LINE('',#1804,#1805);
#1804 = CARTESIAN_POINT('',(53.599999973695,13.25));
#1805 = VECTOR('',#1806,1.);
#1806 = DIRECTION('',(0.,1.));
#1807 = ( GEOMETRIC_REPRESENTATION_CONTEXT(2) 
PARAMETRIC_REPRESENTATION_CONTEXT() REPRESENTATION_CONTEXT('2D SPACE',''
  ) );
#1808 = PCURVE('',#1809,#1814);
#1809 = PLANE('',#1810);
#1810 = AXIS2_PLACEMENT_3D('',#1811,#1812,#1813);
#1811 = CARTESIAN_POINT('',(15.9,30.9,-0.5));
#1812 = DIRECTION('',(1.,0.,-0.));
#1813 = DIRECTION('',(0.,0.,1.));
#1814 = DEFINITIONAL_REPRESENTATION('',(#1815),#1818);
#1815 = B_SPLINE_CURVE_WITH_KNOTS('',1,(#1816,#1817),.UNSPECIFIED.,.F.,
  .F.,(2,2),(38.65,41.85),.PIECEWISE_BEZIER_KNOTS.);
#1816 = CARTESIAN_POINT('',(0.5,0.));
#1817 = CARTESIAN_POINT('',(0.5,-3.2));
#1818 = ( GEOMETRIC_REPRESENTATION_CONTEXT(2) 
PARAMETRIC_REPRESENTATION_CONTEXT() REPRESENTATION_CONTEXT('2D SPACE',''
  ) );
#1819 = FACE_BOUND('',#1820,.F.);
#1820 = EDGE_LOOP('',(#1821,#1850,#1877,#1904));
#1821 = ORIENTED_EDGE('',*,*,#1822,.T.);
#1822 = EDGE_CURVE('',#1823,#1825,#1827,.T.);
#1823 = VERTEX_POINT('',#1824);
#1824 = CARTESIAN_POINT('',(-14.1,35.9,0.));
#1825 = VERTEX_POINT('',#1826);
#1826 = CARTESIAN_POINT('',(-15.9,35.9,0.));
#1827 = SURFACE_CURVE('',#1828,(#1832,#1839),.PCURVE_S1.);
#1828 = LINE('',#1829,#1830);
#1829 = CARTESIAN_POINT('',(-26.15,35.9,0.));
#1830 = VECTOR('',#1831,1.);
#1831 = DIRECTION('',(-1.,-0.,0.));
#1832 = PCURVE('',#335,#1833);
#1833 = DEFINITIONAL_REPRESENTATION('',(#1834),#1838);
#1834 = LINE('',#1835,#1836);
#1835 = CARTESIAN_POINT('',(11.549999973695,56.9));
#1836 = VECTOR('',#1837,1.);
#1837 = DIRECTION('',(-1.,0.));
#1838 = ( GEOMETRIC_REPRESENTATION_CONTEXT(2) 
PARAMETRIC_REPRESENTATION_CONTEXT() REPRESENTATION_CONTEXT('2D SPACE',''
  ) );
#1839 = PCURVE('',#1840,#1845);
#1840 = PLANE('',#1841);
#1841 = AXIS2_PLACEMENT_3D('',#1842,#1843,#1844);
#1842 = CARTESIAN_POINT('',(-15.9,35.9,-0.5));
#1843 = DIRECTION('',(-0.,1.,0.));
#1844 = DIRECTION('',(0.,0.,1.));
#1845 = DEFINITIONAL_REPRESENTATION('',(#1846),#1849);
#1846 = B_SPLINE_CURVE_WITH_KNOTS('',1,(#1847,#1848),.UNSPECIFIED.,.F.,
  .F.,(2,2),(-12.05,-10.25),.PIECEWISE_BEZIER_KNOTS.);
#1847 = CARTESIAN_POINT('',(0.5,1.8));
#1848 = CARTESIAN_POINT('',(0.5,0.));
#1849 = ( GEOMETRIC_REPRESENTATION_CONTEXT(2) 
PARAMETRIC_REPRESENTATION_CONTEXT() REPRESENTATION_CONTEXT('2D SPACE',''
  ) );
#1850 = ORIENTED_EDGE('',*,*,#1851,.T.);
#1851 = EDGE_CURVE('',#1825,#1852,#1854,.T.);
#1852 = VERTEX_POINT('',#1853);
#1853 = CARTESIAN_POINT('',(-15.9,39.1,0.));
#1854 = SURFACE_CURVE('',#1855,(#1859,#1866),.PCURVE_S1.);
#1855 = LINE('',#1856,#1857);
#1856 = CARTESIAN_POINT('',(-15.9,-5.25,0.));
#1857 = VECTOR('',#1858,1.);
#1858 = DIRECTION('',(-0.,1.,0.));
#1859 = PCURVE('',#335,#1860);
#1860 = DEFINITIONAL_REPRESENTATION('',(#1861),#1865);
#1861 = LINE('',#1862,#1863);
#1862 = CARTESIAN_POINT('',(21.799999973695,15.75));
#1863 = VECTOR('',#1864,1.);
#1864 = DIRECTION('',(0.,1.));
#1865 = ( GEOMETRIC_REPRESENTATION_CONTEXT(2) 
PARAMETRIC_REPRESENTATION_CONTEXT() REPRESENTATION_CONTEXT('2D SPACE',''
  ) );
#1866 = PCURVE('',#1867,#1872);
#1867 = PLANE('',#1868);
#1868 = AXIS2_PLACEMENT_3D('',#1869,#1870,#1871);
#1869 = CARTESIAN_POINT('',(-15.9,35.9,-0.5));
#1870 = DIRECTION('',(1.,0.,-0.));
#1871 = DIRECTION('',(0.,0.,1.));
#1872 = DEFINITIONAL_REPRESENTATION('',(#1873),#1876);
#1873 = B_SPLINE_CURVE_WITH_KNOTS('',1,(#1874,#1875),.UNSPECIFIED.,.F.,
  .F.,(2,2),(41.15,44.35),.PIECEWISE_BEZIER_KNOTS.);
#1874 = CARTESIAN_POINT('',(0.5,0.));
#1875 = CARTESIAN_POINT('',(0.5,-3.2));
#1876 = ( GEOMETRIC_REPRESENTATION_CONTEXT(2) 
PARAMETRIC_REPRESENTATION_CONTEXT() REPRESENTATION_CONTEXT('2D SPACE',''
  ) );
#1877 = ORIENTED_EDGE('',*,*,#1878,.F.);
#1878 = EDGE_CURVE('',#1879,#1852,#1881,.T.);
#1879 = VERTEX_POINT('',#1880);
#1880 = CARTESIAN_POINT('',(-14.1,39.1,0.));
#1881 = SURFACE_CURVE('',#1882,(#1886,#1893),.PCURVE_S1.);
#1882 = LINE('',#1883,#1884);
#1883 = CARTESIAN_POINT('',(-26.15,39.1,0.));
#1884 = VECTOR('',#1885,1.);
#1885 = DIRECTION('',(-1.,-0.,0.));
#1886 = PCURVE('',#335,#1887);
#1887 = DEFINITIONAL_REPRESENTATION('',(#1888),#1892);
#1888 = LINE('',#1889,#1890);
#1889 = CARTESIAN_POINT('',(11.549999973695,60.1));
#1890 = VECTOR('',#1891,1.);
#1891 = DIRECTION('',(-1.,0.));
#1892 = ( GEOMETRIC_REPRESENTATION_CONTEXT(2) 
PARAMETRIC_REPRESENTATION_CONTEXT() REPRESENTATION_CONTEXT('2D SPACE',''
  ) );
#1893 = PCURVE('',#1894,#1899);
#1894 = PLANE('',#1895);
#1895 = AXIS2_PLACEMENT_3D('',#1896,#1897,#1898);
#1896 = CARTESIAN_POINT('',(-15.9,39.1,-0.5));
#1897 = DIRECTION('',(-0.,1.,0.));
#1898 = DIRECTION('',(0.,0.,1.));
#1899 = DEFINITIONAL_REPRESENTATION('',(#1900),#1903);
#1900 = B_SPLINE_CURVE_WITH_KNOTS('',1,(#1901,#1902),.UNSPECIFIED.,.F.,
  .F.,(2,2),(-12.05,-10.25),.PIECEWISE_BEZIER_KNOTS.);
#1901 = CARTESIAN_POINT('',(0.5,1.8));
#1902 = CARTESIAN_POINT('',(0.5,0.));
#1903 = ( GEOMETRIC_REPRESENTATION_CONTEXT(2) 
PARAMETRIC_REPRESENTATION_CONTEXT() REPRESENTATION_CONTEXT('2D SPACE',''
  ) );
#1904 = ORIENTED_EDGE('',*,*,#1905,.F.);
#1905 = EDGE_CURVE('',#1823,#1879,#1906,.T.);
#1906 = SURFACE_CURVE('',#1907,(#1911,#1918),.PCURVE_S1.);
#1907 = LINE('',#1908,#1909);
#1908 = CARTESIAN_POINT('',(-14.1,-5.25,0.));
#1909 = VECTOR('',#1910,1.);
#1910 = DIRECTION('',(-0.,1.,0.));
#1911 = PCURVE('',#335,#1912);
#1912 = DEFINITIONAL_REPRESENTATION('',(#1913),#1917);
#1913 = LINE('',#1914,#1915);
#1914 = CARTESIAN_POINT('',(23.599999973695,15.75));
#1915 = VECTOR('',#1916,1.);
#1916 = DIRECTION('',(0.,1.));
#1917 = ( GEOMETRIC_REPRESENTATION_CONTEXT(2) 
PARAMETRIC_REPRESENTATION_CONTEXT() REPRESENTATION_CONTEXT('2D SPACE',''
  ) );
#1918 = PCURVE('',#1919,#1924);
#1919 = PLANE('',#1920);
#1920 = AXIS2_PLACEMENT_3D('',#1921,#1922,#1923);
#1921 = CARTESIAN_POINT('',(-14.1,35.9,-0.5));
#1922 = DIRECTION('',(1.,0.,-0.));
#1923 = DIRECTION('',(0.,0.,1.));
#1924 = DEFINITIONAL_REPRESENTATION('',(#1925),#1928);
#1925 = B_SPLINE_CURVE_WITH_KNOTS('',1,(#1926,#1927),.UNSPECIFIED.,.F.,
  .F.,(2,2),(41.15,44.35),.PIECEWISE_BEZIER_KNOTS.);
#1926 = CARTESIAN_POINT('',(0.5,0.));
#1927 = CARTESIAN_POINT('',(0.5,-3.2));
#1928 = ( GEOMETRIC_REPRESENTATION_CONTEXT(2) 
PARAMETRIC_REPRESENTATION_CONTEXT() REPRESENTATION_CONTEXT('2D SPACE',''
  ) );
#1929 = ADVANCED_FACE('',(#1930),#565,.T.);
#1930 = FACE_BOUND('',#1931,.F.);
#1931 = EDGE_LOOP('',(#1932,#1933,#1934));
#1932 = ORIENTED_EDGE('',*,*,#948,.F.);
#1933 = ORIENTED_EDGE('',*,*,#551,.T.);
#1934 = ORIENTED_EDGE('',*,*,#603,.F.);
#1935 = ADVANCED_FACE('',(#1936),#498,.F.);
#1936 = FACE_BOUND('',#1937,.F.);
#1937 = EDGE_LOOP('',(#1938,#1964,#1965,#1966));
#1938 = ORIENTED_EDGE('',*,*,#1939,.F.);
#1939 = EDGE_CURVE('',#847,#1940,#1942,.T.);
#1940 = VERTEX_POINT('',#1941);
#1941 = CARTESIAN_POINT('',(-36.4,-43.4,8.4));
#1942 = SURFACE_CURVE('',#1943,(#1947,#1953),.PCURVE_S1.);
#1943 = LINE('',#1944,#1945);
#1944 = CARTESIAN_POINT('',(-37.,-43.4,7.8));
#1945 = VECTOR('',#1946,1.);
#1946 = DIRECTION('',(0.707106781187,-0.,0.707106781187));
#1947 = PCURVE('',#498,#1948);
#1948 = DEFINITIONAL_REPRESENTATION('',(#1949),#1952);
#1949 = B_SPLINE_CURVE_WITH_KNOTS('',1,(#1950,#1951),.UNSPECIFIED.,.F.,
  .F.,(2,2),(-0.848528137424,0.848528137424),.PIECEWISE_BEZIER_KNOTS.);
#1950 = CARTESIAN_POINT('',(0.,-0.848528137424));
#1951 = CARTESIAN_POINT('',(0.,0.848528137424));
#1952 = ( GEOMETRIC_REPRESENTATION_CONTEXT(2) 
PARAMETRIC_REPRESENTATION_CONTEXT() REPRESENTATION_CONTEXT('2D SPACE',''
  ) );
#1953 = PCURVE('',#1954,#1959);
#1954 = CONICAL_SURFACE('',#1955,4.2,0.785398163397);
#1955 = AXIS2_PLACEMENT_3D('',#1956,#1957,#1958);
#1956 = CARTESIAN_POINT('',(-33.4,-43.4,7.2));
#1957 = DIRECTION('',(-0.,-0.,-1.));
#1958 = DIRECTION('',(0.,-1.,0.));
#1959 = DEFINITIONAL_REPRESENTATION('',(#1960),#1963);
#1960 = B_SPLINE_CURVE_WITH_KNOTS('',1,(#1961,#1962),.UNSPECIFIED.,.F.,
  .F.,(2,2),(-0.848528137424,0.848528137424),.PIECEWISE_BEZIER_KNOTS.);
#1961 = CARTESIAN_POINT('',(1.570796326795,0.));
#1962 = CARTESIAN_POINT('',(1.570796326795,-1.2));
#1963 = ( GEOMETRIC_REPRESENTATION_CONTEXT(2) 
PARAMETRIC_REPRESENTATION_CONTEXT() REPRESENTATION_CONTEXT('2D SPACE',''
  ) );
#1964 = ORIENTED_EDGE('',*,*,#871,.T.);
#1965 = ORIENTED_EDGE('',*,*,#483,.T.);
#1966 = ORIENTED_EDGE('',*,*,#1967,.F.);
#1967 = EDGE_CURVE('',#1940,#458,#1968,.T.);
#1968 = SURFACE_CURVE('',#1969,(#1973,#1980),.PCURVE_S1.);
#1969 = LINE('',#1970,#1971);
#1970 = CARTESIAN_POINT('',(-36.4,-43.4,8.4));
#1971 = VECTOR('',#1972,1.);
#1972 = DIRECTION('',(-0.,1.,0.));
#1973 = PCURVE('',#498,#1974);
#1974 = DEFINITIONAL_REPRESENTATION('',(#1975),#1979);
#1975 = LINE('',#1976,#1977);
#1976 = CARTESIAN_POINT('',(0.,0.848528137424));
#1977 = VECTOR('',#1978,1.);
#1978 = DIRECTION('',(1.,0.));
#1979 = ( GEOMETRIC_REPRESENTATION_CONTEXT(2) 
PARAMETRIC_REPRESENTATION_CONTEXT() REPRESENTATION_CONTEXT('2D SPACE',''
  ) );
#1980 = PCURVE('',#472,#1981);
#1981 = DEFINITIONAL_REPRESENTATION('',(#1982),#1986);
#1982 = LINE('',#1983,#1984);
#1983 = CARTESIAN_POINT('',(8.4,-3.));
#1984 = VECTOR('',#1985,1.);
#1985 = DIRECTION('',(0.,-1.));
#1986 = ( GEOMETRIC_REPRESENTATION_CONTEXT(2) 
PARAMETRIC_REPRESENTATION_CONTEXT() REPRESENTATION_CONTEXT('2D SPACE',''
  ) );
#1987 = ADVANCED_FACE('',(#1988),#472,.F.);
#1988 = FACE_BOUND('',#1989,.F.);
#1989 = EDGE_LOOP('',(#1990,#2018,#2019,#2020,#2041,#2067,#2093,#2119,
    #2145,#2171,#2197,#2225));
#1990 = ORIENTED_EDGE('',*,*,#1991,.F.);
#1991 = EDGE_CURVE('',#1940,#1992,#1994,.T.);
#1992 = VERTEX_POINT('',#1993);
#1993 = CARTESIAN_POINT('',(-36.4,-43.4,32.));
#1994 = SURFACE_CURVE('',#1995,(#1999,#2006),.PCURVE_S1.);
#1995 = LINE('',#1996,#1997);
#1996 = CARTESIAN_POINT('',(-36.4,-43.4,0.));
#1997 = VECTOR('',#1998,1.);
#1998 = DIRECTION('',(0.,0.,1.));
#1999 = PCURVE('',#472,#2000);
#2000 = DEFINITIONAL_REPRESENTATION('',(#2001),#2005);
#2001 = LINE('',#2002,#2003);
#2002 = CARTESIAN_POINT('',(0.,-3.));
#2003 = VECTOR('',#2004,1.);
#2004 = DIRECTION('',(1.,0.));
#2005 = ( GEOMETRIC_REPRESENTATION_CONTEXT(2) 
PARAMETRIC_REPRESENTATION_CONTEXT() REPRESENTATION_CONTEXT('2D SPACE',''
  ) );
#2006 = PCURVE('',#2007,#2012);
#2007 = CYLINDRICAL_SURFACE('',#2008,3.);
#2008 = AXIS2_PLACEMENT_3D('',#2009,#2010,#2011);
#2009 = CARTESIAN_POINT('',(-33.4,-43.4,0.));
#2010 = DIRECTION('',(0.,0.,1.));
#2011 = DIRECTION('',(-1.,-0.,0.));
#2012 = DEFINITIONAL_REPRESENTATION('',(#2013),#2017);
#2013 = LINE('',#2014,#2015);
#2014 = CARTESIAN_POINT('',(0.,0.));
#2015 = VECTOR('',#2016,1.);
#2016 = DIRECTION('',(0.,1.));
#2017 = ( GEOMETRIC_REPRESENTATION_CONTEXT(2) 
PARAMETRIC_REPRESENTATION_CONTEXT() REPRESENTATION_CONTEXT('2D SPACE',''
  ) );
#2018 = ORIENTED_EDGE('',*,*,#1967,.T.);
#2019 = ORIENTED_EDGE('',*,*,#457,.T.);
#2020 = ORIENTED_EDGE('',*,*,#2021,.T.);
#2021 = EDGE_CURVE('',#432,#2022,#2024,.T.);
#2022 = VERTEX_POINT('',#2023);
#2023 = CARTESIAN_POINT('',(-36.4,-30.,9.));
#2024 = SURFACE_CURVE('',#2025,(#2029,#2035),.PCURVE_S1.);
#2025 = LINE('',#2026,#2027);
#2026 = CARTESIAN_POINT('',(-36.4,-38.2,9.));
#2027 = VECTOR('',#2028,1.);
#2028 = DIRECTION('',(0.,-1.,0.));
#2029 = PCURVE('',#472,#2030);
#2030 = DEFINITIONAL_REPRESENTATION('',(#2031),#2034);
#2031 = B_SPLINE_CURVE_WITH_KNOTS('',1,(#2032,#2033),.UNSPECIFIED.,.F.,
  .F.,(2,2),(-68.2,-8.2),.PIECEWISE_BEZIER_KNOTS.);
#2032 = CARTESIAN_POINT('',(9.,-76.4));
#2033 = CARTESIAN_POINT('',(9.,-16.4));
#2034 = ( GEOMETRIC_REPRESENTATION_CONTEXT(2) 
PARAMETRIC_REPRESENTATION_CONTEXT() REPRESENTATION_CONTEXT('2D SPACE',''
  ) );
#2035 = PCURVE('',#446,#2036);
#2036 = DEFINITIONAL_REPRESENTATION('',(#2037),#2040);
#2037 = B_SPLINE_CURVE_WITH_KNOTS('',1,(#2038,#2039),.UNSPECIFIED.,.F.,
  .F.,(2,2),(-68.2,-8.2),.PIECEWISE_BEZIER_KNOTS.);
#2038 = CARTESIAN_POINT('',(0.5,60.));
#2039 = CARTESIAN_POINT('',(0.5,0.));
#2040 = ( GEOMETRIC_REPRESENTATION_CONTEXT(2) 
PARAMETRIC_REPRESENTATION_CONTEXT() REPRESENTATION_CONTEXT('2D SPACE',''
  ) );
#2041 = ORIENTED_EDGE('',*,*,#2042,.T.);
#2042 = EDGE_CURVE('',#2022,#2043,#2045,.T.);
#2043 = VERTEX_POINT('',#2044);
#2044 = CARTESIAN_POINT('',(-36.4,-30.,15.));
#2045 = SURFACE_CURVE('',#2046,(#2050,#2056),.PCURVE_S1.);
#2046 = LINE('',#2047,#2048);
#2047 = CARTESIAN_POINT('',(-36.4,-30.,4.5));
#2048 = VECTOR('',#2049,1.);
#2049 = DIRECTION('',(0.,0.,1.));
#2050 = PCURVE('',#472,#2051);
#2051 = DEFINITIONAL_REPRESENTATION('',(#2052),#2055);
#2052 = B_SPLINE_CURVE_WITH_KNOTS('',1,(#2053,#2054),.UNSPECIFIED.,.F.,
  .F.,(2,2),(4.5,27.5),.PIECEWISE_BEZIER_KNOTS.);
#2053 = CARTESIAN_POINT('',(9.,-16.4));
#2054 = CARTESIAN_POINT('',(32.,-16.4));
#2055 = ( GEOMETRIC_REPRESENTATION_CONTEXT(2) 
PARAMETRIC_REPRESENTATION_CONTEXT() REPRESENTATION_CONTEXT('2D SPACE',''
  ) );
#2056 = PCURVE('',#2057,#2062);
#2057 = PLANE('',#2058);
#2058 = AXIS2_PLACEMENT_3D('',#2059,#2060,#2061);
#2059 = CARTESIAN_POINT('',(-36.9,-30.,9.));
#2060 = DIRECTION('',(-0.,1.,0.));
#2061 = DIRECTION('',(0.,0.,1.));
#2062 = DEFINITIONAL_REPRESENTATION('',(#2063),#2066);
#2063 = B_SPLINE_CURVE_WITH_KNOTS('',1,(#2064,#2065),.UNSPECIFIED.,.F.,
  .F.,(2,2),(4.5,27.5),.PIECEWISE_BEZIER_KNOTS.);
#2064 = CARTESIAN_POINT('',(0.,0.5));
#2065 = CARTESIAN_POINT('',(23.,0.5));
#2066 = ( GEOMETRIC_REPRESENTATION_CONTEXT(2) 
PARAMETRIC_REPRESENTATION_CONTEXT() REPRESENTATION_CONTEXT('2D SPACE',''
  ) );
#2067 = ORIENTED_EDGE('',*,*,#2068,.F.);
#2068 = EDGE_CURVE('',#2069,#2043,#2071,.T.);
#2069 = VERTEX_POINT('',#2070);
#2070 = CARTESIAN_POINT('',(-36.4,-30.8,15.));
#2071 = SURFACE_CURVE('',#2072,(#2076,#2082),.PCURVE_S1.);
#2072 = LINE('',#2073,#2074);
#2073 = CARTESIAN_POINT('',(-36.4,-38.,15.));
#2074 = VECTOR('',#2075,1.);
#2075 = DIRECTION('',(0.,1.,0.));
#2076 = PCURVE('',#472,#2077);
#2077 = DEFINITIONAL_REPRESENTATION('',(#2078),#2081);
#2078 = B_SPLINE_CURVE_WITH_KNOTS('',1,(#2079,#2080),.UNSPECIFIED.,.F.,
  .F.,(2,2),(7.2,9.6),.PIECEWISE_BEZIER_KNOTS.);
#2079 = CARTESIAN_POINT('',(15.,-15.6));
#2080 = CARTESIAN_POINT('',(15.,-18.));
#2081 = ( GEOMETRIC_REPRESENTATION_CONTEXT(2) 
PARAMETRIC_REPRESENTATION_CONTEXT() REPRESENTATION_CONTEXT('2D SPACE',''
  ) );
#2082 = PCURVE('',#2083,#2088);
#2083 = PLANE('',#2084);
#2084 = AXIS2_PLACEMENT_3D('',#2085,#2086,#2087);
#2085 = CARTESIAN_POINT('',(-36.1,-29.6,14.7));
#2086 = DIRECTION('',(-0.707106781187,0.,-0.707106781187));
#2087 = DIRECTION('',(-0.707106781187,0.,0.707106781187));
#2088 = DEFINITIONAL_REPRESENTATION('',(#2089),#2092);
#2089 = B_SPLINE_CURVE_WITH_KNOTS('',1,(#2090,#2091),.UNSPECIFIED.,.F.,
  .F.,(2,2),(7.2,9.6),.PIECEWISE_BEZIER_KNOTS.);
#2090 = CARTESIAN_POINT('',(0.424264068712,-1.2));
#2091 = CARTESIAN_POINT('',(0.424264068712,1.2));
#2092 = ( GEOMETRIC_REPRESENTATION_CONTEXT(2) 
PARAMETRIC_REPRESENTATION_CONTEXT() REPRESENTATION_CONTEXT('2D SPACE',''
  ) );
#2093 = ORIENTED_EDGE('',*,*,#2094,.T.);
#2094 = EDGE_CURVE('',#2069,#2095,#2097,.T.);
#2095 = VERTEX_POINT('',#2096);
#2096 = CARTESIAN_POINT('',(-36.4,-30.8,27.));
#2097 = SURFACE_CURVE('',#2098,(#2102,#2108),.PCURVE_S1.);
#2098 = LINE('',#2099,#2100);
#2099 = CARTESIAN_POINT('',(-36.4,-30.8,11.325646647851));
#2100 = VECTOR('',#2101,1.);
#2101 = DIRECTION('',(0.,0.,1.));
#2102 = PCURVE('',#472,#2103);
#2103 = DEFINITIONAL_REPRESENTATION('',(#2104),#2107);
#2104 = B_SPLINE_CURVE_WITH_KNOTS('',1,(#2105,#2106),.UNSPECIFIED.,.F.,
  .F.,(2,2),(3.374353352149,15.674353352149),.PIECEWISE_BEZIER_KNOTS.);
#2105 = CARTESIAN_POINT('',(14.7,-15.6));
#2106 = CARTESIAN_POINT('',(27.,-15.6));
#2107 = ( GEOMETRIC_REPRESENTATION_CONTEXT(2) 
PARAMETRIC_REPRESENTATION_CONTEXT() REPRESENTATION_CONTEXT('2D SPACE',''
  ) );
#2108 = PCURVE('',#2109,#2114);
#2109 = PLANE('',#2110);
#2110 = AXIS2_PLACEMENT_3D('',#2111,#2112,#2113);
#2111 = CARTESIAN_POINT('',(-40.44870670429,-30.8,22.651293295703));
#2112 = DIRECTION('',(0.,1.,-0.));
#2113 = DIRECTION('',(-1.,0.,0.));
#2114 = DEFINITIONAL_REPRESENTATION('',(#2115),#2118);
#2115 = B_SPLINE_CURVE_WITH_KNOTS('',1,(#2116,#2117),.UNSPECIFIED.,.F.,
  .F.,(2,2),(3.374353352149,15.674353352149),.PIECEWISE_BEZIER_KNOTS.);
#2116 = CARTESIAN_POINT('',(-4.048706704297,-7.951293295703));
#2117 = CARTESIAN_POINT('',(-4.048706704297,4.348706704297));
#2118 = ( GEOMETRIC_REPRESENTATION_CONTEXT(2) 
PARAMETRIC_REPRESENTATION_CONTEXT() REPRESENTATION_CONTEXT('2D SPACE',''
  ) );
#2119 = ORIENTED_EDGE('',*,*,#2120,.T.);
#2120 = EDGE_CURVE('',#2095,#2121,#2123,.T.);
#2121 = VERTEX_POINT('',#2122);
#2122 = CARTESIAN_POINT('',(-36.4,-40.,27.));
#2123 = SURFACE_CURVE('',#2124,(#2128,#2134),.PCURVE_S1.);
#2124 = LINE('',#2125,#2126);
#2125 = CARTESIAN_POINT('',(-36.4,-44.4,27.));
#2126 = VECTOR('',#2127,1.);
#2127 = DIRECTION('',(0.,-1.,0.));
#2128 = PCURVE('',#472,#2129);
#2129 = DEFINITIONAL_REPRESENTATION('',(#2130),#2133);
#2130 = B_SPLINE_CURVE_WITH_KNOTS('',1,(#2131,#2132),.UNSPECIFIED.,.F.,
  .F.,(2,2),(-16.,-2.),.PIECEWISE_BEZIER_KNOTS.);
#2131 = CARTESIAN_POINT('',(27.,-18.));
#2132 = CARTESIAN_POINT('',(27.,-4.));
#2133 = ( GEOMETRIC_REPRESENTATION_CONTEXT(2) 
PARAMETRIC_REPRESENTATION_CONTEXT() REPRESENTATION_CONTEXT('2D SPACE',''
  ) );
#2134 = PCURVE('',#2135,#2140);
#2135 = PLANE('',#2136);
#2136 = AXIS2_PLACEMENT_3D('',#2137,#2138,#2139);
#2137 = CARTESIAN_POINT('',(-48.4,-42.4,27.));
#2138 = DIRECTION('',(0.,0.,1.));
#2139 = DIRECTION('',(1.,0.,-0.));
#2140 = DEFINITIONAL_REPRESENTATION('',(#2141),#2144);
#2141 = B_SPLINE_CURVE_WITH_KNOTS('',1,(#2142,#2143),.UNSPECIFIED.,.F.,
  .F.,(2,2),(-16.,-2.),.PIECEWISE_BEZIER_KNOTS.);
#2142 = CARTESIAN_POINT('',(12.,14.));
#2143 = CARTESIAN_POINT('',(12.,0.));
#2144 = ( GEOMETRIC_REPRESENTATION_CONTEXT(2) 
PARAMETRIC_REPRESENTATION_CONTEXT() REPRESENTATION_CONTEXT('2D SPACE',''
  ) );
#2145 = ORIENTED_EDGE('',*,*,#2146,.F.);
#2146 = EDGE_CURVE('',#2147,#2121,#2149,.T.);
#2147 = VERTEX_POINT('',#2148);
#2148 = CARTESIAN_POINT('',(-36.4,-40.,15.));
#2149 = SURFACE_CURVE('',#2150,(#2154,#2160),.PCURVE_S1.);
#2150 = LINE('',#2151,#2152);
#2151 = CARTESIAN_POINT('',(-36.4,-40.,11.325646647851));
#2152 = VECTOR('',#2153,1.);
#2153 = DIRECTION('',(0.,0.,1.));
#2154 = PCURVE('',#472,#2155);
#2155 = DEFINITIONAL_REPRESENTATION('',(#2156),#2159);
#2156 = B_SPLINE_CURVE_WITH_KNOTS('',1,(#2157,#2158),.UNSPECIFIED.,.F.,
  .F.,(2,2),(3.374353352149,15.674353352149),.PIECEWISE_BEZIER_KNOTS.);
#2157 = CARTESIAN_POINT('',(14.7,-6.4));
#2158 = CARTESIAN_POINT('',(27.,-6.4));
#2159 = ( GEOMETRIC_REPRESENTATION_CONTEXT(2) 
PARAMETRIC_REPRESENTATION_CONTEXT() REPRESENTATION_CONTEXT('2D SPACE',''
  ) );
#2160 = PCURVE('',#2161,#2166);
#2161 = PLANE('',#2162);
#2162 = AXIS2_PLACEMENT_3D('',#2163,#2164,#2165);
#2163 = CARTESIAN_POINT('',(-40.44870670429,-40.,22.651293295703));
#2164 = DIRECTION('',(0.,1.,-0.));
#2165 = DIRECTION('',(-1.,0.,0.));
#2166 = DEFINITIONAL_REPRESENTATION('',(#2167),#2170);
#2167 = B_SPLINE_CURVE_WITH_KNOTS('',1,(#2168,#2169),.UNSPECIFIED.,.F.,
  .F.,(2,2),(3.374353352149,15.674353352149),.PIECEWISE_BEZIER_KNOTS.);
#2168 = CARTESIAN_POINT('',(-4.048706704297,-7.951293295703));
#2169 = CARTESIAN_POINT('',(-4.048706704297,4.348706704297));
#2170 = ( GEOMETRIC_REPRESENTATION_CONTEXT(2) 
PARAMETRIC_REPRESENTATION_CONTEXT() REPRESENTATION_CONTEXT('2D SPACE',''
  ) );
#2171 = ORIENTED_EDGE('',*,*,#2172,.F.);
#2172 = EDGE_CURVE('',#2173,#2147,#2175,.T.);
#2173 = VERTEX_POINT('',#2174);
#2174 = CARTESIAN_POINT('',(-36.4,-42.4,15.));
#2175 = SURFACE_CURVE('',#2176,(#2180,#2186),.PCURVE_S1.);
#2176 = LINE('',#2177,#2178);
#2177 = CARTESIAN_POINT('',(-36.4,-43.8,15.));
#2178 = VECTOR('',#2179,1.);
#2179 = DIRECTION('',(0.,1.,0.));
#2180 = PCURVE('',#472,#2181);
#2181 = DEFINITIONAL_REPRESENTATION('',(#2182),#2185);
#2182 = B_SPLINE_CURVE_WITH_KNOTS('',1,(#2183,#2184),.UNSPECIFIED.,.F.,
  .F.,(2,2),(1.4,3.8),.PIECEWISE_BEZIER_KNOTS.);
#2183 = CARTESIAN_POINT('',(15.,-4.));
#2184 = CARTESIAN_POINT('',(15.,-6.4));
#2185 = ( GEOMETRIC_REPRESENTATION_CONTEXT(2) 
PARAMETRIC_REPRESENTATION_CONTEXT() REPRESENTATION_CONTEXT('2D SPACE',''
  ) );
#2186 = PCURVE('',#2187,#2192);
#2187 = PLANE('',#2188);
#2188 = AXIS2_PLACEMENT_3D('',#2189,#2190,#2191);
#2189 = CARTESIAN_POINT('',(-36.1,-41.2,14.7));
#2190 = DIRECTION('',(-0.707106781187,0.,-0.707106781187));
#2191 = DIRECTION('',(-0.707106781187,0.,0.707106781187));
#2192 = DEFINITIONAL_REPRESENTATION('',(#2193),#2196);
#2193 = B_SPLINE_CURVE_WITH_KNOTS('',1,(#2194,#2195),.UNSPECIFIED.,.F.,
  .F.,(2,2),(1.4,3.8),.PIECEWISE_BEZIER_KNOTS.);
#2194 = CARTESIAN_POINT('',(0.424264068712,-1.2));
#2195 = CARTESIAN_POINT('',(0.424264068712,1.2));
#2196 = ( GEOMETRIC_REPRESENTATION_CONTEXT(2) 
PARAMETRIC_REPRESENTATION_CONTEXT() REPRESENTATION_CONTEXT('2D SPACE',''
  ) );
#2197 = ORIENTED_EDGE('',*,*,#2198,.F.);
#2198 = EDGE_CURVE('',#2199,#2173,#2201,.T.);
#2199 = VERTEX_POINT('',#2200);
#2200 = CARTESIAN_POINT('',(-36.4,-42.4,32.));
#2201 = SURFACE_CURVE('',#2202,(#2206,#2213),.PCURVE_S1.);
#2202 = LINE('',#2203,#2204);
#2203 = CARTESIAN_POINT('',(-36.4,-42.4,32.));
#2204 = VECTOR('',#2205,1.);
#2205 = DIRECTION('',(0.,0.,-1.));
#2206 = PCURVE('',#472,#2207);
#2207 = DEFINITIONAL_REPRESENTATION('',(#2208),#2212);
#2208 = LINE('',#2209,#2210);
#2209 = CARTESIAN_POINT('',(32.,-4.));
#2210 = VECTOR('',#2211,1.);
#2211 = DIRECTION('',(-1.,0.));
#2212 = ( GEOMETRIC_REPRESENTATION_CONTEXT(2) 
PARAMETRIC_REPRESENTATION_CONTEXT() REPRESENTATION_CONTEXT('2D SPACE',''
  ) );
#2213 = PCURVE('',#2214,#2219);
#2214 = PLANE('',#2215);
#2215 = AXIS2_PLACEMENT_3D('',#2216,#2217,#2218);
#2216 = CARTESIAN_POINT('',(-48.4,-42.4,27.));
#2217 = DIRECTION('',(-0.,1.,0.));
#2218 = DIRECTION('',(0.,0.,1.));
#2219 = DEFINITIONAL_REPRESENTATION('',(#2220),#2224);
#2220 = LINE('',#2221,#2222);
#2221 = CARTESIAN_POINT('',(5.,12.));
#2222 = VECTOR('',#2223,1.);
#2223 = DIRECTION('',(-1.,0.));
#2224 = ( GEOMETRIC_REPRESENTATION_CONTEXT(2) 
PARAMETRIC_REPRESENTATION_CONTEXT() REPRESENTATION_CONTEXT('2D SPACE',''
  ) );
#2225 = ORIENTED_EDGE('',*,*,#2226,.F.);
#2226 = EDGE_CURVE('',#1992,#2199,#2227,.T.);
#2227 = SURFACE_CURVE('',#2228,(#2232,#2239),.PCURVE_S1.);
#2228 = LINE('',#2229,#2230);
#2229 = CARTESIAN_POINT('',(-36.4,-46.4,32.));
#2230 = VECTOR('',#2231,1.);
#2231 = DIRECTION('',(-0.,1.,0.));
#2232 = PCURVE('',#472,#2233);
#2233 = DEFINITIONAL_REPRESENTATION('',(#2234),#2238);
#2234 = LINE('',#2235,#2236);
#2235 = CARTESIAN_POINT('',(32.,0.));
#2236 = VECTOR('',#2237,1.);
#2237 = DIRECTION('',(0.,-1.));
#2238 = ( GEOMETRIC_REPRESENTATION_CONTEXT(2) 
PARAMETRIC_REPRESENTATION_CONTEXT() REPRESENTATION_CONTEXT('2D SPACE',''
  ) );
#2239 = PCURVE('',#2240,#2245);
#2240 = PLANE('',#2241);
#2241 = AXIS2_PLACEMENT_3D('',#2242,#2243,#2244);
#2242 = CARTESIAN_POINT('',(-36.4,-46.4,32.));
#2243 = DIRECTION('',(0.,0.,1.));
#2244 = DIRECTION('',(1.,0.,-0.));
#2245 = DEFINITIONAL_REPRESENTATION('',(#2246),#2250);
#2246 = LINE('',#2247,#2248);
#2247 = CARTESIAN_POINT('',(0.,0.));
#2248 = VECTOR('',#2249,1.);
#2249 = DIRECTION('',(0.,1.));
#2250 = ( GEOMETRIC_REPRESENTATION_CONTEXT(2) 
PARAMETRIC_REPRESENTATION_CONTEXT() REPRESENTATION_CONTEXT('2D SPACE',''
  ) );
#2251 = ADVANCED_FACE('',(#2252),#446,.T.);
#2252 = FACE_BOUND('',#2253,.T.);
#2253 = EDGE_LOOP('',(#2254,#2284,#2310,#2331,#2364,#2390,#2423,#2444,
    #2470,#2491,#2524,#2550,#2576,#2577,#2578,#2601,#2627,#2653,#2681,
    #2710,#2738,#2764,#2790,#2816,#2844,#2873,#2901,#2927));
#2254 = ORIENTED_EDGE('',*,*,#2255,.F.);
#2255 = EDGE_CURVE('',#2256,#2258,#2260,.T.);
#2256 = VERTEX_POINT('',#2257);
#2257 = CARTESIAN_POINT('',(-36.4,30.,9.));
#2258 = VERTEX_POINT('',#2259);
#2259 = CARTESIAN_POINT('',(-34.,30.,9.));
#2260 = SURFACE_CURVE('',#2261,(#2265,#2272),.PCURVE_S1.);
#2261 = LINE('',#2262,#2263);
#2262 = CARTESIAN_POINT('',(-36.9,30.,9.));
#2263 = VECTOR('',#2264,1.);
#2264 = DIRECTION('',(1.,0.,-0.));
#2265 = PCURVE('',#446,#2266);
#2266 = DEFINITIONAL_REPRESENTATION('',(#2267),#2271);
#2267 = LINE('',#2268,#2269);
#2268 = CARTESIAN_POINT('',(0.,60.));
#2269 = VECTOR('',#2270,1.);
#2270 = DIRECTION('',(1.,0.));
#2271 = ( GEOMETRIC_REPRESENTATION_CONTEXT(2) 
PARAMETRIC_REPRESENTATION_CONTEXT() REPRESENTATION_CONTEXT('2D SPACE',''
  ) );
#2272 = PCURVE('',#2273,#2278);
#2273 = PLANE('',#2274);
#2274 = AXIS2_PLACEMENT_3D('',#2275,#2276,#2277);
#2275 = CARTESIAN_POINT('',(-36.9,30.,9.));
#2276 = DIRECTION('',(-0.,1.,0.));
#2277 = DIRECTION('',(0.,0.,1.));
#2278 = DEFINITIONAL_REPRESENTATION('',(#2279),#2283);
#2279 = LINE('',#2280,#2281);
#2280 = CARTESIAN_POINT('',(0.,0.));
#2281 = VECTOR('',#2282,1.);
#2282 = DIRECTION('',(0.,1.));
#2283 = ( GEOMETRIC_REPRESENTATION_CONTEXT(2) 
PARAMETRIC_REPRESENTATION_CONTEXT() REPRESENTATION_CONTEXT('2D SPACE',''
  ) );
#2284 = ORIENTED_EDGE('',*,*,#2285,.T.);
#2285 = EDGE_CURVE('',#2256,#2286,#2288,.T.);
#2286 = VERTEX_POINT('',#2287);
#2287 = CARTESIAN_POINT('',(-36.4,11.,9.));
#2288 = SURFACE_CURVE('',#2289,(#2293,#2299),.PCURVE_S1.);
#2289 = LINE('',#2290,#2291);
#2290 = CARTESIAN_POINT('',(-36.4,-38.2,9.));
#2291 = VECTOR('',#2292,1.);
#2292 = DIRECTION('',(0.,-1.,0.));
#2293 = PCURVE('',#446,#2294);
#2294 = DEFINITIONAL_REPRESENTATION('',(#2295),#2298);
#2295 = B_SPLINE_CURVE_WITH_KNOTS('',1,(#2296,#2297),.UNSPECIFIED.,.F.,
  .F.,(2,2),(-68.2,-8.2),.PIECEWISE_BEZIER_KNOTS.);
#2296 = CARTESIAN_POINT('',(0.5,60.));
#2297 = CARTESIAN_POINT('',(0.5,0.));
#2298 = ( GEOMETRIC_REPRESENTATION_CONTEXT(2) 
PARAMETRIC_REPRESENTATION_CONTEXT() REPRESENTATION_CONTEXT('2D SPACE',''
  ) );
#2299 = PCURVE('',#2300,#2305);
#2300 = PLANE('',#2301);
#2301 = AXIS2_PLACEMENT_3D('',#2302,#2303,#2304);
#2302 = CARTESIAN_POINT('',(-36.4,-46.4,0.));
#2303 = DIRECTION('',(1.,0.,-0.));
#2304 = DIRECTION('',(0.,0.,1.));
#2305 = DEFINITIONAL_REPRESENTATION('',(#2306),#2309);
#2306 = B_SPLINE_CURVE_WITH_KNOTS('',1,(#2307,#2308),.UNSPECIFIED.,.F.,
  .F.,(2,2),(-68.2,-8.2),.PIECEWISE_BEZIER_KNOTS.);
#2307 = CARTESIAN_POINT('',(9.,-76.4));
#2308 = CARTESIAN_POINT('',(9.,-16.4));
#2309 = ( GEOMETRIC_REPRESENTATION_CONTEXT(2) 
PARAMETRIC_REPRESENTATION_CONTEXT() REPRESENTATION_CONTEXT('2D SPACE',''
  ) );
#2310 = ORIENTED_EDGE('',*,*,#2311,.F.);
#2311 = EDGE_CURVE('',#2312,#2286,#2314,.T.);
#2312 = VERTEX_POINT('',#2313);
#2313 = CARTESIAN_POINT('',(-36.19999997103,11.,9.));
#2314 = SURFACE_CURVE('',#2315,(#2319,#2325),.PCURVE_S1.);
#2315 = LINE('',#2316,#2317);
#2316 = CARTESIAN_POINT('',(-38.05000002024,11.,9.));
#2317 = VECTOR('',#2318,1.);
#2318 = DIRECTION('',(-1.,0.,0.));
#2319 = PCURVE('',#446,#2320);
#2320 = DEFINITIONAL_REPRESENTATION('',(#2321),#2324);
#2321 = B_SPLINE_CURVE_WITH_KNOTS('',1,(#2322,#2323),.UNSPECIFIED.,.F.,
  .F.,(2,2),(-1.850000049206,-1.650000020245),.PIECEWISE_BEZIER_KNOTS.);
#2322 = CARTESIAN_POINT('',(0.700000028962,41.));
#2323 = CARTESIAN_POINT('',(0.5,41.));
#2324 = ( GEOMETRIC_REPRESENTATION_CONTEXT(2) 
PARAMETRIC_REPRESENTATION_CONTEXT() REPRESENTATION_CONTEXT('2D SPACE',''
  ) );
#2325 = PCURVE('',#1223,#2326);
#2326 = DEFINITIONAL_REPRESENTATION('',(#2327),#2330);
#2327 = B_SPLINE_CURVE_WITH_KNOTS('',1,(#2328,#2329),.UNSPECIFIED.,.F.,
  .F.,(2,2),(-1.850000049206,-1.650000020245),.PIECEWISE_BEZIER_KNOTS.);
#2328 = CARTESIAN_POINT('',(3.000000069451,-9.));
#2329 = CARTESIAN_POINT('',(2.800000040489,-9.));
#2330 = ( GEOMETRIC_REPRESENTATION_CONTEXT(2) 
PARAMETRIC_REPRESENTATION_CONTEXT() REPRESENTATION_CONTEXT('2D SPACE',''
  ) );
#2331 = ORIENTED_EDGE('',*,*,#2332,.T.);
#2332 = EDGE_CURVE('',#2312,#2333,#2335,.T.);
#2333 = VERTEX_POINT('',#2334);
#2334 = CARTESIAN_POINT('',(-35.39999996527,10.2,9.));
#2335 = SURFACE_CURVE('',#2336,(#2341,#2352),.PCURVE_S1.);
#2336 = CIRCLE('',#2337,0.8);
#2337 = AXIS2_PLACEMENT_3D('',#2338,#2339,#2340);
#2338 = CARTESIAN_POINT('',(-36.19999997103,10.2,9.));
#2339 = DIRECTION('',(0.,0.,-1.));
#2340 = DIRECTION('',(1.,0.,0.));
#2341 = PCURVE('',#446,#2342);
#2342 = DEFINITIONAL_REPRESENTATION('',(#2343),#2351);
#2343 = ( BOUNDED_CURVE() B_SPLINE_CURVE(2,(#2344,#2345,#2346,#2347,
#2348,#2349,#2350),.UNSPECIFIED.,.T.,.F.) B_SPLINE_CURVE_WITH_KNOTS((1,2
    ,2,2,2,1),(-2.094395102393,0.,2.094395102393,4.188790204786,
6.28318530718,8.377580409573),.UNSPECIFIED.) CURVE() 
GEOMETRIC_REPRESENTATION_ITEM() RATIONAL_B_SPLINE_CURVE((1.,0.5,1.,0.5,
1.,0.5,1.)) REPRESENTATION_ITEM('') );
#2344 = CARTESIAN_POINT('',(1.500000028962,40.2));
#2345 = CARTESIAN_POINT('',(1.500000028962,38.814359353945));
#2346 = CARTESIAN_POINT('',(0.300000028962,39.507179676972));
#2347 = CARTESIAN_POINT('',(-0.899999971038,40.2));
#2348 = CARTESIAN_POINT('',(0.300000028962,40.892820323028));
#2349 = CARTESIAN_POINT('',(1.500000028962,41.585640646055));
#2350 = CARTESIAN_POINT('',(1.500000028962,40.2));
#2351 = ( GEOMETRIC_REPRESENTATION_CONTEXT(2) 
PARAMETRIC_REPRESENTATION_CONTEXT() REPRESENTATION_CONTEXT('2D SPACE',''
  ) );
#2352 = PCURVE('',#2353,#2358);
#2353 = CYLINDRICAL_SURFACE('',#2354,0.8);
#2354 = AXIS2_PLACEMENT_3D('',#2355,#2356,#2357);
#2355 = CARTESIAN_POINT('',(-36.19999997103,10.2,0.));
#2356 = DIRECTION('',(-0.,-0.,-1.));
#2357 = DIRECTION('',(1.,0.,0.));
#2358 = DEFINITIONAL_REPRESENTATION('',(#2359),#2363);
#2359 = LINE('',#2360,#2361);
#2360 = CARTESIAN_POINT('',(-6.28318530718,-9.));
#2361 = VECTOR('',#2362,1.);
#2362 = DIRECTION('',(1.,-0.));
#2363 = ( GEOMETRIC_REPRESENTATION_CONTEXT(2) 
PARAMETRIC_REPRESENTATION_CONTEXT() REPRESENTATION_CONTEXT('2D SPACE',''
  ) );
#2364 = ORIENTED_EDGE('',*,*,#2365,.T.);
#2365 = EDGE_CURVE('',#2333,#2366,#2368,.T.);
#2366 = VERTEX_POINT('',#2367);
#2367 = CARTESIAN_POINT('',(-35.39999996527,-2.2,9.));
#2368 = SURFACE_CURVE('',#2369,(#2373,#2379),.PCURVE_S1.);
#2369 = LINE('',#2370,#2371);
#2370 = CARTESIAN_POINT('',(-35.39999995951,-16.1,9.));
#2371 = VECTOR('',#2372,1.);
#2372 = DIRECTION('',(0.,-1.,0.));
#2373 = PCURVE('',#446,#2374);
#2374 = DEFINITIONAL_REPRESENTATION('',(#2375),#2378);
#2375 = B_SPLINE_CURVE_WITH_KNOTS('',1,(#2376,#2377),.UNSPECIFIED.,.F.,
  .F.,(2,2),(-26.3,-13.9),.PIECEWISE_BEZIER_KNOTS.);
#2376 = CARTESIAN_POINT('',(1.500000040489,40.2));
#2377 = CARTESIAN_POINT('',(1.500000040489,27.8));
#2378 = ( GEOMETRIC_REPRESENTATION_CONTEXT(2) 
PARAMETRIC_REPRESENTATION_CONTEXT() REPRESENTATION_CONTEXT('2D SPACE',''
  ) );
#2379 = PCURVE('',#2380,#2385);
#2380 = PLANE('',#2381);
#2381 = AXIS2_PLACEMENT_3D('',#2382,#2383,#2384);
#2382 = CARTESIAN_POINT('',(-35.39999995951,-2.2,0.));
#2383 = DIRECTION('',(-1.,0.,0.));
#2384 = DIRECTION('',(0.,1.,0.));
#2385 = DEFINITIONAL_REPRESENTATION('',(#2386),#2389);
#2386 = B_SPLINE_CURVE_WITH_KNOTS('',1,(#2387,#2388),.UNSPECIFIED.,.F.,
  .F.,(2,2),(-26.3,-13.9),.PIECEWISE_BEZIER_KNOTS.);
#2387 = CARTESIAN_POINT('',(12.4,-9.));
#2388 = CARTESIAN_POINT('',(0.,-9.));
#2389 = ( GEOMETRIC_REPRESENTATION_CONTEXT(2) 
PARAMETRIC_REPRESENTATION_CONTEXT() REPRESENTATION_CONTEXT('2D SPACE',''
  ) );
#2390 = ORIENTED_EDGE('',*,*,#2391,.T.);
#2391 = EDGE_CURVE('',#2366,#2392,#2394,.T.);
#2392 = VERTEX_POINT('',#2393);
#2393 = CARTESIAN_POINT('',(-36.19999997103,-3.,9.));
#2394 = SURFACE_CURVE('',#2395,(#2400,#2411),.PCURVE_S1.);
#2395 = CIRCLE('',#2396,0.8);
#2396 = AXIS2_PLACEMENT_3D('',#2397,#2398,#2399);
#2397 = CARTESIAN_POINT('',(-36.19999997103,-2.2,9.));
#2398 = DIRECTION('',(0.,0.,-1.));
#2399 = DIRECTION('',(1.,0.,0.));
#2400 = PCURVE('',#446,#2401);
#2401 = DEFINITIONAL_REPRESENTATION('',(#2402),#2410);
#2402 = ( BOUNDED_CURVE() B_SPLINE_CURVE(2,(#2403,#2404,#2405,#2406,
#2407,#2408,#2409),.UNSPECIFIED.,.T.,.F.) B_SPLINE_CURVE_WITH_KNOTS((1,2
    ,2,2,2,1),(-2.094395102393,0.,2.094395102393,4.188790204786,
6.28318530718,8.377580409573),.UNSPECIFIED.) CURVE() 
GEOMETRIC_REPRESENTATION_ITEM() RATIONAL_B_SPLINE_CURVE((1.,0.5,1.,0.5,
1.,0.5,1.)) REPRESENTATION_ITEM('') );
#2403 = CARTESIAN_POINT('',(1.500000028962,27.8));
#2404 = CARTESIAN_POINT('',(1.500000028962,26.414359353945));
#2405 = CARTESIAN_POINT('',(0.300000028962,27.107179676972));
#2406 = CARTESIAN_POINT('',(-0.899999971038,27.8));
#2407 = CARTESIAN_POINT('',(0.300000028962,28.492820323028));
#2408 = CARTESIAN_POINT('',(1.500000028962,29.185640646055));
#2409 = CARTESIAN_POINT('',(1.500000028962,27.8));
#2410 = ( GEOMETRIC_REPRESENTATION_CONTEXT(2) 
PARAMETRIC_REPRESENTATION_CONTEXT() REPRESENTATION_CONTEXT('2D SPACE',''
  ) );
#2411 = PCURVE('',#2412,#2417);
#2412 = CYLINDRICAL_SURFACE('',#2413,0.8);
#2413 = AXIS2_PLACEMENT_3D('',#2414,#2415,#2416);
#2414 = CARTESIAN_POINT('',(-36.19999997103,-2.2,0.));
#2415 = DIRECTION('',(-0.,-0.,-1.));
#2416 = DIRECTION('',(1.,0.,0.));
#2417 = DEFINITIONAL_REPRESENTATION('',(#2418),#2422);
#2418 = LINE('',#2419,#2420);
#2419 = CARTESIAN_POINT('',(-6.28318530718,-9.));
#2420 = VECTOR('',#2421,1.);
#2421 = DIRECTION('',(1.,-0.));
#2422 = ( GEOMETRIC_REPRESENTATION_CONTEXT(2) 
PARAMETRIC_REPRESENTATION_CONTEXT() REPRESENTATION_CONTEXT('2D SPACE',''
  ) );
#2423 = ORIENTED_EDGE('',*,*,#2424,.T.);
#2424 = EDGE_CURVE('',#2392,#2425,#2427,.T.);
#2425 = VERTEX_POINT('',#2426);
#2426 = CARTESIAN_POINT('',(-36.4,-3.,9.));
#2427 = SURFACE_CURVE('',#2428,(#2432,#2438),.PCURVE_S1.);
#2428 = LINE('',#2429,#2430);
#2429 = CARTESIAN_POINT('',(-38.05000002024,-3.,9.));
#2430 = VECTOR('',#2431,1.);
#2431 = DIRECTION('',(-1.,0.,0.));
#2432 = PCURVE('',#446,#2433);
#2433 = DEFINITIONAL_REPRESENTATION('',(#2434),#2437);
#2434 = B_SPLINE_CURVE_WITH_KNOTS('',1,(#2435,#2436),.UNSPECIFIED.,.F.,
  .F.,(2,2),(-1.850000049206,-1.650000020245),.PIECEWISE_BEZIER_KNOTS.);
#2435 = CARTESIAN_POINT('',(0.700000028962,27.));
#2436 = CARTESIAN_POINT('',(0.5,27.));
#2437 = ( GEOMETRIC_REPRESENTATION_CONTEXT(2) 
PARAMETRIC_REPRESENTATION_CONTEXT() REPRESENTATION_CONTEXT('2D SPACE',''
  ) );
#2438 = PCURVE('',#1337,#2439);
#2439 = DEFINITIONAL_REPRESENTATION('',(#2440),#2443);
#2440 = B_SPLINE_CURVE_WITH_KNOTS('',1,(#2441,#2442),.UNSPECIFIED.,.F.,
  .F.,(2,2),(-1.850000049206,-1.650000020245),.PIECEWISE_BEZIER_KNOTS.);
#2441 = CARTESIAN_POINT('',(3.000000069451,-9.));
#2442 = CARTESIAN_POINT('',(2.800000040489,-9.));
#2443 = ( GEOMETRIC_REPRESENTATION_CONTEXT(2) 
PARAMETRIC_REPRESENTATION_CONTEXT() REPRESENTATION_CONTEXT('2D SPACE',''
  ) );
#2444 = ORIENTED_EDGE('',*,*,#2445,.T.);
#2445 = EDGE_CURVE('',#2425,#2446,#2448,.T.);
#2446 = VERTEX_POINT('',#2447);
#2447 = CARTESIAN_POINT('',(-36.4,-14.,9.));
#2448 = SURFACE_CURVE('',#2449,(#2453,#2459),.PCURVE_S1.);
#2449 = LINE('',#2450,#2451);
#2450 = CARTESIAN_POINT('',(-36.4,-38.2,9.));
#2451 = VECTOR('',#2452,1.);
#2452 = DIRECTION('',(0.,-1.,0.));
#2453 = PCURVE('',#446,#2454);
#2454 = DEFINITIONAL_REPRESENTATION('',(#2455),#2458);
#2455 = B_SPLINE_CURVE_WITH_KNOTS('',1,(#2456,#2457),.UNSPECIFIED.,.F.,
  .F.,(2,2),(-68.2,-8.2),.PIECEWISE_BEZIER_KNOTS.);
#2456 = CARTESIAN_POINT('',(0.5,60.));
#2457 = CARTESIAN_POINT('',(0.5,0.));
#2458 = ( GEOMETRIC_REPRESENTATION_CONTEXT(2) 
PARAMETRIC_REPRESENTATION_CONTEXT() REPRESENTATION_CONTEXT('2D SPACE',''
  ) );
#2459 = PCURVE('',#2460,#2465);
#2460 = PLANE('',#2461);
#2461 = AXIS2_PLACEMENT_3D('',#2462,#2463,#2464);
#2462 = CARTESIAN_POINT('',(-36.4,-46.4,0.));
#2463 = DIRECTION('',(1.,0.,-0.));
#2464 = DIRECTION('',(0.,0.,1.));
#2465 = DEFINITIONAL_REPRESENTATION('',(#2466),#2469);
#2466 = B_SPLINE_CURVE_WITH_KNOTS('',1,(#2467,#2468),.UNSPECIFIED.,.F.,
  .F.,(2,2),(-68.2,-8.2),.PIECEWISE_BEZIER_KNOTS.);
#2467 = CARTESIAN_POINT('',(9.,-76.4));
#2468 = CARTESIAN_POINT('',(9.,-16.4));
#2469 = ( GEOMETRIC_REPRESENTATION_CONTEXT(2) 
PARAMETRIC_REPRESENTATION_CONTEXT() REPRESENTATION_CONTEXT('2D SPACE',''
  ) );
#2470 = ORIENTED_EDGE('',*,*,#2471,.F.);
#2471 = EDGE_CURVE('',#2472,#2446,#2474,.T.);
#2472 = VERTEX_POINT('',#2473);
#2473 = CARTESIAN_POINT('',(-36.19999997103,-14.,9.));
#2474 = SURFACE_CURVE('',#2475,(#2479,#2485),.PCURVE_S1.);
#2475 = LINE('',#2476,#2477);
#2476 = CARTESIAN_POINT('',(-38.05000002024,-14.,9.));
#2477 = VECTOR('',#2478,1.);
#2478 = DIRECTION('',(-1.,0.,0.));
#2479 = PCURVE('',#446,#2480);
#2480 = DEFINITIONAL_REPRESENTATION('',(#2481),#2484);
#2481 = B_SPLINE_CURVE_WITH_KNOTS('',1,(#2482,#2483),.UNSPECIFIED.,.F.,
  .F.,(2,2),(-1.850000049206,-1.650000020245),.PIECEWISE_BEZIER_KNOTS.);
#2482 = CARTESIAN_POINT('',(0.700000028962,16.));
#2483 = CARTESIAN_POINT('',(0.5,16.));
#2484 = ( GEOMETRIC_REPRESENTATION_CONTEXT(2) 
PARAMETRIC_REPRESENTATION_CONTEXT() REPRESENTATION_CONTEXT('2D SPACE',''
  ) );
#2485 = PCURVE('',#1451,#2486);
#2486 = DEFINITIONAL_REPRESENTATION('',(#2487),#2490);
#2487 = B_SPLINE_CURVE_WITH_KNOTS('',1,(#2488,#2489),.UNSPECIFIED.,.F.,
  .F.,(2,2),(-1.850000049206,-1.650000020245),.PIECEWISE_BEZIER_KNOTS.);
#2488 = CARTESIAN_POINT('',(3.000000069451,-9.));
#2489 = CARTESIAN_POINT('',(2.800000040489,-9.));
#2490 = ( GEOMETRIC_REPRESENTATION_CONTEXT(2) 
PARAMETRIC_REPRESENTATION_CONTEXT() REPRESENTATION_CONTEXT('2D SPACE',''
  ) );
#2491 = ORIENTED_EDGE('',*,*,#2492,.T.);
#2492 = EDGE_CURVE('',#2472,#2493,#2495,.T.);
#2493 = VERTEX_POINT('',#2494);
#2494 = CARTESIAN_POINT('',(-35.39999996527,-14.8,9.));
#2495 = SURFACE_CURVE('',#2496,(#2501,#2512),.PCURVE_S1.);
#2496 = CIRCLE('',#2497,0.8);
#2497 = AXIS2_PLACEMENT_3D('',#2498,#2499,#2500);
#2498 = CARTESIAN_POINT('',(-36.19999997103,-14.8,9.));
#2499 = DIRECTION('',(0.,0.,-1.));
#2500 = DIRECTION('',(1.,0.,0.));
#2501 = PCURVE('',#446,#2502);
#2502 = DEFINITIONAL_REPRESENTATION('',(#2503),#2511);
#2503 = ( BOUNDED_CURVE() B_SPLINE_CURVE(2,(#2504,#2505,#2506,#2507,
#2508,#2509,#2510),.UNSPECIFIED.,.T.,.F.) B_SPLINE_CURVE_WITH_KNOTS((1,2
    ,2,2,2,1),(-2.094395102393,0.,2.094395102393,4.188790204786,
6.28318530718,8.377580409573),.UNSPECIFIED.) CURVE() 
GEOMETRIC_REPRESENTATION_ITEM() RATIONAL_B_SPLINE_CURVE((1.,0.5,1.,0.5,
1.,0.5,1.)) REPRESENTATION_ITEM('') );
#2504 = CARTESIAN_POINT('',(1.500000028962,15.2));
#2505 = CARTESIAN_POINT('',(1.500000028962,13.814359353945));
#2506 = CARTESIAN_POINT('',(0.300000028962,14.507179676972));
#2507 = CARTESIAN_POINT('',(-0.899999971038,15.2));
#2508 = CARTESIAN_POINT('',(0.300000028962,15.892820323028));
#2509 = CARTESIAN_POINT('',(1.500000028962,16.585640646055));
#2510 = CARTESIAN_POINT('',(1.500000028962,15.2));
#2511 = ( GEOMETRIC_REPRESENTATION_CONTEXT(2) 
PARAMETRIC_REPRESENTATION_CONTEXT() REPRESENTATION_CONTEXT('2D SPACE',''
  ) );
#2512 = PCURVE('',#2513,#2518);
#2513 = CYLINDRICAL_SURFACE('',#2514,0.8);
#2514 = AXIS2_PLACEMENT_3D('',#2515,#2516,#2517);
#2515 = CARTESIAN_POINT('',(-36.19999997103,-14.8,0.));
#2516 = DIRECTION('',(-0.,-0.,-1.));
#2517 = DIRECTION('',(1.,0.,0.));
#2518 = DEFINITIONAL_REPRESENTATION('',(#2519),#2523);
#2519 = LINE('',#2520,#2521);
#2520 = CARTESIAN_POINT('',(-6.28318530718,-9.));
#2521 = VECTOR('',#2522,1.);
#2522 = DIRECTION('',(1.,-0.));
#2523 = ( GEOMETRIC_REPRESENTATION_CONTEXT(2) 
PARAMETRIC_REPRESENTATION_CONTEXT() REPRESENTATION_CONTEXT('2D SPACE',''
  ) );
#2524 = ORIENTED_EDGE('',*,*,#2525,.T.);
#2525 = EDGE_CURVE('',#2493,#2526,#2528,.T.);
#2526 = VERTEX_POINT('',#2527);
#2527 = CARTESIAN_POINT('',(-35.39999996527,-27.2,9.));
#2528 = SURFACE_CURVE('',#2529,(#2533,#2539),.PCURVE_S1.);
#2529 = LINE('',#2530,#2531);
#2530 = CARTESIAN_POINT('',(-35.39999995951,-28.6,9.));
#2531 = VECTOR('',#2532,1.);
#2532 = DIRECTION('',(0.,-1.,0.));
#2533 = PCURVE('',#446,#2534);
#2534 = DEFINITIONAL_REPRESENTATION('',(#2535),#2538);
#2535 = B_SPLINE_CURVE_WITH_KNOTS('',1,(#2536,#2537),.UNSPECIFIED.,.F.,
  .F.,(2,2),(-13.8,-1.4),.PIECEWISE_BEZIER_KNOTS.);
#2536 = CARTESIAN_POINT('',(1.500000040489,15.2));
#2537 = CARTESIAN_POINT('',(1.500000040489,2.8));
#2538 = ( GEOMETRIC_REPRESENTATION_CONTEXT(2) 
PARAMETRIC_REPRESENTATION_CONTEXT() REPRESENTATION_CONTEXT('2D SPACE',''
  ) );
#2539 = PCURVE('',#2540,#2545);
#2540 = PLANE('',#2541);
#2541 = AXIS2_PLACEMENT_3D('',#2542,#2543,#2544);
#2542 = CARTESIAN_POINT('',(-35.39999995951,-27.2,0.));
#2543 = DIRECTION('',(-1.,0.,0.));
#2544 = DIRECTION('',(0.,1.,0.));
#2545 = DEFINITIONAL_REPRESENTATION('',(#2546),#2549);
#2546 = B_SPLINE_CURVE_WITH_KNOTS('',1,(#2547,#2548),.UNSPECIFIED.,.F.,
  .F.,(2,2),(-13.8,-1.4),.PIECEWISE_BEZIER_KNOTS.);
#2547 = CARTESIAN_POINT('',(12.4,-9.));
#2548 = CARTESIAN_POINT('',(0.,-9.));
#2549 = ( GEOMETRIC_REPRESENTATION_CONTEXT(2) 
PARAMETRIC_REPRESENTATION_CONTEXT() REPRESENTATION_CONTEXT('2D SPACE',''
  ) );
#2550 = ORIENTED_EDGE('',*,*,#2551,.T.);
#2551 = EDGE_CURVE('',#2526,#404,#2552,.T.);
#2552 = SURFACE_CURVE('',#2553,(#2558,#2569),.PCURVE_S1.);
#2553 = CIRCLE('',#2554,0.8);
#2554 = AXIS2_PLACEMENT_3D('',#2555,#2556,#2557);
#2555 = CARTESIAN_POINT('',(-36.19999997103,-27.2,9.));
#2556 = DIRECTION('',(0.,0.,-1.));
#2557 = DIRECTION('',(1.,0.,0.));
#2558 = PCURVE('',#446,#2559);
#2559 = DEFINITIONAL_REPRESENTATION('',(#2560),#2568);
#2560 = ( BOUNDED_CURVE() B_SPLINE_CURVE(2,(#2561,#2562,#2563,#2564,
#2565,#2566,#2567),.UNSPECIFIED.,.T.,.F.) B_SPLINE_CURVE_WITH_KNOTS((1,2
    ,2,2,2,1),(-2.094395102393,0.,2.094395102393,4.188790204786,
6.28318530718,8.377580409573),.UNSPECIFIED.) CURVE() 
GEOMETRIC_REPRESENTATION_ITEM() RATIONAL_B_SPLINE_CURVE((1.,0.5,1.,0.5,
1.,0.5,1.)) REPRESENTATION_ITEM('') );
#2561 = CARTESIAN_POINT('',(1.500000028962,2.8));
#2562 = CARTESIAN_POINT('',(1.500000028962,1.414359353945));
#2563 = CARTESIAN_POINT('',(0.300000028962,2.107179676972));
#2564 = CARTESIAN_POINT('',(-0.899999971038,2.8));
#2565 = CARTESIAN_POINT('',(0.300000028962,3.492820323028));
#2566 = CARTESIAN_POINT('',(1.500000028962,4.185640646055));
#2567 = CARTESIAN_POINT('',(1.500000028962,2.8));
#2568 = ( GEOMETRIC_REPRESENTATION_CONTEXT(2) 
PARAMETRIC_REPRESENTATION_CONTEXT() REPRESENTATION_CONTEXT('2D SPACE',''
  ) );
#2569 = PCURVE('',#419,#2570);
#2570 = DEFINITIONAL_REPRESENTATION('',(#2571),#2575);
#2571 = LINE('',#2572,#2573);
#2572 = CARTESIAN_POINT('',(-6.28318530718,-9.));
#2573 = VECTOR('',#2574,1.);
#2574 = DIRECTION('',(1.,-0.));
#2575 = ( GEOMETRIC_REPRESENTATION_CONTEXT(2) 
PARAMETRIC_REPRESENTATION_CONTEXT() REPRESENTATION_CONTEXT('2D SPACE',''
  ) );
#2576 = ORIENTED_EDGE('',*,*,#431,.T.);
#2577 = ORIENTED_EDGE('',*,*,#2021,.T.);
#2578 = ORIENTED_EDGE('',*,*,#2579,.T.);
#2579 = EDGE_CURVE('',#2022,#2580,#2582,.T.);
#2580 = VERTEX_POINT('',#2581);
#2581 = CARTESIAN_POINT('',(-34.,-30.,9.));
#2582 = SURFACE_CURVE('',#2583,(#2587,#2594),.PCURVE_S1.);
#2583 = LINE('',#2584,#2585);
#2584 = CARTESIAN_POINT('',(-36.9,-30.,9.));
#2585 = VECTOR('',#2586,1.);
#2586 = DIRECTION('',(1.,0.,-0.));
#2587 = PCURVE('',#446,#2588);
#2588 = DEFINITIONAL_REPRESENTATION('',(#2589),#2593);
#2589 = LINE('',#2590,#2591);
#2590 = CARTESIAN_POINT('',(0.,0.));
#2591 = VECTOR('',#2592,1.);
#2592 = DIRECTION('',(1.,0.));
#2593 = ( GEOMETRIC_REPRESENTATION_CONTEXT(2) 
PARAMETRIC_REPRESENTATION_CONTEXT() REPRESENTATION_CONTEXT('2D SPACE',''
  ) );
#2594 = PCURVE('',#2057,#2595);
#2595 = DEFINITIONAL_REPRESENTATION('',(#2596),#2600);
#2596 = LINE('',#2597,#2598);
#2597 = CARTESIAN_POINT('',(0.,0.));
#2598 = VECTOR('',#2599,1.);
#2599 = DIRECTION('',(0.,1.));
#2600 = ( GEOMETRIC_REPRESENTATION_CONTEXT(2) 
PARAMETRIC_REPRESENTATION_CONTEXT() REPRESENTATION_CONTEXT('2D SPACE',''
  ) );
#2601 = ORIENTED_EDGE('',*,*,#2602,.F.);
#2602 = EDGE_CURVE('',#2603,#2580,#2605,.T.);
#2603 = VERTEX_POINT('',#2604);
#2604 = CARTESIAN_POINT('',(-34.,-21.,9.));
#2605 = SURFACE_CURVE('',#2606,(#2610,#2616),.PCURVE_S1.);
#2606 = LINE('',#2607,#2608);
#2607 = CARTESIAN_POINT('',(-34.,-37.,9.));
#2608 = VECTOR('',#2609,1.);
#2609 = DIRECTION('',(0.,-1.,0.));
#2610 = PCURVE('',#446,#2611);
#2611 = DEFINITIONAL_REPRESENTATION('',(#2612),#2615);
#2612 = B_SPLINE_CURVE_WITH_KNOTS('',1,(#2613,#2614),.UNSPECIFIED.,.F.,
  .F.,(2,2),(-67.,-7.),.PIECEWISE_BEZIER_KNOTS.);
#2613 = CARTESIAN_POINT('',(2.9,60.));
#2614 = CARTESIAN_POINT('',(2.9,0.));
#2615 = ( GEOMETRIC_REPRESENTATION_CONTEXT(2) 
PARAMETRIC_REPRESENTATION_CONTEXT() REPRESENTATION_CONTEXT('2D SPACE',''
  ) );
#2616 = PCURVE('',#2617,#2622);
#2617 = PLANE('',#2618);
#2618 = AXIS2_PLACEMENT_3D('',#2619,#2620,#2621);
#2619 = CARTESIAN_POINT('',(-34.,-44.,2.4));
#2620 = DIRECTION('',(1.,0.,-0.));
#2621 = DIRECTION('',(0.,0.,1.));
#2622 = DEFINITIONAL_REPRESENTATION('',(#2623),#2626);
#2623 = B_SPLINE_CURVE_WITH_KNOTS('',1,(#2624,#2625),.UNSPECIFIED.,.F.,
  .F.,(2,2),(-67.,-7.),.PIECEWISE_BEZIER_KNOTS.);
#2624 = CARTESIAN_POINT('',(6.6,-74.));
#2625 = CARTESIAN_POINT('',(6.6,-14.));
#2626 = ( GEOMETRIC_REPRESENTATION_CONTEXT(2) 
PARAMETRIC_REPRESENTATION_CONTEXT() REPRESENTATION_CONTEXT('2D SPACE',''
  ) );
#2627 = ORIENTED_EDGE('',*,*,#2628,.T.);
#2628 = EDGE_CURVE('',#2603,#2629,#2631,.T.);
#2629 = VERTEX_POINT('',#2630);
#2630 = CARTESIAN_POINT('',(-33.5,-21.,9.));
#2631 = SURFACE_CURVE('',#2632,(#2636,#2642),.PCURVE_S1.);
#2632 = LINE('',#2633,#2634);
#2633 = CARTESIAN_POINT('',(-35.45,-21.,9.));
#2634 = VECTOR('',#2635,1.);
#2635 = DIRECTION('',(1.,0.,-0.));
#2636 = PCURVE('',#446,#2637);
#2637 = DEFINITIONAL_REPRESENTATION('',(#2638),#2641);
#2638 = B_SPLINE_CURVE_WITH_KNOTS('',1,(#2639,#2640),.UNSPECIFIED.,.F.,
  .F.,(2,2),(1.45,1.95),.PIECEWISE_BEZIER_KNOTS.);
#2639 = CARTESIAN_POINT('',(2.9,9.));
#2640 = CARTESIAN_POINT('',(3.4,9.));
#2641 = ( GEOMETRIC_REPRESENTATION_CONTEXT(2) 
PARAMETRIC_REPRESENTATION_CONTEXT() REPRESENTATION_CONTEXT('2D SPACE',''
  ) );
#2642 = PCURVE('',#2643,#2648);
#2643 = PLANE('',#2644);
#2644 = AXIS2_PLACEMENT_3D('',#2645,#2646,#2647);
#2645 = CARTESIAN_POINT('',(-34.,-21.,2.4));
#2646 = DIRECTION('',(-0.,1.,0.));
#2647 = DIRECTION('',(0.,0.,1.));
#2648 = DEFINITIONAL_REPRESENTATION('',(#2649),#2652);
#2649 = B_SPLINE_CURVE_WITH_KNOTS('',1,(#2650,#2651),.UNSPECIFIED.,.F.,
  .F.,(2,2),(1.45,1.95),.PIECEWISE_BEZIER_KNOTS.);
#2650 = CARTESIAN_POINT('',(6.6,0.));
#2651 = CARTESIAN_POINT('',(6.6,0.5));
#2652 = ( GEOMETRIC_REPRESENTATION_CONTEXT(2) 
PARAMETRIC_REPRESENTATION_CONTEXT() REPRESENTATION_CONTEXT('2D SPACE',''
  ) );
#2653 = ORIENTED_EDGE('',*,*,#2654,.T.);
#2654 = EDGE_CURVE('',#2629,#2655,#2657,.T.);
#2655 = VERTEX_POINT('',#2656);
#2656 = CARTESIAN_POINT('',(-33.5,-20.54964786986,9.));
#2657 = SURFACE_CURVE('',#2658,(#2662,#2669),.PCURVE_S1.);
#2658 = LINE('',#2659,#2660);
#2659 = CARTESIAN_POINT('',(-33.5,-30.,9.));
#2660 = VECTOR('',#2661,1.);
#2661 = DIRECTION('',(-0.,1.,0.));
#2662 = PCURVE('',#446,#2663);
#2663 = DEFINITIONAL_REPRESENTATION('',(#2664),#2668);
#2664 = LINE('',#2665,#2666);
#2665 = CARTESIAN_POINT('',(3.4,0.));
#2666 = VECTOR('',#2667,1.);
#2667 = DIRECTION('',(0.,1.));
#2668 = ( GEOMETRIC_REPRESENTATION_CONTEXT(2) 
PARAMETRIC_REPRESENTATION_CONTEXT() REPRESENTATION_CONTEXT('2D SPACE',''
  ) );
#2669 = PCURVE('',#2670,#2675);
#2670 = PLANE('',#2671);
#2671 = AXIS2_PLACEMENT_3D('',#2672,#2673,#2674);
#2672 = CARTESIAN_POINT('',(-33.5,-30.,9.));
#2673 = DIRECTION('',(1.,0.,-0.));
#2674 = DIRECTION('',(0.,0.,1.));
#2675 = DEFINITIONAL_REPRESENTATION('',(#2676),#2680);
#2676 = LINE('',#2677,#2678);
#2677 = CARTESIAN_POINT('',(0.,0.));
#2678 = VECTOR('',#2679,1.);
#2679 = DIRECTION('',(0.,-1.));
#2680 = ( GEOMETRIC_REPRESENTATION_CONTEXT(2) 
PARAMETRIC_REPRESENTATION_CONTEXT() REPRESENTATION_CONTEXT('2D SPACE',''
  ) );
#2681 = ORIENTED_EDGE('',*,*,#2682,.F.);
#2682 = EDGE_CURVE('',#2683,#2655,#2685,.T.);
#2683 = VERTEX_POINT('',#2684);
#2684 = CARTESIAN_POINT('',(-33.5,-13.45035213014,9.));
#2685 = SURFACE_CURVE('',#2686,(#2691,#2698),.PCURVE_S1.);
#2686 = CIRCLE('',#2687,4.4);
#2687 = AXIS2_PLACEMENT_3D('',#2688,#2689,#2690);
#2688 = CARTESIAN_POINT('',(-30.9,-17.,9.));
#2689 = DIRECTION('',(0.,0.,1.));
#2690 = DIRECTION('',(1.,0.,-0.));
#2691 = PCURVE('',#446,#2692);
#2692 = DEFINITIONAL_REPRESENTATION('',(#2693),#2697);
#2693 = CIRCLE('',#2694,4.4);
#2694 = AXIS2_PLACEMENT_2D('',#2695,#2696);
#2695 = CARTESIAN_POINT('',(6.,13.));
#2696 = DIRECTION('',(1.,0.));
#2697 = ( GEOMETRIC_REPRESENTATION_CONTEXT(2) 
PARAMETRIC_REPRESENTATION_CONTEXT() REPRESENTATION_CONTEXT('2D SPACE',''
  ) );
#2698 = PCURVE('',#2699,#2704);
#2699 = CYLINDRICAL_SURFACE('',#2700,4.4);
#2700 = AXIS2_PLACEMENT_3D('',#2701,#2702,#2703);
#2701 = CARTESIAN_POINT('',(-30.9,-17.,2.4));
#2702 = DIRECTION('',(0.,0.,1.));
#2703 = DIRECTION('',(1.,0.,-0.));
#2704 = DEFINITIONAL_REPRESENTATION('',(#2705),#2709);
#2705 = LINE('',#2706,#2707);
#2706 = CARTESIAN_POINT('',(0.,6.6));
#2707 = VECTOR('',#2708,1.);
#2708 = DIRECTION('',(1.,0.));
#2709 = ( GEOMETRIC_REPRESENTATION_CONTEXT(2) 
PARAMETRIC_REPRESENTATION_CONTEXT() REPRESENTATION_CONTEXT('2D SPACE',''
  ) );
#2710 = ORIENTED_EDGE('',*,*,#2711,.T.);
#2711 = EDGE_CURVE('',#2683,#2712,#2714,.T.);
#2712 = VERTEX_POINT('',#2713);
#2713 = CARTESIAN_POINT('',(-33.5,-13.,9.));
#2714 = SURFACE_CURVE('',#2715,(#2719,#2726),.PCURVE_S1.);
#2715 = LINE('',#2716,#2717);
#2716 = CARTESIAN_POINT('',(-33.5,-30.,9.));
#2717 = VECTOR('',#2718,1.);
#2718 = DIRECTION('',(-0.,1.,0.));
#2719 = PCURVE('',#446,#2720);
#2720 = DEFINITIONAL_REPRESENTATION('',(#2721),#2725);
#2721 = LINE('',#2722,#2723);
#2722 = CARTESIAN_POINT('',(3.4,0.));
#2723 = VECTOR('',#2724,1.);
#2724 = DIRECTION('',(0.,1.));
#2725 = ( GEOMETRIC_REPRESENTATION_CONTEXT(2) 
PARAMETRIC_REPRESENTATION_CONTEXT() REPRESENTATION_CONTEXT('2D SPACE',''
  ) );
#2726 = PCURVE('',#2727,#2732);
#2727 = PLANE('',#2728);
#2728 = AXIS2_PLACEMENT_3D('',#2729,#2730,#2731);
#2729 = CARTESIAN_POINT('',(-33.5,-30.,9.));
#2730 = DIRECTION('',(1.,0.,-0.));
#2731 = DIRECTION('',(0.,0.,1.));
#2732 = DEFINITIONAL_REPRESENTATION('',(#2733),#2737);
#2733 = LINE('',#2734,#2735);
#2734 = CARTESIAN_POINT('',(0.,0.));
#2735 = VECTOR('',#2736,1.);
#2736 = DIRECTION('',(0.,-1.));
#2737 = ( GEOMETRIC_REPRESENTATION_CONTEXT(2) 
PARAMETRIC_REPRESENTATION_CONTEXT() REPRESENTATION_CONTEXT('2D SPACE',''
  ) );
#2738 = ORIENTED_EDGE('',*,*,#2739,.F.);
#2739 = EDGE_CURVE('',#2740,#2712,#2742,.T.);
#2740 = VERTEX_POINT('',#2741);
#2741 = CARTESIAN_POINT('',(-34.,-13.,9.));
#2742 = SURFACE_CURVE('',#2743,(#2747,#2753),.PCURVE_S1.);
#2743 = LINE('',#2744,#2745);
#2744 = CARTESIAN_POINT('',(-35.45,-13.,9.));
#2745 = VECTOR('',#2746,1.);
#2746 = DIRECTION('',(1.,0.,-0.));
#2747 = PCURVE('',#446,#2748);
#2748 = DEFINITIONAL_REPRESENTATION('',(#2749),#2752);
#2749 = B_SPLINE_CURVE_WITH_KNOTS('',1,(#2750,#2751),.UNSPECIFIED.,.F.,
  .F.,(2,2),(1.45,1.95),.PIECEWISE_BEZIER_KNOTS.);
#2750 = CARTESIAN_POINT('',(2.9,17.));
#2751 = CARTESIAN_POINT('',(3.4,17.));
#2752 = ( GEOMETRIC_REPRESENTATION_CONTEXT(2) 
PARAMETRIC_REPRESENTATION_CONTEXT() REPRESENTATION_CONTEXT('2D SPACE',''
  ) );
#2753 = PCURVE('',#2754,#2759);
#2754 = PLANE('',#2755);
#2755 = AXIS2_PLACEMENT_3D('',#2756,#2757,#2758);
#2756 = CARTESIAN_POINT('',(-34.,-13.,2.4));
#2757 = DIRECTION('',(-0.,1.,0.));
#2758 = DIRECTION('',(0.,0.,1.));
#2759 = DEFINITIONAL_REPRESENTATION('',(#2760),#2763);
#2760 = B_SPLINE_CURVE_WITH_KNOTS('',1,(#2761,#2762),.UNSPECIFIED.,.F.,
  .F.,(2,2),(1.45,1.95),.PIECEWISE_BEZIER_KNOTS.);
#2761 = CARTESIAN_POINT('',(6.6,0.));
#2762 = CARTESIAN_POINT('',(6.6,0.5));
#2763 = ( GEOMETRIC_REPRESENTATION_CONTEXT(2) 
PARAMETRIC_REPRESENTATION_CONTEXT() REPRESENTATION_CONTEXT('2D SPACE',''
  ) );
#2764 = ORIENTED_EDGE('',*,*,#2765,.F.);
#2765 = EDGE_CURVE('',#2766,#2740,#2768,.T.);
#2766 = VERTEX_POINT('',#2767);
#2767 = CARTESIAN_POINT('',(-34.,13.,9.));
#2768 = SURFACE_CURVE('',#2769,(#2773,#2779),.PCURVE_S1.);
#2769 = LINE('',#2770,#2771);
#2770 = CARTESIAN_POINT('',(-34.,-37.,9.));
#2771 = VECTOR('',#2772,1.);
#2772 = DIRECTION('',(0.,-1.,0.));
#2773 = PCURVE('',#446,#2774);
#2774 = DEFINITIONAL_REPRESENTATION('',(#2775),#2778);
#2775 = B_SPLINE_CURVE_WITH_KNOTS('',1,(#2776,#2777),.UNSPECIFIED.,.F.,
  .F.,(2,2),(-67.,-7.),.PIECEWISE_BEZIER_KNOTS.);
#2776 = CARTESIAN_POINT('',(2.9,60.));
#2777 = CARTESIAN_POINT('',(2.9,0.));
#2778 = ( GEOMETRIC_REPRESENTATION_CONTEXT(2) 
PARAMETRIC_REPRESENTATION_CONTEXT() REPRESENTATION_CONTEXT('2D SPACE',''
  ) );
#2779 = PCURVE('',#2780,#2785);
#2780 = PLANE('',#2781);
#2781 = AXIS2_PLACEMENT_3D('',#2782,#2783,#2784);
#2782 = CARTESIAN_POINT('',(-34.,-44.,2.4));
#2783 = DIRECTION('',(1.,0.,-0.));
#2784 = DIRECTION('',(0.,0.,1.));
#2785 = DEFINITIONAL_REPRESENTATION('',(#2786),#2789);
#2786 = B_SPLINE_CURVE_WITH_KNOTS('',1,(#2787,#2788),.UNSPECIFIED.,.F.,
  .F.,(2,2),(-67.,-7.),.PIECEWISE_BEZIER_KNOTS.);
#2787 = CARTESIAN_POINT('',(6.6,-74.));
#2788 = CARTESIAN_POINT('',(6.6,-14.));
#2789 = ( GEOMETRIC_REPRESENTATION_CONTEXT(2) 
PARAMETRIC_REPRESENTATION_CONTEXT() REPRESENTATION_CONTEXT('2D SPACE',''
  ) );
#2790 = ORIENTED_EDGE('',*,*,#2791,.T.);
#2791 = EDGE_CURVE('',#2766,#2792,#2794,.T.);
#2792 = VERTEX_POINT('',#2793);
#2793 = CARTESIAN_POINT('',(-33.5,13.,9.));
#2794 = SURFACE_CURVE('',#2795,(#2799,#2805),.PCURVE_S1.);
#2795 = LINE('',#2796,#2797);
#2796 = CARTESIAN_POINT('',(-35.45,13.,9.));
#2797 = VECTOR('',#2798,1.);
#2798 = DIRECTION('',(1.,0.,-0.));
#2799 = PCURVE('',#446,#2800);
#2800 = DEFINITIONAL_REPRESENTATION('',(#2801),#2804);
#2801 = B_SPLINE_CURVE_WITH_KNOTS('',1,(#2802,#2803),.UNSPECIFIED.,.F.,
  .F.,(2,2),(1.45,1.95),.PIECEWISE_BEZIER_KNOTS.);
#2802 = CARTESIAN_POINT('',(2.9,43.));
#2803 = CARTESIAN_POINT('',(3.4,43.));
#2804 = ( GEOMETRIC_REPRESENTATION_CONTEXT(2) 
PARAMETRIC_REPRESENTATION_CONTEXT() REPRESENTATION_CONTEXT('2D SPACE',''
  ) );
#2805 = PCURVE('',#2806,#2811);
#2806 = PLANE('',#2807);
#2807 = AXIS2_PLACEMENT_3D('',#2808,#2809,#2810);
#2808 = CARTESIAN_POINT('',(-34.,13.,2.4));
#2809 = DIRECTION('',(-0.,1.,0.));
#2810 = DIRECTION('',(0.,0.,1.));
#2811 = DEFINITIONAL_REPRESENTATION('',(#2812),#2815);
#2812 = B_SPLINE_CURVE_WITH_KNOTS('',1,(#2813,#2814),.UNSPECIFIED.,.F.,
  .F.,(2,2),(1.45,1.95),.PIECEWISE_BEZIER_KNOTS.);
#2813 = CARTESIAN_POINT('',(6.6,0.));
#2814 = CARTESIAN_POINT('',(6.6,0.5));
#2815 = ( GEOMETRIC_REPRESENTATION_CONTEXT(2) 
PARAMETRIC_REPRESENTATION_CONTEXT() REPRESENTATION_CONTEXT('2D SPACE',''
  ) );
#2816 = ORIENTED_EDGE('',*,*,#2817,.T.);
#2817 = EDGE_CURVE('',#2792,#2818,#2820,.T.);
#2818 = VERTEX_POINT('',#2819);
#2819 = CARTESIAN_POINT('',(-33.5,13.45035213014,9.));
#2820 = SURFACE_CURVE('',#2821,(#2825,#2832),.PCURVE_S1.);
#2821 = LINE('',#2822,#2823);
#2822 = CARTESIAN_POINT('',(-33.5,-30.,9.));
#2823 = VECTOR('',#2824,1.);
#2824 = DIRECTION('',(-0.,1.,0.));
#2825 = PCURVE('',#446,#2826);
#2826 = DEFINITIONAL_REPRESENTATION('',(#2827),#2831);
#2827 = LINE('',#2828,#2829);
#2828 = CARTESIAN_POINT('',(3.4,0.));
#2829 = VECTOR('',#2830,1.);
#2830 = DIRECTION('',(0.,1.));
#2831 = ( GEOMETRIC_REPRESENTATION_CONTEXT(2) 
PARAMETRIC_REPRESENTATION_CONTEXT() REPRESENTATION_CONTEXT('2D SPACE',''
  ) );
#2832 = PCURVE('',#2833,#2838);
#2833 = PLANE('',#2834);
#2834 = AXIS2_PLACEMENT_3D('',#2835,#2836,#2837);
#2835 = CARTESIAN_POINT('',(-33.5,-30.,9.));
#2836 = DIRECTION('',(1.,0.,-0.));
#2837 = DIRECTION('',(0.,0.,1.));
#2838 = DEFINITIONAL_REPRESENTATION('',(#2839),#2843);
#2839 = LINE('',#2840,#2841);
#2840 = CARTESIAN_POINT('',(0.,0.));
#2841 = VECTOR('',#2842,1.);
#2842 = DIRECTION('',(0.,-1.));
#2843 = ( GEOMETRIC_REPRESENTATION_CONTEXT(2) 
PARAMETRIC_REPRESENTATION_CONTEXT() REPRESENTATION_CONTEXT('2D SPACE',''
  ) );
#2844 = ORIENTED_EDGE('',*,*,#2845,.F.);
#2845 = EDGE_CURVE('',#2846,#2818,#2848,.T.);
#2846 = VERTEX_POINT('',#2847);
#2847 = CARTESIAN_POINT('',(-33.5,20.54964786986,9.));
#2848 = SURFACE_CURVE('',#2849,(#2854,#2861),.PCURVE_S1.);
#2849 = CIRCLE('',#2850,4.4);
#2850 = AXIS2_PLACEMENT_3D('',#2851,#2852,#2853);
#2851 = CARTESIAN_POINT('',(-30.9,17.,9.));
#2852 = DIRECTION('',(0.,0.,1.));
#2853 = DIRECTION('',(1.,0.,-0.));
#2854 = PCURVE('',#446,#2855);
#2855 = DEFINITIONAL_REPRESENTATION('',(#2856),#2860);
#2856 = CIRCLE('',#2857,4.4);
#2857 = AXIS2_PLACEMENT_2D('',#2858,#2859);
#2858 = CARTESIAN_POINT('',(6.,47.));
#2859 = DIRECTION('',(1.,0.));
#2860 = ( GEOMETRIC_REPRESENTATION_CONTEXT(2) 
PARAMETRIC_REPRESENTATION_CONTEXT() REPRESENTATION_CONTEXT('2D SPACE',''
  ) );
#2861 = PCURVE('',#2862,#2867);
#2862 = CYLINDRICAL_SURFACE('',#2863,4.4);
#2863 = AXIS2_PLACEMENT_3D('',#2864,#2865,#2866);
#2864 = CARTESIAN_POINT('',(-30.9,17.,2.4));
#2865 = DIRECTION('',(0.,0.,1.));
#2866 = DIRECTION('',(1.,0.,-0.));
#2867 = DEFINITIONAL_REPRESENTATION('',(#2868),#2872);
#2868 = LINE('',#2869,#2870);
#2869 = CARTESIAN_POINT('',(0.,6.6));
#2870 = VECTOR('',#2871,1.);
#2871 = DIRECTION('',(1.,0.));
#2872 = ( GEOMETRIC_REPRESENTATION_CONTEXT(2) 
PARAMETRIC_REPRESENTATION_CONTEXT() REPRESENTATION_CONTEXT('2D SPACE',''
  ) );
#2873 = ORIENTED_EDGE('',*,*,#2874,.T.);
#2874 = EDGE_CURVE('',#2846,#2875,#2877,.T.);
#2875 = VERTEX_POINT('',#2876);
#2876 = CARTESIAN_POINT('',(-33.5,21.,9.));
#2877 = SURFACE_CURVE('',#2878,(#2882,#2889),.PCURVE_S1.);
#2878 = LINE('',#2879,#2880);
#2879 = CARTESIAN_POINT('',(-33.5,-30.,9.));
#2880 = VECTOR('',#2881,1.);
#2881 = DIRECTION('',(-0.,1.,0.));
#2882 = PCURVE('',#446,#2883);
#2883 = DEFINITIONAL_REPRESENTATION('',(#2884),#2888);
#2884 = LINE('',#2885,#2886);
#2885 = CARTESIAN_POINT('',(3.4,0.));
#2886 = VECTOR('',#2887,1.);
#2887 = DIRECTION('',(0.,1.));
#2888 = ( GEOMETRIC_REPRESENTATION_CONTEXT(2) 
PARAMETRIC_REPRESENTATION_CONTEXT() REPRESENTATION_CONTEXT('2D SPACE',''
  ) );
#2889 = PCURVE('',#2890,#2895);
#2890 = PLANE('',#2891);
#2891 = AXIS2_PLACEMENT_3D('',#2892,#2893,#2894);
#2892 = CARTESIAN_POINT('',(-33.5,-30.,9.));
#2893 = DIRECTION('',(1.,0.,-0.));
#2894 = DIRECTION('',(0.,0.,1.));
#2895 = DEFINITIONAL_REPRESENTATION('',(#2896),#2900);
#2896 = LINE('',#2897,#2898);
#2897 = CARTESIAN_POINT('',(0.,0.));
#2898 = VECTOR('',#2899,1.);
#2899 = DIRECTION('',(0.,-1.));
#2900 = ( GEOMETRIC_REPRESENTATION_CONTEXT(2) 
PARAMETRIC_REPRESENTATION_CONTEXT() REPRESENTATION_CONTEXT('2D SPACE',''
  ) );
#2901 = ORIENTED_EDGE('',*,*,#2902,.F.);
#2902 = EDGE_CURVE('',#2903,#2875,#2905,.T.);
#2903 = VERTEX_POINT('',#2904);
#2904 = CARTESIAN_POINT('',(-34.,21.,9.));
#2905 = SURFACE_CURVE('',#2906,(#2910,#2916),.PCURVE_S1.);
#2906 = LINE('',#2907,#2908);
#2907 = CARTESIAN_POINT('',(-35.45,21.,9.));
#2908 = VECTOR('',#2909,1.);
#2909 = DIRECTION('',(1.,0.,-0.));
#2910 = PCURVE('',#446,#2911);
#2911 = DEFINITIONAL_REPRESENTATION('',(#2912),#2915);
#2912 = B_SPLINE_CURVE_WITH_KNOTS('',1,(#2913,#2914),.UNSPECIFIED.,.F.,
  .F.,(2,2),(1.45,1.95),.PIECEWISE_BEZIER_KNOTS.);
#2913 = CARTESIAN_POINT('',(2.9,51.));
#2914 = CARTESIAN_POINT('',(3.4,51.));
#2915 = ( GEOMETRIC_REPRESENTATION_CONTEXT(2) 
PARAMETRIC_REPRESENTATION_CONTEXT() REPRESENTATION_CONTEXT('2D SPACE',''
  ) );
#2916 = PCURVE('',#2917,#2922);
#2917 = PLANE('',#2918);
#2918 = AXIS2_PLACEMENT_3D('',#2919,#2920,#2921);
#2919 = CARTESIAN_POINT('',(-34.,21.,2.4));
#2920 = DIRECTION('',(-0.,1.,0.));
#2921 = DIRECTION('',(0.,0.,1.));
#2922 = DEFINITIONAL_REPRESENTATION('',(#2923),#2926);
#2923 = B_SPLINE_CURVE_WITH_KNOTS('',1,(#2924,#2925),.UNSPECIFIED.,.F.,
  .F.,(2,2),(1.45,1.95),.PIECEWISE_BEZIER_KNOTS.);
#2924 = CARTESIAN_POINT('',(6.6,0.));
#2925 = CARTESIAN_POINT('',(6.6,0.5));
#2926 = ( GEOMETRIC_REPRESENTATION_CONTEXT(2) 
PARAMETRIC_REPRESENTATION_CONTEXT() REPRESENTATION_CONTEXT('2D SPACE',''
  ) );
#2927 = ORIENTED_EDGE('',*,*,#2928,.F.);
#2928 = EDGE_CURVE('',#2258,#2903,#2929,.T.);
#2929 = SURFACE_CURVE('',#2930,(#2934,#2940),.PCURVE_S1.);
#2930 = LINE('',#2931,#2932);
#2931 = CARTESIAN_POINT('',(-34.,-37.,9.));
#2932 = VECTOR('',#2933,1.);
#2933 = DIRECTION('',(0.,-1.,0.));
#2934 = PCURVE('',#446,#2935);
#2935 = DEFINITIONAL_REPRESENTATION('',(#2936),#2939);
#2936 = B_SPLINE_CURVE_WITH_KNOTS('',1,(#2937,#2938),.UNSPECIFIED.,.F.,
  .F.,(2,2),(-67.,-7.),.PIECEWISE_BEZIER_KNOTS.);
#2937 = CARTESIAN_POINT('',(2.9,60.));
#2938 = CARTESIAN_POINT('',(2.9,0.));
#2939 = ( GEOMETRIC_REPRESENTATION_CONTEXT(2) 
PARAMETRIC_REPRESENTATION_CONTEXT() REPRESENTATION_CONTEXT('2D SPACE',''
  ) );
#2940 = PCURVE('',#2941,#2946);
#2941 = PLANE('',#2942);
#2942 = AXIS2_PLACEMENT_3D('',#2943,#2944,#2945);
#2943 = CARTESIAN_POINT('',(-34.,-44.,2.4));
#2944 = DIRECTION('',(1.,0.,-0.));
#2945 = DIRECTION('',(0.,0.,1.));
#2946 = DEFINITIONAL_REPRESENTATION('',(#2947),#2950);
#2947 = B_SPLINE_CURVE_WITH_KNOTS('',1,(#2948,#2949),.UNSPECIFIED.,.F.,
  .F.,(2,2),(-67.,-7.),.PIECEWISE_BEZIER_KNOTS.);
#2948 = CARTESIAN_POINT('',(6.6,-74.));
#2949 = CARTESIAN_POINT('',(6.6,-14.));
#2950 = ( GEOMETRIC_REPRESENTATION_CONTEXT(2) 
PARAMETRIC_REPRESENTATION_CONTEXT() REPRESENTATION_CONTEXT('2D SPACE',''
  ) );
#2951 = ADVANCED_FACE('',(#2952),#419,.T.);
#2952 = FACE_BOUND('',#2953,.F.);
#2953 = EDGE_LOOP('',(#2954,#2955,#2956,#2980));
#2954 = ORIENTED_EDGE('',*,*,#2551,.T.);
#2955 = ORIENTED_EDGE('',*,*,#403,.T.);
#2956 = ORIENTED_EDGE('',*,*,#2957,.T.);
#2957 = EDGE_CURVE('',#376,#2958,#2960,.T.);
#2958 = VERTEX_POINT('',#2959);
#2959 = CARTESIAN_POINT('',(-35.39999996527,-27.2,9.3));
#2960 = SURFACE_CURVE('',#2961,(#2966,#2973),.PCURVE_S1.);
#2961 = CIRCLE('',#2962,0.8);
#2962 = AXIS2_PLACEMENT_3D('',#2963,#2964,#2965);
#2963 = CARTESIAN_POINT('',(-36.19999997103,-27.2,9.3));
#2964 = DIRECTION('',(0.,0.,1.));
#2965 = DIRECTION('',(1.,0.,0.));
#2966 = PCURVE('',#419,#2967);
#2967 = DEFINITIONAL_REPRESENTATION('',(#2968),#2972);
#2968 = LINE('',#2969,#2970);
#2969 = CARTESIAN_POINT('',(-0.,-9.3));
#2970 = VECTOR('',#2971,1.);
#2971 = DIRECTION('',(-1.,0.));
#2972 = ( GEOMETRIC_REPRESENTATION_CONTEXT(2) 
PARAMETRIC_REPRESENTATION_CONTEXT() REPRESENTATION_CONTEXT('2D SPACE',''
  ) );
#2973 = PCURVE('',#391,#2974);
#2974 = DEFINITIONAL_REPRESENTATION('',(#2975),#2979);
#2975 = CIRCLE('',#2976,0.8);
#2976 = AXIS2_PLACEMENT_2D('',#2977,#2978);
#2977 = CARTESIAN_POINT('',(1.500000002657,-6.2));
#2978 = DIRECTION('',(1.,0.));
#2979 = ( GEOMETRIC_REPRESENTATION_CONTEXT(2) 
PARAMETRIC_REPRESENTATION_CONTEXT() REPRESENTATION_CONTEXT('2D SPACE',''
  ) );
#2980 = ORIENTED_EDGE('',*,*,#2981,.F.);
#2981 = EDGE_CURVE('',#2526,#2958,#2982,.T.);
#2982 = SURFACE_CURVE('',#2983,(#2987,#2994),.PCURVE_S1.);
#2983 = LINE('',#2984,#2985);
#2984 = CARTESIAN_POINT('',(-35.39999996527,-27.2,0.));
#2985 = VECTOR('',#2986,1.);
#2986 = DIRECTION('',(0.,0.,1.));
#2987 = PCURVE('',#419,#2988);
#2988 = DEFINITIONAL_REPRESENTATION('',(#2989),#2993);
#2989 = LINE('',#2990,#2991);
#2990 = CARTESIAN_POINT('',(-6.28318530718,0.));
#2991 = VECTOR('',#2992,1.);
#2992 = DIRECTION('',(-0.,-1.));
#2993 = ( GEOMETRIC_REPRESENTATION_CONTEXT(2) 
PARAMETRIC_REPRESENTATION_CONTEXT() REPRESENTATION_CONTEXT('2D SPACE',''
  ) );
#2994 = PCURVE('',#2540,#2995);
#2995 = DEFINITIONAL_REPRESENTATION('',(#2996),#3000);
#2996 = LINE('',#2997,#2998);
#2997 = CARTESIAN_POINT('',(0.,0.));
#2998 = VECTOR('',#2999,1.);
#2999 = DIRECTION('',(0.,-1.));
#3000 = ( GEOMETRIC_REPRESENTATION_CONTEXT(2) 
PARAMETRIC_REPRESENTATION_CONTEXT() REPRESENTATION_CONTEXT('2D SPACE',''
  ) );
#3001 = ADVANCED_FACE('',(#3002),#391,.T.);
#3002 = FACE_BOUND('',#3003,.T.);
#3003 = EDGE_LOOP('',(#3004,#3029,#3051,#3052,#3053,#3076,#3100,#3123));
#3004 = ORIENTED_EDGE('',*,*,#3005,.F.);
#3005 = EDGE_CURVE('',#3006,#3008,#3010,.T.);
#3006 = VERTEX_POINT('',#3007);
#3007 = CARTESIAN_POINT('',(-40.,-27.2,9.3));
#3008 = VERTEX_POINT('',#3009);
#3009 = CARTESIAN_POINT('',(-40.,-14.8,9.3));
#3010 = SURFACE_CURVE('',#3011,(#3015,#3022),.PCURVE_S1.);
#3011 = LINE('',#3012,#3013);
#3012 = CARTESIAN_POINT('',(-39.99999995951,-21.,9.3));
#3013 = VECTOR('',#3014,1.);
#3014 = DIRECTION('',(0.,1.,0.));
#3015 = PCURVE('',#391,#3016);
#3016 = DEFINITIONAL_REPRESENTATION('',(#3017),#3021);
#3017 = LINE('',#3018,#3019);
#3018 = CARTESIAN_POINT('',(-2.299999985816,2.545149677014E-16));
#3019 = VECTOR('',#3020,1.);
#3020 = DIRECTION('',(0.,1.));
#3021 = ( GEOMETRIC_REPRESENTATION_CONTEXT(2) 
PARAMETRIC_REPRESENTATION_CONTEXT() REPRESENTATION_CONTEXT('2D SPACE',''
  ) );
#3022 = PCURVE('',#913,#3023);
#3023 = DEFINITIONAL_REPRESENTATION('',(#3024),#3028);
#3024 = LINE('',#3025,#3026);
#3025 = CARTESIAN_POINT('',(6.2,-9.3));
#3026 = VECTOR('',#3027,1.);
#3027 = DIRECTION('',(1.,0.));
#3028 = ( GEOMETRIC_REPRESENTATION_CONTEXT(2) 
PARAMETRIC_REPRESENTATION_CONTEXT() REPRESENTATION_CONTEXT('2D SPACE',''
  ) );
#3029 = ORIENTED_EDGE('',*,*,#3030,.T.);
#3030 = EDGE_CURVE('',#3006,#348,#3031,.T.);
#3031 = SURFACE_CURVE('',#3032,(#3037,#3044),.PCURVE_S1.);
#3032 = CIRCLE('',#3033,0.8);
#3033 = AXIS2_PLACEMENT_3D('',#3034,#3035,#3036);
#3034 = CARTESIAN_POINT('',(-39.20000004048,-27.2,9.3));
#3035 = DIRECTION('',(0.,0.,1.));
#3036 = DIRECTION('',(1.,0.,0.));
#3037 = PCURVE('',#391,#3038);
#3038 = DEFINITIONAL_REPRESENTATION('',(#3039),#3043);
#3039 = CIRCLE('',#3040,0.8);
#3040 = AXIS2_PLACEMENT_2D('',#3041,#3042);
#3041 = CARTESIAN_POINT('',(-1.500000066794,-6.2));
#3042 = DIRECTION('',(1.,0.));
#3043 = ( GEOMETRIC_REPRESENTATION_CONTEXT(2) 
PARAMETRIC_REPRESENTATION_CONTEXT() REPRESENTATION_CONTEXT('2D SPACE',''
  ) );
#3044 = PCURVE('',#363,#3045);
#3045 = DEFINITIONAL_REPRESENTATION('',(#3046),#3050);
#3046 = LINE('',#3047,#3048);
#3047 = CARTESIAN_POINT('',(-0.,-9.3));
#3048 = VECTOR('',#3049,1.);
#3049 = DIRECTION('',(-1.,0.));
#3050 = ( GEOMETRIC_REPRESENTATION_CONTEXT(2) 
PARAMETRIC_REPRESENTATION_CONTEXT() REPRESENTATION_CONTEXT('2D SPACE',''
  ) );
#3051 = ORIENTED_EDGE('',*,*,#375,.T.);
#3052 = ORIENTED_EDGE('',*,*,#2957,.T.);
#3053 = ORIENTED_EDGE('',*,*,#3054,.T.);
#3054 = EDGE_CURVE('',#2958,#3055,#3057,.T.);
#3055 = VERTEX_POINT('',#3056);
#3056 = CARTESIAN_POINT('',(-35.39999996527,-14.8,9.3));
#3057 = SURFACE_CURVE('',#3058,(#3062,#3069),.PCURVE_S1.);
#3058 = LINE('',#3059,#3060);
#3059 = CARTESIAN_POINT('',(-35.39999995951,-21.,9.3));
#3060 = VECTOR('',#3061,1.);
#3061 = DIRECTION('',(0.,1.,0.));
#3062 = PCURVE('',#391,#3063);
#3063 = DEFINITIONAL_REPRESENTATION('',(#3064),#3068);
#3064 = LINE('',#3065,#3066);
#3065 = CARTESIAN_POINT('',(2.300000014184,2.545149677014E-16));
#3066 = VECTOR('',#3067,1.);
#3067 = DIRECTION('',(0.,1.));
#3068 = ( GEOMETRIC_REPRESENTATION_CONTEXT(2) 
PARAMETRIC_REPRESENTATION_CONTEXT() REPRESENTATION_CONTEXT('2D SPACE',''
  ) );
#3069 = PCURVE('',#2540,#3070);
#3070 = DEFINITIONAL_REPRESENTATION('',(#3071),#3075);
#3071 = LINE('',#3072,#3073);
#3072 = CARTESIAN_POINT('',(6.2,-9.3));
#3073 = VECTOR('',#3074,1.);
#3074 = DIRECTION('',(1.,0.));
#3075 = ( GEOMETRIC_REPRESENTATION_CONTEXT(2) 
PARAMETRIC_REPRESENTATION_CONTEXT() REPRESENTATION_CONTEXT('2D SPACE',''
  ) );
#3076 = ORIENTED_EDGE('',*,*,#3077,.T.);
#3077 = EDGE_CURVE('',#3055,#3078,#3080,.T.);
#3078 = VERTEX_POINT('',#3079);
#3079 = CARTESIAN_POINT('',(-36.19999997103,-14.,9.3));
#3080 = SURFACE_CURVE('',#3081,(#3086,#3093),.PCURVE_S1.);
#3081 = CIRCLE('',#3082,0.8);
#3082 = AXIS2_PLACEMENT_3D('',#3083,#3084,#3085);
#3083 = CARTESIAN_POINT('',(-36.19999997103,-14.8,9.3));
#3084 = DIRECTION('',(0.,0.,1.));
#3085 = DIRECTION('',(1.,0.,0.));
#3086 = PCURVE('',#391,#3087);
#3087 = DEFINITIONAL_REPRESENTATION('',(#3088),#3092);
#3088 = CIRCLE('',#3089,0.8);
#3089 = AXIS2_PLACEMENT_2D('',#3090,#3091);
#3090 = CARTESIAN_POINT('',(1.500000002657,6.2));
#3091 = DIRECTION('',(1.,0.));
#3092 = ( GEOMETRIC_REPRESENTATION_CONTEXT(2) 
PARAMETRIC_REPRESENTATION_CONTEXT() REPRESENTATION_CONTEXT('2D SPACE',''
  ) );
#3093 = PCURVE('',#2513,#3094);
#3094 = DEFINITIONAL_REPRESENTATION('',(#3095),#3099);
#3095 = LINE('',#3096,#3097);
#3096 = CARTESIAN_POINT('',(-0.,-9.3));
#3097 = VECTOR('',#3098,1.);
#3098 = DIRECTION('',(-1.,0.));
#3099 = ( GEOMETRIC_REPRESENTATION_CONTEXT(2) 
PARAMETRIC_REPRESENTATION_CONTEXT() REPRESENTATION_CONTEXT('2D SPACE',''
  ) );
#3100 = ORIENTED_EDGE('',*,*,#3101,.F.);
#3101 = EDGE_CURVE('',#3102,#3078,#3104,.T.);
#3102 = VERTEX_POINT('',#3103);
#3103 = CARTESIAN_POINT('',(-39.20000004048,-14.,9.3));
#3104 = SURFACE_CURVE('',#3105,(#3109,#3116),.PCURVE_S1.);
#3105 = LINE('',#3106,#3107);
#3106 = CARTESIAN_POINT('',(-37.69999995951,-14.,9.3));
#3107 = VECTOR('',#3108,1.);
#3108 = DIRECTION('',(1.,0.,0.));
#3109 = PCURVE('',#391,#3110);
#3110 = DEFINITIONAL_REPRESENTATION('',(#3111),#3115);
#3111 = LINE('',#3112,#3113);
#3112 = CARTESIAN_POINT('',(1.418425574539E-08,7.));
#3113 = VECTOR('',#3114,1.);
#3114 = DIRECTION('',(1.,0.));
#3115 = ( GEOMETRIC_REPRESENTATION_CONTEXT(2) 
PARAMETRIC_REPRESENTATION_CONTEXT() REPRESENTATION_CONTEXT('2D SPACE',''
  ) );
#3116 = PCURVE('',#1451,#3117);
#3117 = DEFINITIONAL_REPRESENTATION('',(#3118),#3122);
#3118 = LINE('',#3119,#3120);
#3119 = CARTESIAN_POINT('',(1.500000080978,-9.3));
#3120 = VECTOR('',#3121,1.);
#3121 = DIRECTION('',(1.,0.));
#3122 = ( GEOMETRIC_REPRESENTATION_CONTEXT(2) 
PARAMETRIC_REPRESENTATION_CONTEXT() REPRESENTATION_CONTEXT('2D SPACE',''
  ) );
#3123 = ORIENTED_EDGE('',*,*,#3124,.T.);
#3124 = EDGE_CURVE('',#3102,#3008,#3125,.T.);
#3125 = SURFACE_CURVE('',#3126,(#3131,#3138),.PCURVE_S1.);
#3126 = CIRCLE('',#3127,0.8);
#3127 = AXIS2_PLACEMENT_3D('',#3128,#3129,#3130);
#3128 = CARTESIAN_POINT('',(-39.20000004048,-14.8,9.3));
#3129 = DIRECTION('',(0.,0.,1.));
#3130 = DIRECTION('',(1.,0.,0.));
#3131 = PCURVE('',#391,#3132);
#3132 = DEFINITIONAL_REPRESENTATION('',(#3133),#3137);
#3133 = CIRCLE('',#3134,0.8);
#3134 = AXIS2_PLACEMENT_2D('',#3135,#3136);
#3135 = CARTESIAN_POINT('',(-1.500000066794,6.2));
#3136 = DIRECTION('',(1.,0.));
#3137 = ( GEOMETRIC_REPRESENTATION_CONTEXT(2) 
PARAMETRIC_REPRESENTATION_CONTEXT() REPRESENTATION_CONTEXT('2D SPACE',''
  ) );
#3138 = PCURVE('',#1478,#3139);
#3139 = DEFINITIONAL_REPRESENTATION('',(#3140),#3144);
#3140 = LINE('',#3141,#3142);
#3141 = CARTESIAN_POINT('',(-0.,-9.3));
#3142 = VECTOR('',#3143,1.);
#3143 = DIRECTION('',(-1.,0.));
#3144 = ( GEOMETRIC_REPRESENTATION_CONTEXT(2) 
PARAMETRIC_REPRESENTATION_CONTEXT() REPRESENTATION_CONTEXT('2D SPACE',''
  ) );
#3145 = ADVANCED_FACE('',(#3146),#363,.T.);
#3146 = FACE_BOUND('',#3147,.F.);
#3147 = EDGE_LOOP('',(#3148,#3169,#3170,#3171));
#3148 = ORIENTED_EDGE('',*,*,#3149,.T.);
#3149 = EDGE_CURVE('',#896,#3006,#3150,.T.);
#3150 = SURFACE_CURVE('',#3151,(#3155,#3162),.PCURVE_S1.);
#3151 = LINE('',#3152,#3153);
#3152 = CARTESIAN_POINT('',(-40.,-27.2,0.));
#3153 = VECTOR('',#3154,1.);
#3154 = DIRECTION('',(0.,0.,1.));
#3155 = PCURVE('',#363,#3156);
#3156 = DEFINITIONAL_REPRESENTATION('',(#3157),#3161);
#3157 = LINE('',#3158,#3159);
#3158 = CARTESIAN_POINT('',(-3.14159265359,0.));
#3159 = VECTOR('',#3160,1.);
#3160 = DIRECTION('',(-0.,-1.));
#3161 = ( GEOMETRIC_REPRESENTATION_CONTEXT(2) 
PARAMETRIC_REPRESENTATION_CONTEXT() REPRESENTATION_CONTEXT('2D SPACE',''
  ) );
#3162 = PCURVE('',#913,#3163);
#3163 = DEFINITIONAL_REPRESENTATION('',(#3164),#3168);
#3164 = LINE('',#3165,#3166);
#3165 = CARTESIAN_POINT('',(0.,0.));
#3166 = VECTOR('',#3167,1.);
#3167 = DIRECTION('',(0.,-1.));
#3168 = ( GEOMETRIC_REPRESENTATION_CONTEXT(2) 
PARAMETRIC_REPRESENTATION_CONTEXT() REPRESENTATION_CONTEXT('2D SPACE',''
  ) );
#3169 = ORIENTED_EDGE('',*,*,#3030,.T.);
#3170 = ORIENTED_EDGE('',*,*,#347,.F.);
#3171 = ORIENTED_EDGE('',*,*,#925,.F.);
#3172 = ADVANCED_FACE('',(#3173),#670,.T.);
#3173 = FACE_BOUND('',#3174,.T.);
#3174 = EDGE_LOOP('',(#3175,#3201,#3227,#3228));
#3175 = ORIENTED_EDGE('',*,*,#3176,.F.);
#3176 = EDGE_CURVE('',#3177,#743,#3179,.T.);
#3177 = VERTEX_POINT('',#3178);
#3178 = CARTESIAN_POINT('',(33.4,-47.6,4.8));
#3179 = SURFACE_CURVE('',#3180,(#3184,#3190),.PCURVE_S1.);
#3180 = LINE('',#3181,#3182);
#3181 = CARTESIAN_POINT('',(33.4,-47.6,4.8));
#3182 = VECTOR('',#3183,1.);
#3183 = DIRECTION('',(-4.329780281177E-17,0.707106781187,-0.707106781187
    ));
#3184 = PCURVE('',#670,#3185);
#3185 = DEFINITIONAL_REPRESENTATION('',(#3186),#3189);
#3186 = B_SPLINE_CURVE_WITH_KNOTS('',1,(#3187,#3188),.UNSPECIFIED.,.F.,
  .F.,(2,2),(0.,1.697056274848),.PIECEWISE_BEZIER_KNOTS.);
#3187 = CARTESIAN_POINT('',(0.,-0.848528137424));
#3188 = CARTESIAN_POINT('',(0.,0.848528137424));
#3189 = ( GEOMETRIC_REPRESENTATION_CONTEXT(2) 
PARAMETRIC_REPRESENTATION_CONTEXT() REPRESENTATION_CONTEXT('2D SPACE',''
  ) );
#3190 = PCURVE('',#3191,#3196);
#3191 = CONICAL_SURFACE('',#3192,4.2,0.785398163397);
#3192 = AXIS2_PLACEMENT_3D('',#3193,#3194,#3195);
#3193 = CARTESIAN_POINT('',(33.4,-43.4,4.8));
#3194 = DIRECTION('',(0.,0.,1.));
#3195 = DIRECTION('',(1.,0.,-0.));
#3196 = DEFINITIONAL_REPRESENTATION('',(#3197),#3200);
#3197 = B_SPLINE_CURVE_WITH_KNOTS('',1,(#3198,#3199),.UNSPECIFIED.,.F.,
  .F.,(2,2),(0.,1.697056274848),.PIECEWISE_BEZIER_KNOTS.);
#3198 = CARTESIAN_POINT('',(-1.570796326795,0.));
#3199 = CARTESIAN_POINT('',(-1.570796326795,-1.2));
#3200 = ( GEOMETRIC_REPRESENTATION_CONTEXT(2) 
PARAMETRIC_REPRESENTATION_CONTEXT() REPRESENTATION_CONTEXT('2D SPACE',''
  ) );
#3201 = ORIENTED_EDGE('',*,*,#3202,.T.);
#3202 = EDGE_CURVE('',#3177,#656,#3203,.T.);
#3203 = SURFACE_CURVE('',#3204,(#3208,#3215),.PCURVE_S1.);
#3204 = LINE('',#3205,#3206);
#3205 = CARTESIAN_POINT('',(33.4,-47.6,4.8));
#3206 = VECTOR('',#3207,1.);
#3207 = DIRECTION('',(-1.,-0.,0.));
#3208 = PCURVE('',#670,#3209);
#3209 = DEFINITIONAL_REPRESENTATION('',(#3210),#3214);
#3210 = LINE('',#3211,#3212);
#3211 = CARTESIAN_POINT('',(0.,-0.848528137424));
#3212 = VECTOR('',#3213,1.);
#3213 = DIRECTION('',(1.,0.));
#3214 = ( GEOMETRIC_REPRESENTATION_CONTEXT(2) 
PARAMETRIC_REPRESENTATION_CONTEXT() REPRESENTATION_CONTEXT('2D SPACE',''
  ) );
#3215 = PCURVE('',#3216,#3221);
#3216 = PLANE('',#3217);
#3217 = AXIS2_PLACEMENT_3D('',#3218,#3219,#3220);
#3218 = CARTESIAN_POINT('',(-37.6,-47.6,3.6));
#3219 = DIRECTION('',(-0.,1.,0.));
#3220 = DIRECTION('',(0.,0.,1.));
#3221 = DEFINITIONAL_REPRESENTATION('',(#3222),#3226);
#3222 = LINE('',#3223,#3224);
#3223 = CARTESIAN_POINT('',(1.2,71.));
#3224 = VECTOR('',#3225,1.);
#3225 = DIRECTION('',(0.,-1.));
#3226 = ( GEOMETRIC_REPRESENTATION_CONTEXT(2) 
PARAMETRIC_REPRESENTATION_CONTEXT() REPRESENTATION_CONTEXT('2D SPACE',''
  ) );
#3227 = ORIENTED_EDGE('',*,*,#655,.T.);
#3228 = ORIENTED_EDGE('',*,*,#742,.F.);
#3229 = ADVANCED_FACE('',(#3230),#696,.T.);
#3230 = FACE_BOUND('',#3231,.T.);
#3231 = EDGE_LOOP('',(#3232,#3233,#3234,#3257));
#3232 = ORIENTED_EDGE('',*,*,#846,.F.);
#3233 = ORIENTED_EDGE('',*,*,#681,.F.);
#3234 = ORIENTED_EDGE('',*,*,#3235,.T.);
#3235 = EDGE_CURVE('',#656,#3236,#3238,.T.);
#3236 = VERTEX_POINT('',#3237);
#3237 = CARTESIAN_POINT('',(-33.4,-47.6,7.2));
#3238 = SURFACE_CURVE('',#3239,(#3243,#3250),.PCURVE_S1.);
#3239 = LINE('',#3240,#3241);
#3240 = CARTESIAN_POINT('',(-33.4,-47.6,3.6));
#3241 = VECTOR('',#3242,1.);
#3242 = DIRECTION('',(0.,0.,1.));
#3243 = PCURVE('',#696,#3244);
#3244 = DEFINITIONAL_REPRESENTATION('',(#3245),#3249);
#3245 = LINE('',#3246,#3247);
#3246 = CARTESIAN_POINT('',(1.570796326795,0.));
#3247 = VECTOR('',#3248,1.);
#3248 = DIRECTION('',(0.,1.));
#3249 = ( GEOMETRIC_REPRESENTATION_CONTEXT(2) 
PARAMETRIC_REPRESENTATION_CONTEXT() REPRESENTATION_CONTEXT('2D SPACE',''
  ) );
#3250 = PCURVE('',#3216,#3251);
#3251 = DEFINITIONAL_REPRESENTATION('',(#3252),#3256);
#3252 = LINE('',#3253,#3254);
#3253 = CARTESIAN_POINT('',(0.,4.2));
#3254 = VECTOR('',#3255,1.);
#3255 = DIRECTION('',(1.,0.));
#3256 = ( GEOMETRIC_REPRESENTATION_CONTEXT(2) 
PARAMETRIC_REPRESENTATION_CONTEXT() REPRESENTATION_CONTEXT('2D SPACE',''
  ) );
#3257 = ORIENTED_EDGE('',*,*,#3258,.T.);
#3258 = EDGE_CURVE('',#3236,#847,#3259,.T.);
#3259 = SURFACE_CURVE('',#3260,(#3265,#3272),.PCURVE_S1.);
#3260 = CIRCLE('',#3261,4.2);
#3261 = AXIS2_PLACEMENT_3D('',#3262,#3263,#3264);
#3262 = CARTESIAN_POINT('',(-33.4,-43.4,7.2));
#3263 = DIRECTION('',(-0.,-0.,-1.));
#3264 = DIRECTION('',(0.,-1.,0.));
#3265 = PCURVE('',#696,#3266);
#3266 = DEFINITIONAL_REPRESENTATION('',(#3267),#3271);
#3267 = LINE('',#3268,#3269);
#3268 = CARTESIAN_POINT('',(1.570796326795,3.6));
#3269 = VECTOR('',#3270,1.);
#3270 = DIRECTION('',(-1.,-0.));
#3271 = ( GEOMETRIC_REPRESENTATION_CONTEXT(2) 
PARAMETRIC_REPRESENTATION_CONTEXT() REPRESENTATION_CONTEXT('2D SPACE',''
  ) );
#3272 = PCURVE('',#1954,#3273);
#3273 = DEFINITIONAL_REPRESENTATION('',(#3274),#3278);
#3274 = LINE('',#3275,#3276);
#3275 = CARTESIAN_POINT('',(0.,-0.));
#3276 = VECTOR('',#3277,1.);
#3277 = DIRECTION('',(1.,-0.));
#3278 = ( GEOMETRIC_REPRESENTATION_CONTEXT(2) 
PARAMETRIC_REPRESENTATION_CONTEXT() REPRESENTATION_CONTEXT('2D SPACE',''
  ) );
#3279 = ADVANCED_FACE('',(#3280),#729,.T.);
#3280 = FACE_BOUND('',#3281,.T.);
#3281 = EDGE_LOOP('',(#3282,#3301,#3302,#3303));
#3282 = ORIENTED_EDGE('',*,*,#3283,.F.);
#3283 = EDGE_CURVE('',#714,#973,#3284,.T.);
#3284 = SURFACE_CURVE('',#3285,(#3289,#3295),.PCURVE_S1.);
#3285 = LINE('',#3286,#3287);
#3286 = CARTESIAN_POINT('',(33.4,-46.4,0.8));
#3287 = VECTOR('',#3288,1.);
#3288 = DIRECTION('',(-4.329780281177E-17,0.707106781187,-0.707106781187
    ));
#3289 = PCURVE('',#729,#3290);
#3290 = DEFINITIONAL_REPRESENTATION('',(#3291),#3294);
#3291 = B_SPLINE_CURVE_WITH_KNOTS('',1,(#3292,#3293),.UNSPECIFIED.,.F.,
  .F.,(2,2),(0.,1.131370849898),.PIECEWISE_BEZIER_KNOTS.);
#3292 = CARTESIAN_POINT('',(0.,-0.565685424949));
#3293 = CARTESIAN_POINT('',(0.,0.565685424949));
#3294 = ( GEOMETRIC_REPRESENTATION_CONTEXT(2) 
PARAMETRIC_REPRESENTATION_CONTEXT() REPRESENTATION_CONTEXT('2D SPACE',''
  ) );
#3295 = PCURVE('',#1016,#3296);
#3296 = DEFINITIONAL_REPRESENTATION('',(#3297),#3300);
#3297 = B_SPLINE_CURVE_WITH_KNOTS('',1,(#3298,#3299),.UNSPECIFIED.,.F.,
  .F.,(2,2),(0.,1.131370849898),.PIECEWISE_BEZIER_KNOTS.);
#3298 = CARTESIAN_POINT('',(-1.570796326795,0.));
#3299 = CARTESIAN_POINT('',(-1.570796326795,-0.8));
#3300 = ( GEOMETRIC_REPRESENTATION_CONTEXT(2) 
PARAMETRIC_REPRESENTATION_CONTEXT() REPRESENTATION_CONTEXT('2D SPACE',''
  ) );
#3301 = ORIENTED_EDGE('',*,*,#713,.T.);
#3302 = ORIENTED_EDGE('',*,*,#794,.T.);
#3303 = ORIENTED_EDGE('',*,*,#972,.F.);
#3304 = ADVANCED_FACE('',(#3305),#779,.T.);
#3305 = FACE_BOUND('',#3306,.F.);
#3306 = EDGE_LOOP('',(#3307,#3337,#3359,#3360));
#3307 = ORIENTED_EDGE('',*,*,#3308,.F.);
#3308 = EDGE_CURVE('',#3309,#3311,#3313,.T.);
#3309 = VERTEX_POINT('',#3310);
#3310 = CARTESIAN_POINT('',(36.4,-43.4,0.8));
#3311 = VERTEX_POINT('',#3312);
#3312 = CARTESIAN_POINT('',(36.4,-43.4,3.6));
#3313 = SURFACE_CURVE('',#3314,(#3318,#3325),.PCURVE_S1.);
#3314 = LINE('',#3315,#3316);
#3315 = CARTESIAN_POINT('',(36.4,-43.4,0.));
#3316 = VECTOR('',#3317,1.);
#3317 = DIRECTION('',(0.,0.,1.));
#3318 = PCURVE('',#779,#3319);
#3319 = DEFINITIONAL_REPRESENTATION('',(#3320),#3324);
#3320 = LINE('',#3321,#3322);
#3321 = CARTESIAN_POINT('',(-0.,0.));
#3322 = VECTOR('',#3323,1.);
#3323 = DIRECTION('',(-0.,1.));
#3324 = ( GEOMETRIC_REPRESENTATION_CONTEXT(2) 
PARAMETRIC_REPRESENTATION_CONTEXT() REPRESENTATION_CONTEXT('2D SPACE',''
  ) );
#3325 = PCURVE('',#3326,#3331);
#3326 = PLANE('',#3327);
#3327 = AXIS2_PLACEMENT_3D('',#3328,#3329,#3330);
#3328 = CARTESIAN_POINT('',(36.4,-46.4,0.));
#3329 = DIRECTION('',(1.,0.,-0.));
#3330 = DIRECTION('',(0.,0.,1.));
#3331 = DEFINITIONAL_REPRESENTATION('',(#3332),#3336);
#3332 = LINE('',#3333,#3334);
#3333 = CARTESIAN_POINT('',(0.,-3.));
#3334 = VECTOR('',#3335,1.);
#3335 = DIRECTION('',(1.,0.));
#3336 = ( GEOMETRIC_REPRESENTATION_CONTEXT(2) 
PARAMETRIC_REPRESENTATION_CONTEXT() REPRESENTATION_CONTEXT('2D SPACE',''
  ) );
#3337 = ORIENTED_EDGE('',*,*,#3338,.T.);
#3338 = EDGE_CURVE('',#3309,#714,#3339,.T.);
#3339 = SURFACE_CURVE('',#3340,(#3345,#3352),.PCURVE_S1.);
#3340 = CIRCLE('',#3341,3.);
#3341 = AXIS2_PLACEMENT_3D('',#3342,#3343,#3344);
#3342 = CARTESIAN_POINT('',(33.4,-43.4,0.8));
#3343 = DIRECTION('',(0.,-0.,-1.));
#3344 = DIRECTION('',(1.,0.,-0.));
#3345 = PCURVE('',#779,#3346);
#3346 = DEFINITIONAL_REPRESENTATION('',(#3347),#3351);
#3347 = LINE('',#3348,#3349);
#3348 = CARTESIAN_POINT('',(-0.,0.8));
#3349 = VECTOR('',#3350,1.);
#3350 = DIRECTION('',(-1.,0.));
#3351 = ( GEOMETRIC_REPRESENTATION_CONTEXT(2) 
PARAMETRIC_REPRESENTATION_CONTEXT() REPRESENTATION_CONTEXT('2D SPACE',''
  ) );
#3352 = PCURVE('',#1016,#3353);
#3353 = DEFINITIONAL_REPRESENTATION('',(#3354),#3358);
#3354 = LINE('',#3355,#3356);
#3355 = CARTESIAN_POINT('',(-0.,-0.));
#3356 = VECTOR('',#3357,1.);
#3357 = DIRECTION('',(-1.,-0.));
#3358 = ( GEOMETRIC_REPRESENTATION_CONTEXT(2) 
PARAMETRIC_REPRESENTATION_CONTEXT() REPRESENTATION_CONTEXT('2D SPACE',''
  ) );
#3359 = ORIENTED_EDGE('',*,*,#765,.T.);
#3360 = ORIENTED_EDGE('',*,*,#3361,.F.);
#3361 = EDGE_CURVE('',#3311,#743,#3362,.T.);
#3362 = SURFACE_CURVE('',#3363,(#3368,#3375),.PCURVE_S1.);
#3363 = CIRCLE('',#3364,3.);
#3364 = AXIS2_PLACEMENT_3D('',#3365,#3366,#3367);
#3365 = CARTESIAN_POINT('',(33.4,-43.4,3.6));
#3366 = DIRECTION('',(0.,-0.,-1.));
#3367 = DIRECTION('',(1.,0.,-0.));
#3368 = PCURVE('',#779,#3369);
#3369 = DEFINITIONAL_REPRESENTATION('',(#3370),#3374);
#3370 = LINE('',#3371,#3372);
#3371 = CARTESIAN_POINT('',(-0.,3.6));
#3372 = VECTOR('',#3373,1.);
#3373 = DIRECTION('',(-1.,0.));
#3374 = ( GEOMETRIC_REPRESENTATION_CONTEXT(2) 
PARAMETRIC_REPRESENTATION_CONTEXT() REPRESENTATION_CONTEXT('2D SPACE',''
  ) );
#3375 = PCURVE('',#3191,#3376);
#3376 = DEFINITIONAL_REPRESENTATION('',(#3377),#3381);
#3377 = LINE('',#3378,#3379);
#3378 = CARTESIAN_POINT('',(-0.,-1.2));
#3379 = VECTOR('',#3380,1.);
#3380 = DIRECTION('',(-1.,-0.));
#3381 = ( GEOMETRIC_REPRESENTATION_CONTEXT(2) 
PARAMETRIC_REPRESENTATION_CONTEXT() REPRESENTATION_CONTEXT('2D SPACE',''
  ) );
#3382 = ADVANCED_FACE('',(#3383,#3409,#3444),#913,.T.);
#3383 = FACE_BOUND('',#3384,.T.);
#3384 = EDGE_LOOP('',(#3385,#3386,#3387,#3408));
#3385 = ORIENTED_EDGE('',*,*,#3149,.T.);
#3386 = ORIENTED_EDGE('',*,*,#3005,.T.);
#3387 = ORIENTED_EDGE('',*,*,#3388,.F.);
#3388 = EDGE_CURVE('',#898,#3008,#3389,.T.);
#3389 = SURFACE_CURVE('',#3390,(#3394,#3401),.PCURVE_S1.);
#3390 = LINE('',#3391,#3392);
#3391 = CARTESIAN_POINT('',(-40.,-14.8,0.));
#3392 = VECTOR('',#3393,1.);
#3393 = DIRECTION('',(0.,0.,1.));
#3394 = PCURVE('',#913,#3395);
#3395 = DEFINITIONAL_REPRESENTATION('',(#3396),#3400);
#3396 = LINE('',#3397,#3398);
#3397 = CARTESIAN_POINT('',(12.4,0.));
#3398 = VECTOR('',#3399,1.);
#3399 = DIRECTION('',(0.,-1.));
#3400 = ( GEOMETRIC_REPRESENTATION_CONTEXT(2) 
PARAMETRIC_REPRESENTATION_CONTEXT() REPRESENTATION_CONTEXT('2D SPACE',''
  ) );
#3401 = PCURVE('',#1478,#3402);
#3402 = DEFINITIONAL_REPRESENTATION('',(#3403),#3407);
#3403 = LINE('',#3404,#3405);
#3404 = CARTESIAN_POINT('',(-3.14159265359,0.));
#3405 = VECTOR('',#3406,1.);
#3406 = DIRECTION('',(-0.,-1.));
#3407 = ( GEOMETRIC_REPRESENTATION_CONTEXT(2) 
PARAMETRIC_REPRESENTATION_CONTEXT() REPRESENTATION_CONTEXT('2D SPACE',''
  ) );
#3408 = ORIENTED_EDGE('',*,*,#895,.F.);
#3409 = FACE_BOUND('',#3410,.T.);
#3410 = EDGE_LOOP('',(#3411));
#3411 = ORIENTED_EDGE('',*,*,#3412,.T.);
#3412 = EDGE_CURVE('',#3413,#3413,#3415,.T.);
#3413 = VERTEX_POINT('',#3414);
#3414 = CARTESIAN_POINT('',(-39.99999995951,-24.,3.));
#3415 = SURFACE_CURVE('',#3416,(#3421,#3432),.PCURVE_S1.);
#3416 = CIRCLE('',#3417,2.);
#3417 = AXIS2_PLACEMENT_3D('',#3418,#3419,#3420);
#3418 = CARTESIAN_POINT('',(-39.99999995951,-24.,5.));
#3419 = DIRECTION('',(1.,0.,2.22044604925E-16));
#3420 = DIRECTION('',(2.22044604925E-16,0.,-1.));
#3421 = PCURVE('',#913,#3422);
#3422 = DEFINITIONAL_REPRESENTATION('',(#3423),#3431);
#3423 = ( BOUNDED_CURVE() B_SPLINE_CURVE(2,(#3424,#3425,#3426,#3427,
#3428,#3429,#3430),.UNSPECIFIED.,.T.,.F.) B_SPLINE_CURVE_WITH_KNOTS((1,2
    ,2,2,2,1),(-2.094395102393,0.,2.094395102393,4.188790204786,
6.28318530718,8.377580409573),.UNSPECIFIED.) CURVE() 
GEOMETRIC_REPRESENTATION_ITEM() RATIONAL_B_SPLINE_CURVE((1.,0.5,1.,0.5,
1.,0.5,1.)) REPRESENTATION_ITEM('') );
#3424 = CARTESIAN_POINT('',(3.2,-3.));
#3425 = CARTESIAN_POINT('',(6.664101615138,-3.));
#3426 = CARTESIAN_POINT('',(4.932050807569,-6.));
#3427 = CARTESIAN_POINT('',(3.2,-9.));
#3428 = CARTESIAN_POINT('',(1.467949192431,-6.));
#3429 = CARTESIAN_POINT('',(-0.264101615138,-3.));
#3430 = CARTESIAN_POINT('',(3.2,-3.));
#3431 = ( GEOMETRIC_REPRESENTATION_CONTEXT(2) 
PARAMETRIC_REPRESENTATION_CONTEXT() REPRESENTATION_CONTEXT('2D SPACE',''
  ) );
#3432 = PCURVE('',#3433,#3438);
#3433 = CYLINDRICAL_SURFACE('',#3434,2.);
#3434 = AXIS2_PLACEMENT_3D('',#3435,#3436,#3437);
#3435 = CARTESIAN_POINT('',(-40.01,-24.,5.));
#3436 = DIRECTION('',(1.,0.,2.22044604925E-16));
#3437 = DIRECTION('',(2.22044604925E-16,0.,-1.));
#3438 = DEFINITIONAL_REPRESENTATION('',(#3439),#3443);
#3439 = LINE('',#3440,#3441);
#3440 = CARTESIAN_POINT('',(0.,1.000004048902E-02));
#3441 = VECTOR('',#3442,1.);
#3442 = DIRECTION('',(1.,0.));
#3443 = ( GEOMETRIC_REPRESENTATION_CONTEXT(2) 
PARAMETRIC_REPRESENTATION_CONTEXT() REPRESENTATION_CONTEXT('2D SPACE',''
  ) );
#3444 = FACE_BOUND('',#3445,.T.);
#3445 = EDGE_LOOP('',(#3446));
#3446 = ORIENTED_EDGE('',*,*,#3447,.T.);
#3447 = EDGE_CURVE('',#3448,#3448,#3450,.T.);
#3448 = VERTEX_POINT('',#3449);
#3449 = CARTESIAN_POINT('',(-39.99999995951,-18.,3.));
#3450 = SURFACE_CURVE('',#3451,(#3456,#3467),.PCURVE_S1.);
#3451 = CIRCLE('',#3452,2.);
#3452 = AXIS2_PLACEMENT_3D('',#3453,#3454,#3455);
#3453 = CARTESIAN_POINT('',(-39.99999995951,-18.,5.));
#3454 = DIRECTION('',(1.,0.,2.22044604925E-16));
#3455 = DIRECTION('',(2.22044604925E-16,0.,-1.));
#3456 = PCURVE('',#913,#3457);
#3457 = DEFINITIONAL_REPRESENTATION('',(#3458),#3466);
#3458 = ( BOUNDED_CURVE() B_SPLINE_CURVE(2,(#3459,#3460,#3461,#3462,
#3463,#3464,#3465),.UNSPECIFIED.,.T.,.F.) B_SPLINE_CURVE_WITH_KNOTS((1,2
    ,2,2,2,1),(-2.094395102393,0.,2.094395102393,4.188790204786,
6.28318530718,8.377580409573),.UNSPECIFIED.) CURVE() 
GEOMETRIC_REPRESENTATION_ITEM() RATIONAL_B_SPLINE_CURVE((1.,0.5,1.,0.5,
1.,0.5,1.)) REPRESENTATION_ITEM('') );
#3459 = CARTESIAN_POINT('',(9.2,-3.));
#3460 = CARTESIAN_POINT('',(12.664101615138,-3.));
#3461 = CARTESIAN_POINT('',(10.932050807569,-6.));
#3462 = CARTESIAN_POINT('',(9.2,-9.));
#3463 = CARTESIAN_POINT('',(7.467949192431,-6.));
#3464 = CARTESIAN_POINT('',(5.735898384862,-3.));
#3465 = CARTESIAN_POINT('',(9.2,-3.));
#3466 = ( GEOMETRIC_REPRESENTATION_CONTEXT(2) 
PARAMETRIC_REPRESENTATION_CONTEXT() REPRESENTATION_CONTEXT('2D SPACE',''
  ) );
#3467 = PCURVE('',#3468,#3473);
#3468 = CYLINDRICAL_SURFACE('',#3469,2.);
#3469 = AXIS2_PLACEMENT_3D('',#3470,#3471,#3472);
#3470 = CARTESIAN_POINT('',(-40.01,-18.,5.));
#3471 = DIRECTION('',(1.,0.,2.22044604925E-16));
#3472 = DIRECTION('',(2.22044604925E-16,0.,-1.));
#3473 = DEFINITIONAL_REPRESENTATION('',(#3474),#3478);
#3474 = LINE('',#3475,#3476);
#3475 = CARTESIAN_POINT('',(0.,1.000004048902E-02));
#3476 = VECTOR('',#3477,1.);
#3477 = DIRECTION('',(1.,0.));
#3478 = ( GEOMETRIC_REPRESENTATION_CONTEXT(2) 
PARAMETRIC_REPRESENTATION_CONTEXT() REPRESENTATION_CONTEXT('2D SPACE',''
  ) );
#3479 = ADVANCED_FACE('',(#3480),#1016,.T.);
#3480 = FACE_BOUND('',#3481,.T.);
#3481 = EDGE_LOOP('',(#3482,#3501,#3502,#3503));
#3482 = ORIENTED_EDGE('',*,*,#3483,.F.);
#3483 = EDGE_CURVE('',#3309,#996,#3484,.T.);
#3484 = SURFACE_CURVE('',#3485,(#3489,#3495),.PCURVE_S1.);
#3485 = LINE('',#3486,#3487);
#3486 = CARTESIAN_POINT('',(36.,-43.4,0.4));
#3487 = VECTOR('',#3488,1.);
#3488 = DIRECTION('',(-0.707106781187,-0.,-0.707106781187));
#3489 = PCURVE('',#1016,#3490);
#3490 = DEFINITIONAL_REPRESENTATION('',(#3491),#3494);
#3491 = B_SPLINE_CURVE_WITH_KNOTS('',1,(#3492,#3493),.UNSPECIFIED.,.F.,
  .F.,(2,2),(-0.565685424949,0.565685424949),.PIECEWISE_BEZIER_KNOTS.);
#3492 = CARTESIAN_POINT('',(0.,0.));
#3493 = CARTESIAN_POINT('',(0.,-0.8));
#3494 = ( GEOMETRIC_REPRESENTATION_CONTEXT(2) 
PARAMETRIC_REPRESENTATION_CONTEXT() REPRESENTATION_CONTEXT('2D SPACE',''
  ) );
#3495 = PCURVE('',#1044,#3496);
#3496 = DEFINITIONAL_REPRESENTATION('',(#3497),#3500);
#3497 = B_SPLINE_CURVE_WITH_KNOTS('',1,(#3498,#3499),.UNSPECIFIED.,.F.,
  .F.,(2,2),(-0.565685424949,0.565685424949),.PIECEWISE_BEZIER_KNOTS.);
#3498 = CARTESIAN_POINT('',(-86.8,-0.565685424949));
#3499 = CARTESIAN_POINT('',(-86.8,0.565685424949));
#3500 = ( GEOMETRIC_REPRESENTATION_CONTEXT(2) 
PARAMETRIC_REPRESENTATION_CONTEXT() REPRESENTATION_CONTEXT('2D SPACE',''
  ) );
#3501 = ORIENTED_EDGE('',*,*,#3338,.T.);
#3502 = ORIENTED_EDGE('',*,*,#3283,.T.);
#3503 = ORIENTED_EDGE('',*,*,#995,.F.);
#3504 = ADVANCED_FACE('',(#3505),#1044,.F.);
#3505 = FACE_BOUND('',#3506,.T.);
#3506 = EDGE_LOOP('',(#3507,#3528,#3549,#3550));
#3507 = ORIENTED_EDGE('',*,*,#3508,.F.);
#3508 = EDGE_CURVE('',#3509,#1029,#3511,.T.);
#3509 = VERTEX_POINT('',#3510);
#3510 = CARTESIAN_POINT('',(36.4,43.4,0.8));
#3511 = SURFACE_CURVE('',#3512,(#3516,#3522),.PCURVE_S1.);
#3512 = LINE('',#3513,#3514);
#3513 = CARTESIAN_POINT('',(36.4,43.4,0.8));
#3514 = VECTOR('',#3515,1.);
#3515 = DIRECTION('',(-0.707106781187,-4.329780281177E-17,
    -0.707106781187));
#3516 = PCURVE('',#1044,#3517);
#3517 = DEFINITIONAL_REPRESENTATION('',(#3518),#3521);
#3518 = B_SPLINE_CURVE_WITH_KNOTS('',1,(#3519,#3520),.UNSPECIFIED.,.F.,
  .F.,(2,2),(0.,1.131370849898),.PIECEWISE_BEZIER_KNOTS.);
#3519 = CARTESIAN_POINT('',(0.,-0.565685424949));
#3520 = CARTESIAN_POINT('',(0.,0.565685424949));
#3521 = ( GEOMETRIC_REPRESENTATION_CONTEXT(2) 
PARAMETRIC_REPRESENTATION_CONTEXT() REPRESENTATION_CONTEXT('2D SPACE',''
  ) );
#3522 = PCURVE('',#1077,#3523);
#3523 = DEFINITIONAL_REPRESENTATION('',(#3524),#3527);
#3524 = B_SPLINE_CURVE_WITH_KNOTS('',1,(#3525,#3526),.UNSPECIFIED.,.F.,
  .F.,(2,2),(0.,1.131370849898),.PIECEWISE_BEZIER_KNOTS.);
#3525 = CARTESIAN_POINT('',(-1.570796326795,0.));
#3526 = CARTESIAN_POINT('',(-1.570796326795,-0.8));
#3527 = ( GEOMETRIC_REPRESENTATION_CONTEXT(2) 
PARAMETRIC_REPRESENTATION_CONTEXT() REPRESENTATION_CONTEXT('2D SPACE',''
  ) );
#3528 = ORIENTED_EDGE('',*,*,#3529,.T.);
#3529 = EDGE_CURVE('',#3509,#3309,#3530,.T.);
#3530 = SURFACE_CURVE('',#3531,(#3535,#3542),.PCURVE_S1.);
#3531 = LINE('',#3532,#3533);
#3532 = CARTESIAN_POINT('',(36.4,43.4,0.8));
#3533 = VECTOR('',#3534,1.);
#3534 = DIRECTION('',(0.,-1.,-0.));
#3535 = PCURVE('',#1044,#3536);
#3536 = DEFINITIONAL_REPRESENTATION('',(#3537),#3541);
#3537 = LINE('',#3538,#3539);
#3538 = CARTESIAN_POINT('',(-0.,-0.565685424949));
#3539 = VECTOR('',#3540,1.);
#3540 = DIRECTION('',(-1.,0.));
#3541 = ( GEOMETRIC_REPRESENTATION_CONTEXT(2) 
PARAMETRIC_REPRESENTATION_CONTEXT() REPRESENTATION_CONTEXT('2D SPACE',''
  ) );
#3542 = PCURVE('',#3326,#3543);
#3543 = DEFINITIONAL_REPRESENTATION('',(#3544),#3548);
#3544 = LINE('',#3545,#3546);
#3545 = CARTESIAN_POINT('',(0.8,-89.8));
#3546 = VECTOR('',#3547,1.);
#3547 = DIRECTION('',(0.,1.));
#3548 = ( GEOMETRIC_REPRESENTATION_CONTEXT(2) 
PARAMETRIC_REPRESENTATION_CONTEXT() REPRESENTATION_CONTEXT('2D SPACE',''
  ) );
#3549 = ORIENTED_EDGE('',*,*,#3483,.T.);
#3550 = ORIENTED_EDGE('',*,*,#1028,.F.);
#3551 = ADVANCED_FACE('',(#3552),#1077,.T.);
#3552 = FACE_BOUND('',#3553,.T.);
#3553 = EDGE_LOOP('',(#3554,#3575,#3602,#3603));
#3554 = ORIENTED_EDGE('',*,*,#3555,.F.);
#3555 = EDGE_CURVE('',#3556,#1057,#3558,.T.);
#3556 = VERTEX_POINT('',#3557);
#3557 = CARTESIAN_POINT('',(33.4,46.4,0.8));
#3558 = SURFACE_CURVE('',#3559,(#3563,#3569),.PCURVE_S1.);
#3559 = LINE('',#3560,#3561);
#3560 = CARTESIAN_POINT('',(33.4,46.,0.4));
#3561 = VECTOR('',#3562,1.);
#3562 = DIRECTION('',(-0.,-0.707106781187,-0.707106781187));
#3563 = PCURVE('',#1077,#3564);
#3564 = DEFINITIONAL_REPRESENTATION('',(#3565),#3568);
#3565 = B_SPLINE_CURVE_WITH_KNOTS('',1,(#3566,#3567),.UNSPECIFIED.,.F.,
  .F.,(2,2),(-0.565685424949,0.565685424949),.PIECEWISE_BEZIER_KNOTS.);
#3566 = CARTESIAN_POINT('',(0.,0.));
#3567 = CARTESIAN_POINT('',(0.,-0.8));
#3568 = ( GEOMETRIC_REPRESENTATION_CONTEXT(2) 
PARAMETRIC_REPRESENTATION_CONTEXT() REPRESENTATION_CONTEXT('2D SPACE',''
  ) );
#3569 = PCURVE('',#1105,#3570);
#3570 = DEFINITIONAL_REPRESENTATION('',(#3571),#3574);
#3571 = B_SPLINE_CURVE_WITH_KNOTS('',1,(#3572,#3573),.UNSPECIFIED.,.F.,
  .F.,(2,2),(-0.565685424949,0.565685424949),.PIECEWISE_BEZIER_KNOTS.);
#3572 = CARTESIAN_POINT('',(-66.8,-0.565685424949));
#3573 = CARTESIAN_POINT('',(-66.8,0.565685424949));
#3574 = ( GEOMETRIC_REPRESENTATION_CONTEXT(2) 
PARAMETRIC_REPRESENTATION_CONTEXT() REPRESENTATION_CONTEXT('2D SPACE',''
  ) );
#3575 = ORIENTED_EDGE('',*,*,#3576,.T.);
#3576 = EDGE_CURVE('',#3556,#3509,#3577,.T.);
#3577 = SURFACE_CURVE('',#3578,(#3583,#3590),.PCURVE_S1.);
#3578 = CIRCLE('',#3579,3.);
#3579 = AXIS2_PLACEMENT_3D('',#3580,#3581,#3582);
#3580 = CARTESIAN_POINT('',(33.4,43.4,0.8));
#3581 = DIRECTION('',(0.,-0.,-1.));
#3582 = DIRECTION('',(0.,1.,-0.));
#3583 = PCURVE('',#1077,#3584);
#3584 = DEFINITIONAL_REPRESENTATION('',(#3585),#3589);
#3585 = LINE('',#3586,#3587);
#3586 = CARTESIAN_POINT('',(-0.,-0.));
#3587 = VECTOR('',#3588,1.);
#3588 = DIRECTION('',(-1.,-0.));
#3589 = ( GEOMETRIC_REPRESENTATION_CONTEXT(2) 
PARAMETRIC_REPRESENTATION_CONTEXT() REPRESENTATION_CONTEXT('2D SPACE',''
  ) );
#3590 = PCURVE('',#3591,#3596);
#3591 = CYLINDRICAL_SURFACE('',#3592,3.);
#3592 = AXIS2_PLACEMENT_3D('',#3593,#3594,#3595);
#3593 = CARTESIAN_POINT('',(33.4,43.4,0.));
#3594 = DIRECTION('',(0.,0.,1.));
#3595 = DIRECTION('',(1.,0.,-0.));
#3596 = DEFINITIONAL_REPRESENTATION('',(#3597),#3601);
#3597 = LINE('',#3598,#3599);
#3598 = CARTESIAN_POINT('',(1.570796326795,0.8));
#3599 = VECTOR('',#3600,1.);
#3600 = DIRECTION('',(-1.,-0.));
#3601 = ( GEOMETRIC_REPRESENTATION_CONTEXT(2) 
PARAMETRIC_REPRESENTATION_CONTEXT() REPRESENTATION_CONTEXT('2D SPACE',''
  ) );
#3602 = ORIENTED_EDGE('',*,*,#3508,.T.);
#3603 = ORIENTED_EDGE('',*,*,#1056,.F.);
#3604 = ADVANCED_FACE('',(#3605),#1105,.F.);
#3605 = FACE_BOUND('',#3606,.T.);
#3606 = EDGE_LOOP('',(#3607,#3628,#3654,#3655));
#3607 = ORIENTED_EDGE('',*,*,#3608,.F.);
#3608 = EDGE_CURVE('',#3609,#1090,#3611,.T.);
#3609 = VERTEX_POINT('',#3610);
#3610 = CARTESIAN_POINT('',(-33.4,46.4,0.8));
#3611 = SURFACE_CURVE('',#3612,(#3616,#3622),.PCURVE_S1.);
#3612 = LINE('',#3613,#3614);
#3613 = CARTESIAN_POINT('',(-33.4,46.4,0.8));
#3614 = VECTOR('',#3615,1.);
#3615 = DIRECTION('',(4.329780281177E-17,-0.707106781187,-0.707106781187
    ));
#3616 = PCURVE('',#1105,#3617);
#3617 = DEFINITIONAL_REPRESENTATION('',(#3618),#3621);
#3618 = B_SPLINE_CURVE_WITH_KNOTS('',1,(#3619,#3620),.UNSPECIFIED.,.F.,
  .F.,(2,2),(0.,1.131370849898),.PIECEWISE_BEZIER_KNOTS.);
#3619 = CARTESIAN_POINT('',(0.,-0.565685424949));
#3620 = CARTESIAN_POINT('',(0.,0.565685424949));
#3621 = ( GEOMETRIC_REPRESENTATION_CONTEXT(2) 
PARAMETRIC_REPRESENTATION_CONTEXT() REPRESENTATION_CONTEXT('2D SPACE',''
  ) );
#3622 = PCURVE('',#1138,#3623);
#3623 = DEFINITIONAL_REPRESENTATION('',(#3624),#3627);
#3624 = B_SPLINE_CURVE_WITH_KNOTS('',1,(#3625,#3626),.UNSPECIFIED.,.F.,
  .F.,(2,2),(0.,1.131370849898),.PIECEWISE_BEZIER_KNOTS.);
#3625 = CARTESIAN_POINT('',(-1.570796326795,0.));
#3626 = CARTESIAN_POINT('',(-1.570796326795,-0.8));
#3627 = ( GEOMETRIC_REPRESENTATION_CONTEXT(2) 
PARAMETRIC_REPRESENTATION_CONTEXT() REPRESENTATION_CONTEXT('2D SPACE',''
  ) );
#3628 = ORIENTED_EDGE('',*,*,#3629,.T.);
#3629 = EDGE_CURVE('',#3609,#3556,#3630,.T.);
#3630 = SURFACE_CURVE('',#3631,(#3635,#3642),.PCURVE_S1.);
#3631 = LINE('',#3632,#3633);
#3632 = CARTESIAN_POINT('',(-33.4,46.4,0.8));
#3633 = VECTOR('',#3634,1.);
#3634 = DIRECTION('',(1.,0.,-0.));
#3635 = PCURVE('',#1105,#3636);
#3636 = DEFINITIONAL_REPRESENTATION('',(#3637),#3641);
#3637 = LINE('',#3638,#3639);
#3638 = CARTESIAN_POINT('',(-0.,-0.565685424949));
#3639 = VECTOR('',#3640,1.);
#3640 = DIRECTION('',(-1.,0.));
#3641 = ( GEOMETRIC_REPRESENTATION_CONTEXT(2) 
PARAMETRIC_REPRESENTATION_CONTEXT() REPRESENTATION_CONTEXT('2D SPACE',''
  ) );
#3642 = PCURVE('',#3643,#3648);
#3643 = PLANE('',#3644);
#3644 = AXIS2_PLACEMENT_3D('',#3645,#3646,#3647);
#3645 = CARTESIAN_POINT('',(-36.4,46.4,0.));
#3646 = DIRECTION('',(-0.,1.,0.));
#3647 = DIRECTION('',(0.,0.,1.));
#3648 = DEFINITIONAL_REPRESENTATION('',(#3649),#3653);
#3649 = LINE('',#3650,#3651);
#3650 = CARTESIAN_POINT('',(0.8,3.));
#3651 = VECTOR('',#3652,1.);
#3652 = DIRECTION('',(0.,1.));
#3653 = ( GEOMETRIC_REPRESENTATION_CONTEXT(2) 
PARAMETRIC_REPRESENTATION_CONTEXT() REPRESENTATION_CONTEXT('2D SPACE',''
  ) );
#3654 = ORIENTED_EDGE('',*,*,#3555,.T.);
#3655 = ORIENTED_EDGE('',*,*,#1089,.F.);
#3656 = ADVANCED_FACE('',(#3657),#1138,.T.);
#3657 = FACE_BOUND('',#3658,.T.);
#3658 = EDGE_LOOP('',(#3659,#3680,#3707,#3708));
#3659 = ORIENTED_EDGE('',*,*,#3660,.F.);
#3660 = EDGE_CURVE('',#3661,#1118,#3663,.T.);
#3661 = VERTEX_POINT('',#3662);
#3662 = CARTESIAN_POINT('',(-36.4,43.4,0.8));
#3663 = SURFACE_CURVE('',#3664,(#3668,#3674),.PCURVE_S1.);
#3664 = LINE('',#3665,#3666);
#3665 = CARTESIAN_POINT('',(-36.,43.4,0.4));
#3666 = VECTOR('',#3667,1.);
#3667 = DIRECTION('',(0.707106781187,0.,-0.707106781187));
#3668 = PCURVE('',#1138,#3669);
#3669 = DEFINITIONAL_REPRESENTATION('',(#3670),#3673);
#3670 = B_SPLINE_CURVE_WITH_KNOTS('',1,(#3671,#3672),.UNSPECIFIED.,.F.,
  .F.,(2,2),(-0.565685424949,0.565685424949),.PIECEWISE_BEZIER_KNOTS.);
#3671 = CARTESIAN_POINT('',(0.,0.));
#3672 = CARTESIAN_POINT('',(0.,-0.8));
#3673 = ( GEOMETRIC_REPRESENTATION_CONTEXT(2) 
PARAMETRIC_REPRESENTATION_CONTEXT() REPRESENTATION_CONTEXT('2D SPACE',''
  ) );
#3674 = PCURVE('',#1166,#3675);
#3675 = DEFINITIONAL_REPRESENTATION('',(#3676),#3679);
#3676 = B_SPLINE_CURVE_WITH_KNOTS('',1,(#3677,#3678),.UNSPECIFIED.,.F.,
  .F.,(2,2),(-0.565685424949,0.565685424949),.PIECEWISE_BEZIER_KNOTS.);
#3677 = CARTESIAN_POINT('',(86.8,-0.565685424949));
#3678 = CARTESIAN_POINT('',(86.8,0.565685424949));
#3679 = ( GEOMETRIC_REPRESENTATION_CONTEXT(2) 
PARAMETRIC_REPRESENTATION_CONTEXT() REPRESENTATION_CONTEXT('2D SPACE',''
  ) );
#3680 = ORIENTED_EDGE('',*,*,#3681,.T.);
#3681 = EDGE_CURVE('',#3661,#3609,#3682,.T.);
#3682 = SURFACE_CURVE('',#3683,(#3688,#3695),.PCURVE_S1.);
#3683 = CIRCLE('',#3684,3.);
#3684 = AXIS2_PLACEMENT_3D('',#3685,#3686,#3687);
#3685 = CARTESIAN_POINT('',(-33.4,43.4,0.8));
#3686 = DIRECTION('',(-0.,0.,-1.));
#3687 = DIRECTION('',(-1.,0.,0.));
#3688 = PCURVE('',#1138,#3689);
#3689 = DEFINITIONAL_REPRESENTATION('',(#3690),#3694);
#3690 = LINE('',#3691,#3692);
#3691 = CARTESIAN_POINT('',(-0.,-0.));
#3692 = VECTOR('',#3693,1.);
#3693 = DIRECTION('',(-1.,-0.));
#3694 = ( GEOMETRIC_REPRESENTATION_CONTEXT(2) 
PARAMETRIC_REPRESENTATION_CONTEXT() REPRESENTATION_CONTEXT('2D SPACE',''
  ) );
#3695 = PCURVE('',#3696,#3701);
#3696 = CYLINDRICAL_SURFACE('',#3697,3.);
#3697 = AXIS2_PLACEMENT_3D('',#3698,#3699,#3700);
#3698 = CARTESIAN_POINT('',(-33.4,43.4,0.));
#3699 = DIRECTION('',(0.,0.,1.));
#3700 = DIRECTION('',(-1.,-0.,0.));
#3701 = DEFINITIONAL_REPRESENTATION('',(#3702),#3706);
#3702 = LINE('',#3703,#3704);
#3703 = CARTESIAN_POINT('',(-0.,0.8));
#3704 = VECTOR('',#3705,1.);
#3705 = DIRECTION('',(-1.,0.));
#3706 = ( GEOMETRIC_REPRESENTATION_CONTEXT(2) 
PARAMETRIC_REPRESENTATION_CONTEXT() REPRESENTATION_CONTEXT('2D SPACE',''
  ) );
#3707 = ORIENTED_EDGE('',*,*,#3608,.T.);
#3708 = ORIENTED_EDGE('',*,*,#1117,.F.);
#3709 = ADVANCED_FACE('',(#3710),#1166,.T.);
#3710 = FACE_BOUND('',#3711,.T.);
#3711 = EDGE_LOOP('',(#3712,#3735,#3761,#3762,#3763));
#3712 = ORIENTED_EDGE('',*,*,#3713,.F.);
#3713 = EDGE_CURVE('',#3714,#3716,#3718,.T.);
#3714 = VERTEX_POINT('',#3715);
#3715 = CARTESIAN_POINT('',(-36.4,11.,0.8));
#3716 = VERTEX_POINT('',#3717);
#3717 = CARTESIAN_POINT('',(-36.19999997103,11.,0.599999971038));
#3718 = SURFACE_CURVE('',#3719,(#3723,#3729),.PCURVE_S1.);
#3719 = LINE('',#3720,#3721);
#3720 = CARTESIAN_POINT('',(-36.70000001012,11.,1.100000010122));
#3721 = VECTOR('',#3722,1.);
#3722 = DIRECTION('',(0.707106781187,0.,-0.707106781187));
#3723 = PCURVE('',#1166,#3724);
#3724 = DEFINITIONAL_REPRESENTATION('',(#3725),#3728);
#3725 = B_SPLINE_CURVE_WITH_KNOTS('',1,(#3726,#3727),.UNSPECIFIED.,.F.,
  .F.,(2,2),(0.424264083027,0.707106836459),.PIECEWISE_BEZIER_KNOTS.);
#3726 = CARTESIAN_POINT('',(54.4,-0.565685424949));
#3727 = CARTESIAN_POINT('',(54.4,-0.282842671517));
#3728 = ( GEOMETRIC_REPRESENTATION_CONTEXT(2) 
PARAMETRIC_REPRESENTATION_CONTEXT() REPRESENTATION_CONTEXT('2D SPACE',''
  ) );
#3729 = PCURVE('',#1223,#3730);
#3730 = DEFINITIONAL_REPRESENTATION('',(#3731),#3734);
#3731 = B_SPLINE_CURVE_WITH_KNOTS('',1,(#3732,#3733),.UNSPECIFIED.,.F.,
  .F.,(2,2),(0.424264083027,0.707106836459),.PIECEWISE_BEZIER_KNOTS.);
#3732 = CARTESIAN_POINT('',(2.800000040489,-0.8));
#3733 = CARTESIAN_POINT('',(3.000000069451,-0.599999971038));
#3734 = ( GEOMETRIC_REPRESENTATION_CONTEXT(2) 
PARAMETRIC_REPRESENTATION_CONTEXT() REPRESENTATION_CONTEXT('2D SPACE',''
  ) );
#3735 = ORIENTED_EDGE('',*,*,#3736,.T.);
#3736 = EDGE_CURVE('',#3714,#3661,#3737,.T.);
#3737 = SURFACE_CURVE('',#3738,(#3742,#3749),.PCURVE_S1.);
#3738 = LINE('',#3739,#3740);
#3739 = CARTESIAN_POINT('',(-36.4,-43.4,0.8));
#3740 = VECTOR('',#3741,1.);
#3741 = DIRECTION('',(-0.,1.,0.));
#3742 = PCURVE('',#1166,#3743);
#3743 = DEFINITIONAL_REPRESENTATION('',(#3744),#3748);
#3744 = LINE('',#3745,#3746);
#3745 = CARTESIAN_POINT('',(0.,-0.565685424949));
#3746 = VECTOR('',#3747,1.);
#3747 = DIRECTION('',(1.,0.));
#3748 = ( GEOMETRIC_REPRESENTATION_CONTEXT(2) 
PARAMETRIC_REPRESENTATION_CONTEXT() REPRESENTATION_CONTEXT('2D SPACE',''
  ) );
#3749 = PCURVE('',#3750,#3755);
#3750 = PLANE('',#3751);
#3751 = AXIS2_PLACEMENT_3D('',#3752,#3753,#3754);
#3752 = CARTESIAN_POINT('',(-36.4,-46.4,0.));
#3753 = DIRECTION('',(1.,0.,-0.));
#3754 = DIRECTION('',(0.,0.,1.));
#3755 = DEFINITIONAL_REPRESENTATION('',(#3756),#3760);
#3756 = LINE('',#3757,#3758);
#3757 = CARTESIAN_POINT('',(0.8,-3.));
#3758 = VECTOR('',#3759,1.);
#3759 = DIRECTION('',(0.,-1.));
#3760 = ( GEOMETRIC_REPRESENTATION_CONTEXT(2) 
PARAMETRIC_REPRESENTATION_CONTEXT() REPRESENTATION_CONTEXT('2D SPACE',''
  ) );
#3761 = ORIENTED_EDGE('',*,*,#3660,.T.);
#3762 = ORIENTED_EDGE('',*,*,#1150,.F.);
#3763 = ORIENTED_EDGE('',*,*,#3764,.F.);
#3764 = EDGE_CURVE('',#3716,#1151,#3765,.T.);
#3765 = SURFACE_CURVE('',#3766,(#3771,#3778),.PCURVE_S1.);
#3766 = ELLIPSE('',#3767,1.131370849898,0.8);
#3767 = AXIS2_PLACEMENT_3D('',#3768,#3769,#3770);
#3768 = CARTESIAN_POINT('',(-36.19999997103,10.2,0.599999971038));
#3769 = DIRECTION('',(-0.707106781187,6.983161618628E-18,-0.707106781187
    ));
#3770 = DIRECTION('',(0.707106781187,-6.983161618628E-18,-0.707106781187
    ));
#3771 = PCURVE('',#1166,#3772);
#3772 = DEFINITIONAL_REPRESENTATION('',(#3773),#3777);
#3773 = ELLIPSE('',#3774,1.131370849898,0.8);
#3774 = AXIS2_PLACEMENT_2D('',#3775,#3776);
#3775 = CARTESIAN_POINT('',(53.6,-0.282842671517));
#3776 = DIRECTION('',(-6.983161618628E-18,1.));
#3777 = ( GEOMETRIC_REPRESENTATION_CONTEXT(2) 
PARAMETRIC_REPRESENTATION_CONTEXT() REPRESENTATION_CONTEXT('2D SPACE',''
  ) );
#3778 = PCURVE('',#1195,#3779);
#3779 = DEFINITIONAL_REPRESENTATION('',(#3780),#3788);
#3780 = B_SPLINE_CURVE_WITH_KNOTS('',6,(#3781,#3782,#3783,#3784,#3785,
    #3786,#3787),.UNSPECIFIED.,.F.,.F.,(7,7),(4.712388980385,
    5.560455540219),.PIECEWISE_BEZIER_KNOTS.);
#3781 = CARTESIAN_POINT('',(-1.570796326795,-0.599999971038));
#3782 = CARTESIAN_POINT('',(-1.429451900156,-0.486924429727));
#3783 = CARTESIAN_POINT('',(-1.288107473517,-0.373849155407));
#3784 = CARTESIAN_POINT('',(-1.146763046878,-0.26483847608));
#3785 = CARTESIAN_POINT('',(-1.005418620239,-0.163965857617));
#3786 = CARTESIAN_POINT('',(-0.8640741936,-7.478966041149E-02));
#3787 = CARTESIAN_POINT('',(-0.722729766961,2.400000000735E-06));
#3788 = ( GEOMETRIC_REPRESENTATION_CONTEXT(2) 
PARAMETRIC_REPRESENTATION_CONTEXT() REPRESENTATION_CONTEXT('2D SPACE',''
  ) );
#3789 = ADVANCED_FACE('',(#3790),#1195,.T.);
#3790 = FACE_BOUND('',#3791,.F.);
#3791 = EDGE_LOOP('',(#3792,#3793,#3794));
#3792 = ORIENTED_EDGE('',*,*,#1178,.F.);
#3793 = ORIENTED_EDGE('',*,*,#3764,.F.);
#3794 = ORIENTED_EDGE('',*,*,#3795,.F.);
#3795 = EDGE_CURVE('',#1179,#3716,#3796,.T.);
#3796 = SURFACE_CURVE('',#3797,(#3801,#3808),.PCURVE_S1.);
#3797 = LINE('',#3798,#3799);
#3798 = CARTESIAN_POINT('',(-36.19999997103,11.,0.));
#3799 = VECTOR('',#3800,1.);
#3800 = DIRECTION('',(0.,0.,1.));
#3801 = PCURVE('',#1195,#3802);
#3802 = DEFINITIONAL_REPRESENTATION('',(#3803),#3807);
#3803 = LINE('',#3804,#3805);
#3804 = CARTESIAN_POINT('',(-1.570796326795,0.));
#3805 = VECTOR('',#3806,1.);
#3806 = DIRECTION('',(-0.,-1.));
#3807 = ( GEOMETRIC_REPRESENTATION_CONTEXT(2) 
PARAMETRIC_REPRESENTATION_CONTEXT() REPRESENTATION_CONTEXT('2D SPACE',''
  ) );
#3808 = PCURVE('',#1223,#3809);
#3809 = DEFINITIONAL_REPRESENTATION('',(#3810),#3814);
#3810 = LINE('',#3811,#3812);
#3811 = CARTESIAN_POINT('',(3.000000069451,0.));
#3812 = VECTOR('',#3813,1.);
#3813 = DIRECTION('',(0.,-1.));
#3814 = ( GEOMETRIC_REPRESENTATION_CONTEXT(2) 
PARAMETRIC_REPRESENTATION_CONTEXT() REPRESENTATION_CONTEXT('2D SPACE',''
  ) );
#3815 = ADVANCED_FACE('',(#3816),#1223,.T.);
#3816 = FACE_BOUND('',#3817,.T.);
#3817 = EDGE_LOOP('',(#3818,#3819,#3842,#3870,#3891,#3892,#3913,#3939,
    #3965,#3991,#4010,#4011));
#3818 = ORIENTED_EDGE('',*,*,#1207,.F.);
#3819 = ORIENTED_EDGE('',*,*,#3820,.T.);
#3820 = EDGE_CURVE('',#1208,#3821,#3823,.T.);
#3821 = VERTEX_POINT('',#3822);
#3822 = CARTESIAN_POINT('',(-39.20000004048,11.,9.3));
#3823 = SURFACE_CURVE('',#3824,(#3828,#3835),.PCURVE_S1.);
#3824 = LINE('',#3825,#3826);
#3825 = CARTESIAN_POINT('',(-39.20000004048,11.,0.));
#3826 = VECTOR('',#3827,1.);
#3827 = DIRECTION('',(0.,0.,1.));
#3828 = PCURVE('',#1223,#3829);
#3829 = DEFINITIONAL_REPRESENTATION('',(#3830),#3834);
#3830 = LINE('',#3831,#3832);
#3831 = CARTESIAN_POINT('',(0.,0.));
#3832 = VECTOR('',#3833,1.);
#3833 = DIRECTION('',(0.,-1.));
#3834 = ( GEOMETRIC_REPRESENTATION_CONTEXT(2) 
PARAMETRIC_REPRESENTATION_CONTEXT() REPRESENTATION_CONTEXT('2D SPACE',''
  ) );
#3835 = PCURVE('',#1252,#3836);
#3836 = DEFINITIONAL_REPRESENTATION('',(#3837),#3841);
#3837 = LINE('',#3838,#3839);
#3838 = CARTESIAN_POINT('',(-1.570796326795,0.));
#3839 = VECTOR('',#3840,1.);
#3840 = DIRECTION('',(-0.,-1.));
#3841 = ( GEOMETRIC_REPRESENTATION_CONTEXT(2) 
PARAMETRIC_REPRESENTATION_CONTEXT() REPRESENTATION_CONTEXT('2D SPACE',''
  ) );
#3842 = ORIENTED_EDGE('',*,*,#3843,.T.);
#3843 = EDGE_CURVE('',#3821,#3844,#3846,.T.);
#3844 = VERTEX_POINT('',#3845);
#3845 = CARTESIAN_POINT('',(-36.19999997103,11.,9.3));
#3846 = SURFACE_CURVE('',#3847,(#3851,#3858),.PCURVE_S1.);
#3847 = LINE('',#3848,#3849);
#3848 = CARTESIAN_POINT('',(-37.69999995951,11.,9.3));
#3849 = VECTOR('',#3850,1.);
#3850 = DIRECTION('',(1.,0.,0.));
#3851 = PCURVE('',#1223,#3852);
#3852 = DEFINITIONAL_REPRESENTATION('',(#3853),#3857);
#3853 = LINE('',#3854,#3855);
#3854 = CARTESIAN_POINT('',(1.500000080978,-9.3));
#3855 = VECTOR('',#3856,1.);
#3856 = DIRECTION('',(1.,0.));
#3857 = ( GEOMETRIC_REPRESENTATION_CONTEXT(2) 
PARAMETRIC_REPRESENTATION_CONTEXT() REPRESENTATION_CONTEXT('2D SPACE',''
  ) );
#3858 = PCURVE('',#3859,#3864);
#3859 = PLANE('',#3860);
#3860 = AXIS2_PLACEMENT_3D('',#3861,#3862,#3863);
#3861 = CARTESIAN_POINT('',(-37.69999997369,4.,9.3));
#3862 = DIRECTION('',(0.,0.,1.));
#3863 = DIRECTION('',(1.,0.,-0.));
#3864 = DEFINITIONAL_REPRESENTATION('',(#3865),#3869);
#3865 = LINE('',#3866,#3867);
#3866 = CARTESIAN_POINT('',(1.418425574539E-08,7.));
#3867 = VECTOR('',#3868,1.);
#3868 = DIRECTION('',(1.,0.));
#3869 = ( GEOMETRIC_REPRESENTATION_CONTEXT(2) 
PARAMETRIC_REPRESENTATION_CONTEXT() REPRESENTATION_CONTEXT('2D SPACE',''
  ) );
#3870 = ORIENTED_EDGE('',*,*,#3871,.F.);
#3871 = EDGE_CURVE('',#2312,#3844,#3872,.T.);
#3872 = SURFACE_CURVE('',#3873,(#3877,#3884),.PCURVE_S1.);
#3873 = LINE('',#3874,#3875);
#3874 = CARTESIAN_POINT('',(-36.19999997103,11.,0.));
#3875 = VECTOR('',#3876,1.);
#3876 = DIRECTION('',(0.,0.,1.));
#3877 = PCURVE('',#1223,#3878);
#3878 = DEFINITIONAL_REPRESENTATION('',(#3879),#3883);
#3879 = LINE('',#3880,#3881);
#3880 = CARTESIAN_POINT('',(3.000000069451,0.));
#3881 = VECTOR('',#3882,1.);
#3882 = DIRECTION('',(0.,-1.));
#3883 = ( GEOMETRIC_REPRESENTATION_CONTEXT(2) 
PARAMETRIC_REPRESENTATION_CONTEXT() REPRESENTATION_CONTEXT('2D SPACE',''
  ) );
#3884 = PCURVE('',#2353,#3885);
#3885 = DEFINITIONAL_REPRESENTATION('',(#3886),#3890);
#3886 = LINE('',#3887,#3888);
#3887 = CARTESIAN_POINT('',(-1.570796326795,0.));
#3888 = VECTOR('',#3889,1.);
#3889 = DIRECTION('',(-0.,-1.));
#3890 = ( GEOMETRIC_REPRESENTATION_CONTEXT(2) 
PARAMETRIC_REPRESENTATION_CONTEXT() REPRESENTATION_CONTEXT('2D SPACE',''
  ) );
#3891 = ORIENTED_EDGE('',*,*,#2311,.T.);
#3892 = ORIENTED_EDGE('',*,*,#3893,.F.);
#3893 = EDGE_CURVE('',#3894,#2286,#3896,.T.);
#3894 = VERTEX_POINT('',#3895);
#3895 = CARTESIAN_POINT('',(-36.4,11.,8.4));
#3896 = SURFACE_CURVE('',#3897,(#3901,#3907),.PCURVE_S1.);
#3897 = LINE('',#3898,#3899);
#3898 = CARTESIAN_POINT('',(-36.4,11.,0.));
#3899 = VECTOR('',#3900,1.);
#3900 = DIRECTION('',(0.,-0.,1.));
#3901 = PCURVE('',#1223,#3902);
#3902 = DEFINITIONAL_REPRESENTATION('',(#3903),#3906);
#3903 = B_SPLINE_CURVE_WITH_KNOTS('',1,(#3904,#3905),.UNSPECIFIED.,.F.,
  .F.,(2,2),(8.4,9.3),.PIECEWISE_BEZIER_KNOTS.);
#3904 = CARTESIAN_POINT('',(2.800000040489,-8.4));
#3905 = CARTESIAN_POINT('',(2.800000040489,-9.3));
#3906 = ( GEOMETRIC_REPRESENTATION_CONTEXT(2) 
PARAMETRIC_REPRESENTATION_CONTEXT() REPRESENTATION_CONTEXT('2D SPACE',''
  ) );
#3907 = PCURVE('',#2300,#3908);
#3908 = DEFINITIONAL_REPRESENTATION('',(#3909),#3912);
#3909 = B_SPLINE_CURVE_WITH_KNOTS('',1,(#3910,#3911),.UNSPECIFIED.,.F.,
  .F.,(2,2),(8.4,9.3),.PIECEWISE_BEZIER_KNOTS.);
#3910 = CARTESIAN_POINT('',(8.4,-57.4));
#3911 = CARTESIAN_POINT('',(9.3,-57.4));
#3912 = ( GEOMETRIC_REPRESENTATION_CONTEXT(2) 
PARAMETRIC_REPRESENTATION_CONTEXT() REPRESENTATION_CONTEXT('2D SPACE',''
  ) );
#3913 = ORIENTED_EDGE('',*,*,#3914,.F.);
#3914 = EDGE_CURVE('',#3915,#3894,#3917,.T.);
#3915 = VERTEX_POINT('',#3916);
#3916 = CARTESIAN_POINT('',(-37.6,11.,7.2));
#3917 = SURFACE_CURVE('',#3918,(#3922,#3928),.PCURVE_S1.);
#3918 = LINE('',#3919,#3920);
#3919 = CARTESIAN_POINT('',(-39.50000001012,11.,5.299999989878));
#3920 = VECTOR('',#3921,1.);
#3921 = DIRECTION('',(0.707106781187,-0.,0.707106781187));
#3922 = PCURVE('',#1223,#3923);
#3923 = DEFINITIONAL_REPRESENTATION('',(#3924),#3927);
#3924 = B_SPLINE_CURVE_WITH_KNOTS('',1,(#3925,#3926),.UNSPECIFIED.,.F.,
  .F.,(2,2),(2.687005782824,4.384062057672),.PIECEWISE_BEZIER_KNOTS.);
#3925 = CARTESIAN_POINT('',(1.600000040489,-7.2));
#3926 = CARTESIAN_POINT('',(2.800000040489,-8.4));
#3927 = ( GEOMETRIC_REPRESENTATION_CONTEXT(2) 
PARAMETRIC_REPRESENTATION_CONTEXT() REPRESENTATION_CONTEXT('2D SPACE',''
  ) );
#3928 = PCURVE('',#3929,#3934);
#3929 = PLANE('',#3930);
#3930 = AXIS2_PLACEMENT_3D('',#3931,#3932,#3933);
#3931 = CARTESIAN_POINT('',(-37.,-43.4,7.8));
#3932 = DIRECTION('',(0.707106781187,0.,-0.707106781187));
#3933 = DIRECTION('',(0.,1.,0.));
#3934 = DEFINITIONAL_REPRESENTATION('',(#3935),#3938);
#3935 = B_SPLINE_CURVE_WITH_KNOTS('',1,(#3936,#3937),.UNSPECIFIED.,.F.,
  .F.,(2,2),(2.687005782824,4.384062057672),.PIECEWISE_BEZIER_KNOTS.);
#3936 = CARTESIAN_POINT('',(54.4,-0.848528137424));
#3937 = CARTESIAN_POINT('',(54.4,0.848528137424));
#3938 = ( GEOMETRIC_REPRESENTATION_CONTEXT(2) 
PARAMETRIC_REPRESENTATION_CONTEXT() REPRESENTATION_CONTEXT('2D SPACE',''
  ) );
#3939 = ORIENTED_EDGE('',*,*,#3940,.F.);
#3940 = EDGE_CURVE('',#3941,#3915,#3943,.T.);
#3941 = VERTEX_POINT('',#3942);
#3942 = CARTESIAN_POINT('',(-37.6,11.,4.8));
#3943 = SURFACE_CURVE('',#3944,(#3948,#3954),.PCURVE_S1.);
#3944 = LINE('',#3945,#3946);
#3945 = CARTESIAN_POINT('',(-37.6,11.,1.8));
#3946 = VECTOR('',#3947,1.);
#3947 = DIRECTION('',(0.,-0.,1.));
#3948 = PCURVE('',#1223,#3949);
#3949 = DEFINITIONAL_REPRESENTATION('',(#3950),#3953);
#3950 = B_SPLINE_CURVE_WITH_KNOTS('',1,(#3951,#3952),.UNSPECIFIED.,.F.,
  .F.,(2,2),(3.,5.4),.PIECEWISE_BEZIER_KNOTS.);
#3951 = CARTESIAN_POINT('',(1.600000040489,-4.8));
#3952 = CARTESIAN_POINT('',(1.600000040489,-7.2));
#3953 = ( GEOMETRIC_REPRESENTATION_CONTEXT(2) 
PARAMETRIC_REPRESENTATION_CONTEXT() REPRESENTATION_CONTEXT('2D SPACE',''
  ) );
#3954 = PCURVE('',#3955,#3960);
#3955 = PLANE('',#3956);
#3956 = AXIS2_PLACEMENT_3D('',#3957,#3958,#3959);
#3957 = CARTESIAN_POINT('',(-37.6,-47.6,3.6));
#3958 = DIRECTION('',(1.,0.,-0.));
#3959 = DIRECTION('',(0.,0.,1.));
#3960 = DEFINITIONAL_REPRESENTATION('',(#3961),#3964);
#3961 = B_SPLINE_CURVE_WITH_KNOTS('',1,(#3962,#3963),.UNSPECIFIED.,.F.,
  .F.,(2,2),(3.,5.4),.PIECEWISE_BEZIER_KNOTS.);
#3962 = CARTESIAN_POINT('',(1.2,-58.6));
#3963 = CARTESIAN_POINT('',(3.6,-58.6));
#3964 = ( GEOMETRIC_REPRESENTATION_CONTEXT(2) 
PARAMETRIC_REPRESENTATION_CONTEXT() REPRESENTATION_CONTEXT('2D SPACE',''
  ) );
#3965 = ORIENTED_EDGE('',*,*,#3966,.T.);
#3966 = EDGE_CURVE('',#3941,#3967,#3969,.T.);
#3967 = VERTEX_POINT('',#3968);
#3968 = CARTESIAN_POINT('',(-36.4,11.,3.6));
#3969 = SURFACE_CURVE('',#3970,(#3974,#3980),.PCURVE_S1.);
#3970 = LINE('',#3971,#3972);
#3971 = CARTESIAN_POINT('',(-36.50000001012,11.,3.700000010122));
#3972 = VECTOR('',#3973,1.);
#3973 = DIRECTION('',(0.707106781187,0.,-0.707106781187));
#3974 = PCURVE('',#1223,#3975);
#3975 = DEFINITIONAL_REPRESENTATION('',(#3976),#3979);
#3976 = B_SPLINE_CURVE_WITH_KNOTS('',1,(#3977,#3978),.UNSPECIFIED.,.F.,
  .F.,(2,2),(-1.555634904295,0.141421370552),.PIECEWISE_BEZIER_KNOTS.);
#3977 = CARTESIAN_POINT('',(1.600000040489,-4.8));
#3978 = CARTESIAN_POINT('',(2.800000040489,-3.6));
#3979 = ( GEOMETRIC_REPRESENTATION_CONTEXT(2) 
PARAMETRIC_REPRESENTATION_CONTEXT() REPRESENTATION_CONTEXT('2D SPACE',''
  ) );
#3980 = PCURVE('',#3981,#3986);
#3981 = PLANE('',#3982);
#3982 = AXIS2_PLACEMENT_3D('',#3983,#3984,#3985);
#3983 = CARTESIAN_POINT('',(-37.,-43.4,4.2));
#3984 = DIRECTION('',(-0.707106781187,0.,-0.707106781187));
#3985 = DIRECTION('',(0.,1.,0.));
#3986 = DEFINITIONAL_REPRESENTATION('',(#3987),#3990);
#3987 = B_SPLINE_CURVE_WITH_KNOTS('',1,(#3988,#3989),.UNSPECIFIED.,.F.,
  .F.,(2,2),(-1.555634904295,0.141421370552),.PIECEWISE_BEZIER_KNOTS.);
#3988 = CARTESIAN_POINT('',(54.4,-0.848528137424));
#3989 = CARTESIAN_POINT('',(54.4,0.848528137424));
#3990 = ( GEOMETRIC_REPRESENTATION_CONTEXT(2) 
PARAMETRIC_REPRESENTATION_CONTEXT() REPRESENTATION_CONTEXT('2D SPACE',''
  ) );
#3991 = ORIENTED_EDGE('',*,*,#3992,.F.);
#3992 = EDGE_CURVE('',#3714,#3967,#3993,.T.);
#3993 = SURFACE_CURVE('',#3994,(#3998,#4004),.PCURVE_S1.);
#3994 = LINE('',#3995,#3996);
#3995 = CARTESIAN_POINT('',(-36.4,11.,0.));
#3996 = VECTOR('',#3997,1.);
#3997 = DIRECTION('',(0.,-0.,1.));
#3998 = PCURVE('',#1223,#3999);
#3999 = DEFINITIONAL_REPRESENTATION('',(#4000),#4003);
#4000 = B_SPLINE_CURVE_WITH_KNOTS('',1,(#4001,#4002),.UNSPECIFIED.,.F.,
  .F.,(2,2),(0.8,3.6),.PIECEWISE_BEZIER_KNOTS.);
#4001 = CARTESIAN_POINT('',(2.800000040489,-0.8));
#4002 = CARTESIAN_POINT('',(2.800000040489,-3.6));
#4003 = ( GEOMETRIC_REPRESENTATION_CONTEXT(2) 
PARAMETRIC_REPRESENTATION_CONTEXT() REPRESENTATION_CONTEXT('2D SPACE',''
  ) );
#4004 = PCURVE('',#3750,#4005);
#4005 = DEFINITIONAL_REPRESENTATION('',(#4006),#4009);
#4006 = B_SPLINE_CURVE_WITH_KNOTS('',1,(#4007,#4008),.UNSPECIFIED.,.F.,
  .F.,(2,2),(0.8,3.6),.PIECEWISE_BEZIER_KNOTS.);
#4007 = CARTESIAN_POINT('',(0.8,-57.4));
#4008 = CARTESIAN_POINT('',(3.6,-57.4));
#4009 = ( GEOMETRIC_REPRESENTATION_CONTEXT(2) 
PARAMETRIC_REPRESENTATION_CONTEXT() REPRESENTATION_CONTEXT('2D SPACE',''
  ) );
#4010 = ORIENTED_EDGE('',*,*,#3713,.T.);
#4011 = ORIENTED_EDGE('',*,*,#3795,.F.);
#4012 = ADVANCED_FACE('',(#4013),#1252,.T.);
#4013 = FACE_BOUND('',#4014,.F.);
#4014 = EDGE_LOOP('',(#4015,#4016,#4040,#4061));
#4015 = ORIENTED_EDGE('',*,*,#3820,.T.);
#4016 = ORIENTED_EDGE('',*,*,#4017,.T.);
#4017 = EDGE_CURVE('',#3821,#4018,#4020,.T.);
#4018 = VERTEX_POINT('',#4019);
#4019 = CARTESIAN_POINT('',(-40.,10.2,9.3));
#4020 = SURFACE_CURVE('',#4021,(#4026,#4033),.PCURVE_S1.);
#4021 = CIRCLE('',#4022,0.8);
#4022 = AXIS2_PLACEMENT_3D('',#4023,#4024,#4025);
#4023 = CARTESIAN_POINT('',(-39.20000004048,10.2,9.3));
#4024 = DIRECTION('',(0.,0.,1.));
#4025 = DIRECTION('',(1.,0.,0.));
#4026 = PCURVE('',#1252,#4027);
#4027 = DEFINITIONAL_REPRESENTATION('',(#4028),#4032);
#4028 = LINE('',#4029,#4030);
#4029 = CARTESIAN_POINT('',(-0.,-9.3));
#4030 = VECTOR('',#4031,1.);
#4031 = DIRECTION('',(-1.,0.));
#4032 = ( GEOMETRIC_REPRESENTATION_CONTEXT(2) 
PARAMETRIC_REPRESENTATION_CONTEXT() REPRESENTATION_CONTEXT('2D SPACE',''
  ) );
#4033 = PCURVE('',#3859,#4034);
#4034 = DEFINITIONAL_REPRESENTATION('',(#4035),#4039);
#4035 = CIRCLE('',#4036,0.8);
#4036 = AXIS2_PLACEMENT_2D('',#4037,#4038);
#4037 = CARTESIAN_POINT('',(-1.500000066794,6.2));
#4038 = DIRECTION('',(1.,0.));
#4039 = ( GEOMETRIC_REPRESENTATION_CONTEXT(2) 
PARAMETRIC_REPRESENTATION_CONTEXT() REPRESENTATION_CONTEXT('2D SPACE',''
  ) );
#4040 = ORIENTED_EDGE('',*,*,#4041,.F.);
#4041 = EDGE_CURVE('',#1236,#4018,#4042,.T.);
#4042 = SURFACE_CURVE('',#4043,(#4047,#4054),.PCURVE_S1.);
#4043 = LINE('',#4044,#4045);
#4044 = CARTESIAN_POINT('',(-40.,10.2,0.));
#4045 = VECTOR('',#4046,1.);
#4046 = DIRECTION('',(0.,0.,1.));
#4047 = PCURVE('',#1252,#4048);
#4048 = DEFINITIONAL_REPRESENTATION('',(#4049),#4053);
#4049 = LINE('',#4050,#4051);
#4050 = CARTESIAN_POINT('',(-3.14159265359,0.));
#4051 = VECTOR('',#4052,1.);
#4052 = DIRECTION('',(-0.,-1.));
#4053 = ( GEOMETRIC_REPRESENTATION_CONTEXT(2) 
PARAMETRIC_REPRESENTATION_CONTEXT() REPRESENTATION_CONTEXT('2D SPACE',''
  ) );
#4054 = PCURVE('',#1280,#4055);
#4055 = DEFINITIONAL_REPRESENTATION('',(#4056),#4060);
#4056 = LINE('',#4057,#4058);
#4057 = CARTESIAN_POINT('',(12.4,0.));
#4058 = VECTOR('',#4059,1.);
#4059 = DIRECTION('',(0.,-1.));
#4060 = ( GEOMETRIC_REPRESENTATION_CONTEXT(2) 
PARAMETRIC_REPRESENTATION_CONTEXT() REPRESENTATION_CONTEXT('2D SPACE',''
  ) );
#4061 = ORIENTED_EDGE('',*,*,#1235,.F.);
#4062 = ADVANCED_FACE('',(#4063,#4111,#4146),#1280,.T.);
#4063 = FACE_BOUND('',#4064,.T.);
#4064 = EDGE_LOOP('',(#4065,#4088,#4109,#4110));
#4065 = ORIENTED_EDGE('',*,*,#4066,.T.);
#4066 = EDGE_CURVE('',#1265,#4067,#4069,.T.);
#4067 = VERTEX_POINT('',#4068);
#4068 = CARTESIAN_POINT('',(-40.,-2.2,9.3));
#4069 = SURFACE_CURVE('',#4070,(#4074,#4081),.PCURVE_S1.);
#4070 = LINE('',#4071,#4072);
#4071 = CARTESIAN_POINT('',(-40.,-2.2,0.));
#4072 = VECTOR('',#4073,1.);
#4073 = DIRECTION('',(0.,0.,1.));
#4074 = PCURVE('',#1280,#4075);
#4075 = DEFINITIONAL_REPRESENTATION('',(#4076),#4080);
#4076 = LINE('',#4077,#4078);
#4077 = CARTESIAN_POINT('',(0.,0.));
#4078 = VECTOR('',#4079,1.);
#4079 = DIRECTION('',(0.,-1.));
#4080 = ( GEOMETRIC_REPRESENTATION_CONTEXT(2) 
PARAMETRIC_REPRESENTATION_CONTEXT() REPRESENTATION_CONTEXT('2D SPACE',''
  ) );
#4081 = PCURVE('',#1309,#4082);
#4082 = DEFINITIONAL_REPRESENTATION('',(#4083),#4087);
#4083 = LINE('',#4084,#4085);
#4084 = CARTESIAN_POINT('',(-3.14159265359,0.));
#4085 = VECTOR('',#4086,1.);
#4086 = DIRECTION('',(-0.,-1.));
#4087 = ( GEOMETRIC_REPRESENTATION_CONTEXT(2) 
PARAMETRIC_REPRESENTATION_CONTEXT() REPRESENTATION_CONTEXT('2D SPACE',''
  ) );
#4088 = ORIENTED_EDGE('',*,*,#4089,.T.);
#4089 = EDGE_CURVE('',#4067,#4018,#4090,.T.);
#4090 = SURFACE_CURVE('',#4091,(#4095,#4102),.PCURVE_S1.);
#4091 = LINE('',#4092,#4093);
#4092 = CARTESIAN_POINT('',(-39.99999995951,4.,9.3));
#4093 = VECTOR('',#4094,1.);
#4094 = DIRECTION('',(0.,1.,0.));
#4095 = PCURVE('',#1280,#4096);
#4096 = DEFINITIONAL_REPRESENTATION('',(#4097),#4101);
#4097 = LINE('',#4098,#4099);
#4098 = CARTESIAN_POINT('',(6.2,-9.3));
#4099 = VECTOR('',#4100,1.);
#4100 = DIRECTION('',(1.,0.));
#4101 = ( GEOMETRIC_REPRESENTATION_CONTEXT(2) 
PARAMETRIC_REPRESENTATION_CONTEXT() REPRESENTATION_CONTEXT('2D SPACE',''
  ) );
#4102 = PCURVE('',#3859,#4103);
#4103 = DEFINITIONAL_REPRESENTATION('',(#4104),#4108);
#4104 = LINE('',#4105,#4106);
#4105 = CARTESIAN_POINT('',(-2.299999985816,2.545149677014E-16));
#4106 = VECTOR('',#4107,1.);
#4107 = DIRECTION('',(0.,1.));
#4108 = ( GEOMETRIC_REPRESENTATION_CONTEXT(2) 
PARAMETRIC_REPRESENTATION_CONTEXT() REPRESENTATION_CONTEXT('2D SPACE',''
  ) );
#4109 = ORIENTED_EDGE('',*,*,#4041,.F.);
#4110 = ORIENTED_EDGE('',*,*,#1264,.F.);
#4111 = FACE_BOUND('',#4112,.T.);
#4112 = EDGE_LOOP('',(#4113));
#4113 = ORIENTED_EDGE('',*,*,#4114,.T.);
#4114 = EDGE_CURVE('',#4115,#4115,#4117,.T.);
#4115 = VERTEX_POINT('',#4116);
#4116 = CARTESIAN_POINT('',(-39.99999995951,1.,3.));
#4117 = SURFACE_CURVE('',#4118,(#4123,#4134),.PCURVE_S1.);
#4118 = CIRCLE('',#4119,2.);
#4119 = AXIS2_PLACEMENT_3D('',#4120,#4121,#4122);
#4120 = CARTESIAN_POINT('',(-39.99999995951,1.,5.));
#4121 = DIRECTION('',(1.,0.,2.22044604925E-16));
#4122 = DIRECTION('',(2.22044604925E-16,0.,-1.));
#4123 = PCURVE('',#1280,#4124);
#4124 = DEFINITIONAL_REPRESENTATION('',(#4125),#4133);
#4125 = ( BOUNDED_CURVE() B_SPLINE_CURVE(2,(#4126,#4127,#4128,#4129,
#4130,#4131,#4132),.UNSPECIFIED.,.T.,.F.) B_SPLINE_CURVE_WITH_KNOTS((1,2
    ,2,2,2,1),(-2.094395102393,0.,2.094395102393,4.188790204786,
6.28318530718,8.377580409573),.UNSPECIFIED.) CURVE() 
GEOMETRIC_REPRESENTATION_ITEM() RATIONAL_B_SPLINE_CURVE((1.,0.5,1.,0.5,
1.,0.5,1.)) REPRESENTATION_ITEM('') );
#4126 = CARTESIAN_POINT('',(3.2,-3.));
#4127 = CARTESIAN_POINT('',(6.664101615138,-3.));
#4128 = CARTESIAN_POINT('',(4.932050807569,-6.));
#4129 = CARTESIAN_POINT('',(3.2,-9.));
#4130 = CARTESIAN_POINT('',(1.467949192431,-6.));
#4131 = CARTESIAN_POINT('',(-0.264101615138,-3.));
#4132 = CARTESIAN_POINT('',(3.2,-3.));
#4133 = ( GEOMETRIC_REPRESENTATION_CONTEXT(2) 
PARAMETRIC_REPRESENTATION_CONTEXT() REPRESENTATION_CONTEXT('2D SPACE',''
  ) );
#4134 = PCURVE('',#4135,#4140);
#4135 = CYLINDRICAL_SURFACE('',#4136,2.);
#4136 = AXIS2_PLACEMENT_3D('',#4137,#4138,#4139);
#4137 = CARTESIAN_POINT('',(-40.01,1.,5.));
#4138 = DIRECTION('',(1.,0.,2.22044604925E-16));
#4139 = DIRECTION('',(2.22044604925E-16,0.,-1.));
#4140 = DEFINITIONAL_REPRESENTATION('',(#4141),#4145);
#4141 = LINE('',#4142,#4143);
#4142 = CARTESIAN_POINT('',(0.,1.000004048902E-02));
#4143 = VECTOR('',#4144,1.);
#4144 = DIRECTION('',(1.,0.));
#4145 = ( GEOMETRIC_REPRESENTATION_CONTEXT(2) 
PARAMETRIC_REPRESENTATION_CONTEXT() REPRESENTATION_CONTEXT('2D SPACE',''
  ) );
#4146 = FACE_BOUND('',#4147,.T.);
#4147 = EDGE_LOOP('',(#4148));
#4148 = ORIENTED_EDGE('',*,*,#4149,.T.);
#4149 = EDGE_CURVE('',#4150,#4150,#4152,.T.);
#4150 = VERTEX_POINT('',#4151);
#4151 = CARTESIAN_POINT('',(-39.99999995951,7.,3.));
#4152 = SURFACE_CURVE('',#4153,(#4158,#4169),.PCURVE_S1.);
#4153 = CIRCLE('',#4154,2.);
#4154 = AXIS2_PLACEMENT_3D('',#4155,#4156,#4157);
#4155 = CARTESIAN_POINT('',(-39.99999995951,7.,5.));
#4156 = DIRECTION('',(1.,0.,2.22044604925E-16));
#4157 = DIRECTION('',(2.22044604925E-16,0.,-1.));
#4158 = PCURVE('',#1280,#4159);
#4159 = DEFINITIONAL_REPRESENTATION('',(#4160),#4168);
#4160 = ( BOUNDED_CURVE() B_SPLINE_CURVE(2,(#4161,#4162,#4163,#4164,
#4165,#4166,#4167),.UNSPECIFIED.,.T.,.F.) B_SPLINE_CURVE_WITH_KNOTS((1,2
    ,2,2,2,1),(-2.094395102393,0.,2.094395102393,4.188790204786,
6.28318530718,8.377580409573),.UNSPECIFIED.) CURVE() 
GEOMETRIC_REPRESENTATION_ITEM() RATIONAL_B_SPLINE_CURVE((1.,0.5,1.,0.5,
1.,0.5,1.)) REPRESENTATION_ITEM('') );
#4161 = CARTESIAN_POINT('',(9.2,-3.));
#4162 = CARTESIAN_POINT('',(12.664101615138,-3.));
#4163 = CARTESIAN_POINT('',(10.932050807569,-6.));
#4164 = CARTESIAN_POINT('',(9.2,-9.));
#4165 = CARTESIAN_POINT('',(7.467949192431,-6.));
#4166 = CARTESIAN_POINT('',(5.735898384862,-3.));
#4167 = CARTESIAN_POINT('',(9.2,-3.));
#4168 = ( GEOMETRIC_REPRESENTATION_CONTEXT(2) 
PARAMETRIC_REPRESENTATION_CONTEXT() REPRESENTATION_CONTEXT('2D SPACE',''
  ) );
#4169 = PCURVE('',#4170,#4175);
#4170 = CYLINDRICAL_SURFACE('',#4171,2.);
#4171 = AXIS2_PLACEMENT_3D('',#4172,#4173,#4174);
#4172 = CARTESIAN_POINT('',(-40.01,7.,5.));
#4173 = DIRECTION('',(1.,0.,2.22044604925E-16));
#4174 = DIRECTION('',(2.22044604925E-16,0.,-1.));
#4175 = DEFINITIONAL_REPRESENTATION('',(#4176),#4180);
#4176 = LINE('',#4177,#4178);
#4177 = CARTESIAN_POINT('',(0.,1.000004048902E-02));
#4178 = VECTOR('',#4179,1.);
#4179 = DIRECTION('',(1.,0.));
#4180 = ( GEOMETRIC_REPRESENTATION_CONTEXT(2) 
PARAMETRIC_REPRESENTATION_CONTEXT() REPRESENTATION_CONTEXT('2D SPACE',''
  ) );
#4181 = ADVANCED_FACE('',(#4182),#1309,.T.);
#4182 = FACE_BOUND('',#4183,.F.);
#4183 = EDGE_LOOP('',(#4184,#4185,#4209,#4230));
#4184 = ORIENTED_EDGE('',*,*,#4066,.T.);
#4185 = ORIENTED_EDGE('',*,*,#4186,.T.);
#4186 = EDGE_CURVE('',#4067,#4187,#4189,.T.);
#4187 = VERTEX_POINT('',#4188);
#4188 = CARTESIAN_POINT('',(-39.20000004048,-3.,9.3));
#4189 = SURFACE_CURVE('',#4190,(#4195,#4202),.PCURVE_S1.);
#4190 = CIRCLE('',#4191,0.8);
#4191 = AXIS2_PLACEMENT_3D('',#4192,#4193,#4194);
#4192 = CARTESIAN_POINT('',(-39.20000004048,-2.2,9.3));
#4193 = DIRECTION('',(0.,0.,1.));
#4194 = DIRECTION('',(1.,0.,0.));
#4195 = PCURVE('',#1309,#4196);
#4196 = DEFINITIONAL_REPRESENTATION('',(#4197),#4201);
#4197 = LINE('',#4198,#4199);
#4198 = CARTESIAN_POINT('',(-0.,-9.3));
#4199 = VECTOR('',#4200,1.);
#4200 = DIRECTION('',(-1.,0.));
#4201 = ( GEOMETRIC_REPRESENTATION_CONTEXT(2) 
PARAMETRIC_REPRESENTATION_CONTEXT() REPRESENTATION_CONTEXT('2D SPACE',''
  ) );
#4202 = PCURVE('',#3859,#4203);
#4203 = DEFINITIONAL_REPRESENTATION('',(#4204),#4208);
#4204 = CIRCLE('',#4205,0.8);
#4205 = AXIS2_PLACEMENT_2D('',#4206,#4207);
#4206 = CARTESIAN_POINT('',(-1.500000066794,-6.2));
#4207 = DIRECTION('',(1.,0.));
#4208 = ( GEOMETRIC_REPRESENTATION_CONTEXT(2) 
PARAMETRIC_REPRESENTATION_CONTEXT() REPRESENTATION_CONTEXT('2D SPACE',''
  ) );
#4209 = ORIENTED_EDGE('',*,*,#4210,.F.);
#4210 = EDGE_CURVE('',#1293,#4187,#4211,.T.);
#4211 = SURFACE_CURVE('',#4212,(#4216,#4223),.PCURVE_S1.);
#4212 = LINE('',#4213,#4214);
#4213 = CARTESIAN_POINT('',(-39.20000004048,-3.,0.));
#4214 = VECTOR('',#4215,1.);
#4215 = DIRECTION('',(0.,0.,1.));
#4216 = PCURVE('',#1309,#4217);
#4217 = DEFINITIONAL_REPRESENTATION('',(#4218),#4222);
#4218 = LINE('',#4219,#4220);
#4219 = CARTESIAN_POINT('',(-4.712388980385,0.));
#4220 = VECTOR('',#4221,1.);
#4221 = DIRECTION('',(-0.,-1.));
#4222 = ( GEOMETRIC_REPRESENTATION_CONTEXT(2) 
PARAMETRIC_REPRESENTATION_CONTEXT() REPRESENTATION_CONTEXT('2D SPACE',''
  ) );
#4223 = PCURVE('',#1337,#4224);
#4224 = DEFINITIONAL_REPRESENTATION('',(#4225),#4229);
#4225 = LINE('',#4226,#4227);
#4226 = CARTESIAN_POINT('',(0.,0.));
#4227 = VECTOR('',#4228,1.);
#4228 = DIRECTION('',(0.,-1.));
#4229 = ( GEOMETRIC_REPRESENTATION_CONTEXT(2) 
PARAMETRIC_REPRESENTATION_CONTEXT() REPRESENTATION_CONTEXT('2D SPACE',''
  ) );
#4230 = ORIENTED_EDGE('',*,*,#1292,.F.);
#4231 = ADVANCED_FACE('',(#4232),#1337,.F.);
#4232 = FACE_BOUND('',#4233,.F.);
#4233 = EDGE_LOOP('',(#4234,#4235,#4236,#4259,#4280,#4281,#4302,#4328,
    #4354,#4380,#4406,#4427));
#4234 = ORIENTED_EDGE('',*,*,#1321,.F.);
#4235 = ORIENTED_EDGE('',*,*,#4210,.T.);
#4236 = ORIENTED_EDGE('',*,*,#4237,.T.);
#4237 = EDGE_CURVE('',#4187,#4238,#4240,.T.);
#4238 = VERTEX_POINT('',#4239);
#4239 = CARTESIAN_POINT('',(-36.19999997103,-3.,9.3));
#4240 = SURFACE_CURVE('',#4241,(#4245,#4252),.PCURVE_S1.);
#4241 = LINE('',#4242,#4243);
#4242 = CARTESIAN_POINT('',(-37.69999995951,-3.,9.3));
#4243 = VECTOR('',#4244,1.);
#4244 = DIRECTION('',(1.,0.,0.));
#4245 = PCURVE('',#1337,#4246);
#4246 = DEFINITIONAL_REPRESENTATION('',(#4247),#4251);
#4247 = LINE('',#4248,#4249);
#4248 = CARTESIAN_POINT('',(1.500000080978,-9.3));
#4249 = VECTOR('',#4250,1.);
#4250 = DIRECTION('',(1.,0.));
#4251 = ( GEOMETRIC_REPRESENTATION_CONTEXT(2) 
PARAMETRIC_REPRESENTATION_CONTEXT() REPRESENTATION_CONTEXT('2D SPACE',''
  ) );
#4252 = PCURVE('',#3859,#4253);
#4253 = DEFINITIONAL_REPRESENTATION('',(#4254),#4258);
#4254 = LINE('',#4255,#4256);
#4255 = CARTESIAN_POINT('',(1.418425574539E-08,-7.));
#4256 = VECTOR('',#4257,1.);
#4257 = DIRECTION('',(1.,0.));
#4258 = ( GEOMETRIC_REPRESENTATION_CONTEXT(2) 
PARAMETRIC_REPRESENTATION_CONTEXT() REPRESENTATION_CONTEXT('2D SPACE',''
  ) );
#4259 = ORIENTED_EDGE('',*,*,#4260,.F.);
#4260 = EDGE_CURVE('',#2392,#4238,#4261,.T.);
#4261 = SURFACE_CURVE('',#4262,(#4266,#4273),.PCURVE_S1.);
#4262 = LINE('',#4263,#4264);
#4263 = CARTESIAN_POINT('',(-36.19999997103,-3.,0.));
#4264 = VECTOR('',#4265,1.);
#4265 = DIRECTION('',(0.,0.,1.));
#4266 = PCURVE('',#1337,#4267);
#4267 = DEFINITIONAL_REPRESENTATION('',(#4268),#4272);
#4268 = LINE('',#4269,#4270);
#4269 = CARTESIAN_POINT('',(3.000000069451,0.));
#4270 = VECTOR('',#4271,1.);
#4271 = DIRECTION('',(0.,-1.));
#4272 = ( GEOMETRIC_REPRESENTATION_CONTEXT(2) 
PARAMETRIC_REPRESENTATION_CONTEXT() REPRESENTATION_CONTEXT('2D SPACE',''
  ) );
#4273 = PCURVE('',#2412,#4274);
#4274 = DEFINITIONAL_REPRESENTATION('',(#4275),#4279);
#4275 = LINE('',#4276,#4277);
#4276 = CARTESIAN_POINT('',(-4.712388980385,0.));
#4277 = VECTOR('',#4278,1.);
#4278 = DIRECTION('',(-0.,-1.));
#4279 = ( GEOMETRIC_REPRESENTATION_CONTEXT(2) 
PARAMETRIC_REPRESENTATION_CONTEXT() REPRESENTATION_CONTEXT('2D SPACE',''
  ) );
#4280 = ORIENTED_EDGE('',*,*,#2424,.T.);
#4281 = ORIENTED_EDGE('',*,*,#4282,.F.);
#4282 = EDGE_CURVE('',#4283,#2425,#4285,.T.);
#4283 = VERTEX_POINT('',#4284);
#4284 = CARTESIAN_POINT('',(-36.4,-3.,8.4));
#4285 = SURFACE_CURVE('',#4286,(#4290,#4296),.PCURVE_S1.);
#4286 = LINE('',#4287,#4288);
#4287 = CARTESIAN_POINT('',(-36.4,-3.,0.));
#4288 = VECTOR('',#4289,1.);
#4289 = DIRECTION('',(0.,-0.,1.));
#4290 = PCURVE('',#1337,#4291);
#4291 = DEFINITIONAL_REPRESENTATION('',(#4292),#4295);
#4292 = B_SPLINE_CURVE_WITH_KNOTS('',1,(#4293,#4294),.UNSPECIFIED.,.F.,
  .F.,(2,2),(8.4,9.3),.PIECEWISE_BEZIER_KNOTS.);
#4293 = CARTESIAN_POINT('',(2.800000040489,-8.4));
#4294 = CARTESIAN_POINT('',(2.800000040489,-9.3));
#4295 = ( GEOMETRIC_REPRESENTATION_CONTEXT(2) 
PARAMETRIC_REPRESENTATION_CONTEXT() REPRESENTATION_CONTEXT('2D SPACE',''
  ) );
#4296 = PCURVE('',#2460,#4297);
#4297 = DEFINITIONAL_REPRESENTATION('',(#4298),#4301);
#4298 = B_SPLINE_CURVE_WITH_KNOTS('',1,(#4299,#4300),.UNSPECIFIED.,.F.,
  .F.,(2,2),(8.4,9.3),.PIECEWISE_BEZIER_KNOTS.);
#4299 = CARTESIAN_POINT('',(8.4,-43.4));
#4300 = CARTESIAN_POINT('',(9.3,-43.4));
#4301 = ( GEOMETRIC_REPRESENTATION_CONTEXT(2) 
PARAMETRIC_REPRESENTATION_CONTEXT() REPRESENTATION_CONTEXT('2D SPACE',''
  ) );
#4302 = ORIENTED_EDGE('',*,*,#4303,.F.);
#4303 = EDGE_CURVE('',#4304,#4283,#4306,.T.);
#4304 = VERTEX_POINT('',#4305);
#4305 = CARTESIAN_POINT('',(-37.6,-3.,7.2));
#4306 = SURFACE_CURVE('',#4307,(#4311,#4317),.PCURVE_S1.);
#4307 = LINE('',#4308,#4309);
#4308 = CARTESIAN_POINT('',(-39.50000001012,-3.,5.299999989878));
#4309 = VECTOR('',#4310,1.);
#4310 = DIRECTION('',(0.707106781187,-0.,0.707106781187));
#4311 = PCURVE('',#1337,#4312);
#4312 = DEFINITIONAL_REPRESENTATION('',(#4313),#4316);
#4313 = B_SPLINE_CURVE_WITH_KNOTS('',1,(#4314,#4315),.UNSPECIFIED.,.F.,
  .F.,(2,2),(2.687005782824,4.384062057672),.PIECEWISE_BEZIER_KNOTS.);
#4314 = CARTESIAN_POINT('',(1.600000040489,-7.2));
#4315 = CARTESIAN_POINT('',(2.800000040489,-8.4));
#4316 = ( GEOMETRIC_REPRESENTATION_CONTEXT(2) 
PARAMETRIC_REPRESENTATION_CONTEXT() REPRESENTATION_CONTEXT('2D SPACE',''
  ) );
#4317 = PCURVE('',#4318,#4323);
#4318 = PLANE('',#4319);
#4319 = AXIS2_PLACEMENT_3D('',#4320,#4321,#4322);
#4320 = CARTESIAN_POINT('',(-37.,-43.4,7.8));
#4321 = DIRECTION('',(0.707106781187,0.,-0.707106781187));
#4322 = DIRECTION('',(0.,1.,0.));
#4323 = DEFINITIONAL_REPRESENTATION('',(#4324),#4327);
#4324 = B_SPLINE_CURVE_WITH_KNOTS('',1,(#4325,#4326),.UNSPECIFIED.,.F.,
  .F.,(2,2),(2.687005782824,4.384062057672),.PIECEWISE_BEZIER_KNOTS.);
#4325 = CARTESIAN_POINT('',(40.4,-0.848528137424));
#4326 = CARTESIAN_POINT('',(40.4,0.848528137424));
#4327 = ( GEOMETRIC_REPRESENTATION_CONTEXT(2) 
PARAMETRIC_REPRESENTATION_CONTEXT() REPRESENTATION_CONTEXT('2D SPACE',''
  ) );
#4328 = ORIENTED_EDGE('',*,*,#4329,.F.);
#4329 = EDGE_CURVE('',#4330,#4304,#4332,.T.);
#4330 = VERTEX_POINT('',#4331);
#4331 = CARTESIAN_POINT('',(-37.6,-3.,4.8));
#4332 = SURFACE_CURVE('',#4333,(#4337,#4343),.PCURVE_S1.);
#4333 = LINE('',#4334,#4335);
#4334 = CARTESIAN_POINT('',(-37.6,-3.,1.8));
#4335 = VECTOR('',#4336,1.);
#4336 = DIRECTION('',(0.,-0.,1.));
#4337 = PCURVE('',#1337,#4338);
#4338 = DEFINITIONAL_REPRESENTATION('',(#4339),#4342);
#4339 = B_SPLINE_CURVE_WITH_KNOTS('',1,(#4340,#4341),.UNSPECIFIED.,.F.,
  .F.,(2,2),(3.,5.4),.PIECEWISE_BEZIER_KNOTS.);
#4340 = CARTESIAN_POINT('',(1.600000040489,-4.8));
#4341 = CARTESIAN_POINT('',(1.600000040489,-7.2));
#4342 = ( GEOMETRIC_REPRESENTATION_CONTEXT(2) 
PARAMETRIC_REPRESENTATION_CONTEXT() REPRESENTATION_CONTEXT('2D SPACE',''
  ) );
#4343 = PCURVE('',#4344,#4349);
#4344 = PLANE('',#4345);
#4345 = AXIS2_PLACEMENT_3D('',#4346,#4347,#4348);
#4346 = CARTESIAN_POINT('',(-37.6,-47.6,3.6));
#4347 = DIRECTION('',(1.,0.,-0.));
#4348 = DIRECTION('',(0.,0.,1.));
#4349 = DEFINITIONAL_REPRESENTATION('',(#4350),#4353);
#4350 = B_SPLINE_CURVE_WITH_KNOTS('',1,(#4351,#4352),.UNSPECIFIED.,.F.,
  .F.,(2,2),(3.,5.4),.PIECEWISE_BEZIER_KNOTS.);
#4351 = CARTESIAN_POINT('',(1.2,-44.6));
#4352 = CARTESIAN_POINT('',(3.6,-44.6));
#4353 = ( GEOMETRIC_REPRESENTATION_CONTEXT(2) 
PARAMETRIC_REPRESENTATION_CONTEXT() REPRESENTATION_CONTEXT('2D SPACE',''
  ) );
#4354 = ORIENTED_EDGE('',*,*,#4355,.T.);
#4355 = EDGE_CURVE('',#4330,#4356,#4358,.T.);
#4356 = VERTEX_POINT('',#4357);
#4357 = CARTESIAN_POINT('',(-36.4,-3.,3.6));
#4358 = SURFACE_CURVE('',#4359,(#4363,#4369),.PCURVE_S1.);
#4359 = LINE('',#4360,#4361);
#4360 = CARTESIAN_POINT('',(-36.50000001012,-3.,3.700000010122));
#4361 = VECTOR('',#4362,1.);
#4362 = DIRECTION('',(0.707106781187,0.,-0.707106781187));
#4363 = PCURVE('',#1337,#4364);
#4364 = DEFINITIONAL_REPRESENTATION('',(#4365),#4368);
#4365 = B_SPLINE_CURVE_WITH_KNOTS('',1,(#4366,#4367),.UNSPECIFIED.,.F.,
  .F.,(2,2),(-1.555634904295,0.141421370552),.PIECEWISE_BEZIER_KNOTS.);
#4366 = CARTESIAN_POINT('',(1.600000040489,-4.8));
#4367 = CARTESIAN_POINT('',(2.800000040489,-3.6));
#4368 = ( GEOMETRIC_REPRESENTATION_CONTEXT(2) 
PARAMETRIC_REPRESENTATION_CONTEXT() REPRESENTATION_CONTEXT('2D SPACE',''
  ) );
#4369 = PCURVE('',#4370,#4375);
#4370 = PLANE('',#4371);
#4371 = AXIS2_PLACEMENT_3D('',#4372,#4373,#4374);
#4372 = CARTESIAN_POINT('',(-37.,-43.4,4.2));
#4373 = DIRECTION('',(-0.707106781187,0.,-0.707106781187));
#4374 = DIRECTION('',(0.,1.,0.));
#4375 = DEFINITIONAL_REPRESENTATION('',(#4376),#4379);
#4376 = B_SPLINE_CURVE_WITH_KNOTS('',1,(#4377,#4378),.UNSPECIFIED.,.F.,
  .F.,(2,2),(-1.555634904295,0.141421370552),.PIECEWISE_BEZIER_KNOTS.);
#4377 = CARTESIAN_POINT('',(40.4,-0.848528137424));
#4378 = CARTESIAN_POINT('',(40.4,0.848528137424));
#4379 = ( GEOMETRIC_REPRESENTATION_CONTEXT(2) 
PARAMETRIC_REPRESENTATION_CONTEXT() REPRESENTATION_CONTEXT('2D SPACE',''
  ) );
#4380 = ORIENTED_EDGE('',*,*,#4381,.F.);
#4381 = EDGE_CURVE('',#4382,#4356,#4384,.T.);
#4382 = VERTEX_POINT('',#4383);
#4383 = CARTESIAN_POINT('',(-36.4,-3.,0.8));
#4384 = SURFACE_CURVE('',#4385,(#4389,#4395),.PCURVE_S1.);
#4385 = LINE('',#4386,#4387);
#4386 = CARTESIAN_POINT('',(-36.4,-3.,0.));
#4387 = VECTOR('',#4388,1.);
#4388 = DIRECTION('',(0.,-0.,1.));
#4389 = PCURVE('',#1337,#4390);
#4390 = DEFINITIONAL_REPRESENTATION('',(#4391),#4394);
#4391 = B_SPLINE_CURVE_WITH_KNOTS('',1,(#4392,#4393),.UNSPECIFIED.,.F.,
  .F.,(2,2),(0.8,3.6),.PIECEWISE_BEZIER_KNOTS.);
#4392 = CARTESIAN_POINT('',(2.800000040489,-0.8));
#4393 = CARTESIAN_POINT('',(2.800000040489,-3.6));
#4394 = ( GEOMETRIC_REPRESENTATION_CONTEXT(2) 
PARAMETRIC_REPRESENTATION_CONTEXT() REPRESENTATION_CONTEXT('2D SPACE',''
  ) );
#4395 = PCURVE('',#4396,#4401);
#4396 = PLANE('',#4397);
#4397 = AXIS2_PLACEMENT_3D('',#4398,#4399,#4400);
#4398 = CARTESIAN_POINT('',(-36.4,-46.4,0.));
#4399 = DIRECTION('',(1.,0.,-0.));
#4400 = DIRECTION('',(0.,0.,1.));
#4401 = DEFINITIONAL_REPRESENTATION('',(#4402),#4405);
#4402 = B_SPLINE_CURVE_WITH_KNOTS('',1,(#4403,#4404),.UNSPECIFIED.,.F.,
  .F.,(2,2),(0.8,3.6),.PIECEWISE_BEZIER_KNOTS.);
#4403 = CARTESIAN_POINT('',(0.8,-43.4));
#4404 = CARTESIAN_POINT('',(3.6,-43.4));
#4405 = ( GEOMETRIC_REPRESENTATION_CONTEXT(2) 
PARAMETRIC_REPRESENTATION_CONTEXT() REPRESENTATION_CONTEXT('2D SPACE',''
  ) );
#4406 = ORIENTED_EDGE('',*,*,#4407,.T.);
#4407 = EDGE_CURVE('',#4382,#4408,#4410,.T.);
#4408 = VERTEX_POINT('',#4409);
#4409 = CARTESIAN_POINT('',(-36.19999997103,-3.,0.599999971038));
#4410 = SURFACE_CURVE('',#4411,(#4415,#4421),.PCURVE_S1.);
#4411 = LINE('',#4412,#4413);
#4412 = CARTESIAN_POINT('',(-36.70000001012,-3.,1.100000010122));
#4413 = VECTOR('',#4414,1.);
#4414 = DIRECTION('',(0.707106781187,0.,-0.707106781187));
#4415 = PCURVE('',#1337,#4416);
#4416 = DEFINITIONAL_REPRESENTATION('',(#4417),#4420);
#4417 = B_SPLINE_CURVE_WITH_KNOTS('',1,(#4418,#4419),.UNSPECIFIED.,.F.,
  .F.,(2,2),(0.424264083027,0.707106836459),.PIECEWISE_BEZIER_KNOTS.);
#4418 = CARTESIAN_POINT('',(2.800000040489,-0.8));
#4419 = CARTESIAN_POINT('',(3.000000069451,-0.599999971038));
#4420 = ( GEOMETRIC_REPRESENTATION_CONTEXT(2) 
PARAMETRIC_REPRESENTATION_CONTEXT() REPRESENTATION_CONTEXT('2D SPACE',''
  ) );
#4421 = PCURVE('',#1394,#4422);
#4422 = DEFINITIONAL_REPRESENTATION('',(#4423),#4426);
#4423 = B_SPLINE_CURVE_WITH_KNOTS('',1,(#4424,#4425),.UNSPECIFIED.,.F.,
  .F.,(2,2),(0.424264083027,0.707106836459),.PIECEWISE_BEZIER_KNOTS.);
#4424 = CARTESIAN_POINT('',(40.4,-0.565685424949));
#4425 = CARTESIAN_POINT('',(40.4,-0.282842671517));
#4426 = ( GEOMETRIC_REPRESENTATION_CONTEXT(2) 
PARAMETRIC_REPRESENTATION_CONTEXT() REPRESENTATION_CONTEXT('2D SPACE',''
  ) );
#4427 = ORIENTED_EDGE('',*,*,#4428,.F.);
#4428 = EDGE_CURVE('',#1322,#4408,#4429,.T.);
#4429 = SURFACE_CURVE('',#4430,(#4434,#4441),.PCURVE_S1.);
#4430 = LINE('',#4431,#4432);
#4431 = CARTESIAN_POINT('',(-36.19999997103,-3.,0.));
#4432 = VECTOR('',#4433,1.);
#4433 = DIRECTION('',(0.,0.,1.));
#4434 = PCURVE('',#1337,#4435);
#4435 = DEFINITIONAL_REPRESENTATION('',(#4436),#4440);
#4436 = LINE('',#4437,#4438);
#4437 = CARTESIAN_POINT('',(3.000000069451,0.));
#4438 = VECTOR('',#4439,1.);
#4439 = DIRECTION('',(0.,-1.));
#4440 = ( GEOMETRIC_REPRESENTATION_CONTEXT(2) 
PARAMETRIC_REPRESENTATION_CONTEXT() REPRESENTATION_CONTEXT('2D SPACE',''
  ) );
#4441 = PCURVE('',#1366,#4442);
#4442 = DEFINITIONAL_REPRESENTATION('',(#4443),#4447);
#4443 = LINE('',#4444,#4445);
#4444 = CARTESIAN_POINT('',(-4.712388980385,0.));
#4445 = VECTOR('',#4446,1.);
#4446 = DIRECTION('',(-0.,-1.));
#4447 = ( GEOMETRIC_REPRESENTATION_CONTEXT(2) 
PARAMETRIC_REPRESENTATION_CONTEXT() REPRESENTATION_CONTEXT('2D SPACE',''
  ) );
#4448 = ADVANCED_FACE('',(#4449),#1366,.T.);
#4449 = FACE_BOUND('',#4450,.F.);
#4450 = EDGE_LOOP('',(#4451,#4452,#4453));
#4451 = ORIENTED_EDGE('',*,*,#1349,.F.);
#4452 = ORIENTED_EDGE('',*,*,#4428,.T.);
#4453 = ORIENTED_EDGE('',*,*,#4454,.F.);
#4454 = EDGE_CURVE('',#1350,#4408,#4455,.T.);
#4455 = SURFACE_CURVE('',#4456,(#4461,#4472),.PCURVE_S1.);
#4456 = ELLIPSE('',#4457,1.131370849898,0.8);
#4457 = AXIS2_PLACEMENT_3D('',#4458,#4459,#4460);
#4458 = CARTESIAN_POINT('',(-36.19999997103,-2.2,0.599999971038));
#4459 = DIRECTION('',(-0.707106781187,6.983161618628E-18,-0.707106781187
    ));
#4460 = DIRECTION('',(0.707106781187,-6.983161618628E-18,-0.707106781187
    ));
#4461 = PCURVE('',#1366,#4462);
#4462 = DEFINITIONAL_REPRESENTATION('',(#4463),#4471);
#4463 = B_SPLINE_CURVE_WITH_KNOTS('',6,(#4464,#4465,#4466,#4467,#4468,
    #4469,#4470),.UNSPECIFIED.,.F.,.F.,(7,7),(0.722729766961,
    1.570796326795),.PIECEWISE_BEZIER_KNOTS.);
#4464 = CARTESIAN_POINT('',(-5.560455540219,2.400000000846E-06));
#4465 = CARTESIAN_POINT('',(-5.41911111358,-7.478966041149E-02));
#4466 = CARTESIAN_POINT('',(-5.277766686941,-0.163965857617));
#4467 = CARTESIAN_POINT('',(-5.136422260302,-0.26483847608));
#4468 = CARTESIAN_POINT('',(-4.995077833663,-0.373849155407));
#4469 = CARTESIAN_POINT('',(-4.853733407024,-0.486924429727));
#4470 = CARTESIAN_POINT('',(-4.712388980385,-0.599999971038));
#4471 = ( GEOMETRIC_REPRESENTATION_CONTEXT(2) 
PARAMETRIC_REPRESENTATION_CONTEXT() REPRESENTATION_CONTEXT('2D SPACE',''
  ) );
#4472 = PCURVE('',#1394,#4473);
#4473 = DEFINITIONAL_REPRESENTATION('',(#4474),#4478);
#4474 = ELLIPSE('',#4475,1.131370849898,0.8);
#4475 = AXIS2_PLACEMENT_2D('',#4476,#4477);
#4476 = CARTESIAN_POINT('',(41.2,-0.282842671517));
#4477 = DIRECTION('',(-6.983161618628E-18,1.));
#4478 = ( GEOMETRIC_REPRESENTATION_CONTEXT(2) 
PARAMETRIC_REPRESENTATION_CONTEXT() REPRESENTATION_CONTEXT('2D SPACE',''
  ) );
#4479 = ADVANCED_FACE('',(#4480),#1394,.T.);
#4480 = FACE_BOUND('',#4481,.T.);
#4481 = EDGE_LOOP('',(#4482,#4505,#4526,#4527,#4528,#4529));
#4482 = ORIENTED_EDGE('',*,*,#4483,.F.);
#4483 = EDGE_CURVE('',#4484,#4486,#4488,.T.);
#4484 = VERTEX_POINT('',#4485);
#4485 = CARTESIAN_POINT('',(-36.4,-14.,0.8));
#4486 = VERTEX_POINT('',#4487);
#4487 = CARTESIAN_POINT('',(-36.19999997103,-14.,0.599999971038));
#4488 = SURFACE_CURVE('',#4489,(#4493,#4499),.PCURVE_S1.);
#4489 = LINE('',#4490,#4491);
#4490 = CARTESIAN_POINT('',(-36.70000001012,-14.,1.100000010122));
#4491 = VECTOR('',#4492,1.);
#4492 = DIRECTION('',(0.707106781187,0.,-0.707106781187));
#4493 = PCURVE('',#1394,#4494);
#4494 = DEFINITIONAL_REPRESENTATION('',(#4495),#4498);
#4495 = B_SPLINE_CURVE_WITH_KNOTS('',1,(#4496,#4497),.UNSPECIFIED.,.F.,
  .F.,(2,2),(0.424264083027,0.707106836459),.PIECEWISE_BEZIER_KNOTS.);
#4496 = CARTESIAN_POINT('',(29.4,-0.565685424949));
#4497 = CARTESIAN_POINT('',(29.4,-0.282842671517));
#4498 = ( GEOMETRIC_REPRESENTATION_CONTEXT(2) 
PARAMETRIC_REPRESENTATION_CONTEXT() REPRESENTATION_CONTEXT('2D SPACE',''
  ) );
#4499 = PCURVE('',#1451,#4500);
#4500 = DEFINITIONAL_REPRESENTATION('',(#4501),#4504);
#4501 = B_SPLINE_CURVE_WITH_KNOTS('',1,(#4502,#4503),.UNSPECIFIED.,.F.,
  .F.,(2,2),(0.424264083027,0.707106836459),.PIECEWISE_BEZIER_KNOTS.);
#4502 = CARTESIAN_POINT('',(2.800000040489,-0.8));
#4503 = CARTESIAN_POINT('',(3.000000069451,-0.599999971038));
#4504 = ( GEOMETRIC_REPRESENTATION_CONTEXT(2) 
PARAMETRIC_REPRESENTATION_CONTEXT() REPRESENTATION_CONTEXT('2D SPACE',''
  ) );
#4505 = ORIENTED_EDGE('',*,*,#4506,.T.);
#4506 = EDGE_CURVE('',#4484,#4382,#4507,.T.);
#4507 = SURFACE_CURVE('',#4508,(#4512,#4519),.PCURVE_S1.);
#4508 = LINE('',#4509,#4510);
#4509 = CARTESIAN_POINT('',(-36.4,-43.4,0.8));
#4510 = VECTOR('',#4511,1.);
#4511 = DIRECTION('',(-0.,1.,0.));
#4512 = PCURVE('',#1394,#4513);
#4513 = DEFINITIONAL_REPRESENTATION('',(#4514),#4518);
#4514 = LINE('',#4515,#4516);
#4515 = CARTESIAN_POINT('',(0.,-0.565685424949));
#4516 = VECTOR('',#4517,1.);
#4517 = DIRECTION('',(1.,0.));
#4518 = ( GEOMETRIC_REPRESENTATION_CONTEXT(2) 
PARAMETRIC_REPRESENTATION_CONTEXT() REPRESENTATION_CONTEXT('2D SPACE',''
  ) );
#4519 = PCURVE('',#4396,#4520);
#4520 = DEFINITIONAL_REPRESENTATION('',(#4521),#4525);
#4521 = LINE('',#4522,#4523);
#4522 = CARTESIAN_POINT('',(0.8,-3.));
#4523 = VECTOR('',#4524,1.);
#4524 = DIRECTION('',(0.,-1.));
#4525 = ( GEOMETRIC_REPRESENTATION_CONTEXT(2) 
PARAMETRIC_REPRESENTATION_CONTEXT() REPRESENTATION_CONTEXT('2D SPACE',''
  ) );
#4526 = ORIENTED_EDGE('',*,*,#4407,.T.);
#4527 = ORIENTED_EDGE('',*,*,#4454,.F.);
#4528 = ORIENTED_EDGE('',*,*,#1378,.F.);
#4529 = ORIENTED_EDGE('',*,*,#4530,.F.);
#4530 = EDGE_CURVE('',#4486,#1379,#4531,.T.);
#4531 = SURFACE_CURVE('',#4532,(#4537,#4544),.PCURVE_S1.);
#4532 = ELLIPSE('',#4533,1.131370849898,0.8);
#4533 = AXIS2_PLACEMENT_3D('',#4534,#4535,#4536);
#4534 = CARTESIAN_POINT('',(-36.19999997103,-14.8,0.599999971038));
#4535 = DIRECTION('',(-0.707106781187,6.983161618628E-18,-0.707106781187
    ));
#4536 = DIRECTION('',(0.707106781187,-6.983161618628E-18,-0.707106781187
    ));
#4537 = PCURVE('',#1394,#4538);
#4538 = DEFINITIONAL_REPRESENTATION('',(#4539),#4543);
#4539 = ELLIPSE('',#4540,1.131370849898,0.8);
#4540 = AXIS2_PLACEMENT_2D('',#4541,#4542);
#4541 = CARTESIAN_POINT('',(28.6,-0.282842671517));
#4542 = DIRECTION('',(-6.983161618628E-18,1.));
#4543 = ( GEOMETRIC_REPRESENTATION_CONTEXT(2) 
PARAMETRIC_REPRESENTATION_CONTEXT() REPRESENTATION_CONTEXT('2D SPACE',''
  ) );
#4544 = PCURVE('',#1423,#4545);
#4545 = DEFINITIONAL_REPRESENTATION('',(#4546),#4554);
#4546 = B_SPLINE_CURVE_WITH_KNOTS('',6,(#4547,#4548,#4549,#4550,#4551,
    #4552,#4553),.UNSPECIFIED.,.F.,.F.,(7,7),(4.712388980385,
    5.560455540219),.PIECEWISE_BEZIER_KNOTS.);
#4547 = CARTESIAN_POINT('',(-1.570796326795,-0.599999971038));
#4548 = CARTESIAN_POINT('',(-1.429451900156,-0.486924429727));
#4549 = CARTESIAN_POINT('',(-1.288107473517,-0.373849155407));
#4550 = CARTESIAN_POINT('',(-1.146763046878,-0.26483847608));
#4551 = CARTESIAN_POINT('',(-1.005418620239,-0.163965857617));
#4552 = CARTESIAN_POINT('',(-0.8640741936,-7.478966041149E-02));
#4553 = CARTESIAN_POINT('',(-0.722729766961,2.400000000735E-06));
#4554 = ( GEOMETRIC_REPRESENTATION_CONTEXT(2) 
PARAMETRIC_REPRESENTATION_CONTEXT() REPRESENTATION_CONTEXT('2D SPACE',''
  ) );
#4555 = ADVANCED_FACE('',(#4556),#1423,.T.);
#4556 = FACE_BOUND('',#4557,.F.);
#4557 = EDGE_LOOP('',(#4558,#4559,#4560));
#4558 = ORIENTED_EDGE('',*,*,#1406,.F.);
#4559 = ORIENTED_EDGE('',*,*,#4530,.F.);
#4560 = ORIENTED_EDGE('',*,*,#4561,.F.);
#4561 = EDGE_CURVE('',#1407,#4486,#4562,.T.);
#4562 = SURFACE_CURVE('',#4563,(#4567,#4574),.PCURVE_S1.);
#4563 = LINE('',#4564,#4565);
#4564 = CARTESIAN_POINT('',(-36.19999997103,-14.,0.));
#4565 = VECTOR('',#4566,1.);
#4566 = DIRECTION('',(0.,0.,1.));
#4567 = PCURVE('',#1423,#4568);
#4568 = DEFINITIONAL_REPRESENTATION('',(#4569),#4573);
#4569 = LINE('',#4570,#4571);
#4570 = CARTESIAN_POINT('',(-1.570796326795,0.));
#4571 = VECTOR('',#4572,1.);
#4572 = DIRECTION('',(-0.,-1.));
#4573 = ( GEOMETRIC_REPRESENTATION_CONTEXT(2) 
PARAMETRIC_REPRESENTATION_CONTEXT() REPRESENTATION_CONTEXT('2D SPACE',''
  ) );
#4574 = PCURVE('',#1451,#4575);
#4575 = DEFINITIONAL_REPRESENTATION('',(#4576),#4580);
#4576 = LINE('',#4577,#4578);
#4577 = CARTESIAN_POINT('',(3.000000069451,0.));
#4578 = VECTOR('',#4579,1.);
#4579 = DIRECTION('',(0.,-1.));
#4580 = ( GEOMETRIC_REPRESENTATION_CONTEXT(2) 
PARAMETRIC_REPRESENTATION_CONTEXT() REPRESENTATION_CONTEXT('2D SPACE',''
  ) );
#4581 = ADVANCED_FACE('',(#4582),#1451,.T.);
#4582 = FACE_BOUND('',#4583,.T.);
#4583 = EDGE_LOOP('',(#4584,#4585,#4606,#4607,#4628,#4629,#4650,#4671,
    #4692,#4713,#4732,#4733));
#4584 = ORIENTED_EDGE('',*,*,#1435,.F.);
#4585 = ORIENTED_EDGE('',*,*,#4586,.T.);
#4586 = EDGE_CURVE('',#1436,#3102,#4587,.T.);
#4587 = SURFACE_CURVE('',#4588,(#4592,#4599),.PCURVE_S1.);
#4588 = LINE('',#4589,#4590);
#4589 = CARTESIAN_POINT('',(-39.20000004048,-14.,0.));
#4590 = VECTOR('',#4591,1.);
#4591 = DIRECTION('',(0.,0.,1.));
#4592 = PCURVE('',#1451,#4593);
#4593 = DEFINITIONAL_REPRESENTATION('',(#4594),#4598);
#4594 = LINE('',#4595,#4596);
#4595 = CARTESIAN_POINT('',(0.,0.));
#4596 = VECTOR('',#4597,1.);
#4597 = DIRECTION('',(0.,-1.));
#4598 = ( GEOMETRIC_REPRESENTATION_CONTEXT(2) 
PARAMETRIC_REPRESENTATION_CONTEXT() REPRESENTATION_CONTEXT('2D SPACE',''
  ) );
#4599 = PCURVE('',#1478,#4600);
#4600 = DEFINITIONAL_REPRESENTATION('',(#4601),#4605);
#4601 = LINE('',#4602,#4603);
#4602 = CARTESIAN_POINT('',(-1.570796326795,0.));
#4603 = VECTOR('',#4604,1.);
#4604 = DIRECTION('',(-0.,-1.));
#4605 = ( GEOMETRIC_REPRESENTATION_CONTEXT(2) 
PARAMETRIC_REPRESENTATION_CONTEXT() REPRESENTATION_CONTEXT('2D SPACE',''
  ) );
#4606 = ORIENTED_EDGE('',*,*,#3101,.T.);
#4607 = ORIENTED_EDGE('',*,*,#4608,.F.);
#4608 = EDGE_CURVE('',#2472,#3078,#4609,.T.);
#4609 = SURFACE_CURVE('',#4610,(#4614,#4621),.PCURVE_S1.);
#4610 = LINE('',#4611,#4612);
#4611 = CARTESIAN_POINT('',(-36.19999997103,-14.,0.));
#4612 = VECTOR('',#4613,1.);
#4613 = DIRECTION('',(0.,0.,1.));
#4614 = PCURVE('',#1451,#4615);
#4615 = DEFINITIONAL_REPRESENTATION('',(#4616),#4620);
#4616 = LINE('',#4617,#4618);
#4617 = CARTESIAN_POINT('',(3.000000069451,0.));
#4618 = VECTOR('',#4619,1.);
#4619 = DIRECTION('',(0.,-1.));
#4620 = ( GEOMETRIC_REPRESENTATION_CONTEXT(2) 
PARAMETRIC_REPRESENTATION_CONTEXT() REPRESENTATION_CONTEXT('2D SPACE',''
  ) );
#4621 = PCURVE('',#2513,#4622);
#4622 = DEFINITIONAL_REPRESENTATION('',(#4623),#4627);
#4623 = LINE('',#4624,#4625);
#4624 = CARTESIAN_POINT('',(-1.570796326795,0.));
#4625 = VECTOR('',#4626,1.);
#4626 = DIRECTION('',(-0.,-1.));
#4627 = ( GEOMETRIC_REPRESENTATION_CONTEXT(2) 
PARAMETRIC_REPRESENTATION_CONTEXT() REPRESENTATION_CONTEXT('2D SPACE',''
  ) );
#4628 = ORIENTED_EDGE('',*,*,#2471,.T.);
#4629 = ORIENTED_EDGE('',*,*,#4630,.F.);
#4630 = EDGE_CURVE('',#4631,#2446,#4633,.T.);
#4631 = VERTEX_POINT('',#4632);
#4632 = CARTESIAN_POINT('',(-36.4,-14.,8.4));
#4633 = SURFACE_CURVE('',#4634,(#4638,#4644),.PCURVE_S1.);
#4634 = LINE('',#4635,#4636);
#4635 = CARTESIAN_POINT('',(-36.4,-14.,0.));
#4636 = VECTOR('',#4637,1.);
#4637 = DIRECTION('',(0.,-0.,1.));
#4638 = PCURVE('',#1451,#4639);
#4639 = DEFINITIONAL_REPRESENTATION('',(#4640),#4643);
#4640 = B_SPLINE_CURVE_WITH_KNOTS('',1,(#4641,#4642),.UNSPECIFIED.,.F.,
  .F.,(2,2),(8.4,9.3),.PIECEWISE_BEZIER_KNOTS.);
#4641 = CARTESIAN_POINT('',(2.800000040489,-8.4));
#4642 = CARTESIAN_POINT('',(2.800000040489,-9.3));
#4643 = ( GEOMETRIC_REPRESENTATION_CONTEXT(2) 
PARAMETRIC_REPRESENTATION_CONTEXT() REPRESENTATION_CONTEXT('2D SPACE',''
  ) );
#4644 = PCURVE('',#2460,#4645);
#4645 = DEFINITIONAL_REPRESENTATION('',(#4646),#4649);
#4646 = B_SPLINE_CURVE_WITH_KNOTS('',1,(#4647,#4648),.UNSPECIFIED.,.F.,
  .F.,(2,2),(8.4,9.3),.PIECEWISE_BEZIER_KNOTS.);
#4647 = CARTESIAN_POINT('',(8.4,-32.4));
#4648 = CARTESIAN_POINT('',(9.3,-32.4));
#4649 = ( GEOMETRIC_REPRESENTATION_CONTEXT(2) 
PARAMETRIC_REPRESENTATION_CONTEXT() REPRESENTATION_CONTEXT('2D SPACE',''
  ) );
#4650 = ORIENTED_EDGE('',*,*,#4651,.F.);
#4651 = EDGE_CURVE('',#4652,#4631,#4654,.T.);
#4652 = VERTEX_POINT('',#4653);
#4653 = CARTESIAN_POINT('',(-37.6,-14.,7.2));
#4654 = SURFACE_CURVE('',#4655,(#4659,#4665),.PCURVE_S1.);
#4655 = LINE('',#4656,#4657);
#4656 = CARTESIAN_POINT('',(-39.50000001012,-14.,5.299999989878));
#4657 = VECTOR('',#4658,1.);
#4658 = DIRECTION('',(0.707106781187,-0.,0.707106781187));
#4659 = PCURVE('',#1451,#4660);
#4660 = DEFINITIONAL_REPRESENTATION('',(#4661),#4664);
#4661 = B_SPLINE_CURVE_WITH_KNOTS('',1,(#4662,#4663),.UNSPECIFIED.,.F.,
  .F.,(2,2),(2.687005782824,4.384062057672),.PIECEWISE_BEZIER_KNOTS.);
#4662 = CARTESIAN_POINT('',(1.600000040489,-7.2));
#4663 = CARTESIAN_POINT('',(2.800000040489,-8.4));
#4664 = ( GEOMETRIC_REPRESENTATION_CONTEXT(2) 
PARAMETRIC_REPRESENTATION_CONTEXT() REPRESENTATION_CONTEXT('2D SPACE',''
  ) );
#4665 = PCURVE('',#4318,#4666);
#4666 = DEFINITIONAL_REPRESENTATION('',(#4667),#4670);
#4667 = B_SPLINE_CURVE_WITH_KNOTS('',1,(#4668,#4669),.UNSPECIFIED.,.F.,
  .F.,(2,2),(2.687005782824,4.384062057672),.PIECEWISE_BEZIER_KNOTS.);
#4668 = CARTESIAN_POINT('',(29.4,-0.848528137424));
#4669 = CARTESIAN_POINT('',(29.4,0.848528137424));
#4670 = ( GEOMETRIC_REPRESENTATION_CONTEXT(2) 
PARAMETRIC_REPRESENTATION_CONTEXT() REPRESENTATION_CONTEXT('2D SPACE',''
  ) );
#4671 = ORIENTED_EDGE('',*,*,#4672,.F.);
#4672 = EDGE_CURVE('',#4673,#4652,#4675,.T.);
#4673 = VERTEX_POINT('',#4674);
#4674 = CARTESIAN_POINT('',(-37.6,-14.,4.8));
#4675 = SURFACE_CURVE('',#4676,(#4680,#4686),.PCURVE_S1.);
#4676 = LINE('',#4677,#4678);
#4677 = CARTESIAN_POINT('',(-37.6,-14.,1.8));
#4678 = VECTOR('',#4679,1.);
#4679 = DIRECTION('',(0.,-0.,1.));
#4680 = PCURVE('',#1451,#4681);
#4681 = DEFINITIONAL_REPRESENTATION('',(#4682),#4685);
#4682 = B_SPLINE_CURVE_WITH_KNOTS('',1,(#4683,#4684),.UNSPECIFIED.,.F.,
  .F.,(2,2),(3.,5.4),.PIECEWISE_BEZIER_KNOTS.);
#4683 = CARTESIAN_POINT('',(1.600000040489,-4.8));
#4684 = CARTESIAN_POINT('',(1.600000040489,-7.2));
#4685 = ( GEOMETRIC_REPRESENTATION_CONTEXT(2) 
PARAMETRIC_REPRESENTATION_CONTEXT() REPRESENTATION_CONTEXT('2D SPACE',''
  ) );
#4686 = PCURVE('',#4344,#4687);
#4687 = DEFINITIONAL_REPRESENTATION('',(#4688),#4691);
#4688 = B_SPLINE_CURVE_WITH_KNOTS('',1,(#4689,#4690),.UNSPECIFIED.,.F.,
  .F.,(2,2),(3.,5.4),.PIECEWISE_BEZIER_KNOTS.);
#4689 = CARTESIAN_POINT('',(1.2,-33.6));
#4690 = CARTESIAN_POINT('',(3.6,-33.6));
#4691 = ( GEOMETRIC_REPRESENTATION_CONTEXT(2) 
PARAMETRIC_REPRESENTATION_CONTEXT() REPRESENTATION_CONTEXT('2D SPACE',''
  ) );
#4692 = ORIENTED_EDGE('',*,*,#4693,.T.);
#4693 = EDGE_CURVE('',#4673,#4694,#4696,.T.);
#4694 = VERTEX_POINT('',#4695);
#4695 = CARTESIAN_POINT('',(-36.4,-14.,3.6));
#4696 = SURFACE_CURVE('',#4697,(#4701,#4707),.PCURVE_S1.);
#4697 = LINE('',#4698,#4699);
#4698 = CARTESIAN_POINT('',(-36.50000001012,-14.,3.700000010122));
#4699 = VECTOR('',#4700,1.);
#4700 = DIRECTION('',(0.707106781187,0.,-0.707106781187));
#4701 = PCURVE('',#1451,#4702);
#4702 = DEFINITIONAL_REPRESENTATION('',(#4703),#4706);
#4703 = B_SPLINE_CURVE_WITH_KNOTS('',1,(#4704,#4705),.UNSPECIFIED.,.F.,
  .F.,(2,2),(-1.555634904295,0.141421370552),.PIECEWISE_BEZIER_KNOTS.);
#4704 = CARTESIAN_POINT('',(1.600000040489,-4.8));
#4705 = CARTESIAN_POINT('',(2.800000040489,-3.6));
#4706 = ( GEOMETRIC_REPRESENTATION_CONTEXT(2) 
PARAMETRIC_REPRESENTATION_CONTEXT() REPRESENTATION_CONTEXT('2D SPACE',''
  ) );
#4707 = PCURVE('',#4370,#4708);
#4708 = DEFINITIONAL_REPRESENTATION('',(#4709),#4712);
#4709 = B_SPLINE_CURVE_WITH_KNOTS('',1,(#4710,#4711),.UNSPECIFIED.,.F.,
  .F.,(2,2),(-1.555634904295,0.141421370552),.PIECEWISE_BEZIER_KNOTS.);
#4710 = CARTESIAN_POINT('',(29.4,-0.848528137424));
#4711 = CARTESIAN_POINT('',(29.4,0.848528137424));
#4712 = ( GEOMETRIC_REPRESENTATION_CONTEXT(2) 
PARAMETRIC_REPRESENTATION_CONTEXT() REPRESENTATION_CONTEXT('2D SPACE',''
  ) );
#4713 = ORIENTED_EDGE('',*,*,#4714,.F.);
#4714 = EDGE_CURVE('',#4484,#4694,#4715,.T.);
#4715 = SURFACE_CURVE('',#4716,(#4720,#4726),.PCURVE_S1.);
#4716 = LINE('',#4717,#4718);
#4717 = CARTESIAN_POINT('',(-36.4,-14.,0.));
#4718 = VECTOR('',#4719,1.);
#4719 = DIRECTION('',(0.,-0.,1.));
#4720 = PCURVE('',#1451,#4721);
#4721 = DEFINITIONAL_REPRESENTATION('',(#4722),#4725);
#4722 = B_SPLINE_CURVE_WITH_KNOTS('',1,(#4723,#4724),.UNSPECIFIED.,.F.,
  .F.,(2,2),(0.8,3.6),.PIECEWISE_BEZIER_KNOTS.);
#4723 = CARTESIAN_POINT('',(2.800000040489,-0.8));
#4724 = CARTESIAN_POINT('',(2.800000040489,-3.6));
#4725 = ( GEOMETRIC_REPRESENTATION_CONTEXT(2) 
PARAMETRIC_REPRESENTATION_CONTEXT() REPRESENTATION_CONTEXT('2D SPACE',''
  ) );
#4726 = PCURVE('',#4396,#4727);
#4727 = DEFINITIONAL_REPRESENTATION('',(#4728),#4731);
#4728 = B_SPLINE_CURVE_WITH_KNOTS('',1,(#4729,#4730),.UNSPECIFIED.,.F.,
  .F.,(2,2),(0.8,3.6),.PIECEWISE_BEZIER_KNOTS.);
#4729 = CARTESIAN_POINT('',(0.8,-32.4));
#4730 = CARTESIAN_POINT('',(3.6,-32.4));
#4731 = ( GEOMETRIC_REPRESENTATION_CONTEXT(2) 
PARAMETRIC_REPRESENTATION_CONTEXT() REPRESENTATION_CONTEXT('2D SPACE',''
  ) );
#4732 = ORIENTED_EDGE('',*,*,#4483,.T.);
#4733 = ORIENTED_EDGE('',*,*,#4561,.F.);
#4734 = ADVANCED_FACE('',(#4735),#1478,.T.);
#4735 = FACE_BOUND('',#4736,.F.);
#4736 = EDGE_LOOP('',(#4737,#4738,#4739,#4740));
#4737 = ORIENTED_EDGE('',*,*,#4586,.T.);
#4738 = ORIENTED_EDGE('',*,*,#3124,.T.);
#4739 = ORIENTED_EDGE('',*,*,#3388,.F.);
#4740 = ORIENTED_EDGE('',*,*,#1463,.F.);
#4741 = ADVANCED_FACE('',(#4742),#1510,.F.);
#4742 = FACE_BOUND('',#4743,.F.);
#4743 = EDGE_LOOP('',(#4744,#4767,#4768,#4791));
#4744 = ORIENTED_EDGE('',*,*,#4745,.F.);
#4745 = EDGE_CURVE('',#1493,#4746,#4748,.T.);
#4746 = VERTEX_POINT('',#4747);
#4747 = CARTESIAN_POINT('',(15.9,35.9,2.4));
#4748 = SURFACE_CURVE('',#4749,(#4753,#4760),.PCURVE_S1.);
#4749 = LINE('',#4750,#4751);
#4750 = CARTESIAN_POINT('',(15.9,35.9,-0.5));
#4751 = VECTOR('',#4752,1.);
#4752 = DIRECTION('',(0.,0.,1.));
#4753 = PCURVE('',#1510,#4754);
#4754 = DEFINITIONAL_REPRESENTATION('',(#4755),#4759);
#4755 = LINE('',#4756,#4757);
#4756 = CARTESIAN_POINT('',(0.,0.));
#4757 = VECTOR('',#4758,1.);
#4758 = DIRECTION('',(1.,0.));
#4759 = ( GEOMETRIC_REPRESENTATION_CONTEXT(2) 
PARAMETRIC_REPRESENTATION_CONTEXT() REPRESENTATION_CONTEXT('2D SPACE',''
  ) );
#4760 = PCURVE('',#1537,#4761);
#4761 = DEFINITIONAL_REPRESENTATION('',(#4762),#4766);
#4762 = LINE('',#4763,#4764);
#4763 = CARTESIAN_POINT('',(0.,1.8));
#4764 = VECTOR('',#4765,1.);
#4765 = DIRECTION('',(1.,0.));
#4766 = ( GEOMETRIC_REPRESENTATION_CONTEXT(2) 
PARAMETRIC_REPRESENTATION_CONTEXT() REPRESENTATION_CONTEXT('2D SPACE',''
  ) );
#4767 = ORIENTED_EDGE('',*,*,#1492,.T.);
#4768 = ORIENTED_EDGE('',*,*,#4769,.T.);
#4769 = EDGE_CURVE('',#1495,#4770,#4772,.T.);
#4770 = VERTEX_POINT('',#4771);
#4771 = CARTESIAN_POINT('',(15.9,39.1,2.4));
#4772 = SURFACE_CURVE('',#4773,(#4777,#4784),.PCURVE_S1.);
#4773 = LINE('',#4774,#4775);
#4774 = CARTESIAN_POINT('',(15.9,39.1,-0.5));
#4775 = VECTOR('',#4776,1.);
#4776 = DIRECTION('',(0.,0.,1.));
#4777 = PCURVE('',#1510,#4778);
#4778 = DEFINITIONAL_REPRESENTATION('',(#4779),#4783);
#4779 = LINE('',#4780,#4781);
#4780 = CARTESIAN_POINT('',(0.,-3.2));
#4781 = VECTOR('',#4782,1.);
#4782 = DIRECTION('',(1.,0.));
#4783 = ( GEOMETRIC_REPRESENTATION_CONTEXT(2) 
PARAMETRIC_REPRESENTATION_CONTEXT() REPRESENTATION_CONTEXT('2D SPACE',''
  ) );
#4784 = PCURVE('',#1589,#4785);
#4785 = DEFINITIONAL_REPRESENTATION('',(#4786),#4790);
#4786 = LINE('',#4787,#4788);
#4787 = CARTESIAN_POINT('',(0.,1.8));
#4788 = VECTOR('',#4789,1.);
#4789 = DIRECTION('',(1.,0.));
#4790 = ( GEOMETRIC_REPRESENTATION_CONTEXT(2) 
PARAMETRIC_REPRESENTATION_CONTEXT() REPRESENTATION_CONTEXT('2D SPACE',''
  ) );
#4791 = ORIENTED_EDGE('',*,*,#4792,.F.);
#4792 = EDGE_CURVE('',#4746,#4770,#4793,.T.);
#4793 = SURFACE_CURVE('',#4794,(#4798,#4804),.PCURVE_S1.);
#4794 = LINE('',#4795,#4796);
#4795 = CARTESIAN_POINT('',(15.9,-4.05,2.4));
#4796 = VECTOR('',#4797,1.);
#4797 = DIRECTION('',(-0.,1.,0.));
#4798 = PCURVE('',#1510,#4799);
#4799 = DEFINITIONAL_REPRESENTATION('',(#4800),#4803);
#4800 = B_SPLINE_CURVE_WITH_KNOTS('',1,(#4801,#4802),.UNSPECIFIED.,.F.,
  .F.,(2,2),(39.95,43.15),.PIECEWISE_BEZIER_KNOTS.);
#4801 = CARTESIAN_POINT('',(2.9,0.));
#4802 = CARTESIAN_POINT('',(2.9,-3.2));
#4803 = ( GEOMETRIC_REPRESENTATION_CONTEXT(2) 
PARAMETRIC_REPRESENTATION_CONTEXT() REPRESENTATION_CONTEXT('2D SPACE',''
  ) );
#4804 = PCURVE('',#4805,#4810);
#4805 = PLANE('',#4806);
#4806 = AXIS2_PLACEMENT_3D('',#4807,#4808,#4809);
#4807 = CARTESIAN_POINT('',(-34.,-44.,2.4));
#4808 = DIRECTION('',(0.,0.,1.));
#4809 = DIRECTION('',(1.,0.,-0.));
#4810 = DEFINITIONAL_REPRESENTATION('',(#4811),#4814);
#4811 = B_SPLINE_CURVE_WITH_KNOTS('',1,(#4812,#4813),.UNSPECIFIED.,.F.,
  .F.,(2,2),(39.95,43.15),.PIECEWISE_BEZIER_KNOTS.);
#4812 = CARTESIAN_POINT('',(49.9,79.9));
#4813 = CARTESIAN_POINT('',(49.9,83.1));
#4814 = ( GEOMETRIC_REPRESENTATION_CONTEXT(2) 
PARAMETRIC_REPRESENTATION_CONTEXT() REPRESENTATION_CONTEXT('2D SPACE',''
  ) );
#4815 = ADVANCED_FACE('',(#4816),#1537,.T.);
#4816 = FACE_BOUND('',#4817,.T.);
#4817 = EDGE_LOOP('',(#4818,#4819,#4820,#4843));
#4818 = ORIENTED_EDGE('',*,*,#4745,.F.);
#4819 = ORIENTED_EDGE('',*,*,#1521,.T.);
#4820 = ORIENTED_EDGE('',*,*,#4821,.T.);
#4821 = EDGE_CURVE('',#1522,#4822,#4824,.T.);
#4822 = VERTEX_POINT('',#4823);
#4823 = CARTESIAN_POINT('',(14.1,35.9,2.4));
#4824 = SURFACE_CURVE('',#4825,(#4829,#4836),.PCURVE_S1.);
#4825 = LINE('',#4826,#4827);
#4826 = CARTESIAN_POINT('',(14.1,35.9,-0.5));
#4827 = VECTOR('',#4828,1.);
#4828 = DIRECTION('',(0.,0.,1.));
#4829 = PCURVE('',#1537,#4830);
#4830 = DEFINITIONAL_REPRESENTATION('',(#4831),#4835);
#4831 = LINE('',#4832,#4833);
#4832 = CARTESIAN_POINT('',(0.,0.));
#4833 = VECTOR('',#4834,1.);
#4834 = DIRECTION('',(1.,0.));
#4835 = ( GEOMETRIC_REPRESENTATION_CONTEXT(2) 
PARAMETRIC_REPRESENTATION_CONTEXT() REPRESENTATION_CONTEXT('2D SPACE',''
  ) );
#4836 = PCURVE('',#1564,#4837);
#4837 = DEFINITIONAL_REPRESENTATION('',(#4838),#4842);
#4838 = LINE('',#4839,#4840);
#4839 = CARTESIAN_POINT('',(0.,0.));
#4840 = VECTOR('',#4841,1.);
#4841 = DIRECTION('',(1.,0.));
#4842 = ( GEOMETRIC_REPRESENTATION_CONTEXT(2) 
PARAMETRIC_REPRESENTATION_CONTEXT() REPRESENTATION_CONTEXT('2D SPACE',''
  ) );
#4843 = ORIENTED_EDGE('',*,*,#4844,.F.);
#4844 = EDGE_CURVE('',#4746,#4822,#4845,.T.);
#4845 = SURFACE_CURVE('',#4846,(#4850,#4856),.PCURVE_S1.);
#4846 = LINE('',#4847,#4848);
#4847 = CARTESIAN_POINT('',(-9.95,35.9,2.4));
#4848 = VECTOR('',#4849,1.);
#4849 = DIRECTION('',(-1.,-0.,0.));
#4850 = PCURVE('',#1537,#4851);
#4851 = DEFINITIONAL_REPRESENTATION('',(#4852),#4855);
#4852 = B_SPLINE_CURVE_WITH_KNOTS('',1,(#4853,#4854),.UNSPECIFIED.,.F.,
  .F.,(2,2),(-25.85,-24.05),.PIECEWISE_BEZIER_KNOTS.);
#4853 = CARTESIAN_POINT('',(2.9,1.8));
#4854 = CARTESIAN_POINT('',(2.9,0.));
#4855 = ( GEOMETRIC_REPRESENTATION_CONTEXT(2) 
PARAMETRIC_REPRESENTATION_CONTEXT() REPRESENTATION_CONTEXT('2D SPACE',''
  ) );
#4856 = PCURVE('',#4805,#4857);
#4857 = DEFINITIONAL_REPRESENTATION('',(#4858),#4861);
#4858 = B_SPLINE_CURVE_WITH_KNOTS('',1,(#4859,#4860),.UNSPECIFIED.,.F.,
  .F.,(2,2),(-25.85,-24.05),.PIECEWISE_BEZIER_KNOTS.);
#4859 = CARTESIAN_POINT('',(49.9,79.9));
#4860 = CARTESIAN_POINT('',(48.1,79.9));
#4861 = ( GEOMETRIC_REPRESENTATION_CONTEXT(2) 
PARAMETRIC_REPRESENTATION_CONTEXT() REPRESENTATION_CONTEXT('2D SPACE',''
  ) );
#4862 = ADVANCED_FACE('',(#4863),#1564,.T.);
#4863 = FACE_BOUND('',#4864,.T.);
#4864 = EDGE_LOOP('',(#4865,#4866,#4867,#4890));
#4865 = ORIENTED_EDGE('',*,*,#4821,.F.);
#4866 = ORIENTED_EDGE('',*,*,#1548,.T.);
#4867 = ORIENTED_EDGE('',*,*,#4868,.T.);
#4868 = EDGE_CURVE('',#1549,#4869,#4871,.T.);
#4869 = VERTEX_POINT('',#4870);
#4870 = CARTESIAN_POINT('',(14.1,39.1,2.4));
#4871 = SURFACE_CURVE('',#4872,(#4876,#4883),.PCURVE_S1.);
#4872 = LINE('',#4873,#4874);
#4873 = CARTESIAN_POINT('',(14.1,39.1,-0.5));
#4874 = VECTOR('',#4875,1.);
#4875 = DIRECTION('',(0.,0.,1.));
#4876 = PCURVE('',#1564,#4877);
#4877 = DEFINITIONAL_REPRESENTATION('',(#4878),#4882);
#4878 = LINE('',#4879,#4880);
#4879 = CARTESIAN_POINT('',(0.,-3.2));
#4880 = VECTOR('',#4881,1.);
#4881 = DIRECTION('',(1.,0.));
#4882 = ( GEOMETRIC_REPRESENTATION_CONTEXT(2) 
PARAMETRIC_REPRESENTATION_CONTEXT() REPRESENTATION_CONTEXT('2D SPACE',''
  ) );
#4883 = PCURVE('',#1589,#4884);
#4884 = DEFINITIONAL_REPRESENTATION('',(#4885),#4889);
#4885 = LINE('',#4886,#4887);
#4886 = CARTESIAN_POINT('',(0.,0.));
#4887 = VECTOR('',#4888,1.);
#4888 = DIRECTION('',(1.,0.));
#4889 = ( GEOMETRIC_REPRESENTATION_CONTEXT(2) 
PARAMETRIC_REPRESENTATION_CONTEXT() REPRESENTATION_CONTEXT('2D SPACE',''
  ) );
#4890 = ORIENTED_EDGE('',*,*,#4891,.F.);
#4891 = EDGE_CURVE('',#4822,#4869,#4892,.T.);
#4892 = SURFACE_CURVE('',#4893,(#4897,#4903),.PCURVE_S1.);
#4893 = LINE('',#4894,#4895);
#4894 = CARTESIAN_POINT('',(14.1,-4.05,2.4));
#4895 = VECTOR('',#4896,1.);
#4896 = DIRECTION('',(-0.,1.,0.));
#4897 = PCURVE('',#1564,#4898);
#4898 = DEFINITIONAL_REPRESENTATION('',(#4899),#4902);
#4899 = B_SPLINE_CURVE_WITH_KNOTS('',1,(#4900,#4901),.UNSPECIFIED.,.F.,
  .F.,(2,2),(39.95,43.15),.PIECEWISE_BEZIER_KNOTS.);
#4900 = CARTESIAN_POINT('',(2.9,0.));
#4901 = CARTESIAN_POINT('',(2.9,-3.2));
#4902 = ( GEOMETRIC_REPRESENTATION_CONTEXT(2) 
PARAMETRIC_REPRESENTATION_CONTEXT() REPRESENTATION_CONTEXT('2D SPACE',''
  ) );
#4903 = PCURVE('',#4805,#4904);
#4904 = DEFINITIONAL_REPRESENTATION('',(#4905),#4908);
#4905 = B_SPLINE_CURVE_WITH_KNOTS('',1,(#4906,#4907),.UNSPECIFIED.,.F.,
  .F.,(2,2),(39.95,43.15),.PIECEWISE_BEZIER_KNOTS.);
#4906 = CARTESIAN_POINT('',(48.1,79.9));
#4907 = CARTESIAN_POINT('',(48.1,83.1));
#4908 = ( GEOMETRIC_REPRESENTATION_CONTEXT(2) 
PARAMETRIC_REPRESENTATION_CONTEXT() REPRESENTATION_CONTEXT('2D SPACE',''
  ) );
#4909 = ADVANCED_FACE('',(#4910),#1589,.F.);
#4910 = FACE_BOUND('',#4911,.F.);
#4911 = EDGE_LOOP('',(#4912,#4913,#4914,#4915));
#4912 = ORIENTED_EDGE('',*,*,#4769,.F.);
#4913 = ORIENTED_EDGE('',*,*,#1575,.T.);
#4914 = ORIENTED_EDGE('',*,*,#4868,.T.);
#4915 = ORIENTED_EDGE('',*,*,#4916,.F.);
#4916 = EDGE_CURVE('',#4770,#4869,#4917,.T.);
#4917 = SURFACE_CURVE('',#4918,(#4922,#4928),.PCURVE_S1.);
#4918 = LINE('',#4919,#4920);
#4919 = CARTESIAN_POINT('',(-9.95,39.1,2.4));
#4920 = VECTOR('',#4921,1.);
#4921 = DIRECTION('',(-1.,-0.,0.));
#4922 = PCURVE('',#1589,#4923);
#4923 = DEFINITIONAL_REPRESENTATION('',(#4924),#4927);
#4924 = B_SPLINE_CURVE_WITH_KNOTS('',1,(#4925,#4926),.UNSPECIFIED.,.F.,
  .F.,(2,2),(-25.85,-24.05),.PIECEWISE_BEZIER_KNOTS.);
#4925 = CARTESIAN_POINT('',(2.9,1.8));
#4926 = CARTESIAN_POINT('',(2.9,0.));
#4927 = ( GEOMETRIC_REPRESENTATION_CONTEXT(2) 
PARAMETRIC_REPRESENTATION_CONTEXT() REPRESENTATION_CONTEXT('2D SPACE',''
  ) );
#4928 = PCURVE('',#4805,#4929);
#4929 = DEFINITIONAL_REPRESENTATION('',(#4930),#4933);
#4930 = B_SPLINE_CURVE_WITH_KNOTS('',1,(#4931,#4932),.UNSPECIFIED.,.F.,
  .F.,(2,2),(-25.85,-24.05),.PIECEWISE_BEZIER_KNOTS.);
#4931 = CARTESIAN_POINT('',(49.9,83.1));
#4932 = CARTESIAN_POINT('',(48.1,83.1));
#4933 = ( GEOMETRIC_REPRESENTATION_CONTEXT(2) 
PARAMETRIC_REPRESENTATION_CONTEXT() REPRESENTATION_CONTEXT('2D SPACE',''
  ) );
#4934 = ADVANCED_FACE('',(#4935),#1620,.T.);
#4935 = FACE_BOUND('',#4936,.T.);
#4936 = EDGE_LOOP('',(#4937,#4960,#4961,#4984));
#4937 = ORIENTED_EDGE('',*,*,#4938,.F.);
#4938 = EDGE_CURVE('',#1603,#4939,#4941,.T.);
#4939 = VERTEX_POINT('',#4940);
#4940 = CARTESIAN_POINT('',(-14.1,30.9,2.4));
#4941 = SURFACE_CURVE('',#4942,(#4946,#4953),.PCURVE_S1.);
#4942 = LINE('',#4943,#4944);
#4943 = CARTESIAN_POINT('',(-14.1,30.9,-0.5));
#4944 = VECTOR('',#4945,1.);
#4945 = DIRECTION('',(0.,0.,1.));
#4946 = PCURVE('',#1620,#4947);
#4947 = DEFINITIONAL_REPRESENTATION('',(#4948),#4952);
#4948 = LINE('',#4949,#4950);
#4949 = CARTESIAN_POINT('',(0.,1.8));
#4950 = VECTOR('',#4951,1.);
#4951 = DIRECTION('',(1.,0.));
#4952 = ( GEOMETRIC_REPRESENTATION_CONTEXT(2) 
PARAMETRIC_REPRESENTATION_CONTEXT() REPRESENTATION_CONTEXT('2D SPACE',''
  ) );
#4953 = PCURVE('',#1699,#4954);
#4954 = DEFINITIONAL_REPRESENTATION('',(#4955),#4959);
#4955 = LINE('',#4956,#4957);
#4956 = CARTESIAN_POINT('',(0.,0.));
#4957 = VECTOR('',#4958,1.);
#4958 = DIRECTION('',(1.,0.));
#4959 = ( GEOMETRIC_REPRESENTATION_CONTEXT(2) 
PARAMETRIC_REPRESENTATION_CONTEXT() REPRESENTATION_CONTEXT('2D SPACE',''
  ) );
#4960 = ORIENTED_EDGE('',*,*,#1602,.T.);
#4961 = ORIENTED_EDGE('',*,*,#4962,.T.);
#4962 = EDGE_CURVE('',#1605,#4963,#4965,.T.);
#4963 = VERTEX_POINT('',#4964);
#4964 = CARTESIAN_POINT('',(-15.9,30.9,2.4));
#4965 = SURFACE_CURVE('',#4966,(#4970,#4977),.PCURVE_S1.);
#4966 = LINE('',#4967,#4968);
#4967 = CARTESIAN_POINT('',(-15.9,30.9,-0.5));
#4968 = VECTOR('',#4969,1.);
#4969 = DIRECTION('',(0.,0.,1.));
#4970 = PCURVE('',#1620,#4971);
#4971 = DEFINITIONAL_REPRESENTATION('',(#4972),#4976);
#4972 = LINE('',#4973,#4974);
#4973 = CARTESIAN_POINT('',(0.,0.));
#4974 = VECTOR('',#4975,1.);
#4975 = DIRECTION('',(1.,0.));
#4976 = ( GEOMETRIC_REPRESENTATION_CONTEXT(2) 
PARAMETRIC_REPRESENTATION_CONTEXT() REPRESENTATION_CONTEXT('2D SPACE',''
  ) );
#4977 = PCURVE('',#1647,#4978);
#4978 = DEFINITIONAL_REPRESENTATION('',(#4979),#4983);
#4979 = LINE('',#4980,#4981);
#4980 = CARTESIAN_POINT('',(0.,0.));
#4981 = VECTOR('',#4982,1.);
#4982 = DIRECTION('',(1.,0.));
#4983 = ( GEOMETRIC_REPRESENTATION_CONTEXT(2) 
PARAMETRIC_REPRESENTATION_CONTEXT() REPRESENTATION_CONTEXT('2D SPACE',''
  ) );
#4984 = ORIENTED_EDGE('',*,*,#4985,.F.);
#4985 = EDGE_CURVE('',#4939,#4963,#4986,.T.);
#4986 = SURFACE_CURVE('',#4987,(#4991,#4997),.PCURVE_S1.);
#4987 = LINE('',#4988,#4989);
#4988 = CARTESIAN_POINT('',(-24.95,30.9,2.4));
#4989 = VECTOR('',#4990,1.);
#4990 = DIRECTION('',(-1.,-0.,0.));
#4991 = PCURVE('',#1620,#4992);
#4992 = DEFINITIONAL_REPRESENTATION('',(#4993),#4996);
#4993 = B_SPLINE_CURVE_WITH_KNOTS('',1,(#4994,#4995),.UNSPECIFIED.,.F.,
  .F.,(2,2),(-10.85,-9.05),.PIECEWISE_BEZIER_KNOTS.);
#4994 = CARTESIAN_POINT('',(2.9,1.8));
#4995 = CARTESIAN_POINT('',(2.9,0.));
#4996 = ( GEOMETRIC_REPRESENTATION_CONTEXT(2) 
PARAMETRIC_REPRESENTATION_CONTEXT() REPRESENTATION_CONTEXT('2D SPACE',''
  ) );
#4997 = PCURVE('',#4805,#4998);
#4998 = DEFINITIONAL_REPRESENTATION('',(#4999),#5002);
#4999 = B_SPLINE_CURVE_WITH_KNOTS('',1,(#5000,#5001),.UNSPECIFIED.,.F.,
  .F.,(2,2),(-10.85,-9.05),.PIECEWISE_BEZIER_KNOTS.);
#5000 = CARTESIAN_POINT('',(19.9,74.9));
#5001 = CARTESIAN_POINT('',(18.1,74.9));
#5002 = ( GEOMETRIC_REPRESENTATION_CONTEXT(2) 
PARAMETRIC_REPRESENTATION_CONTEXT() REPRESENTATION_CONTEXT('2D SPACE',''
  ) );
#5003 = ADVANCED_FACE('',(#5004),#1647,.T.);
#5004 = FACE_BOUND('',#5005,.T.);
#5005 = EDGE_LOOP('',(#5006,#5007,#5008,#5031));
#5006 = ORIENTED_EDGE('',*,*,#4962,.F.);
#5007 = ORIENTED_EDGE('',*,*,#1631,.T.);
#5008 = ORIENTED_EDGE('',*,*,#5009,.T.);
#5009 = EDGE_CURVE('',#1632,#5010,#5012,.T.);
#5010 = VERTEX_POINT('',#5011);
#5011 = CARTESIAN_POINT('',(-15.9,34.1,2.4));
#5012 = SURFACE_CURVE('',#5013,(#5017,#5024),.PCURVE_S1.);
#5013 = LINE('',#5014,#5015);
#5014 = CARTESIAN_POINT('',(-15.9,34.1,-0.5));
#5015 = VECTOR('',#5016,1.);
#5016 = DIRECTION('',(0.,0.,1.));
#5017 = PCURVE('',#1647,#5018);
#5018 = DEFINITIONAL_REPRESENTATION('',(#5019),#5023);
#5019 = LINE('',#5020,#5021);
#5020 = CARTESIAN_POINT('',(0.,-3.2));
#5021 = VECTOR('',#5022,1.);
#5022 = DIRECTION('',(1.,0.));
#5023 = ( GEOMETRIC_REPRESENTATION_CONTEXT(2) 
PARAMETRIC_REPRESENTATION_CONTEXT() REPRESENTATION_CONTEXT('2D SPACE',''
  ) );
#5024 = PCURVE('',#1674,#5025);
#5025 = DEFINITIONAL_REPRESENTATION('',(#5026),#5030);
#5026 = LINE('',#5027,#5028);
#5027 = CARTESIAN_POINT('',(0.,0.));
#5028 = VECTOR('',#5029,1.);
#5029 = DIRECTION('',(1.,0.));
#5030 = ( GEOMETRIC_REPRESENTATION_CONTEXT(2) 
PARAMETRIC_REPRESENTATION_CONTEXT() REPRESENTATION_CONTEXT('2D SPACE',''
  ) );
#5031 = ORIENTED_EDGE('',*,*,#5032,.F.);
#5032 = EDGE_CURVE('',#4963,#5010,#5033,.T.);
#5033 = SURFACE_CURVE('',#5034,(#5038,#5044),.PCURVE_S1.);
#5034 = LINE('',#5035,#5036);
#5035 = CARTESIAN_POINT('',(-15.9,-6.55,2.4));
#5036 = VECTOR('',#5037,1.);
#5037 = DIRECTION('',(-0.,1.,0.));
#5038 = PCURVE('',#1647,#5039);
#5039 = DEFINITIONAL_REPRESENTATION('',(#5040),#5043);
#5040 = B_SPLINE_CURVE_WITH_KNOTS('',1,(#5041,#5042),.UNSPECIFIED.,.F.,
  .F.,(2,2),(37.45,40.65),.PIECEWISE_BEZIER_KNOTS.);
#5041 = CARTESIAN_POINT('',(2.9,0.));
#5042 = CARTESIAN_POINT('',(2.9,-3.2));
#5043 = ( GEOMETRIC_REPRESENTATION_CONTEXT(2) 
PARAMETRIC_REPRESENTATION_CONTEXT() REPRESENTATION_CONTEXT('2D SPACE',''
  ) );
#5044 = PCURVE('',#4805,#5045);
#5045 = DEFINITIONAL_REPRESENTATION('',(#5046),#5049);
#5046 = B_SPLINE_CURVE_WITH_KNOTS('',1,(#5047,#5048),.UNSPECIFIED.,.F.,
  .F.,(2,2),(37.45,40.65),.PIECEWISE_BEZIER_KNOTS.);
#5047 = CARTESIAN_POINT('',(18.1,74.9));
#5048 = CARTESIAN_POINT('',(18.1,78.1));
#5049 = ( GEOMETRIC_REPRESENTATION_CONTEXT(2) 
PARAMETRIC_REPRESENTATION_CONTEXT() REPRESENTATION_CONTEXT('2D SPACE',''
  ) );
#5050 = ADVANCED_FACE('',(#5051),#1674,.F.);
#5051 = FACE_BOUND('',#5052,.F.);
#5052 = EDGE_LOOP('',(#5053,#5076,#5077,#5078));
#5053 = ORIENTED_EDGE('',*,*,#5054,.F.);
#5054 = EDGE_CURVE('',#1659,#5055,#5057,.T.);
#5055 = VERTEX_POINT('',#5056);
#5056 = CARTESIAN_POINT('',(-14.1,34.1,2.4));
#5057 = SURFACE_CURVE('',#5058,(#5062,#5069),.PCURVE_S1.);
#5058 = LINE('',#5059,#5060);
#5059 = CARTESIAN_POINT('',(-14.1,34.1,-0.5));
#5060 = VECTOR('',#5061,1.);
#5061 = DIRECTION('',(0.,0.,1.));
#5062 = PCURVE('',#1674,#5063);
#5063 = DEFINITIONAL_REPRESENTATION('',(#5064),#5068);
#5064 = LINE('',#5065,#5066);
#5065 = CARTESIAN_POINT('',(0.,1.8));
#5066 = VECTOR('',#5067,1.);
#5067 = DIRECTION('',(1.,0.));
#5068 = ( GEOMETRIC_REPRESENTATION_CONTEXT(2) 
PARAMETRIC_REPRESENTATION_CONTEXT() REPRESENTATION_CONTEXT('2D SPACE',''
  ) );
#5069 = PCURVE('',#1699,#5070);
#5070 = DEFINITIONAL_REPRESENTATION('',(#5071),#5075);
#5071 = LINE('',#5072,#5073);
#5072 = CARTESIAN_POINT('',(0.,-3.2));
#5073 = VECTOR('',#5074,1.);
#5074 = DIRECTION('',(1.,0.));
#5075 = ( GEOMETRIC_REPRESENTATION_CONTEXT(2) 
PARAMETRIC_REPRESENTATION_CONTEXT() REPRESENTATION_CONTEXT('2D SPACE',''
  ) );
#5076 = ORIENTED_EDGE('',*,*,#1658,.T.);
#5077 = ORIENTED_EDGE('',*,*,#5009,.T.);
#5078 = ORIENTED_EDGE('',*,*,#5079,.F.);
#5079 = EDGE_CURVE('',#5055,#5010,#5080,.T.);
#5080 = SURFACE_CURVE('',#5081,(#5085,#5091),.PCURVE_S1.);
#5081 = LINE('',#5082,#5083);
#5082 = CARTESIAN_POINT('',(-24.95,34.1,2.4));
#5083 = VECTOR('',#5084,1.);
#5084 = DIRECTION('',(-1.,-0.,0.));
#5085 = PCURVE('',#1674,#5086);
#5086 = DEFINITIONAL_REPRESENTATION('',(#5087),#5090);
#5087 = B_SPLINE_CURVE_WITH_KNOTS('',1,(#5088,#5089),.UNSPECIFIED.,.F.,
  .F.,(2,2),(-10.85,-9.05),.PIECEWISE_BEZIER_KNOTS.);
#5088 = CARTESIAN_POINT('',(2.9,1.8));
#5089 = CARTESIAN_POINT('',(2.9,0.));
#5090 = ( GEOMETRIC_REPRESENTATION_CONTEXT(2) 
PARAMETRIC_REPRESENTATION_CONTEXT() REPRESENTATION_CONTEXT('2D SPACE',''
  ) );
#5091 = PCURVE('',#4805,#5092);
#5092 = DEFINITIONAL_REPRESENTATION('',(#5093),#5096);
#5093 = B_SPLINE_CURVE_WITH_KNOTS('',1,(#5094,#5095),.UNSPECIFIED.,.F.,
  .F.,(2,2),(-10.85,-9.05),.PIECEWISE_BEZIER_KNOTS.);
#5094 = CARTESIAN_POINT('',(19.9,78.1));
#5095 = CARTESIAN_POINT('',(18.1,78.1));
#5096 = ( GEOMETRIC_REPRESENTATION_CONTEXT(2) 
PARAMETRIC_REPRESENTATION_CONTEXT() REPRESENTATION_CONTEXT('2D SPACE',''
  ) );
#5097 = ADVANCED_FACE('',(#5098),#1699,.F.);
#5098 = FACE_BOUND('',#5099,.F.);
#5099 = EDGE_LOOP('',(#5100,#5101,#5102,#5103));
#5100 = ORIENTED_EDGE('',*,*,#4938,.F.);
#5101 = ORIENTED_EDGE('',*,*,#1685,.T.);
#5102 = ORIENTED_EDGE('',*,*,#5054,.T.);
#5103 = ORIENTED_EDGE('',*,*,#5104,.F.);
#5104 = EDGE_CURVE('',#4939,#5055,#5105,.T.);
#5105 = SURFACE_CURVE('',#5106,(#5110,#5116),.PCURVE_S1.);
#5106 = LINE('',#5107,#5108);
#5107 = CARTESIAN_POINT('',(-14.1,-6.55,2.4));
#5108 = VECTOR('',#5109,1.);
#5109 = DIRECTION('',(-0.,1.,0.));
#5110 = PCURVE('',#1699,#5111);
#5111 = DEFINITIONAL_REPRESENTATION('',(#5112),#5115);
#5112 = B_SPLINE_CURVE_WITH_KNOTS('',1,(#5113,#5114),.UNSPECIFIED.,.F.,
  .F.,(2,2),(37.45,40.65),.PIECEWISE_BEZIER_KNOTS.);
#5113 = CARTESIAN_POINT('',(2.9,0.));
#5114 = CARTESIAN_POINT('',(2.9,-3.2));
#5115 = ( GEOMETRIC_REPRESENTATION_CONTEXT(2) 
PARAMETRIC_REPRESENTATION_CONTEXT() REPRESENTATION_CONTEXT('2D SPACE',''
  ) );
#5116 = PCURVE('',#4805,#5117);
#5117 = DEFINITIONAL_REPRESENTATION('',(#5118),#5121);
#5118 = B_SPLINE_CURVE_WITH_KNOTS('',1,(#5119,#5120),.UNSPECIFIED.,.F.,
  .F.,(2,2),(37.45,40.65),.PIECEWISE_BEZIER_KNOTS.);
#5119 = CARTESIAN_POINT('',(19.9,74.9));
#5120 = CARTESIAN_POINT('',(19.9,78.1));
#5121 = ( GEOMETRIC_REPRESENTATION_CONTEXT(2) 
PARAMETRIC_REPRESENTATION_CONTEXT() REPRESENTATION_CONTEXT('2D SPACE',''
  ) );
#5122 = ADVANCED_FACE('',(#5123),#1730,.T.);
#5123 = FACE_BOUND('',#5124,.T.);
#5124 = EDGE_LOOP('',(#5125,#5148,#5149,#5172));
#5125 = ORIENTED_EDGE('',*,*,#5126,.F.);
#5126 = EDGE_CURVE('',#1713,#5127,#5129,.T.);
#5127 = VERTEX_POINT('',#5128);
#5128 = CARTESIAN_POINT('',(15.9,30.9,2.4));
#5129 = SURFACE_CURVE('',#5130,(#5134,#5141),.PCURVE_S1.);
#5130 = LINE('',#5131,#5132);
#5131 = CARTESIAN_POINT('',(15.9,30.9,-0.5));
#5132 = VECTOR('',#5133,1.);
#5133 = DIRECTION('',(0.,0.,1.));
#5134 = PCURVE('',#1730,#5135);
#5135 = DEFINITIONAL_REPRESENTATION('',(#5136),#5140);
#5136 = LINE('',#5137,#5138);
#5137 = CARTESIAN_POINT('',(0.,1.8));
#5138 = VECTOR('',#5139,1.);
#5139 = DIRECTION('',(1.,0.));
#5140 = ( GEOMETRIC_REPRESENTATION_CONTEXT(2) 
PARAMETRIC_REPRESENTATION_CONTEXT() REPRESENTATION_CONTEXT('2D SPACE',''
  ) );
#5141 = PCURVE('',#1809,#5142);
#5142 = DEFINITIONAL_REPRESENTATION('',(#5143),#5147);
#5143 = LINE('',#5144,#5145);
#5144 = CARTESIAN_POINT('',(0.,0.));
#5145 = VECTOR('',#5146,1.);
#5146 = DIRECTION('',(1.,0.));
#5147 = ( GEOMETRIC_REPRESENTATION_CONTEXT(2) 
PARAMETRIC_REPRESENTATION_CONTEXT() REPRESENTATION_CONTEXT('2D SPACE',''
  ) );
#5148 = ORIENTED_EDGE('',*,*,#1712,.T.);
#5149 = ORIENTED_EDGE('',*,*,#5150,.T.);
#5150 = EDGE_CURVE('',#1715,#5151,#5153,.T.);
#5151 = VERTEX_POINT('',#5152);
#5152 = CARTESIAN_POINT('',(14.1,30.9,2.4));
#5153 = SURFACE_CURVE('',#5154,(#5158,#5165),.PCURVE_S1.);
#5154 = LINE('',#5155,#5156);
#5155 = CARTESIAN_POINT('',(14.1,30.9,-0.5));
#5156 = VECTOR('',#5157,1.);
#5157 = DIRECTION('',(0.,0.,1.));
#5158 = PCURVE('',#1730,#5159);
#5159 = DEFINITIONAL_REPRESENTATION('',(#5160),#5164);
#5160 = LINE('',#5161,#5162);
#5161 = CARTESIAN_POINT('',(0.,0.));
#5162 = VECTOR('',#5163,1.);
#5163 = DIRECTION('',(1.,0.));
#5164 = ( GEOMETRIC_REPRESENTATION_CONTEXT(2) 
PARAMETRIC_REPRESENTATION_CONTEXT() REPRESENTATION_CONTEXT('2D SPACE',''
  ) );
#5165 = PCURVE('',#1757,#5166);
#5166 = DEFINITIONAL_REPRESENTATION('',(#5167),#5171);
#5167 = LINE('',#5168,#5169);
#5168 = CARTESIAN_POINT('',(0.,0.));
#5169 = VECTOR('',#5170,1.);
#5170 = DIRECTION('',(1.,0.));
#5171 = ( GEOMETRIC_REPRESENTATION_CONTEXT(2) 
PARAMETRIC_REPRESENTATION_CONTEXT() REPRESENTATION_CONTEXT('2D SPACE',''
  ) );
#5172 = ORIENTED_EDGE('',*,*,#5173,.F.);
#5173 = EDGE_CURVE('',#5127,#5151,#5174,.T.);
#5174 = SURFACE_CURVE('',#5175,(#5179,#5185),.PCURVE_S1.);
#5175 = LINE('',#5176,#5177);
#5176 = CARTESIAN_POINT('',(-9.95,30.9,2.4));
#5177 = VECTOR('',#5178,1.);
#5178 = DIRECTION('',(-1.,-0.,0.));
#5179 = PCURVE('',#1730,#5180);
#5180 = DEFINITIONAL_REPRESENTATION('',(#5181),#5184);
#5181 = B_SPLINE_CURVE_WITH_KNOTS('',1,(#5182,#5183),.UNSPECIFIED.,.F.,
  .F.,(2,2),(-25.85,-24.05),.PIECEWISE_BEZIER_KNOTS.);
#5182 = CARTESIAN_POINT('',(2.9,1.8));
#5183 = CARTESIAN_POINT('',(2.9,0.));
#5184 = ( GEOMETRIC_REPRESENTATION_CONTEXT(2) 
PARAMETRIC_REPRESENTATION_CONTEXT() REPRESENTATION_CONTEXT('2D SPACE',''
  ) );
#5185 = PCURVE('',#4805,#5186);
#5186 = DEFINITIONAL_REPRESENTATION('',(#5187),#5190);
#5187 = B_SPLINE_CURVE_WITH_KNOTS('',1,(#5188,#5189),.UNSPECIFIED.,.F.,
  .F.,(2,2),(-25.85,-24.05),.PIECEWISE_BEZIER_KNOTS.);
#5188 = CARTESIAN_POINT('',(49.9,74.9));
#5189 = CARTESIAN_POINT('',(48.1,74.9));
#5190 = ( GEOMETRIC_REPRESENTATION_CONTEXT(2) 
PARAMETRIC_REPRESENTATION_CONTEXT() REPRESENTATION_CONTEXT('2D SPACE',''
  ) );
#5191 = ADVANCED_FACE('',(#5192),#1757,.T.);
#5192 = FACE_BOUND('',#5193,.T.);
#5193 = EDGE_LOOP('',(#5194,#5195,#5196,#5219));
#5194 = ORIENTED_EDGE('',*,*,#5150,.F.);
#5195 = ORIENTED_EDGE('',*,*,#1741,.T.);
#5196 = ORIENTED_EDGE('',*,*,#5197,.T.);
#5197 = EDGE_CURVE('',#1742,#5198,#5200,.T.);
#5198 = VERTEX_POINT('',#5199);
#5199 = CARTESIAN_POINT('',(14.1,34.1,2.4));
#5200 = SURFACE_CURVE('',#5201,(#5205,#5212),.PCURVE_S1.);
#5201 = LINE('',#5202,#5203);
#5202 = CARTESIAN_POINT('',(14.1,34.1,-0.5));
#5203 = VECTOR('',#5204,1.);
#5204 = DIRECTION('',(0.,0.,1.));
#5205 = PCURVE('',#1757,#5206);
#5206 = DEFINITIONAL_REPRESENTATION('',(#5207),#5211);
#5207 = LINE('',#5208,#5209);
#5208 = CARTESIAN_POINT('',(0.,-3.2));
#5209 = VECTOR('',#5210,1.);
#5210 = DIRECTION('',(1.,0.));
#5211 = ( GEOMETRIC_REPRESENTATION_CONTEXT(2) 
PARAMETRIC_REPRESENTATION_CONTEXT() REPRESENTATION_CONTEXT('2D SPACE',''
  ) );
#5212 = PCURVE('',#1784,#5213);
#5213 = DEFINITIONAL_REPRESENTATION('',(#5214),#5218);
#5214 = LINE('',#5215,#5216);
#5215 = CARTESIAN_POINT('',(0.,0.));
#5216 = VECTOR('',#5217,1.);
#5217 = DIRECTION('',(1.,0.));
#5218 = ( GEOMETRIC_REPRESENTATION_CONTEXT(2) 
PARAMETRIC_REPRESENTATION_CONTEXT() REPRESENTATION_CONTEXT('2D SPACE',''
  ) );
#5219 = ORIENTED_EDGE('',*,*,#5220,.F.);
#5220 = EDGE_CURVE('',#5151,#5198,#5221,.T.);
#5221 = SURFACE_CURVE('',#5222,(#5226,#5232),.PCURVE_S1.);
#5222 = LINE('',#5223,#5224);
#5223 = CARTESIAN_POINT('',(14.1,-6.55,2.4));
#5224 = VECTOR('',#5225,1.);
#5225 = DIRECTION('',(-0.,1.,0.));
#5226 = PCURVE('',#1757,#5227);
#5227 = DEFINITIONAL_REPRESENTATION('',(#5228),#5231);
#5228 = B_SPLINE_CURVE_WITH_KNOTS('',1,(#5229,#5230),.UNSPECIFIED.,.F.,
  .F.,(2,2),(37.45,40.65),.PIECEWISE_BEZIER_KNOTS.);
#5229 = CARTESIAN_POINT('',(2.9,0.));
#5230 = CARTESIAN_POINT('',(2.9,-3.2));
#5231 = ( GEOMETRIC_REPRESENTATION_CONTEXT(2) 
PARAMETRIC_REPRESENTATION_CONTEXT() REPRESENTATION_CONTEXT('2D SPACE',''
  ) );
#5232 = PCURVE('',#4805,#5233);
#5233 = DEFINITIONAL_REPRESENTATION('',(#5234),#5237);
#5234 = B_SPLINE_CURVE_WITH_KNOTS('',1,(#5235,#5236),.UNSPECIFIED.,.F.,
  .F.,(2,2),(37.45,40.65),.PIECEWISE_BEZIER_KNOTS.);
#5235 = CARTESIAN_POINT('',(48.1,74.9));
#5236 = CARTESIAN_POINT('',(48.1,78.1));
#5237 = ( GEOMETRIC_REPRESENTATION_CONTEXT(2) 
PARAMETRIC_REPRESENTATION_CONTEXT() REPRESENTATION_CONTEXT('2D SPACE',''
  ) );
#5238 = ADVANCED_FACE('',(#5239),#1784,.F.);
#5239 = FACE_BOUND('',#5240,.F.);
#5240 = EDGE_LOOP('',(#5241,#5264,#5265,#5266));
#5241 = ORIENTED_EDGE('',*,*,#5242,.F.);
#5242 = EDGE_CURVE('',#1769,#5243,#5245,.T.);
#5243 = VERTEX_POINT('',#5244);
#5244 = CARTESIAN_POINT('',(15.9,34.1,2.4));
#5245 = SURFACE_CURVE('',#5246,(#5250,#5257),.PCURVE_S1.);
#5246 = LINE('',#5247,#5248);
#5247 = CARTESIAN_POINT('',(15.9,34.1,-0.5));
#5248 = VECTOR('',#5249,1.);
#5249 = DIRECTION('',(0.,0.,1.));
#5250 = PCURVE('',#1784,#5251);
#5251 = DEFINITIONAL_REPRESENTATION('',(#5252),#5256);
#5252 = LINE('',#5253,#5254);
#5253 = CARTESIAN_POINT('',(0.,1.8));
#5254 = VECTOR('',#5255,1.);
#5255 = DIRECTION('',(1.,0.));
#5256 = ( GEOMETRIC_REPRESENTATION_CONTEXT(2) 
PARAMETRIC_REPRESENTATION_CONTEXT() REPRESENTATION_CONTEXT('2D SPACE',''
  ) );
#5257 = PCURVE('',#1809,#5258);
#5258 = DEFINITIONAL_REPRESENTATION('',(#5259),#5263);
#5259 = LINE('',#5260,#5261);
#5260 = CARTESIAN_POINT('',(0.,-3.2));
#5261 = VECTOR('',#5262,1.);
#5262 = DIRECTION('',(1.,0.));
#5263 = ( GEOMETRIC_REPRESENTATION_CONTEXT(2) 
PARAMETRIC_REPRESENTATION_CONTEXT() REPRESENTATION_CONTEXT('2D SPACE',''
  ) );
#5264 = ORIENTED_EDGE('',*,*,#1768,.T.);
#5265 = ORIENTED_EDGE('',*,*,#5197,.T.);
#5266 = ORIENTED_EDGE('',*,*,#5267,.F.);
#5267 = EDGE_CURVE('',#5243,#5198,#5268,.T.);
#5268 = SURFACE_CURVE('',#5269,(#5273,#5279),.PCURVE_S1.);
#5269 = LINE('',#5270,#5271);
#5270 = CARTESIAN_POINT('',(-9.95,34.1,2.4));
#5271 = VECTOR('',#5272,1.);
#5272 = DIRECTION('',(-1.,-0.,0.));
#5273 = PCURVE('',#1784,#5274);
#5274 = DEFINITIONAL_REPRESENTATION('',(#5275),#5278);
#5275 = B_SPLINE_CURVE_WITH_KNOTS('',1,(#5276,#5277),.UNSPECIFIED.,.F.,
  .F.,(2,2),(-25.85,-24.05),.PIECEWISE_BEZIER_KNOTS.);
#5276 = CARTESIAN_POINT('',(2.9,1.8));
#5277 = CARTESIAN_POINT('',(2.9,0.));
#5278 = ( GEOMETRIC_REPRESENTATION_CONTEXT(2) 
PARAMETRIC_REPRESENTATION_CONTEXT() REPRESENTATION_CONTEXT('2D SPACE',''
  ) );
#5279 = PCURVE('',#4805,#5280);
#5280 = DEFINITIONAL_REPRESENTATION('',(#5281),#5284);
#5281 = B_SPLINE_CURVE_WITH_KNOTS('',1,(#5282,#5283),.UNSPECIFIED.,.F.,
  .F.,(2,2),(-25.85,-24.05),.PIECEWISE_BEZIER_KNOTS.);
#5282 = CARTESIAN_POINT('',(49.9,78.1));
#5283 = CARTESIAN_POINT('',(48.1,78.1));
#5284 = ( GEOMETRIC_REPRESENTATION_CONTEXT(2) 
PARAMETRIC_REPRESENTATION_CONTEXT() REPRESENTATION_CONTEXT('2D SPACE',''
  ) );
#5285 = ADVANCED_FACE('',(#5286),#1809,.F.);
#5286 = FACE_BOUND('',#5287,.F.);
#5287 = EDGE_LOOP('',(#5288,#5289,#5290,#5291));
#5288 = ORIENTED_EDGE('',*,*,#5126,.F.);
#5289 = ORIENTED_EDGE('',*,*,#1795,.T.);
#5290 = ORIENTED_EDGE('',*,*,#5242,.T.);
#5291 = ORIENTED_EDGE('',*,*,#5292,.F.);
#5292 = EDGE_CURVE('',#5127,#5243,#5293,.T.);
#5293 = SURFACE_CURVE('',#5294,(#5298,#5304),.PCURVE_S1.);
#5294 = LINE('',#5295,#5296);
#5295 = CARTESIAN_POINT('',(15.9,-6.55,2.4));
#5296 = VECTOR('',#5297,1.);
#5297 = DIRECTION('',(-0.,1.,0.));
#5298 = PCURVE('',#1809,#5299);
#5299 = DEFINITIONAL_REPRESENTATION('',(#5300),#5303);
#5300 = B_SPLINE_CURVE_WITH_KNOTS('',1,(#5301,#5302),.UNSPECIFIED.,.F.,
  .F.,(2,2),(37.45,40.65),.PIECEWISE_BEZIER_KNOTS.);
#5301 = CARTESIAN_POINT('',(2.9,0.));
#5302 = CARTESIAN_POINT('',(2.9,-3.2));
#5303 = ( GEOMETRIC_REPRESENTATION_CONTEXT(2) 
PARAMETRIC_REPRESENTATION_CONTEXT() REPRESENTATION_CONTEXT('2D SPACE',''
  ) );
#5304 = PCURVE('',#4805,#5305);
#5305 = DEFINITIONAL_REPRESENTATION('',(#5306),#5309);
#5306 = B_SPLINE_CURVE_WITH_KNOTS('',1,(#5307,#5308),.UNSPECIFIED.,.F.,
  .F.,(2,2),(37.45,40.65),.PIECEWISE_BEZIER_KNOTS.);
#5307 = CARTESIAN_POINT('',(49.9,74.9));
#5308 = CARTESIAN_POINT('',(49.9,78.1));
#5309 = ( GEOMETRIC_REPRESENTATION_CONTEXT(2) 
PARAMETRIC_REPRESENTATION_CONTEXT() REPRESENTATION_CONTEXT('2D SPACE',''
  ) );
#5310 = ADVANCED_FACE('',(#5311),#1840,.T.);
#5311 = FACE_BOUND('',#5312,.T.);
#5312 = EDGE_LOOP('',(#5313,#5336,#5337,#5360));
#5313 = ORIENTED_EDGE('',*,*,#5314,.F.);
#5314 = EDGE_CURVE('',#1823,#5315,#5317,.T.);
#5315 = VERTEX_POINT('',#5316);
#5316 = CARTESIAN_POINT('',(-14.1,35.9,2.4));
#5317 = SURFACE_CURVE('',#5318,(#5322,#5329),.PCURVE_S1.);
#5318 = LINE('',#5319,#5320);
#5319 = CARTESIAN_POINT('',(-14.1,35.9,-0.5));
#5320 = VECTOR('',#5321,1.);
#5321 = DIRECTION('',(0.,0.,1.));
#5322 = PCURVE('',#1840,#5323);
#5323 = DEFINITIONAL_REPRESENTATION('',(#5324),#5328);
#5324 = LINE('',#5325,#5326);
#5325 = CARTESIAN_POINT('',(0.,1.8));
#5326 = VECTOR('',#5327,1.);
#5327 = DIRECTION('',(1.,0.));
#5328 = ( GEOMETRIC_REPRESENTATION_CONTEXT(2) 
PARAMETRIC_REPRESENTATION_CONTEXT() REPRESENTATION_CONTEXT('2D SPACE',''
  ) );
#5329 = PCURVE('',#1919,#5330);
#5330 = DEFINITIONAL_REPRESENTATION('',(#5331),#5335);
#5331 = LINE('',#5332,#5333);
#5332 = CARTESIAN_POINT('',(0.,0.));
#5333 = VECTOR('',#5334,1.);
#5334 = DIRECTION('',(1.,0.));
#5335 = ( GEOMETRIC_REPRESENTATION_CONTEXT(2) 
PARAMETRIC_REPRESENTATION_CONTEXT() REPRESENTATION_CONTEXT('2D SPACE',''
  ) );
#5336 = ORIENTED_EDGE('',*,*,#1822,.T.);
#5337 = ORIENTED_EDGE('',*,*,#5338,.T.);
#5338 = EDGE_CURVE('',#1825,#5339,#5341,.T.);
#5339 = VERTEX_POINT('',#5340);
#5340 = CARTESIAN_POINT('',(-15.9,35.9,2.4));
#5341 = SURFACE_CURVE('',#5342,(#5346,#5353),.PCURVE_S1.);
#5342 = LINE('',#5343,#5344);
#5343 = CARTESIAN_POINT('',(-15.9,35.9,-0.5));
#5344 = VECTOR('',#5345,1.);
#5345 = DIRECTION('',(0.,0.,1.));
#5346 = PCURVE('',#1840,#5347);
#5347 = DEFINITIONAL_REPRESENTATION('',(#5348),#5352);
#5348 = LINE('',#5349,#5350);
#5349 = CARTESIAN_POINT('',(0.,0.));
#5350 = VECTOR('',#5351,1.);
#5351 = DIRECTION('',(1.,0.));
#5352 = ( GEOMETRIC_REPRESENTATION_CONTEXT(2) 
PARAMETRIC_REPRESENTATION_CONTEXT() REPRESENTATION_CONTEXT('2D SPACE',''
  ) );
#5353 = PCURVE('',#1867,#5354);
#5354 = DEFINITIONAL_REPRESENTATION('',(#5355),#5359);
#5355 = LINE('',#5356,#5357);
#5356 = CARTESIAN_POINT('',(0.,0.));
#5357 = VECTOR('',#5358,1.);
#5358 = DIRECTION('',(1.,0.));
#5359 = ( GEOMETRIC_REPRESENTATION_CONTEXT(2) 
PARAMETRIC_REPRESENTATION_CONTEXT() REPRESENTATION_CONTEXT('2D SPACE',''
  ) );
#5360 = ORIENTED_EDGE('',*,*,#5361,.F.);
#5361 = EDGE_CURVE('',#5315,#5339,#5362,.T.);
#5362 = SURFACE_CURVE('',#5363,(#5367,#5373),.PCURVE_S1.);
#5363 = LINE('',#5364,#5365);
#5364 = CARTESIAN_POINT('',(-24.95,35.9,2.4));
#5365 = VECTOR('',#5366,1.);
#5366 = DIRECTION('',(-1.,-0.,0.));
#5367 = PCURVE('',#1840,#5368);
#5368 = DEFINITIONAL_REPRESENTATION('',(#5369),#5372);
#5369 = B_SPLINE_CURVE_WITH_KNOTS('',1,(#5370,#5371),.UNSPECIFIED.,.F.,
  .F.,(2,2),(-10.85,-9.05),.PIECEWISE_BEZIER_KNOTS.);
#5370 = CARTESIAN_POINT('',(2.9,1.8));
#5371 = CARTESIAN_POINT('',(2.9,0.));
#5372 = ( GEOMETRIC_REPRESENTATION_CONTEXT(2) 
PARAMETRIC_REPRESENTATION_CONTEXT() REPRESENTATION_CONTEXT('2D SPACE',''
  ) );
#5373 = PCURVE('',#4805,#5374);
#5374 = DEFINITIONAL_REPRESENTATION('',(#5375),#5378);
#5375 = B_SPLINE_CURVE_WITH_KNOTS('',1,(#5376,#5377),.UNSPECIFIED.,.F.,
  .F.,(2,2),(-10.85,-9.05),.PIECEWISE_BEZIER_KNOTS.);
#5376 = CARTESIAN_POINT('',(19.9,79.9));
#5377 = CARTESIAN_POINT('',(18.1,79.9));
#5378 = ( GEOMETRIC_REPRESENTATION_CONTEXT(2) 
PARAMETRIC_REPRESENTATION_CONTEXT() REPRESENTATION_CONTEXT('2D SPACE',''
  ) );
#5379 = ADVANCED_FACE('',(#5380),#1867,.T.);
#5380 = FACE_BOUND('',#5381,.T.);
#5381 = EDGE_LOOP('',(#5382,#5383,#5384,#5407));
#5382 = ORIENTED_EDGE('',*,*,#5338,.F.);
#5383 = ORIENTED_EDGE('',*,*,#1851,.T.);
#5384 = ORIENTED_EDGE('',*,*,#5385,.T.);
#5385 = EDGE_CURVE('',#1852,#5386,#5388,.T.);
#5386 = VERTEX_POINT('',#5387);
#5387 = CARTESIAN_POINT('',(-15.9,39.1,2.4));
#5388 = SURFACE_CURVE('',#5389,(#5393,#5400),.PCURVE_S1.);
#5389 = LINE('',#5390,#5391);
#5390 = CARTESIAN_POINT('',(-15.9,39.1,-0.5));
#5391 = VECTOR('',#5392,1.);
#5392 = DIRECTION('',(0.,0.,1.));
#5393 = PCURVE('',#1867,#5394);
#5394 = DEFINITIONAL_REPRESENTATION('',(#5395),#5399);
#5395 = LINE('',#5396,#5397);
#5396 = CARTESIAN_POINT('',(0.,-3.2));
#5397 = VECTOR('',#5398,1.);
#5398 = DIRECTION('',(1.,0.));
#5399 = ( GEOMETRIC_REPRESENTATION_CONTEXT(2) 
PARAMETRIC_REPRESENTATION_CONTEXT() REPRESENTATION_CONTEXT('2D SPACE',''
  ) );
#5400 = PCURVE('',#1894,#5401);
#5401 = DEFINITIONAL_REPRESENTATION('',(#5402),#5406);
#5402 = LINE('',#5403,#5404);
#5403 = CARTESIAN_POINT('',(0.,0.));
#5404 = VECTOR('',#5405,1.);
#5405 = DIRECTION('',(1.,0.));
#5406 = ( GEOMETRIC_REPRESENTATION_CONTEXT(2) 
PARAMETRIC_REPRESENTATION_CONTEXT() REPRESENTATION_CONTEXT('2D SPACE',''
  ) );
#5407 = ORIENTED_EDGE('',*,*,#5408,.F.);
#5408 = EDGE_CURVE('',#5339,#5386,#5409,.T.);
#5409 = SURFACE_CURVE('',#5410,(#5414,#5420),.PCURVE_S1.);
#5410 = LINE('',#5411,#5412);
#5411 = CARTESIAN_POINT('',(-15.9,-4.05,2.4));
#5412 = VECTOR('',#5413,1.);
#5413 = DIRECTION('',(-0.,1.,0.));
#5414 = PCURVE('',#1867,#5415);
#5415 = DEFINITIONAL_REPRESENTATION('',(#5416),#5419);
#5416 = B_SPLINE_CURVE_WITH_KNOTS('',1,(#5417,#5418),.UNSPECIFIED.,.F.,
  .F.,(2,2),(39.95,43.15),.PIECEWISE_BEZIER_KNOTS.);
#5417 = CARTESIAN_POINT('',(2.9,0.));
#5418 = CARTESIAN_POINT('',(2.9,-3.2));
#5419 = ( GEOMETRIC_REPRESENTATION_CONTEXT(2) 
PARAMETRIC_REPRESENTATION_CONTEXT() REPRESENTATION_CONTEXT('2D SPACE',''
  ) );
#5420 = PCURVE('',#4805,#5421);
#5421 = DEFINITIONAL_REPRESENTATION('',(#5422),#5425);
#5422 = B_SPLINE_CURVE_WITH_KNOTS('',1,(#5423,#5424),.UNSPECIFIED.,.F.,
  .F.,(2,2),(39.95,43.15),.PIECEWISE_BEZIER_KNOTS.);
#5423 = CARTESIAN_POINT('',(18.1,79.9));
#5424 = CARTESIAN_POINT('',(18.1,83.1));
#5425 = ( GEOMETRIC_REPRESENTATION_CONTEXT(2) 
PARAMETRIC_REPRESENTATION_CONTEXT() REPRESENTATION_CONTEXT('2D SPACE',''
  ) );
#5426 = ADVANCED_FACE('',(#5427),#1894,.F.);
#5427 = FACE_BOUND('',#5428,.F.);
#5428 = EDGE_LOOP('',(#5429,#5452,#5453,#5454));
#5429 = ORIENTED_EDGE('',*,*,#5430,.F.);
#5430 = EDGE_CURVE('',#1879,#5431,#5433,.T.);
#5431 = VERTEX_POINT('',#5432);
#5432 = CARTESIAN_POINT('',(-14.1,39.1,2.4));
#5433 = SURFACE_CURVE('',#5434,(#5438,#5445),.PCURVE_S1.);
#5434 = LINE('',#5435,#5436);
#5435 = CARTESIAN_POINT('',(-14.1,39.1,-0.5));
#5436 = VECTOR('',#5437,1.);
#5437 = DIRECTION('',(0.,0.,1.));
#5438 = PCURVE('',#1894,#5439);
#5439 = DEFINITIONAL_REPRESENTATION('',(#5440),#5444);
#5440 = LINE('',#5441,#5442);
#5441 = CARTESIAN_POINT('',(0.,1.8));
#5442 = VECTOR('',#5443,1.);
#5443 = DIRECTION('',(1.,0.));
#5444 = ( GEOMETRIC_REPRESENTATION_CONTEXT(2) 
PARAMETRIC_REPRESENTATION_CONTEXT() REPRESENTATION_CONTEXT('2D SPACE',''
  ) );
#5445 = PCURVE('',#1919,#5446);
#5446 = DEFINITIONAL_REPRESENTATION('',(#5447),#5451);
#5447 = LINE('',#5448,#5449);
#5448 = CARTESIAN_POINT('',(0.,-3.2));
#5449 = VECTOR('',#5450,1.);
#5450 = DIRECTION('',(1.,0.));
#5451 = ( GEOMETRIC_REPRESENTATION_CONTEXT(2) 
PARAMETRIC_REPRESENTATION_CONTEXT() REPRESENTATION_CONTEXT('2D SPACE',''
  ) );
#5452 = ORIENTED_EDGE('',*,*,#1878,.T.);
#5453 = ORIENTED_EDGE('',*,*,#5385,.T.);
#5454 = ORIENTED_EDGE('',*,*,#5455,.F.);
#5455 = EDGE_CURVE('',#5431,#5386,#5456,.T.);
#5456 = SURFACE_CURVE('',#5457,(#5461,#5467),.PCURVE_S1.);
#5457 = LINE('',#5458,#5459);
#5458 = CARTESIAN_POINT('',(-24.95,39.1,2.4));
#5459 = VECTOR('',#5460,1.);
#5460 = DIRECTION('',(-1.,-0.,0.));
#5461 = PCURVE('',#1894,#5462);
#5462 = DEFINITIONAL_REPRESENTATION('',(#5463),#5466);
#5463 = B_SPLINE_CURVE_WITH_KNOTS('',1,(#5464,#5465),.UNSPECIFIED.,.F.,
  .F.,(2,2),(-10.85,-9.05),.PIECEWISE_BEZIER_KNOTS.);
#5464 = CARTESIAN_POINT('',(2.9,1.8));
#5465 = CARTESIAN_POINT('',(2.9,0.));
#5466 = ( GEOMETRIC_REPRESENTATION_CONTEXT(2) 
PARAMETRIC_REPRESENTATION_CONTEXT() REPRESENTATION_CONTEXT('2D SPACE',''
  ) );
#5467 = PCURVE('',#4805,#5468);
#5468 = DEFINITIONAL_REPRESENTATION('',(#5469),#5472);
#5469 = B_SPLINE_CURVE_WITH_KNOTS('',1,(#5470,#5471),.UNSPECIFIED.,.F.,
  .F.,(2,2),(-10.85,-9.05),.PIECEWISE_BEZIER_KNOTS.);
#5470 = CARTESIAN_POINT('',(19.9,83.1));
#5471 = CARTESIAN_POINT('',(18.1,83.1));
#5472 = ( GEOMETRIC_REPRESENTATION_CONTEXT(2) 
PARAMETRIC_REPRESENTATION_CONTEXT() REPRESENTATION_CONTEXT('2D SPACE',''
  ) );
#5473 = ADVANCED_FACE('',(#5474),#1919,.F.);
#5474 = FACE_BOUND('',#5475,.F.);
#5475 = EDGE_LOOP('',(#5476,#5477,#5478,#5479));
#5476 = ORIENTED_EDGE('',*,*,#5314,.F.);
#5477 = ORIENTED_EDGE('',*,*,#1905,.T.);
#5478 = ORIENTED_EDGE('',*,*,#5430,.T.);
#5479 = ORIENTED_EDGE('',*,*,#5480,.F.);
#5480 = EDGE_CURVE('',#5315,#5431,#5481,.T.);
#5481 = SURFACE_CURVE('',#5482,(#5486,#5492),.PCURVE_S1.);
#5482 = LINE('',#5483,#5484);
#5483 = CARTESIAN_POINT('',(-14.1,-4.05,2.4));
#5484 = VECTOR('',#5485,1.);
#5485 = DIRECTION('',(-0.,1.,0.));
#5486 = PCURVE('',#1919,#5487);
#5487 = DEFINITIONAL_REPRESENTATION('',(#5488),#5491);
#5488 = B_SPLINE_CURVE_WITH_KNOTS('',1,(#5489,#5490),.UNSPECIFIED.,.F.,
  .F.,(2,2),(39.95,43.15),.PIECEWISE_BEZIER_KNOTS.);
#5489 = CARTESIAN_POINT('',(2.9,0.));
#5490 = CARTESIAN_POINT('',(2.9,-3.2));
#5491 = ( GEOMETRIC_REPRESENTATION_CONTEXT(2) 
PARAMETRIC_REPRESENTATION_CONTEXT() REPRESENTATION_CONTEXT('2D SPACE',''
  ) );
#5492 = PCURVE('',#4805,#5493);
#5493 = DEFINITIONAL_REPRESENTATION('',(#5494),#5497);
#5494 = B_SPLINE_CURVE_WITH_KNOTS('',1,(#5495,#5496),.UNSPECIFIED.,.F.,
  .F.,(2,2),(39.95,43.15),.PIECEWISE_BEZIER_KNOTS.);
#5495 = CARTESIAN_POINT('',(19.9,79.9));
#5496 = CARTESIAN_POINT('',(19.9,83.1));
#5497 = ( GEOMETRIC_REPRESENTATION_CONTEXT(2) 
PARAMETRIC_REPRESENTATION_CONTEXT() REPRESENTATION_CONTEXT('2D SPACE',''
  ) );
#5498 = ADVANCED_FACE('',(#5499),#1954,.T.);
#5499 = FACE_BOUND('',#5500,.F.);
#5500 = EDGE_LOOP('',(#5501,#5527,#5528,#5529));
#5501 = ORIENTED_EDGE('',*,*,#5502,.F.);
#5502 = EDGE_CURVE('',#3236,#5503,#5505,.T.);
#5503 = VERTEX_POINT('',#5504);
#5504 = CARTESIAN_POINT('',(-33.4,-46.4,8.4));
#5505 = SURFACE_CURVE('',#5506,(#5510,#5516),.PCURVE_S1.);
#5506 = LINE('',#5507,#5508);
#5507 = CARTESIAN_POINT('',(-33.4,-47.,7.8));
#5508 = VECTOR('',#5509,1.);
#5509 = DIRECTION('',(0.,0.707106781187,0.707106781187));
#5510 = PCURVE('',#1954,#5511);
#5511 = DEFINITIONAL_REPRESENTATION('',(#5512),#5515);
#5512 = B_SPLINE_CURVE_WITH_KNOTS('',1,(#5513,#5514),.UNSPECIFIED.,.F.,
  .F.,(2,2),(-0.848528137424,0.848528137424),.PIECEWISE_BEZIER_KNOTS.);
#5513 = CARTESIAN_POINT('',(0.,0.));
#5514 = CARTESIAN_POINT('',(0.,-1.2));
#5515 = ( GEOMETRIC_REPRESENTATION_CONTEXT(2) 
PARAMETRIC_REPRESENTATION_CONTEXT() REPRESENTATION_CONTEXT('2D SPACE',''
  ) );
#5516 = PCURVE('',#5517,#5522);
#5517 = PLANE('',#5518);
#5518 = AXIS2_PLACEMENT_3D('',#5519,#5520,#5521);
#5519 = CARTESIAN_POINT('',(33.4,-47.,7.8));
#5520 = DIRECTION('',(0.,0.707106781187,-0.707106781187));
#5521 = DIRECTION('',(-1.,0.,-0.));
#5522 = DEFINITIONAL_REPRESENTATION('',(#5523),#5526);
#5523 = B_SPLINE_CURVE_WITH_KNOTS('',1,(#5524,#5525),.UNSPECIFIED.,.F.,
  .F.,(2,2),(-0.848528137424,0.848528137424),.PIECEWISE_BEZIER_KNOTS.);
#5524 = CARTESIAN_POINT('',(66.8,-0.848528137424));
#5525 = CARTESIAN_POINT('',(66.8,0.848528137424));
#5526 = ( GEOMETRIC_REPRESENTATION_CONTEXT(2) 
PARAMETRIC_REPRESENTATION_CONTEXT() REPRESENTATION_CONTEXT('2D SPACE',''
  ) );
#5527 = ORIENTED_EDGE('',*,*,#3258,.T.);
#5528 = ORIENTED_EDGE('',*,*,#1939,.T.);
#5529 = ORIENTED_EDGE('',*,*,#5530,.F.);
#5530 = EDGE_CURVE('',#5503,#1940,#5531,.T.);
#5531 = SURFACE_CURVE('',#5532,(#5537,#5544),.PCURVE_S1.);
#5532 = CIRCLE('',#5533,3.);
#5533 = AXIS2_PLACEMENT_3D('',#5534,#5535,#5536);
#5534 = CARTESIAN_POINT('',(-33.4,-43.4,8.4));
#5535 = DIRECTION('',(-0.,-0.,-1.));
#5536 = DIRECTION('',(0.,-1.,0.));
#5537 = PCURVE('',#1954,#5538);
#5538 = DEFINITIONAL_REPRESENTATION('',(#5539),#5543);
#5539 = LINE('',#5540,#5541);
#5540 = CARTESIAN_POINT('',(0.,-1.2));
#5541 = VECTOR('',#5542,1.);
#5542 = DIRECTION('',(1.,-0.));
#5543 = ( GEOMETRIC_REPRESENTATION_CONTEXT(2) 
PARAMETRIC_REPRESENTATION_CONTEXT() REPRESENTATION_CONTEXT('2D SPACE',''
  ) );
#5544 = PCURVE('',#2007,#5545);
#5545 = DEFINITIONAL_REPRESENTATION('',(#5546),#5550);
#5546 = LINE('',#5547,#5548);
#5547 = CARTESIAN_POINT('',(1.570796326795,8.4));
#5548 = VECTOR('',#5549,1.);
#5549 = DIRECTION('',(-1.,0.));
#5550 = ( GEOMETRIC_REPRESENTATION_CONTEXT(2) 
PARAMETRIC_REPRESENTATION_CONTEXT() REPRESENTATION_CONTEXT('2D SPACE',''
  ) );
#5551 = ADVANCED_FACE('',(#5552),#2007,.T.);
#5552 = FACE_BOUND('',#5553,.T.);
#5553 = EDGE_LOOP('',(#5554,#5555,#5556,#5584));
#5554 = ORIENTED_EDGE('',*,*,#1991,.F.);
#5555 = ORIENTED_EDGE('',*,*,#5530,.F.);
#5556 = ORIENTED_EDGE('',*,*,#5557,.T.);
#5557 = EDGE_CURVE('',#5503,#5558,#5560,.T.);
#5558 = VERTEX_POINT('',#5559);
#5559 = CARTESIAN_POINT('',(-33.4,-46.4,32.));
#5560 = SURFACE_CURVE('',#5561,(#5565,#5572),.PCURVE_S1.);
#5561 = LINE('',#5562,#5563);
#5562 = CARTESIAN_POINT('',(-33.4,-46.4,0.));
#5563 = VECTOR('',#5564,1.);
#5564 = DIRECTION('',(0.,0.,1.));
#5565 = PCURVE('',#2007,#5566);
#5566 = DEFINITIONAL_REPRESENTATION('',(#5567),#5571);
#5567 = LINE('',#5568,#5569);
#5568 = CARTESIAN_POINT('',(1.570796326795,0.));
#5569 = VECTOR('',#5570,1.);
#5570 = DIRECTION('',(0.,1.));
#5571 = ( GEOMETRIC_REPRESENTATION_CONTEXT(2) 
PARAMETRIC_REPRESENTATION_CONTEXT() REPRESENTATION_CONTEXT('2D SPACE',''
  ) );
#5572 = PCURVE('',#5573,#5578);
#5573 = PLANE('',#5574);
#5574 = AXIS2_PLACEMENT_3D('',#5575,#5576,#5577);
#5575 = CARTESIAN_POINT('',(-36.4,-46.4,0.));
#5576 = DIRECTION('',(-0.,1.,0.));
#5577 = DIRECTION('',(0.,0.,1.));
#5578 = DEFINITIONAL_REPRESENTATION('',(#5579),#5583);
#5579 = LINE('',#5580,#5581);
#5580 = CARTESIAN_POINT('',(0.,3.));
#5581 = VECTOR('',#5582,1.);
#5582 = DIRECTION('',(1.,0.));
#5583 = ( GEOMETRIC_REPRESENTATION_CONTEXT(2) 
PARAMETRIC_REPRESENTATION_CONTEXT() REPRESENTATION_CONTEXT('2D SPACE',''
  ) );
#5584 = ORIENTED_EDGE('',*,*,#5585,.F.);
#5585 = EDGE_CURVE('',#1992,#5558,#5586,.T.);
#5586 = SURFACE_CURVE('',#5587,(#5592,#5599),.PCURVE_S1.);
#5587 = CIRCLE('',#5588,3.);
#5588 = AXIS2_PLACEMENT_3D('',#5589,#5590,#5591);
#5589 = CARTESIAN_POINT('',(-33.4,-43.4,32.));
#5590 = DIRECTION('',(0.,0.,1.));
#5591 = DIRECTION('',(0.,-1.,0.));
#5592 = PCURVE('',#2007,#5593);
#5593 = DEFINITIONAL_REPRESENTATION('',(#5594),#5598);
#5594 = LINE('',#5595,#5596);
#5595 = CARTESIAN_POINT('',(-4.712388980385,32.));
#5596 = VECTOR('',#5597,1.);
#5597 = DIRECTION('',(1.,0.));
#5598 = ( GEOMETRIC_REPRESENTATION_CONTEXT(2) 
PARAMETRIC_REPRESENTATION_CONTEXT() REPRESENTATION_CONTEXT('2D SPACE',''
  ) );
#5599 = PCURVE('',#2240,#5600);
#5600 = DEFINITIONAL_REPRESENTATION('',(#5601),#5605);
#5601 = CIRCLE('',#5602,3.);
#5602 = AXIS2_PLACEMENT_2D('',#5603,#5604);
#5603 = CARTESIAN_POINT('',(3.,3.));
#5604 = DIRECTION('',(0.,-1.));
#5605 = ( GEOMETRIC_REPRESENTATION_CONTEXT(2) 
PARAMETRIC_REPRESENTATION_CONTEXT() REPRESENTATION_CONTEXT('2D SPACE',''
  ) );
#5606 = ADVANCED_FACE('',(#5607,#6306,#6337,#6422,#6453,#6538,#6569,
    #6600,#6631,#6716),#2240,.T.);
#5607 = FACE_BOUND('',#5608,.T.);
#5608 = EDGE_LOOP('',(#5609,#5610,#5611,#5634,#5667,#5695,#5723,#5751,
    #5779,#5802,#5830,#5858,#5886,#5909,#5938,#5966,#5992,#6019,#6048,
    #6075,#6104,#6131,#6160,#6182,#6203,#6229,#6257,#6285));
#5609 = ORIENTED_EDGE('',*,*,#2226,.F.);
#5610 = ORIENTED_EDGE('',*,*,#5585,.T.);
#5611 = ORIENTED_EDGE('',*,*,#5612,.T.);
#5612 = EDGE_CURVE('',#5558,#5613,#5615,.T.);
#5613 = VERTEX_POINT('',#5614);
#5614 = CARTESIAN_POINT('',(33.4,-46.4,32.));
#5615 = SURFACE_CURVE('',#5616,(#5620,#5627),.PCURVE_S1.);
#5616 = LINE('',#5617,#5618);
#5617 = CARTESIAN_POINT('',(-36.4,-46.4,32.));
#5618 = VECTOR('',#5619,1.);
#5619 = DIRECTION('',(1.,0.,-0.));
#5620 = PCURVE('',#2240,#5621);
#5621 = DEFINITIONAL_REPRESENTATION('',(#5622),#5626);
#5622 = LINE('',#5623,#5624);
#5623 = CARTESIAN_POINT('',(0.,0.));
#5624 = VECTOR('',#5625,1.);
#5625 = DIRECTION('',(1.,0.));
#5626 = ( GEOMETRIC_REPRESENTATION_CONTEXT(2) 
PARAMETRIC_REPRESENTATION_CONTEXT() REPRESENTATION_CONTEXT('2D SPACE',''
  ) );
#5627 = PCURVE('',#5573,#5628);
#5628 = DEFINITIONAL_REPRESENTATION('',(#5629),#5633);
#5629 = LINE('',#5630,#5631);
#5630 = CARTESIAN_POINT('',(32.,0.));
#5631 = VECTOR('',#5632,1.);
#5632 = DIRECTION('',(0.,1.));
#5633 = ( GEOMETRIC_REPRESENTATION_CONTEXT(2) 
PARAMETRIC_REPRESENTATION_CONTEXT() REPRESENTATION_CONTEXT('2D SPACE',''
  ) );
#5634 = ORIENTED_EDGE('',*,*,#5635,.F.);
#5635 = EDGE_CURVE('',#5636,#5613,#5638,.T.);
#5636 = VERTEX_POINT('',#5637);
#5637 = CARTESIAN_POINT('',(36.4,-43.4,32.));
#5638 = SURFACE_CURVE('',#5639,(#5644,#5655),.PCURVE_S1.);
#5639 = CIRCLE('',#5640,3.);
#5640 = AXIS2_PLACEMENT_3D('',#5641,#5642,#5643);
#5641 = CARTESIAN_POINT('',(33.4,-43.4,32.));
#5642 = DIRECTION('',(-0.,-0.,-1.));
#5643 = DIRECTION('',(0.,-1.,0.));
#5644 = PCURVE('',#2240,#5645);
#5645 = DEFINITIONAL_REPRESENTATION('',(#5646),#5654);
#5646 = ( BOUNDED_CURVE() B_SPLINE_CURVE(2,(#5647,#5648,#5649,#5650,
#5651,#5652,#5653),.UNSPECIFIED.,.T.,.F.) B_SPLINE_CURVE_WITH_KNOTS((1,2
    ,2,2,2,1),(-2.094395102393,0.,2.094395102393,4.188790204786,
6.28318530718,8.377580409573),.UNSPECIFIED.) CURVE() 
GEOMETRIC_REPRESENTATION_ITEM() RATIONAL_B_SPLINE_CURVE((1.,0.5,1.,0.5,
1.,0.5,1.)) REPRESENTATION_ITEM('') );
#5647 = CARTESIAN_POINT('',(69.8,0.));
#5648 = CARTESIAN_POINT('',(64.603847577293,0.));
#5649 = CARTESIAN_POINT('',(67.201923788647,4.5));
#5650 = CARTESIAN_POINT('',(69.8,9.));
#5651 = CARTESIAN_POINT('',(72.398076211353,4.5));
#5652 = CARTESIAN_POINT('',(74.996152422707,4.440892098501E-15));
#5653 = CARTESIAN_POINT('',(69.8,0.));
#5654 = ( GEOMETRIC_REPRESENTATION_CONTEXT(2) 
PARAMETRIC_REPRESENTATION_CONTEXT() REPRESENTATION_CONTEXT('2D SPACE',''
  ) );
#5655 = PCURVE('',#5656,#5661);
#5656 = CYLINDRICAL_SURFACE('',#5657,3.);
#5657 = AXIS2_PLACEMENT_3D('',#5658,#5659,#5660);
#5658 = CARTESIAN_POINT('',(33.4,-43.4,0.));
#5659 = DIRECTION('',(0.,0.,1.));
#5660 = DIRECTION('',(1.,0.,-0.));
#5661 = DEFINITIONAL_REPRESENTATION('',(#5662),#5666);
#5662 = LINE('',#5663,#5664);
#5663 = CARTESIAN_POINT('',(4.712388980385,32.));
#5664 = VECTOR('',#5665,1.);
#5665 = DIRECTION('',(-1.,0.));
#5666 = ( GEOMETRIC_REPRESENTATION_CONTEXT(2) 
PARAMETRIC_REPRESENTATION_CONTEXT() REPRESENTATION_CONTEXT('2D SPACE',''
  ) );
#5667 = ORIENTED_EDGE('',*,*,#5668,.T.);
#5668 = EDGE_CURVE('',#5636,#5669,#5671,.T.);
#5669 = VERTEX_POINT('',#5670);
#5670 = CARTESIAN_POINT('',(36.4,-42.4,32.));
#5671 = SURFACE_CURVE('',#5672,(#5676,#5683),.PCURVE_S1.);
#5672 = LINE('',#5673,#5674);
#5673 = CARTESIAN_POINT('',(36.4,-46.4,32.));
#5674 = VECTOR('',#5675,1.);
#5675 = DIRECTION('',(-0.,1.,0.));
#5676 = PCURVE('',#2240,#5677);
#5677 = DEFINITIONAL_REPRESENTATION('',(#5678),#5682);
#5678 = LINE('',#5679,#5680);
#5679 = CARTESIAN_POINT('',(72.8,0.));
#5680 = VECTOR('',#5681,1.);
#5681 = DIRECTION('',(0.,1.));
#5682 = ( GEOMETRIC_REPRESENTATION_CONTEXT(2) 
PARAMETRIC_REPRESENTATION_CONTEXT() REPRESENTATION_CONTEXT('2D SPACE',''
  ) );
#5683 = PCURVE('',#5684,#5689);
#5684 = PLANE('',#5685);
#5685 = AXIS2_PLACEMENT_3D('',#5686,#5687,#5688);
#5686 = CARTESIAN_POINT('',(36.4,-46.4,0.));
#5687 = DIRECTION('',(1.,0.,-0.));
#5688 = DIRECTION('',(0.,0.,1.));
#5689 = DEFINITIONAL_REPRESENTATION('',(#5690),#5694);
#5690 = LINE('',#5691,#5692);
#5691 = CARTESIAN_POINT('',(32.,0.));
#5692 = VECTOR('',#5693,1.);
#5693 = DIRECTION('',(0.,-1.));
#5694 = ( GEOMETRIC_REPRESENTATION_CONTEXT(2) 
PARAMETRIC_REPRESENTATION_CONTEXT() REPRESENTATION_CONTEXT('2D SPACE',''
  ) );
#5695 = ORIENTED_EDGE('',*,*,#5696,.T.);
#5696 = EDGE_CURVE('',#5669,#5697,#5699,.T.);
#5697 = VERTEX_POINT('',#5698);
#5698 = CARTESIAN_POINT('',(48.4,-42.4,32.));
#5699 = SURFACE_CURVE('',#5700,(#5704,#5711),.PCURVE_S1.);
#5700 = LINE('',#5701,#5702);
#5701 = CARTESIAN_POINT('',(36.1,-42.4,32.));
#5702 = VECTOR('',#5703,1.);
#5703 = DIRECTION('',(1.,0.,-0.));
#5704 = PCURVE('',#2240,#5705);
#5705 = DEFINITIONAL_REPRESENTATION('',(#5706),#5710);
#5706 = LINE('',#5707,#5708);
#5707 = CARTESIAN_POINT('',(72.5,4.));
#5708 = VECTOR('',#5709,1.);
#5709 = DIRECTION('',(1.,0.));
#5710 = ( GEOMETRIC_REPRESENTATION_CONTEXT(2) 
PARAMETRIC_REPRESENTATION_CONTEXT() REPRESENTATION_CONTEXT('2D SPACE',''
  ) );
#5711 = PCURVE('',#5712,#5717);
#5712 = PLANE('',#5713);
#5713 = AXIS2_PLACEMENT_3D('',#5714,#5715,#5716);
#5714 = CARTESIAN_POINT('',(36.1,-42.4,27.));
#5715 = DIRECTION('',(-0.,1.,0.));
#5716 = DIRECTION('',(0.,0.,1.));
#5717 = DEFINITIONAL_REPRESENTATION('',(#5718),#5722);
#5718 = LINE('',#5719,#5720);
#5719 = CARTESIAN_POINT('',(5.,0.));
#5720 = VECTOR('',#5721,1.);
#5721 = DIRECTION('',(0.,1.));
#5722 = ( GEOMETRIC_REPRESENTATION_CONTEXT(2) 
PARAMETRIC_REPRESENTATION_CONTEXT() REPRESENTATION_CONTEXT('2D SPACE',''
  ) );
#5723 = ORIENTED_EDGE('',*,*,#5724,.T.);
#5724 = EDGE_CURVE('',#5697,#5725,#5727,.T.);
#5725 = VERTEX_POINT('',#5726);
#5726 = CARTESIAN_POINT('',(48.4,-28.4,32.));
#5727 = SURFACE_CURVE('',#5728,(#5732,#5739),.PCURVE_S1.);
#5728 = LINE('',#5729,#5730);
#5729 = CARTESIAN_POINT('',(48.4,-42.4,32.));
#5730 = VECTOR('',#5731,1.);
#5731 = DIRECTION('',(-0.,1.,0.));
#5732 = PCURVE('',#2240,#5733);
#5733 = DEFINITIONAL_REPRESENTATION('',(#5734),#5738);
#5734 = LINE('',#5735,#5736);
#5735 = CARTESIAN_POINT('',(84.8,4.));
#5736 = VECTOR('',#5737,1.);
#5737 = DIRECTION('',(0.,1.));
#5738 = ( GEOMETRIC_REPRESENTATION_CONTEXT(2) 
PARAMETRIC_REPRESENTATION_CONTEXT() REPRESENTATION_CONTEXT('2D SPACE',''
  ) );
#5739 = PCURVE('',#5740,#5745);
#5740 = PLANE('',#5741);
#5741 = AXIS2_PLACEMENT_3D('',#5742,#5743,#5744);
#5742 = CARTESIAN_POINT('',(48.4,-42.4,27.));
#5743 = DIRECTION('',(1.,0.,-0.));
#5744 = DIRECTION('',(0.,0.,1.));
#5745 = DEFINITIONAL_REPRESENTATION('',(#5746),#5750);
#5746 = LINE('',#5747,#5748);
#5747 = CARTESIAN_POINT('',(5.,0.));
#5748 = VECTOR('',#5749,1.);
#5749 = DIRECTION('',(0.,-1.));
#5750 = ( GEOMETRIC_REPRESENTATION_CONTEXT(2) 
PARAMETRIC_REPRESENTATION_CONTEXT() REPRESENTATION_CONTEXT('2D SPACE',''
  ) );
#5751 = ORIENTED_EDGE('',*,*,#5752,.F.);
#5752 = EDGE_CURVE('',#5753,#5725,#5755,.T.);
#5753 = VERTEX_POINT('',#5754);
#5754 = CARTESIAN_POINT('',(36.4,-28.4,32.));
#5755 = SURFACE_CURVE('',#5756,(#5760,#5767),.PCURVE_S1.);
#5756 = LINE('',#5757,#5758);
#5757 = CARTESIAN_POINT('',(36.1,-28.4,32.));
#5758 = VECTOR('',#5759,1.);
#5759 = DIRECTION('',(1.,0.,-0.));
#5760 = PCURVE('',#2240,#5761);
#5761 = DEFINITIONAL_REPRESENTATION('',(#5762),#5766);
#5762 = LINE('',#5763,#5764);
#5763 = CARTESIAN_POINT('',(72.5,18.));
#5764 = VECTOR('',#5765,1.);
#5765 = DIRECTION('',(1.,0.));
#5766 = ( GEOMETRIC_REPRESENTATION_CONTEXT(2) 
PARAMETRIC_REPRESENTATION_CONTEXT() REPRESENTATION_CONTEXT('2D SPACE',''
  ) );
#5767 = PCURVE('',#5768,#5773);
#5768 = PLANE('',#5769);
#5769 = AXIS2_PLACEMENT_3D('',#5770,#5771,#5772);
#5770 = CARTESIAN_POINT('',(36.1,-28.4,27.));
#5771 = DIRECTION('',(-0.,1.,0.));
#5772 = DIRECTION('',(0.,0.,1.));
#5773 = DEFINITIONAL_REPRESENTATION('',(#5774),#5778);
#5774 = LINE('',#5775,#5776);
#5775 = CARTESIAN_POINT('',(5.,0.));
#5776 = VECTOR('',#5777,1.);
#5777 = DIRECTION('',(0.,1.));
#5778 = ( GEOMETRIC_REPRESENTATION_CONTEXT(2) 
PARAMETRIC_REPRESENTATION_CONTEXT() REPRESENTATION_CONTEXT('2D SPACE',''
  ) );
#5779 = ORIENTED_EDGE('',*,*,#5780,.T.);
#5780 = EDGE_CURVE('',#5753,#5781,#5783,.T.);
#5781 = VERTEX_POINT('',#5782);
#5782 = CARTESIAN_POINT('',(36.4,28.4,32.));
#5783 = SURFACE_CURVE('',#5784,(#5788,#5795),.PCURVE_S1.);
#5784 = LINE('',#5785,#5786);
#5785 = CARTESIAN_POINT('',(36.4,-46.4,32.));
#5786 = VECTOR('',#5787,1.);
#5787 = DIRECTION('',(-0.,1.,0.));
#5788 = PCURVE('',#2240,#5789);
#5789 = DEFINITIONAL_REPRESENTATION('',(#5790),#5794);
#5790 = LINE('',#5791,#5792);
#5791 = CARTESIAN_POINT('',(72.8,0.));
#5792 = VECTOR('',#5793,1.);
#5793 = DIRECTION('',(0.,1.));
#5794 = ( GEOMETRIC_REPRESENTATION_CONTEXT(2) 
PARAMETRIC_REPRESENTATION_CONTEXT() REPRESENTATION_CONTEXT('2D SPACE',''
  ) );
#5795 = PCURVE('',#5684,#5796);
#5796 = DEFINITIONAL_REPRESENTATION('',(#5797),#5801);
#5797 = LINE('',#5798,#5799);
#5798 = CARTESIAN_POINT('',(32.,0.));
#5799 = VECTOR('',#5800,1.);
#5800 = DIRECTION('',(0.,-1.));
#5801 = ( GEOMETRIC_REPRESENTATION_CONTEXT(2) 
PARAMETRIC_REPRESENTATION_CONTEXT() REPRESENTATION_CONTEXT('2D SPACE',''
  ) );
#5802 = ORIENTED_EDGE('',*,*,#5803,.T.);
#5803 = EDGE_CURVE('',#5781,#5804,#5806,.T.);
#5804 = VERTEX_POINT('',#5805);
#5805 = CARTESIAN_POINT('',(48.4,28.4,32.));
#5806 = SURFACE_CURVE('',#5807,(#5811,#5818),.PCURVE_S1.);
#5807 = LINE('',#5808,#5809);
#5808 = CARTESIAN_POINT('',(36.1,28.4,32.));
#5809 = VECTOR('',#5810,1.);
#5810 = DIRECTION('',(1.,0.,-0.));
#5811 = PCURVE('',#2240,#5812);
#5812 = DEFINITIONAL_REPRESENTATION('',(#5813),#5817);
#5813 = LINE('',#5814,#5815);
#5814 = CARTESIAN_POINT('',(72.5,74.8));
#5815 = VECTOR('',#5816,1.);
#5816 = DIRECTION('',(1.,0.));
#5817 = ( GEOMETRIC_REPRESENTATION_CONTEXT(2) 
PARAMETRIC_REPRESENTATION_CONTEXT() REPRESENTATION_CONTEXT('2D SPACE',''
  ) );
#5818 = PCURVE('',#5819,#5824);
#5819 = PLANE('',#5820);
#5820 = AXIS2_PLACEMENT_3D('',#5821,#5822,#5823);
#5821 = CARTESIAN_POINT('',(36.1,28.4,27.));
#5822 = DIRECTION('',(-0.,1.,0.));
#5823 = DIRECTION('',(0.,0.,1.));
#5824 = DEFINITIONAL_REPRESENTATION('',(#5825),#5829);
#5825 = LINE('',#5826,#5827);
#5826 = CARTESIAN_POINT('',(5.,0.));
#5827 = VECTOR('',#5828,1.);
#5828 = DIRECTION('',(0.,1.));
#5829 = ( GEOMETRIC_REPRESENTATION_CONTEXT(2) 
PARAMETRIC_REPRESENTATION_CONTEXT() REPRESENTATION_CONTEXT('2D SPACE',''
  ) );
#5830 = ORIENTED_EDGE('',*,*,#5831,.T.);
#5831 = EDGE_CURVE('',#5804,#5832,#5834,.T.);
#5832 = VERTEX_POINT('',#5833);
#5833 = CARTESIAN_POINT('',(48.4,42.4,32.));
#5834 = SURFACE_CURVE('',#5835,(#5839,#5846),.PCURVE_S1.);
#5835 = LINE('',#5836,#5837);
#5836 = CARTESIAN_POINT('',(48.4,28.4,32.));
#5837 = VECTOR('',#5838,1.);
#5838 = DIRECTION('',(-0.,1.,0.));
#5839 = PCURVE('',#2240,#5840);
#5840 = DEFINITIONAL_REPRESENTATION('',(#5841),#5845);
#5841 = LINE('',#5842,#5843);
#5842 = CARTESIAN_POINT('',(84.8,74.8));
#5843 = VECTOR('',#5844,1.);
#5844 = DIRECTION('',(0.,1.));
#5845 = ( GEOMETRIC_REPRESENTATION_CONTEXT(2) 
PARAMETRIC_REPRESENTATION_CONTEXT() REPRESENTATION_CONTEXT('2D SPACE',''
  ) );
#5846 = PCURVE('',#5847,#5852);
#5847 = PLANE('',#5848);
#5848 = AXIS2_PLACEMENT_3D('',#5849,#5850,#5851);
#5849 = CARTESIAN_POINT('',(48.4,28.4,27.));
#5850 = DIRECTION('',(1.,0.,-0.));
#5851 = DIRECTION('',(0.,0.,1.));
#5852 = DEFINITIONAL_REPRESENTATION('',(#5853),#5857);
#5853 = LINE('',#5854,#5855);
#5854 = CARTESIAN_POINT('',(5.,0.));
#5855 = VECTOR('',#5856,1.);
#5856 = DIRECTION('',(0.,-1.));
#5857 = ( GEOMETRIC_REPRESENTATION_CONTEXT(2) 
PARAMETRIC_REPRESENTATION_CONTEXT() REPRESENTATION_CONTEXT('2D SPACE',''
  ) );
#5858 = ORIENTED_EDGE('',*,*,#5859,.F.);
#5859 = EDGE_CURVE('',#5860,#5832,#5862,.T.);
#5860 = VERTEX_POINT('',#5861);
#5861 = CARTESIAN_POINT('',(36.4,42.4,32.));
#5862 = SURFACE_CURVE('',#5863,(#5867,#5874),.PCURVE_S1.);
#5863 = LINE('',#5864,#5865);
#5864 = CARTESIAN_POINT('',(36.1,42.4,32.));
#5865 = VECTOR('',#5866,1.);
#5866 = DIRECTION('',(1.,0.,-0.));
#5867 = PCURVE('',#2240,#5868);
#5868 = DEFINITIONAL_REPRESENTATION('',(#5869),#5873);
#5869 = LINE('',#5870,#5871);
#5870 = CARTESIAN_POINT('',(72.5,88.8));
#5871 = VECTOR('',#5872,1.);
#5872 = DIRECTION('',(1.,0.));
#5873 = ( GEOMETRIC_REPRESENTATION_CONTEXT(2) 
PARAMETRIC_REPRESENTATION_CONTEXT() REPRESENTATION_CONTEXT('2D SPACE',''
  ) );
#5874 = PCURVE('',#5875,#5880);
#5875 = PLANE('',#5876);
#5876 = AXIS2_PLACEMENT_3D('',#5877,#5878,#5879);
#5877 = CARTESIAN_POINT('',(36.1,42.4,27.));
#5878 = DIRECTION('',(-0.,1.,0.));
#5879 = DIRECTION('',(0.,0.,1.));
#5880 = DEFINITIONAL_REPRESENTATION('',(#5881),#5885);
#5881 = LINE('',#5882,#5883);
#5882 = CARTESIAN_POINT('',(5.,0.));
#5883 = VECTOR('',#5884,1.);
#5884 = DIRECTION('',(0.,1.));
#5885 = ( GEOMETRIC_REPRESENTATION_CONTEXT(2) 
PARAMETRIC_REPRESENTATION_CONTEXT() REPRESENTATION_CONTEXT('2D SPACE',''
  ) );
#5886 = ORIENTED_EDGE('',*,*,#5887,.T.);
#5887 = EDGE_CURVE('',#5860,#5888,#5890,.T.);
#5888 = VERTEX_POINT('',#5889);
#5889 = CARTESIAN_POINT('',(36.4,43.4,32.));
#5890 = SURFACE_CURVE('',#5891,(#5895,#5902),.PCURVE_S1.);
#5891 = LINE('',#5892,#5893);
#5892 = CARTESIAN_POINT('',(36.4,-46.4,32.));
#5893 = VECTOR('',#5894,1.);
#5894 = DIRECTION('',(-0.,1.,0.));
#5895 = PCURVE('',#2240,#5896);
#5896 = DEFINITIONAL_REPRESENTATION('',(#5897),#5901);
#5897 = LINE('',#5898,#5899);
#5898 = CARTESIAN_POINT('',(72.8,0.));
#5899 = VECTOR('',#5900,1.);
#5900 = DIRECTION('',(0.,1.));
#5901 = ( GEOMETRIC_REPRESENTATION_CONTEXT(2) 
PARAMETRIC_REPRESENTATION_CONTEXT() REPRESENTATION_CONTEXT('2D SPACE',''
  ) );
#5902 = PCURVE('',#5684,#5903);
#5903 = DEFINITIONAL_REPRESENTATION('',(#5904),#5908);
#5904 = LINE('',#5905,#5906);
#5905 = CARTESIAN_POINT('',(32.,0.));
#5906 = VECTOR('',#5907,1.);
#5907 = DIRECTION('',(0.,-1.));
#5908 = ( GEOMETRIC_REPRESENTATION_CONTEXT(2) 
PARAMETRIC_REPRESENTATION_CONTEXT() REPRESENTATION_CONTEXT('2D SPACE',''
  ) );
#5909 = ORIENTED_EDGE('',*,*,#5910,.T.);
#5910 = EDGE_CURVE('',#5888,#5911,#5913,.T.);
#5911 = VERTEX_POINT('',#5912);
#5912 = CARTESIAN_POINT('',(33.4,46.4,32.));
#5913 = SURFACE_CURVE('',#5914,(#5919,#5926),.PCURVE_S1.);
#5914 = CIRCLE('',#5915,3.);
#5915 = AXIS2_PLACEMENT_3D('',#5916,#5917,#5918);
#5916 = CARTESIAN_POINT('',(33.4,43.4,32.));
#5917 = DIRECTION('',(0.,0.,1.));
#5918 = DIRECTION('',(0.,-1.,0.));
#5919 = PCURVE('',#2240,#5920);
#5920 = DEFINITIONAL_REPRESENTATION('',(#5921),#5925);
#5921 = CIRCLE('',#5922,3.);
#5922 = AXIS2_PLACEMENT_2D('',#5923,#5924);
#5923 = CARTESIAN_POINT('',(69.8,89.8));
#5924 = DIRECTION('',(0.,-1.));
#5925 = ( GEOMETRIC_REPRESENTATION_CONTEXT(2) 
PARAMETRIC_REPRESENTATION_CONTEXT() REPRESENTATION_CONTEXT('2D SPACE',''
  ) );
#5926 = PCURVE('',#5927,#5932);
#5927 = CYLINDRICAL_SURFACE('',#5928,3.);
#5928 = AXIS2_PLACEMENT_3D('',#5929,#5930,#5931);
#5929 = CARTESIAN_POINT('',(33.4,43.4,0.));
#5930 = DIRECTION('',(0.,0.,1.));
#5931 = DIRECTION('',(1.,0.,-0.));
#5932 = DEFINITIONAL_REPRESENTATION('',(#5933),#5937);
#5933 = LINE('',#5934,#5935);
#5934 = CARTESIAN_POINT('',(-1.570796326795,32.));
#5935 = VECTOR('',#5936,1.);
#5936 = DIRECTION('',(1.,0.));
#5937 = ( GEOMETRIC_REPRESENTATION_CONTEXT(2) 
PARAMETRIC_REPRESENTATION_CONTEXT() REPRESENTATION_CONTEXT('2D SPACE',''
  ) );
#5938 = ORIENTED_EDGE('',*,*,#5939,.F.);
#5939 = EDGE_CURVE('',#5940,#5911,#5942,.T.);
#5940 = VERTEX_POINT('',#5941);
#5941 = CARTESIAN_POINT('',(12.,46.4,32.));
#5942 = SURFACE_CURVE('',#5943,(#5947,#5954),.PCURVE_S1.);
#5943 = LINE('',#5944,#5945);
#5944 = CARTESIAN_POINT('',(-36.4,46.4,32.));
#5945 = VECTOR('',#5946,1.);
#5946 = DIRECTION('',(1.,0.,-0.));
#5947 = PCURVE('',#2240,#5948);
#5948 = DEFINITIONAL_REPRESENTATION('',(#5949),#5953);
#5949 = LINE('',#5950,#5951);
#5950 = CARTESIAN_POINT('',(0.,92.8));
#5951 = VECTOR('',#5952,1.);
#5952 = DIRECTION('',(1.,0.));
#5953 = ( GEOMETRIC_REPRESENTATION_CONTEXT(2) 
PARAMETRIC_REPRESENTATION_CONTEXT() REPRESENTATION_CONTEXT('2D SPACE',''
  ) );
#5954 = PCURVE('',#5955,#5960);
#5955 = PLANE('',#5956);
#5956 = AXIS2_PLACEMENT_3D('',#5957,#5958,#5959);
#5957 = CARTESIAN_POINT('',(-36.4,46.4,0.));
#5958 = DIRECTION('',(-0.,1.,0.));
#5959 = DIRECTION('',(0.,0.,1.));
#5960 = DEFINITIONAL_REPRESENTATION('',(#5961),#5965);
#5961 = LINE('',#5962,#5963);
#5962 = CARTESIAN_POINT('',(32.,0.));
#5963 = VECTOR('',#5964,1.);
#5964 = DIRECTION('',(0.,1.));
#5965 = ( GEOMETRIC_REPRESENTATION_CONTEXT(2) 
PARAMETRIC_REPRESENTATION_CONTEXT() REPRESENTATION_CONTEXT('2D SPACE',''
  ) );
#5966 = ORIENTED_EDGE('',*,*,#5967,.F.);
#5967 = EDGE_CURVE('',#5968,#5940,#5970,.T.);
#5968 = VERTEX_POINT('',#5969);
#5969 = CARTESIAN_POINT('',(12.,44.,32.));
#5970 = SURFACE_CURVE('',#5971,(#5975,#5981),.PCURVE_S1.);
#5971 = LINE('',#5972,#5973);
#5972 = CARTESIAN_POINT('',(12.,-1.45,32.));
#5973 = VECTOR('',#5974,1.);
#5974 = DIRECTION('',(-0.,1.,0.));
#5975 = PCURVE('',#2240,#5976);
#5976 = DEFINITIONAL_REPRESENTATION('',(#5977),#5980);
#5977 = B_SPLINE_CURVE_WITH_KNOTS('',1,(#5978,#5979),.UNSPECIFIED.,.F.,
  .F.,(2,2),(44.95,47.85),.PIECEWISE_BEZIER_KNOTS.);
#5978 = CARTESIAN_POINT('',(48.4,89.9));
#5979 = CARTESIAN_POINT('',(48.4,92.8));
#5980 = ( GEOMETRIC_REPRESENTATION_CONTEXT(2) 
PARAMETRIC_REPRESENTATION_CONTEXT() REPRESENTATION_CONTEXT('2D SPACE',''
  ) );
#5981 = PCURVE('',#5982,#5987);
#5982 = PLANE('',#5983);
#5983 = AXIS2_PLACEMENT_3D('',#5984,#5985,#5986);
#5984 = CARTESIAN_POINT('',(12.,43.5,16.));
#5985 = DIRECTION('',(1.,0.,-0.));
#5986 = DIRECTION('',(0.,0.,1.));
#5987 = DEFINITIONAL_REPRESENTATION('',(#5988),#5991);
#5988 = B_SPLINE_CURVE_WITH_KNOTS('',1,(#5989,#5990),.UNSPECIFIED.,.F.,
  .F.,(2,2),(44.95,47.85),.PIECEWISE_BEZIER_KNOTS.);
#5989 = CARTESIAN_POINT('',(16.,0.));
#5990 = CARTESIAN_POINT('',(16.,-2.9));
#5991 = ( GEOMETRIC_REPRESENTATION_CONTEXT(2) 
PARAMETRIC_REPRESENTATION_CONTEXT() REPRESENTATION_CONTEXT('2D SPACE',''
  ) );
#5992 = ORIENTED_EDGE('',*,*,#5993,.F.);
#5993 = EDGE_CURVE('',#5994,#5968,#5996,.T.);
#5994 = VERTEX_POINT('',#5995);
#5995 = CARTESIAN_POINT('',(28.166969722018,44.,32.));
#5996 = SURFACE_CURVE('',#5997,(#6001,#6008),.PCURVE_S1.);
#5997 = LINE('',#5998,#5999);
#5998 = CARTESIAN_POINT('',(-35.2,44.,32.));
#5999 = VECTOR('',#6000,1.);
#6000 = DIRECTION('',(-1.,-0.,0.));
#6001 = PCURVE('',#2240,#6002);
#6002 = DEFINITIONAL_REPRESENTATION('',(#6003),#6007);
#6003 = LINE('',#6004,#6005);
#6004 = CARTESIAN_POINT('',(1.2,90.4));
#6005 = VECTOR('',#6006,1.);
#6006 = DIRECTION('',(-1.,0.));
#6007 = ( GEOMETRIC_REPRESENTATION_CONTEXT(2) 
PARAMETRIC_REPRESENTATION_CONTEXT() REPRESENTATION_CONTEXT('2D SPACE',''
  ) );
#6008 = PCURVE('',#6009,#6014);
#6009 = PLANE('',#6010);
#6010 = AXIS2_PLACEMENT_3D('',#6011,#6012,#6013);
#6011 = CARTESIAN_POINT('',(-34.,44.,2.4));
#6012 = DIRECTION('',(-0.,1.,0.));
#6013 = DIRECTION('',(0.,0.,1.));
#6014 = DEFINITIONAL_REPRESENTATION('',(#6015),#6018);
#6015 = B_SPLINE_CURVE_WITH_KNOTS('',1,(#6016,#6017),.UNSPECIFIED.,.F.,
  .F.,(2,2),(-69.2,-1.2),.PIECEWISE_BEZIER_KNOTS.);
#6016 = CARTESIAN_POINT('',(29.6,68.));
#6017 = CARTESIAN_POINT('',(29.6,0.));
#6018 = ( GEOMETRIC_REPRESENTATION_CONTEXT(2) 
PARAMETRIC_REPRESENTATION_CONTEXT() REPRESENTATION_CONTEXT('2D SPACE',''
  ) );
#6019 = ORIENTED_EDGE('',*,*,#6020,.T.);
#6020 = EDGE_CURVE('',#5994,#6021,#6023,.T.);
#6021 = VERTEX_POINT('',#6022);
#6022 = CARTESIAN_POINT('',(34.,38.166969722018,32.));
#6023 = SURFACE_CURVE('',#6024,(#6029,#6036),.PCURVE_S1.);
#6024 = CIRCLE('',#6025,4.4);
#6025 = AXIS2_PLACEMENT_3D('',#6026,#6027,#6028);
#6026 = CARTESIAN_POINT('',(30.,40.,32.));
#6027 = DIRECTION('',(0.,0.,1.));
#6028 = DIRECTION('',(1.,0.,-0.));
#6029 = PCURVE('',#2240,#6030);
#6030 = DEFINITIONAL_REPRESENTATION('',(#6031),#6035);
#6031 = CIRCLE('',#6032,4.4);
#6032 = AXIS2_PLACEMENT_2D('',#6033,#6034);
#6033 = CARTESIAN_POINT('',(66.4,86.4));
#6034 = DIRECTION('',(1.,0.));
#6035 = ( GEOMETRIC_REPRESENTATION_CONTEXT(2) 
PARAMETRIC_REPRESENTATION_CONTEXT() REPRESENTATION_CONTEXT('2D SPACE',''
  ) );
#6036 = PCURVE('',#6037,#6042);
#6037 = CYLINDRICAL_SURFACE('',#6038,4.4);
#6038 = AXIS2_PLACEMENT_3D('',#6039,#6040,#6041);
#6039 = CARTESIAN_POINT('',(30.,40.,2.4));
#6040 = DIRECTION('',(0.,0.,1.));
#6041 = DIRECTION('',(1.,0.,-0.));
#6042 = DEFINITIONAL_REPRESENTATION('',(#6043),#6047);
#6043 = LINE('',#6044,#6045);
#6044 = CARTESIAN_POINT('',(0.,29.6));
#6045 = VECTOR('',#6046,1.);
#6046 = DIRECTION('',(1.,0.));
#6047 = ( GEOMETRIC_REPRESENTATION_CONTEXT(2) 
PARAMETRIC_REPRESENTATION_CONTEXT() REPRESENTATION_CONTEXT('2D SPACE',''
  ) );
#6048 = ORIENTED_EDGE('',*,*,#6049,.F.);
#6049 = EDGE_CURVE('',#6050,#6021,#6052,.T.);
#6050 = VERTEX_POINT('',#6051);
#6051 = CARTESIAN_POINT('',(34.,-38.16696972201,32.));
#6052 = SURFACE_CURVE('',#6053,(#6057,#6064),.PCURVE_S1.);
#6053 = LINE('',#6054,#6055);
#6054 = CARTESIAN_POINT('',(34.,-45.2,32.));
#6055 = VECTOR('',#6056,1.);
#6056 = DIRECTION('',(-0.,1.,0.));
#6057 = PCURVE('',#2240,#6058);
#6058 = DEFINITIONAL_REPRESENTATION('',(#6059),#6063);
#6059 = LINE('',#6060,#6061);
#6060 = CARTESIAN_POINT('',(70.4,1.2));
#6061 = VECTOR('',#6062,1.);
#6062 = DIRECTION('',(0.,1.));
#6063 = ( GEOMETRIC_REPRESENTATION_CONTEXT(2) 
PARAMETRIC_REPRESENTATION_CONTEXT() REPRESENTATION_CONTEXT('2D SPACE',''
  ) );
#6064 = PCURVE('',#6065,#6070);
#6065 = PLANE('',#6066);
#6066 = AXIS2_PLACEMENT_3D('',#6067,#6068,#6069);
#6067 = CARTESIAN_POINT('',(34.,-44.,2.4));
#6068 = DIRECTION('',(1.,0.,-0.));
#6069 = DIRECTION('',(0.,0.,1.));
#6070 = DEFINITIONAL_REPRESENTATION('',(#6071),#6074);
#6071 = B_SPLINE_CURVE_WITH_KNOTS('',1,(#6072,#6073),.UNSPECIFIED.,.F.,
  .F.,(2,2),(1.2,89.2),.PIECEWISE_BEZIER_KNOTS.);
#6072 = CARTESIAN_POINT('',(29.6,0.));
#6073 = CARTESIAN_POINT('',(29.6,-88.));
#6074 = ( GEOMETRIC_REPRESENTATION_CONTEXT(2) 
PARAMETRIC_REPRESENTATION_CONTEXT() REPRESENTATION_CONTEXT('2D SPACE',''
  ) );
#6075 = ORIENTED_EDGE('',*,*,#6076,.T.);
#6076 = EDGE_CURVE('',#6050,#6077,#6079,.T.);
#6077 = VERTEX_POINT('',#6078);
#6078 = CARTESIAN_POINT('',(28.166969722018,-44.,32.));
#6079 = SURFACE_CURVE('',#6080,(#6085,#6092),.PCURVE_S1.);
#6080 = CIRCLE('',#6081,4.4);
#6081 = AXIS2_PLACEMENT_3D('',#6082,#6083,#6084);
#6082 = CARTESIAN_POINT('',(30.,-40.,32.));
#6083 = DIRECTION('',(0.,0.,1.));
#6084 = DIRECTION('',(1.,0.,-0.));
#6085 = PCURVE('',#2240,#6086);
#6086 = DEFINITIONAL_REPRESENTATION('',(#6087),#6091);
#6087 = CIRCLE('',#6088,4.4);
#6088 = AXIS2_PLACEMENT_2D('',#6089,#6090);
#6089 = CARTESIAN_POINT('',(66.4,6.4));
#6090 = DIRECTION('',(1.,0.));
#6091 = ( GEOMETRIC_REPRESENTATION_CONTEXT(2) 
PARAMETRIC_REPRESENTATION_CONTEXT() REPRESENTATION_CONTEXT('2D SPACE',''
  ) );
#6092 = PCURVE('',#6093,#6098);
#6093 = CYLINDRICAL_SURFACE('',#6094,4.4);
#6094 = AXIS2_PLACEMENT_3D('',#6095,#6096,#6097);
#6095 = CARTESIAN_POINT('',(30.,-40.,2.4));
#6096 = DIRECTION('',(0.,0.,1.));
#6097 = DIRECTION('',(1.,0.,-0.));
#6098 = DEFINITIONAL_REPRESENTATION('',(#6099),#6103);
#6099 = LINE('',#6100,#6101);
#6100 = CARTESIAN_POINT('',(0.,29.6));
#6101 = VECTOR('',#6102,1.);
#6102 = DIRECTION('',(1.,0.));
#6103 = ( GEOMETRIC_REPRESENTATION_CONTEXT(2) 
PARAMETRIC_REPRESENTATION_CONTEXT() REPRESENTATION_CONTEXT('2D SPACE',''
  ) );
#6104 = ORIENTED_EDGE('',*,*,#6105,.T.);
#6105 = EDGE_CURVE('',#6077,#6106,#6108,.T.);
#6106 = VERTEX_POINT('',#6107);
#6107 = CARTESIAN_POINT('',(-28.16696972201,-44.,32.));
#6108 = SURFACE_CURVE('',#6109,(#6113,#6120),.PCURVE_S1.);
#6109 = LINE('',#6110,#6111);
#6110 = CARTESIAN_POINT('',(-35.2,-44.,32.));
#6111 = VECTOR('',#6112,1.);
#6112 = DIRECTION('',(-1.,-0.,0.));
#6113 = PCURVE('',#2240,#6114);
#6114 = DEFINITIONAL_REPRESENTATION('',(#6115),#6119);
#6115 = LINE('',#6116,#6117);
#6116 = CARTESIAN_POINT('',(1.2,2.4));
#6117 = VECTOR('',#6118,1.);
#6118 = DIRECTION('',(-1.,0.));
#6119 = ( GEOMETRIC_REPRESENTATION_CONTEXT(2) 
PARAMETRIC_REPRESENTATION_CONTEXT() REPRESENTATION_CONTEXT('2D SPACE',''
  ) );
#6120 = PCURVE('',#6121,#6126);
#6121 = PLANE('',#6122);
#6122 = AXIS2_PLACEMENT_3D('',#6123,#6124,#6125);
#6123 = CARTESIAN_POINT('',(-34.,-44.,2.4));
#6124 = DIRECTION('',(-0.,1.,0.));
#6125 = DIRECTION('',(0.,0.,1.));
#6126 = DEFINITIONAL_REPRESENTATION('',(#6127),#6130);
#6127 = B_SPLINE_CURVE_WITH_KNOTS('',1,(#6128,#6129),.UNSPECIFIED.,.F.,
  .F.,(2,2),(-69.2,-1.2),.PIECEWISE_BEZIER_KNOTS.);
#6128 = CARTESIAN_POINT('',(29.6,68.));
#6129 = CARTESIAN_POINT('',(29.6,0.));
#6130 = ( GEOMETRIC_REPRESENTATION_CONTEXT(2) 
PARAMETRIC_REPRESENTATION_CONTEXT() REPRESENTATION_CONTEXT('2D SPACE',''
  ) );
#6131 = ORIENTED_EDGE('',*,*,#6132,.T.);
#6132 = EDGE_CURVE('',#6106,#6133,#6135,.T.);
#6133 = VERTEX_POINT('',#6134);
#6134 = CARTESIAN_POINT('',(-34.,-38.16696972201,32.));
#6135 = SURFACE_CURVE('',#6136,(#6141,#6148),.PCURVE_S1.);
#6136 = CIRCLE('',#6137,4.4);
#6137 = AXIS2_PLACEMENT_3D('',#6138,#6139,#6140);
#6138 = CARTESIAN_POINT('',(-30.,-40.,32.));
#6139 = DIRECTION('',(-0.,0.,1.));
#6140 = DIRECTION('',(0.416597790451,-0.909090909091,0.));
#6141 = PCURVE('',#2240,#6142);
#6142 = DEFINITIONAL_REPRESENTATION('',(#6143),#6147);
#6143 = CIRCLE('',#6144,4.4);
#6144 = AXIS2_PLACEMENT_2D('',#6145,#6146);
#6145 = CARTESIAN_POINT('',(6.4,6.4));
#6146 = DIRECTION('',(0.416597790451,-0.909090909091));
#6147 = ( GEOMETRIC_REPRESENTATION_CONTEXT(2) 
PARAMETRIC_REPRESENTATION_CONTEXT() REPRESENTATION_CONTEXT('2D SPACE',''
  ) );
#6148 = PCURVE('',#6149,#6154);
#6149 = CYLINDRICAL_SURFACE('',#6150,4.4);
#6150 = AXIS2_PLACEMENT_3D('',#6151,#6152,#6153);
#6151 = CARTESIAN_POINT('',(-30.,-40.,2.4));
#6152 = DIRECTION('',(0.,0.,1.));
#6153 = DIRECTION('',(1.,0.,-0.));
#6154 = DEFINITIONAL_REPRESENTATION('',(#6155),#6159);
#6155 = LINE('',#6156,#6157);
#6156 = CARTESIAN_POINT('',(5.142088646536,29.6));
#6157 = VECTOR('',#6158,1.);
#6158 = DIRECTION('',(1.,0.));
#6159 = ( GEOMETRIC_REPRESENTATION_CONTEXT(2) 
PARAMETRIC_REPRESENTATION_CONTEXT() REPRESENTATION_CONTEXT('2D SPACE',''
  ) );
#6160 = ORIENTED_EDGE('',*,*,#6161,.T.);
#6161 = EDGE_CURVE('',#6133,#6162,#6164,.T.);
#6162 = VERTEX_POINT('',#6163);
#6163 = CARTESIAN_POINT('',(-34.,-30.,32.));
#6164 = SURFACE_CURVE('',#6165,(#6169,#6176),.PCURVE_S1.);
#6165 = LINE('',#6166,#6167);
#6166 = CARTESIAN_POINT('',(-34.,-45.2,32.));
#6167 = VECTOR('',#6168,1.);
#6168 = DIRECTION('',(-0.,1.,0.));
#6169 = PCURVE('',#2240,#6170);
#6170 = DEFINITIONAL_REPRESENTATION('',(#6171),#6175);
#6171 = LINE('',#6172,#6173);
#6172 = CARTESIAN_POINT('',(2.4,1.2));
#6173 = VECTOR('',#6174,1.);
#6174 = DIRECTION('',(0.,1.));
#6175 = ( GEOMETRIC_REPRESENTATION_CONTEXT(2) 
PARAMETRIC_REPRESENTATION_CONTEXT() REPRESENTATION_CONTEXT('2D SPACE',''
  ) );
#6176 = PCURVE('',#2617,#6177);
#6177 = DEFINITIONAL_REPRESENTATION('',(#6178),#6181);
#6178 = B_SPLINE_CURVE_WITH_KNOTS('',1,(#6179,#6180),.UNSPECIFIED.,.F.,
  .F.,(2,2),(1.2,89.2),.PIECEWISE_BEZIER_KNOTS.);
#6179 = CARTESIAN_POINT('',(29.6,0.));
#6180 = CARTESIAN_POINT('',(29.6,-88.));
#6181 = ( GEOMETRIC_REPRESENTATION_CONTEXT(2) 
PARAMETRIC_REPRESENTATION_CONTEXT() REPRESENTATION_CONTEXT('2D SPACE',''
  ) );
#6182 = ORIENTED_EDGE('',*,*,#6183,.T.);
#6183 = EDGE_CURVE('',#6162,#6184,#6186,.T.);
#6184 = VERTEX_POINT('',#6185);
#6185 = CARTESIAN_POINT('',(-36.9,-30.,32.));
#6186 = SURFACE_CURVE('',#6187,(#6191,#6197),.PCURVE_S1.);
#6187 = LINE('',#6188,#6189);
#6188 = CARTESIAN_POINT('',(-36.65,-30.,32.));
#6189 = VECTOR('',#6190,1.);
#6190 = DIRECTION('',(-1.,-0.,0.));
#6191 = PCURVE('',#2240,#6192);
#6192 = DEFINITIONAL_REPRESENTATION('',(#6193),#6196);
#6193 = B_SPLINE_CURVE_WITH_KNOTS('',1,(#6194,#6195),.UNSPECIFIED.,.F.,
  .F.,(2,2),(-3.15,0.25),.PIECEWISE_BEZIER_KNOTS.);
#6194 = CARTESIAN_POINT('',(2.9,16.4));
#6195 = CARTESIAN_POINT('',(-0.5,16.4));
#6196 = ( GEOMETRIC_REPRESENTATION_CONTEXT(2) 
PARAMETRIC_REPRESENTATION_CONTEXT() REPRESENTATION_CONTEXT('2D SPACE',''
  ) );
#6197 = PCURVE('',#2057,#6198);
#6198 = DEFINITIONAL_REPRESENTATION('',(#6199),#6202);
#6199 = B_SPLINE_CURVE_WITH_KNOTS('',1,(#6200,#6201),.UNSPECIFIED.,.F.,
  .F.,(2,2),(-3.15,0.25),.PIECEWISE_BEZIER_KNOTS.);
#6200 = CARTESIAN_POINT('',(23.,3.4));
#6201 = CARTESIAN_POINT('',(23.,0.));
#6202 = ( GEOMETRIC_REPRESENTATION_CONTEXT(2) 
PARAMETRIC_REPRESENTATION_CONTEXT() REPRESENTATION_CONTEXT('2D SPACE',''
  ) );
#6203 = ORIENTED_EDGE('',*,*,#6204,.T.);
#6204 = EDGE_CURVE('',#6184,#6205,#6207,.T.);
#6205 = VERTEX_POINT('',#6206);
#6206 = CARTESIAN_POINT('',(-36.9,-28.4,32.));
#6207 = SURFACE_CURVE('',#6208,(#6212,#6218),.PCURVE_S1.);
#6208 = LINE('',#6209,#6210);
#6209 = CARTESIAN_POINT('',(-36.9,-38.2,32.));
#6210 = VECTOR('',#6211,1.);
#6211 = DIRECTION('',(-0.,1.,0.));
#6212 = PCURVE('',#2240,#6213);
#6213 = DEFINITIONAL_REPRESENTATION('',(#6214),#6217);
#6214 = B_SPLINE_CURVE_WITH_KNOTS('',1,(#6215,#6216),.UNSPECIFIED.,.F.,
  .F.,(2,2),(8.2,68.2),.PIECEWISE_BEZIER_KNOTS.);
#6215 = CARTESIAN_POINT('',(-0.5,16.4));
#6216 = CARTESIAN_POINT('',(-0.5,76.4));
#6217 = ( GEOMETRIC_REPRESENTATION_CONTEXT(2) 
PARAMETRIC_REPRESENTATION_CONTEXT() REPRESENTATION_CONTEXT('2D SPACE',''
  ) );
#6218 = PCURVE('',#6219,#6224);
#6219 = PLANE('',#6220);
#6220 = AXIS2_PLACEMENT_3D('',#6221,#6222,#6223);
#6221 = CARTESIAN_POINT('',(-36.9,-30.,9.));
#6222 = DIRECTION('',(1.,0.,-0.));
#6223 = DIRECTION('',(0.,0.,1.));
#6224 = DEFINITIONAL_REPRESENTATION('',(#6225),#6228);
#6225 = B_SPLINE_CURVE_WITH_KNOTS('',1,(#6226,#6227),.UNSPECIFIED.,.F.,
  .F.,(2,2),(8.2,68.2),.PIECEWISE_BEZIER_KNOTS.);
#6226 = CARTESIAN_POINT('',(23.,0.));
#6227 = CARTESIAN_POINT('',(23.,-60.));
#6228 = ( GEOMETRIC_REPRESENTATION_CONTEXT(2) 
PARAMETRIC_REPRESENTATION_CONTEXT() REPRESENTATION_CONTEXT('2D SPACE',''
  ) );
#6229 = ORIENTED_EDGE('',*,*,#6230,.F.);
#6230 = EDGE_CURVE('',#6231,#6205,#6233,.T.);
#6231 = VERTEX_POINT('',#6232);
#6232 = CARTESIAN_POINT('',(-48.4,-28.4,32.));
#6233 = SURFACE_CURVE('',#6234,(#6238,#6245),.PCURVE_S1.);
#6234 = LINE('',#6235,#6236);
#6235 = CARTESIAN_POINT('',(-48.4,-28.4,32.));
#6236 = VECTOR('',#6237,1.);
#6237 = DIRECTION('',(1.,0.,-0.));
#6238 = PCURVE('',#2240,#6239);
#6239 = DEFINITIONAL_REPRESENTATION('',(#6240),#6244);
#6240 = LINE('',#6241,#6242);
#6241 = CARTESIAN_POINT('',(-12.,18.));
#6242 = VECTOR('',#6243,1.);
#6243 = DIRECTION('',(1.,0.));
#6244 = ( GEOMETRIC_REPRESENTATION_CONTEXT(2) 
PARAMETRIC_REPRESENTATION_CONTEXT() REPRESENTATION_CONTEXT('2D SPACE',''
  ) );
#6245 = PCURVE('',#6246,#6251);
#6246 = PLANE('',#6247);
#6247 = AXIS2_PLACEMENT_3D('',#6248,#6249,#6250);
#6248 = CARTESIAN_POINT('',(-40.44870670429,-28.4,22.651293295703));
#6249 = DIRECTION('',(0.,1.,-0.));
#6250 = DIRECTION('',(-1.,0.,0.));
#6251 = DEFINITIONAL_REPRESENTATION('',(#6252),#6256);
#6252 = LINE('',#6253,#6254);
#6253 = CARTESIAN_POINT('',(7.951293295703,9.348706704297));
#6254 = VECTOR('',#6255,1.);
#6255 = DIRECTION('',(-1.,0.));
#6256 = ( GEOMETRIC_REPRESENTATION_CONTEXT(2) 
PARAMETRIC_REPRESENTATION_CONTEXT() REPRESENTATION_CONTEXT('2D SPACE',''
  ) );
#6257 = ORIENTED_EDGE('',*,*,#6258,.F.);
#6258 = EDGE_CURVE('',#6259,#6231,#6261,.T.);
#6259 = VERTEX_POINT('',#6260);
#6260 = CARTESIAN_POINT('',(-48.4,-42.4,32.));
#6261 = SURFACE_CURVE('',#6262,(#6266,#6273),.PCURVE_S1.);
#6262 = LINE('',#6263,#6264);
#6263 = CARTESIAN_POINT('',(-48.4,-42.4,32.));
#6264 = VECTOR('',#6265,1.);
#6265 = DIRECTION('',(-0.,1.,0.));
#6266 = PCURVE('',#2240,#6267);
#6267 = DEFINITIONAL_REPRESENTATION('',(#6268),#6272);
#6268 = LINE('',#6269,#6270);
#6269 = CARTESIAN_POINT('',(-12.,4.));
#6270 = VECTOR('',#6271,1.);
#6271 = DIRECTION('',(0.,1.));
#6272 = ( GEOMETRIC_REPRESENTATION_CONTEXT(2) 
PARAMETRIC_REPRESENTATION_CONTEXT() REPRESENTATION_CONTEXT('2D SPACE',''
  ) );
#6273 = PCURVE('',#6274,#6279);
#6274 = PLANE('',#6275);
#6275 = AXIS2_PLACEMENT_3D('',#6276,#6277,#6278);
#6276 = CARTESIAN_POINT('',(-48.4,-42.4,27.));
#6277 = DIRECTION('',(1.,0.,-0.));
#6278 = DIRECTION('',(0.,0.,1.));
#6279 = DEFINITIONAL_REPRESENTATION('',(#6280),#6284);
#6280 = LINE('',#6281,#6282);
#6281 = CARTESIAN_POINT('',(5.,0.));
#6282 = VECTOR('',#6283,1.);
#6283 = DIRECTION('',(0.,-1.));
#6284 = ( GEOMETRIC_REPRESENTATION_CONTEXT(2) 
PARAMETRIC_REPRESENTATION_CONTEXT() REPRESENTATION_CONTEXT('2D SPACE',''
  ) );
#6285 = ORIENTED_EDGE('',*,*,#6286,.T.);
#6286 = EDGE_CURVE('',#6259,#2199,#6287,.T.);
#6287 = SURFACE_CURVE('',#6288,(#6292,#6299),.PCURVE_S1.);
#6288 = LINE('',#6289,#6290);
#6289 = CARTESIAN_POINT('',(-48.4,-42.4,32.));
#6290 = VECTOR('',#6291,1.);
#6291 = DIRECTION('',(1.,0.,-0.));
#6292 = PCURVE('',#2240,#6293);
#6293 = DEFINITIONAL_REPRESENTATION('',(#6294),#6298);
#6294 = LINE('',#6295,#6296);
#6295 = CARTESIAN_POINT('',(-12.,4.));
#6296 = VECTOR('',#6297,1.);
#6297 = DIRECTION('',(1.,0.));
#6298 = ( GEOMETRIC_REPRESENTATION_CONTEXT(2) 
PARAMETRIC_REPRESENTATION_CONTEXT() REPRESENTATION_CONTEXT('2D SPACE',''
  ) );
#6299 = PCURVE('',#2214,#6300);
#6300 = DEFINITIONAL_REPRESENTATION('',(#6301),#6305);
#6301 = LINE('',#6302,#6303);
#6302 = CARTESIAN_POINT('',(5.,0.));
#6303 = VECTOR('',#6304,1.);
#6304 = DIRECTION('',(0.,1.));
#6305 = ( GEOMETRIC_REPRESENTATION_CONTEXT(2) 
PARAMETRIC_REPRESENTATION_CONTEXT() REPRESENTATION_CONTEXT('2D SPACE',''
  ) );
#6306 = FACE_BOUND('',#6307,.T.);
#6307 = EDGE_LOOP('',(#6308));
#6308 = ORIENTED_EDGE('',*,*,#6309,.F.);
#6309 = EDGE_CURVE('',#6310,#6310,#6312,.T.);
#6310 = VERTEX_POINT('',#6311);
#6311 = CARTESIAN_POINT('',(-40.7,-35.4,32.));
#6312 = SURFACE_CURVE('',#6313,(#6318,#6325),.PCURVE_S1.);
#6313 = CIRCLE('',#6314,1.7);
#6314 = AXIS2_PLACEMENT_3D('',#6315,#6316,#6317);
#6315 = CARTESIAN_POINT('',(-42.4,-35.4,32.));
#6316 = DIRECTION('',(0.,0.,1.));
#6317 = DIRECTION('',(1.,0.,-0.));
#6318 = PCURVE('',#2240,#6319);
#6319 = DEFINITIONAL_REPRESENTATION('',(#6320),#6324);
#6320 = CIRCLE('',#6321,1.7);
#6321 = AXIS2_PLACEMENT_2D('',#6322,#6323);
#6322 = CARTESIAN_POINT('',(-6.,11.));
#6323 = DIRECTION('',(1.,0.));
#6324 = ( GEOMETRIC_REPRESENTATION_CONTEXT(2) 
PARAMETRIC_REPRESENTATION_CONTEXT() REPRESENTATION_CONTEXT('2D SPACE',''
  ) );
#6325 = PCURVE('',#6326,#6331);
#6326 = CYLINDRICAL_SURFACE('',#6327,1.7);
#6327 = AXIS2_PLACEMENT_3D('',#6328,#6329,#6330);
#6328 = CARTESIAN_POINT('',(-42.4,-35.4,26.5));
#6329 = DIRECTION('',(0.,0.,1.));
#6330 = DIRECTION('',(1.,0.,-0.));
#6331 = DEFINITIONAL_REPRESENTATION('',(#6332),#6336);
#6332 = LINE('',#6333,#6334);
#6333 = CARTESIAN_POINT('',(0.,5.5));
#6334 = VECTOR('',#6335,1.);
#6335 = DIRECTION('',(1.,0.));
#6336 = ( GEOMETRIC_REPRESENTATION_CONTEXT(2) 
PARAMETRIC_REPRESENTATION_CONTEXT() REPRESENTATION_CONTEXT('2D SPACE',''
  ) );
#6337 = FACE_BOUND('',#6338,.T.);
#6338 = EDGE_LOOP('',(#6339,#6368,#6397));
#6339 = ORIENTED_EDGE('',*,*,#6340,.T.);
#6340 = EDGE_CURVE('',#6341,#6343,#6345,.T.);
#6341 = VERTEX_POINT('',#6342);
#6342 = CARTESIAN_POINT('',(-34.,-44.,32.));
#6343 = VERTEX_POINT('',#6344);
#6344 = CARTESIAN_POINT('',(-34.,-41.83303027798,32.));
#6345 = SURFACE_CURVE('',#6346,(#6350,#6357),.PCURVE_S1.);
#6346 = LINE('',#6347,#6348);
#6347 = CARTESIAN_POINT('',(-34.,-45.2,32.));
#6348 = VECTOR('',#6349,1.);
#6349 = DIRECTION('',(-0.,1.,0.));
#6350 = PCURVE('',#2240,#6351);
#6351 = DEFINITIONAL_REPRESENTATION('',(#6352),#6356);
#6352 = LINE('',#6353,#6354);
#6353 = CARTESIAN_POINT('',(2.4,1.2));
#6354 = VECTOR('',#6355,1.);
#6355 = DIRECTION('',(0.,1.));
#6356 = ( GEOMETRIC_REPRESENTATION_CONTEXT(2) 
PARAMETRIC_REPRESENTATION_CONTEXT() REPRESENTATION_CONTEXT('2D SPACE',''
  ) );
#6357 = PCURVE('',#6358,#6363);
#6358 = PLANE('',#6359);
#6359 = AXIS2_PLACEMENT_3D('',#6360,#6361,#6362);
#6360 = CARTESIAN_POINT('',(-34.,-44.,2.4));
#6361 = DIRECTION('',(1.,0.,-0.));
#6362 = DIRECTION('',(0.,0.,1.));
#6363 = DEFINITIONAL_REPRESENTATION('',(#6364),#6367);
#6364 = B_SPLINE_CURVE_WITH_KNOTS('',1,(#6365,#6366),.UNSPECIFIED.,.F.,
  .F.,(2,2),(1.2,89.2),.PIECEWISE_BEZIER_KNOTS.);
#6365 = CARTESIAN_POINT('',(29.6,0.));
#6366 = CARTESIAN_POINT('',(29.6,-88.));
#6367 = ( GEOMETRIC_REPRESENTATION_CONTEXT(2) 
PARAMETRIC_REPRESENTATION_CONTEXT() REPRESENTATION_CONTEXT('2D SPACE',''
  ) );
#6368 = ORIENTED_EDGE('',*,*,#6369,.T.);
#6369 = EDGE_CURVE('',#6343,#6370,#6372,.T.);
#6370 = VERTEX_POINT('',#6371);
#6371 = CARTESIAN_POINT('',(-31.83303027798,-44.,32.));
#6372 = SURFACE_CURVE('',#6373,(#6378,#6385),.PCURVE_S1.);
#6373 = CIRCLE('',#6374,4.4);
#6374 = AXIS2_PLACEMENT_3D('',#6375,#6376,#6377);
#6375 = CARTESIAN_POINT('',(-30.,-40.,32.));
#6376 = DIRECTION('',(0.,0.,1.));
#6377 = DIRECTION('',(1.,0.,-0.));
#6378 = PCURVE('',#2240,#6379);
#6379 = DEFINITIONAL_REPRESENTATION('',(#6380),#6384);
#6380 = CIRCLE('',#6381,4.4);
#6381 = AXIS2_PLACEMENT_2D('',#6382,#6383);
#6382 = CARTESIAN_POINT('',(6.4,6.4));
#6383 = DIRECTION('',(1.,0.));
#6384 = ( GEOMETRIC_REPRESENTATION_CONTEXT(2) 
PARAMETRIC_REPRESENTATION_CONTEXT() REPRESENTATION_CONTEXT('2D SPACE',''
  ) );
#6385 = PCURVE('',#6386,#6391);
#6386 = CYLINDRICAL_SURFACE('',#6387,4.4);
#6387 = AXIS2_PLACEMENT_3D('',#6388,#6389,#6390);
#6388 = CARTESIAN_POINT('',(-30.,-40.,2.4));
#6389 = DIRECTION('',(0.,0.,1.));
#6390 = DIRECTION('',(1.,0.,-0.));
#6391 = DEFINITIONAL_REPRESENTATION('',(#6392),#6396);
#6392 = LINE('',#6393,#6394);
#6393 = CARTESIAN_POINT('',(0.,29.6));
#6394 = VECTOR('',#6395,1.);
#6395 = DIRECTION('',(1.,0.));
#6396 = ( GEOMETRIC_REPRESENTATION_CONTEXT(2) 
PARAMETRIC_REPRESENTATION_CONTEXT() REPRESENTATION_CONTEXT('2D SPACE',''
  ) );
#6397 = ORIENTED_EDGE('',*,*,#6398,.T.);
#6398 = EDGE_CURVE('',#6370,#6341,#6399,.T.);
#6399 = SURFACE_CURVE('',#6400,(#6404,#6411),.PCURVE_S1.);
#6400 = LINE('',#6401,#6402);
#6401 = CARTESIAN_POINT('',(-35.2,-44.,32.));
#6402 = VECTOR('',#6403,1.);
#6403 = DIRECTION('',(-1.,-0.,0.));
#6404 = PCURVE('',#2240,#6405);
#6405 = DEFINITIONAL_REPRESENTATION('',(#6406),#6410);
#6406 = LINE('',#6407,#6408);
#6407 = CARTESIAN_POINT('',(1.2,2.4));
#6408 = VECTOR('',#6409,1.);
#6409 = DIRECTION('',(-1.,0.));
#6410 = ( GEOMETRIC_REPRESENTATION_CONTEXT(2) 
PARAMETRIC_REPRESENTATION_CONTEXT() REPRESENTATION_CONTEXT('2D SPACE',''
  ) );
#6411 = PCURVE('',#6412,#6417);
#6412 = PLANE('',#6413);
#6413 = AXIS2_PLACEMENT_3D('',#6414,#6415,#6416);
#6414 = CARTESIAN_POINT('',(-34.,-44.,2.4));
#6415 = DIRECTION('',(-0.,1.,0.));
#6416 = DIRECTION('',(0.,0.,1.));
#6417 = DEFINITIONAL_REPRESENTATION('',(#6418),#6421);
#6418 = B_SPLINE_CURVE_WITH_KNOTS('',1,(#6419,#6420),.UNSPECIFIED.,.F.,
  .F.,(2,2),(-69.2,-1.2),.PIECEWISE_BEZIER_KNOTS.);
#6419 = CARTESIAN_POINT('',(29.6,68.));
#6420 = CARTESIAN_POINT('',(29.6,0.));
#6421 = ( GEOMETRIC_REPRESENTATION_CONTEXT(2) 
PARAMETRIC_REPRESENTATION_CONTEXT() REPRESENTATION_CONTEXT('2D SPACE',''
  ) );
#6422 = FACE_BOUND('',#6423,.T.);
#6423 = EDGE_LOOP('',(#6424));
#6424 = ORIENTED_EDGE('',*,*,#6425,.F.);
#6425 = EDGE_CURVE('',#6426,#6426,#6428,.T.);
#6426 = VERTEX_POINT('',#6427);
#6427 = CARTESIAN_POINT('',(-28.,-40.,32.));
#6428 = SURFACE_CURVE('',#6429,(#6434,#6441),.PCURVE_S1.);
#6429 = CIRCLE('',#6430,2.);
#6430 = AXIS2_PLACEMENT_3D('',#6431,#6432,#6433);
#6431 = CARTESIAN_POINT('',(-30.,-40.,32.));
#6432 = DIRECTION('',(0.,0.,1.));
#6433 = DIRECTION('',(1.,0.,-0.));
#6434 = PCURVE('',#2240,#6435);
#6435 = DEFINITIONAL_REPRESENTATION('',(#6436),#6440);
#6436 = CIRCLE('',#6437,2.);
#6437 = AXIS2_PLACEMENT_2D('',#6438,#6439);
#6438 = CARTESIAN_POINT('',(6.4,6.4));
#6439 = DIRECTION('',(1.,0.));
#6440 = ( GEOMETRIC_REPRESENTATION_CONTEXT(2) 
PARAMETRIC_REPRESENTATION_CONTEXT() REPRESENTATION_CONTEXT('2D SPACE',''
  ) );
#6441 = PCURVE('',#6442,#6447);
#6442 = CYLINDRICAL_SURFACE('',#6443,2.);
#6443 = AXIS2_PLACEMENT_3D('',#6444,#6445,#6446);
#6444 = CARTESIAN_POINT('',(-30.,-40.,26.));
#6445 = DIRECTION('',(0.,0.,1.));
#6446 = DIRECTION('',(1.,0.,-0.));
#6447 = DEFINITIONAL_REPRESENTATION('',(#6448),#6452);
#6448 = LINE('',#6449,#6450);
#6449 = CARTESIAN_POINT('',(0.,6.));
#6450 = VECTOR('',#6451,1.);
#6451 = DIRECTION('',(1.,0.));
#6452 = ( GEOMETRIC_REPRESENTATION_CONTEXT(2) 
PARAMETRIC_REPRESENTATION_CONTEXT() REPRESENTATION_CONTEXT('2D SPACE',''
  ) );
#6453 = FACE_BOUND('',#6454,.T.);
#6454 = EDGE_LOOP('',(#6455,#6484,#6511));
#6455 = ORIENTED_EDGE('',*,*,#6456,.F.);
#6456 = EDGE_CURVE('',#6457,#6459,#6461,.T.);
#6457 = VERTEX_POINT('',#6458);
#6458 = CARTESIAN_POINT('',(34.,-44.,32.));
#6459 = VERTEX_POINT('',#6460);
#6460 = CARTESIAN_POINT('',(34.,-41.83303027798,32.));
#6461 = SURFACE_CURVE('',#6462,(#6466,#6473),.PCURVE_S1.);
#6462 = LINE('',#6463,#6464);
#6463 = CARTESIAN_POINT('',(34.,-45.2,32.));
#6464 = VECTOR('',#6465,1.);
#6465 = DIRECTION('',(-0.,1.,0.));
#6466 = PCURVE('',#2240,#6467);
#6467 = DEFINITIONAL_REPRESENTATION('',(#6468),#6472);
#6468 = LINE('',#6469,#6470);
#6469 = CARTESIAN_POINT('',(70.4,1.2));
#6470 = VECTOR('',#6471,1.);
#6471 = DIRECTION('',(0.,1.));
#6472 = ( GEOMETRIC_REPRESENTATION_CONTEXT(2) 
PARAMETRIC_REPRESENTATION_CONTEXT() REPRESENTATION_CONTEXT('2D SPACE',''
  ) );
#6473 = PCURVE('',#6474,#6479);
#6474 = PLANE('',#6475);
#6475 = AXIS2_PLACEMENT_3D('',#6476,#6477,#6478);
#6476 = CARTESIAN_POINT('',(34.,-44.,2.4));
#6477 = DIRECTION('',(1.,0.,-0.));
#6478 = DIRECTION('',(0.,0.,1.));
#6479 = DEFINITIONAL_REPRESENTATION('',(#6480),#6483);
#6480 = B_SPLINE_CURVE_WITH_KNOTS('',1,(#6481,#6482),.UNSPECIFIED.,.F.,
  .F.,(2,2),(1.2,89.2),.PIECEWISE_BEZIER_KNOTS.);
#6481 = CARTESIAN_POINT('',(29.6,0.));
#6482 = CARTESIAN_POINT('',(29.6,-88.));
#6483 = ( GEOMETRIC_REPRESENTATION_CONTEXT(2) 
PARAMETRIC_REPRESENTATION_CONTEXT() REPRESENTATION_CONTEXT('2D SPACE',''
  ) );
#6484 = ORIENTED_EDGE('',*,*,#6485,.T.);
#6485 = EDGE_CURVE('',#6457,#6486,#6488,.T.);
#6486 = VERTEX_POINT('',#6487);
#6487 = CARTESIAN_POINT('',(31.833030277982,-44.,32.));
#6488 = SURFACE_CURVE('',#6489,(#6493,#6500),.PCURVE_S1.);
#6489 = LINE('',#6490,#6491);
#6490 = CARTESIAN_POINT('',(-35.2,-44.,32.));
#6491 = VECTOR('',#6492,1.);
#6492 = DIRECTION('',(-1.,-0.,0.));
#6493 = PCURVE('',#2240,#6494);
#6494 = DEFINITIONAL_REPRESENTATION('',(#6495),#6499);
#6495 = LINE('',#6496,#6497);
#6496 = CARTESIAN_POINT('',(1.2,2.4));
#6497 = VECTOR('',#6498,1.);
#6498 = DIRECTION('',(-1.,0.));
#6499 = ( GEOMETRIC_REPRESENTATION_CONTEXT(2) 
PARAMETRIC_REPRESENTATION_CONTEXT() REPRESENTATION_CONTEXT('2D SPACE',''
  ) );
#6500 = PCURVE('',#6501,#6506);
#6501 = PLANE('',#6502);
#6502 = AXIS2_PLACEMENT_3D('',#6503,#6504,#6505);
#6503 = CARTESIAN_POINT('',(-34.,-44.,2.4));
#6504 = DIRECTION('',(-0.,1.,0.));
#6505 = DIRECTION('',(0.,0.,1.));
#6506 = DEFINITIONAL_REPRESENTATION('',(#6507),#6510);
#6507 = B_SPLINE_CURVE_WITH_KNOTS('',1,(#6508,#6509),.UNSPECIFIED.,.F.,
  .F.,(2,2),(-69.2,-1.2),.PIECEWISE_BEZIER_KNOTS.);
#6508 = CARTESIAN_POINT('',(29.6,68.));
#6509 = CARTESIAN_POINT('',(29.6,0.));
#6510 = ( GEOMETRIC_REPRESENTATION_CONTEXT(2) 
PARAMETRIC_REPRESENTATION_CONTEXT() REPRESENTATION_CONTEXT('2D SPACE',''
  ) );
#6511 = ORIENTED_EDGE('',*,*,#6512,.T.);
#6512 = EDGE_CURVE('',#6486,#6459,#6513,.T.);
#6513 = SURFACE_CURVE('',#6514,(#6519,#6526),.PCURVE_S1.);
#6514 = CIRCLE('',#6515,4.4);
#6515 = AXIS2_PLACEMENT_3D('',#6516,#6517,#6518);
#6516 = CARTESIAN_POINT('',(30.,-40.,32.));
#6517 = DIRECTION('',(0.,0.,1.));
#6518 = DIRECTION('',(1.,0.,-0.));
#6519 = PCURVE('',#2240,#6520);
#6520 = DEFINITIONAL_REPRESENTATION('',(#6521),#6525);
#6521 = CIRCLE('',#6522,4.4);
#6522 = AXIS2_PLACEMENT_2D('',#6523,#6524);
#6523 = CARTESIAN_POINT('',(66.4,6.4));
#6524 = DIRECTION('',(1.,0.));
#6525 = ( GEOMETRIC_REPRESENTATION_CONTEXT(2) 
PARAMETRIC_REPRESENTATION_CONTEXT() REPRESENTATION_CONTEXT('2D SPACE',''
  ) );
#6526 = PCURVE('',#6527,#6532);
#6527 = CYLINDRICAL_SURFACE('',#6528,4.4);
#6528 = AXIS2_PLACEMENT_3D('',#6529,#6530,#6531);
#6529 = CARTESIAN_POINT('',(30.,-40.,2.4));
#6530 = DIRECTION('',(0.,0.,1.));
#6531 = DIRECTION('',(1.,0.,-0.));
#6532 = DEFINITIONAL_REPRESENTATION('',(#6533),#6537);
#6533 = LINE('',#6534,#6535);
#6534 = CARTESIAN_POINT('',(0.,29.6));
#6535 = VECTOR('',#6536,1.);
#6536 = DIRECTION('',(1.,0.));
#6537 = ( GEOMETRIC_REPRESENTATION_CONTEXT(2) 
PARAMETRIC_REPRESENTATION_CONTEXT() REPRESENTATION_CONTEXT('2D SPACE',''
  ) );
#6538 = FACE_BOUND('',#6539,.T.);
#6539 = EDGE_LOOP('',(#6540));
#6540 = ORIENTED_EDGE('',*,*,#6541,.F.);
#6541 = EDGE_CURVE('',#6542,#6542,#6544,.T.);
#6542 = VERTEX_POINT('',#6543);
#6543 = CARTESIAN_POINT('',(32.,-40.,32.));
#6544 = SURFACE_CURVE('',#6545,(#6550,#6557),.PCURVE_S1.);
#6545 = CIRCLE('',#6546,2.);
#6546 = AXIS2_PLACEMENT_3D('',#6547,#6548,#6549);
#6547 = CARTESIAN_POINT('',(30.,-40.,32.));
#6548 = DIRECTION('',(0.,0.,1.));
#6549 = DIRECTION('',(1.,0.,-0.));
#6550 = PCURVE('',#2240,#6551);
#6551 = DEFINITIONAL_REPRESENTATION('',(#6552),#6556);
#6552 = CIRCLE('',#6553,2.);
#6553 = AXIS2_PLACEMENT_2D('',#6554,#6555);
#6554 = CARTESIAN_POINT('',(66.4,6.4));
#6555 = DIRECTION('',(1.,0.));
#6556 = ( GEOMETRIC_REPRESENTATION_CONTEXT(2) 
PARAMETRIC_REPRESENTATION_CONTEXT() REPRESENTATION_CONTEXT('2D SPACE',''
  ) );
#6557 = PCURVE('',#6558,#6563);
#6558 = CYLINDRICAL_SURFACE('',#6559,2.);
#6559 = AXIS2_PLACEMENT_3D('',#6560,#6561,#6562);
#6560 = CARTESIAN_POINT('',(30.,-40.,26.));
#6561 = DIRECTION('',(0.,0.,1.));
#6562 = DIRECTION('',(1.,0.,-0.));
#6563 = DEFINITIONAL_REPRESENTATION('',(#6564),#6568);
#6564 = LINE('',#6565,#6566);
#6565 = CARTESIAN_POINT('',(0.,6.));
#6566 = VECTOR('',#6567,1.);
#6567 = DIRECTION('',(1.,0.));
#6568 = ( GEOMETRIC_REPRESENTATION_CONTEXT(2) 
PARAMETRIC_REPRESENTATION_CONTEXT() REPRESENTATION_CONTEXT('2D SPACE',''
  ) );
#6569 = FACE_BOUND('',#6570,.T.);
#6570 = EDGE_LOOP('',(#6571));
#6571 = ORIENTED_EDGE('',*,*,#6572,.F.);
#6572 = EDGE_CURVE('',#6573,#6573,#6575,.T.);
#6573 = VERTEX_POINT('',#6574);
#6574 = CARTESIAN_POINT('',(44.1,-35.4,32.));
#6575 = SURFACE_CURVE('',#6576,(#6581,#6588),.PCURVE_S1.);
#6576 = CIRCLE('',#6577,1.7);
#6577 = AXIS2_PLACEMENT_3D('',#6578,#6579,#6580);
#6578 = CARTESIAN_POINT('',(42.4,-35.4,32.));
#6579 = DIRECTION('',(0.,0.,1.));
#6580 = DIRECTION('',(1.,0.,-0.));
#6581 = PCURVE('',#2240,#6582);
#6582 = DEFINITIONAL_REPRESENTATION('',(#6583),#6587);
#6583 = CIRCLE('',#6584,1.7);
#6584 = AXIS2_PLACEMENT_2D('',#6585,#6586);
#6585 = CARTESIAN_POINT('',(78.8,11.));
#6586 = DIRECTION('',(1.,0.));
#6587 = ( GEOMETRIC_REPRESENTATION_CONTEXT(2) 
PARAMETRIC_REPRESENTATION_CONTEXT() REPRESENTATION_CONTEXT('2D SPACE',''
  ) );
#6588 = PCURVE('',#6589,#6594);
#6589 = CYLINDRICAL_SURFACE('',#6590,1.7);
#6590 = AXIS2_PLACEMENT_3D('',#6591,#6592,#6593);
#6591 = CARTESIAN_POINT('',(42.4,-35.4,26.5));
#6592 = DIRECTION('',(0.,0.,1.));
#6593 = DIRECTION('',(1.,0.,-0.));
#6594 = DEFINITIONAL_REPRESENTATION('',(#6595),#6599);
#6595 = LINE('',#6596,#6597);
#6596 = CARTESIAN_POINT('',(0.,5.5));
#6597 = VECTOR('',#6598,1.);
#6598 = DIRECTION('',(1.,0.));
#6599 = ( GEOMETRIC_REPRESENTATION_CONTEXT(2) 
PARAMETRIC_REPRESENTATION_CONTEXT() REPRESENTATION_CONTEXT('2D SPACE',''
  ) );
#6600 = FACE_BOUND('',#6601,.T.);
#6601 = EDGE_LOOP('',(#6602));
#6602 = ORIENTED_EDGE('',*,*,#6603,.F.);
#6603 = EDGE_CURVE('',#6604,#6604,#6606,.T.);
#6604 = VERTEX_POINT('',#6605);
#6605 = CARTESIAN_POINT('',(32.,40.,32.));
#6606 = SURFACE_CURVE('',#6607,(#6612,#6619),.PCURVE_S1.);
#6607 = CIRCLE('',#6608,2.);
#6608 = AXIS2_PLACEMENT_3D('',#6609,#6610,#6611);
#6609 = CARTESIAN_POINT('',(30.,40.,32.));
#6610 = DIRECTION('',(0.,0.,1.));
#6611 = DIRECTION('',(1.,0.,-0.));
#6612 = PCURVE('',#2240,#6613);
#6613 = DEFINITIONAL_REPRESENTATION('',(#6614),#6618);
#6614 = CIRCLE('',#6615,2.);
#6615 = AXIS2_PLACEMENT_2D('',#6616,#6617);
#6616 = CARTESIAN_POINT('',(66.4,86.4));
#6617 = DIRECTION('',(1.,0.));
#6618 = ( GEOMETRIC_REPRESENTATION_CONTEXT(2) 
PARAMETRIC_REPRESENTATION_CONTEXT() REPRESENTATION_CONTEXT('2D SPACE',''
  ) );
#6619 = PCURVE('',#6620,#6625);
#6620 = CYLINDRICAL_SURFACE('',#6621,2.);
#6621 = AXIS2_PLACEMENT_3D('',#6622,#6623,#6624);
#6622 = CARTESIAN_POINT('',(30.,40.,26.));
#6623 = DIRECTION('',(0.,0.,1.));
#6624 = DIRECTION('',(1.,0.,-0.));
#6625 = DEFINITIONAL_REPRESENTATION('',(#6626),#6630);
#6626 = LINE('',#6627,#6628);
#6627 = CARTESIAN_POINT('',(0.,6.));
#6628 = VECTOR('',#6629,1.);
#6629 = DIRECTION('',(1.,0.));
#6630 = ( GEOMETRIC_REPRESENTATION_CONTEXT(2) 
PARAMETRIC_REPRESENTATION_CONTEXT() REPRESENTATION_CONTEXT('2D SPACE',''
  ) );
#6631 = FACE_BOUND('',#6632,.T.);
#6632 = EDGE_LOOP('',(#6633,#6662,#6691));
#6633 = ORIENTED_EDGE('',*,*,#6634,.F.);
#6634 = EDGE_CURVE('',#6635,#6637,#6639,.T.);
#6635 = VERTEX_POINT('',#6636);
#6636 = CARTESIAN_POINT('',(34.,41.833030277982,32.));
#6637 = VERTEX_POINT('',#6638);
#6638 = CARTESIAN_POINT('',(34.,44.,32.));
#6639 = SURFACE_CURVE('',#6640,(#6644,#6651),.PCURVE_S1.);
#6640 = LINE('',#6641,#6642);
#6641 = CARTESIAN_POINT('',(34.,-45.2,32.));
#6642 = VECTOR('',#6643,1.);
#6643 = DIRECTION('',(-0.,1.,0.));
#6644 = PCURVE('',#2240,#6645);
#6645 = DEFINITIONAL_REPRESENTATION('',(#6646),#6650);
#6646 = LINE('',#6647,#6648);
#6647 = CARTESIAN_POINT('',(70.4,1.2));
#6648 = VECTOR('',#6649,1.);
#6649 = DIRECTION('',(0.,1.));
#6650 = ( GEOMETRIC_REPRESENTATION_CONTEXT(2) 
PARAMETRIC_REPRESENTATION_CONTEXT() REPRESENTATION_CONTEXT('2D SPACE',''
  ) );
#6651 = PCURVE('',#6652,#6657);
#6652 = PLANE('',#6653);
#6653 = AXIS2_PLACEMENT_3D('',#6654,#6655,#6656);
#6654 = CARTESIAN_POINT('',(34.,-44.,2.4));
#6655 = DIRECTION('',(1.,0.,-0.));
#6656 = DIRECTION('',(0.,0.,1.));
#6657 = DEFINITIONAL_REPRESENTATION('',(#6658),#6661);
#6658 = B_SPLINE_CURVE_WITH_KNOTS('',1,(#6659,#6660),.UNSPECIFIED.,.F.,
  .F.,(2,2),(1.2,89.2),.PIECEWISE_BEZIER_KNOTS.);
#6659 = CARTESIAN_POINT('',(29.6,0.));
#6660 = CARTESIAN_POINT('',(29.6,-88.));
#6661 = ( GEOMETRIC_REPRESENTATION_CONTEXT(2) 
PARAMETRIC_REPRESENTATION_CONTEXT() REPRESENTATION_CONTEXT('2D SPACE',''
  ) );
#6662 = ORIENTED_EDGE('',*,*,#6663,.T.);
#6663 = EDGE_CURVE('',#6635,#6664,#6666,.T.);
#6664 = VERTEX_POINT('',#6665);
#6665 = CARTESIAN_POINT('',(31.833030277982,44.,32.));
#6666 = SURFACE_CURVE('',#6667,(#6672,#6679),.PCURVE_S1.);
#6667 = CIRCLE('',#6668,4.4);
#6668 = AXIS2_PLACEMENT_3D('',#6669,#6670,#6671);
#6669 = CARTESIAN_POINT('',(30.,40.,32.));
#6670 = DIRECTION('',(0.,0.,1.));
#6671 = DIRECTION('',(1.,0.,-0.));
#6672 = PCURVE('',#2240,#6673);
#6673 = DEFINITIONAL_REPRESENTATION('',(#6674),#6678);
#6674 = CIRCLE('',#6675,4.4);
#6675 = AXIS2_PLACEMENT_2D('',#6676,#6677);
#6676 = CARTESIAN_POINT('',(66.4,86.4));
#6677 = DIRECTION('',(1.,0.));
#6678 = ( GEOMETRIC_REPRESENTATION_CONTEXT(2) 
PARAMETRIC_REPRESENTATION_CONTEXT() REPRESENTATION_CONTEXT('2D SPACE',''
  ) );
#6679 = PCURVE('',#6680,#6685);
#6680 = CYLINDRICAL_SURFACE('',#6681,4.4);
#6681 = AXIS2_PLACEMENT_3D('',#6682,#6683,#6684);
#6682 = CARTESIAN_POINT('',(30.,40.,2.4));
#6683 = DIRECTION('',(0.,0.,1.));
#6684 = DIRECTION('',(1.,0.,-0.));
#6685 = DEFINITIONAL_REPRESENTATION('',(#6686),#6690);
#6686 = LINE('',#6687,#6688);
#6687 = CARTESIAN_POINT('',(0.,29.6));
#6688 = VECTOR('',#6689,1.);
#6689 = DIRECTION('',(1.,0.));
#6690 = ( GEOMETRIC_REPRESENTATION_CONTEXT(2) 
PARAMETRIC_REPRESENTATION_CONTEXT() REPRESENTATION_CONTEXT('2D SPACE',''
  ) );
#6691 = ORIENTED_EDGE('',*,*,#6692,.F.);
#6692 = EDGE_CURVE('',#6637,#6664,#6693,.T.);
#6693 = SURFACE_CURVE('',#6694,(#6698,#6705),.PCURVE_S1.);
#6694 = LINE('',#6695,#6696);
#6695 = CARTESIAN_POINT('',(-35.2,44.,32.));
#6696 = VECTOR('',#6697,1.);
#6697 = DIRECTION('',(-1.,-0.,0.));
#6698 = PCURVE('',#2240,#6699);
#6699 = DEFINITIONAL_REPRESENTATION('',(#6700),#6704);
#6700 = LINE('',#6701,#6702);
#6701 = CARTESIAN_POINT('',(1.2,90.4));
#6702 = VECTOR('',#6703,1.);
#6703 = DIRECTION('',(-1.,0.));
#6704 = ( GEOMETRIC_REPRESENTATION_CONTEXT(2) 
PARAMETRIC_REPRESENTATION_CONTEXT() REPRESENTATION_CONTEXT('2D SPACE',''
  ) );
#6705 = PCURVE('',#6706,#6711);
#6706 = PLANE('',#6707);
#6707 = AXIS2_PLACEMENT_3D('',#6708,#6709,#6710);
#6708 = CARTESIAN_POINT('',(-34.,44.,2.4));
#6709 = DIRECTION('',(-0.,1.,0.));
#6710 = DIRECTION('',(0.,0.,1.));
#6711 = DEFINITIONAL_REPRESENTATION('',(#6712),#6715);
#6712 = B_SPLINE_CURVE_WITH_KNOTS('',1,(#6713,#6714),.UNSPECIFIED.,.F.,
  .F.,(2,2),(-69.2,-1.2),.PIECEWISE_BEZIER_KNOTS.);
#6713 = CARTESIAN_POINT('',(29.6,68.));
#6714 = CARTESIAN_POINT('',(29.6,0.));
#6715 = ( GEOMETRIC_REPRESENTATION_CONTEXT(2) 
PARAMETRIC_REPRESENTATION_CONTEXT() REPRESENTATION_CONTEXT('2D SPACE',''
  ) );
#6716 = FACE_BOUND('',#6717,.T.);
#6717 = EDGE_LOOP('',(#6718));
#6718 = ORIENTED_EDGE('',*,*,#6719,.F.);
#6719 = EDGE_CURVE('',#6720,#6720,#6722,.T.);
#6720 = VERTEX_POINT('',#6721);
#6721 = CARTESIAN_POINT('',(44.1,35.4,32.));
#6722 = SURFACE_CURVE('',#6723,(#6728,#6735),.PCURVE_S1.);
#6723 = CIRCLE('',#6724,1.7);
#6724 = AXIS2_PLACEMENT_3D('',#6725,#6726,#6727);
#6725 = CARTESIAN_POINT('',(42.4,35.4,32.));
#6726 = DIRECTION('',(0.,0.,1.));
#6727 = DIRECTION('',(1.,0.,-0.));
#6728 = PCURVE('',#2240,#6729);
#6729 = DEFINITIONAL_REPRESENTATION('',(#6730),#6734);
#6730 = CIRCLE('',#6731,1.7);
#6731 = AXIS2_PLACEMENT_2D('',#6732,#6733);
#6732 = CARTESIAN_POINT('',(78.8,81.8));
#6733 = DIRECTION('',(1.,0.));
#6734 = ( GEOMETRIC_REPRESENTATION_CONTEXT(2) 
PARAMETRIC_REPRESENTATION_CONTEXT() REPRESENTATION_CONTEXT('2D SPACE',''
  ) );
#6735 = PCURVE('',#6736,#6741);
#6736 = CYLINDRICAL_SURFACE('',#6737,1.7);
#6737 = AXIS2_PLACEMENT_3D('',#6738,#6739,#6740);
#6738 = CARTESIAN_POINT('',(42.4,35.4,26.5));
#6739 = DIRECTION('',(0.,0.,1.));
#6740 = DIRECTION('',(1.,0.,-0.));
#6741 = DEFINITIONAL_REPRESENTATION('',(#6742),#6746);
#6742 = LINE('',#6743,#6744);
#6743 = CARTESIAN_POINT('',(0.,5.5));
#6744 = VECTOR('',#6745,1.);
#6745 = DIRECTION('',(1.,0.));
#6746 = ( GEOMETRIC_REPRESENTATION_CONTEXT(2) 
PARAMETRIC_REPRESENTATION_CONTEXT() REPRESENTATION_CONTEXT('2D SPACE',''
  ) );
#6747 = ADVANCED_FACE('',(#6748),#2214,.F.);
#6748 = FACE_BOUND('',#6749,.F.);
#6749 = EDGE_LOOP('',(#6750,#6751,#6774,#6795));
#6750 = ORIENTED_EDGE('',*,*,#2198,.T.);
#6751 = ORIENTED_EDGE('',*,*,#6752,.T.);
#6752 = EDGE_CURVE('',#2173,#6753,#6755,.T.);
#6753 = VERTEX_POINT('',#6754);
#6754 = CARTESIAN_POINT('',(-48.4,-42.4,27.));
#6755 = SURFACE_CURVE('',#6756,(#6760,#6767),.PCURVE_S1.);
#6756 = LINE('',#6757,#6758);
#6757 = CARTESIAN_POINT('',(-36.1,-42.4,14.7));
#6758 = VECTOR('',#6759,1.);
#6759 = DIRECTION('',(-0.707106781187,0.,0.707106781187));
#6760 = PCURVE('',#2214,#6761);
#6761 = DEFINITIONAL_REPRESENTATION('',(#6762),#6766);
#6762 = LINE('',#6763,#6764);
#6763 = CARTESIAN_POINT('',(-12.3,12.3));
#6764 = VECTOR('',#6765,1.);
#6765 = DIRECTION('',(0.707106781187,-0.707106781187));
#6766 = ( GEOMETRIC_REPRESENTATION_CONTEXT(2) 
PARAMETRIC_REPRESENTATION_CONTEXT() REPRESENTATION_CONTEXT('2D SPACE',''
  ) );
#6767 = PCURVE('',#2187,#6768);
#6768 = DEFINITIONAL_REPRESENTATION('',(#6769),#6773);
#6769 = LINE('',#6770,#6771);
#6770 = CARTESIAN_POINT('',(0.,-1.2));
#6771 = VECTOR('',#6772,1.);
#6772 = DIRECTION('',(1.,0.));
#6773 = ( GEOMETRIC_REPRESENTATION_CONTEXT(2) 
PARAMETRIC_REPRESENTATION_CONTEXT() REPRESENTATION_CONTEXT('2D SPACE',''
  ) );
#6774 = ORIENTED_EDGE('',*,*,#6775,.T.);
#6775 = EDGE_CURVE('',#6753,#6259,#6776,.T.);
#6776 = SURFACE_CURVE('',#6777,(#6781,#6788),.PCURVE_S1.);
#6777 = LINE('',#6778,#6779);
#6778 = CARTESIAN_POINT('',(-48.4,-42.4,27.));
#6779 = VECTOR('',#6780,1.);
#6780 = DIRECTION('',(0.,0.,1.));
#6781 = PCURVE('',#2214,#6782);
#6782 = DEFINITIONAL_REPRESENTATION('',(#6783),#6787);
#6783 = LINE('',#6784,#6785);
#6784 = CARTESIAN_POINT('',(0.,0.));
#6785 = VECTOR('',#6786,1.);
#6786 = DIRECTION('',(1.,0.));
#6787 = ( GEOMETRIC_REPRESENTATION_CONTEXT(2) 
PARAMETRIC_REPRESENTATION_CONTEXT() REPRESENTATION_CONTEXT('2D SPACE',''
  ) );
#6788 = PCURVE('',#6274,#6789);
#6789 = DEFINITIONAL_REPRESENTATION('',(#6790),#6794);
#6790 = LINE('',#6791,#6792);
#6791 = CARTESIAN_POINT('',(0.,0.));
#6792 = VECTOR('',#6793,1.);
#6793 = DIRECTION('',(1.,0.));
#6794 = ( GEOMETRIC_REPRESENTATION_CONTEXT(2) 
PARAMETRIC_REPRESENTATION_CONTEXT() REPRESENTATION_CONTEXT('2D SPACE',''
  ) );
#6795 = ORIENTED_EDGE('',*,*,#6286,.T.);
#6796 = ADVANCED_FACE('',(#6797),#2187,.T.);
#6797 = FACE_BOUND('',#6798,.T.);
#6798 = EDGE_LOOP('',(#6799,#6800,#6801,#6824));
#6799 = ORIENTED_EDGE('',*,*,#2172,.F.);
#6800 = ORIENTED_EDGE('',*,*,#6752,.T.);
#6801 = ORIENTED_EDGE('',*,*,#6802,.T.);
#6802 = EDGE_CURVE('',#6753,#6803,#6805,.T.);
#6803 = VERTEX_POINT('',#6804);
#6804 = CARTESIAN_POINT('',(-48.4,-40.,27.));
#6805 = SURFACE_CURVE('',#6806,(#6810,#6817),.PCURVE_S1.);
#6806 = LINE('',#6807,#6808);
#6807 = CARTESIAN_POINT('',(-48.4,-42.4,27.));
#6808 = VECTOR('',#6809,1.);
#6809 = DIRECTION('',(-0.,1.,0.));
#6810 = PCURVE('',#2187,#6811);
#6811 = DEFINITIONAL_REPRESENTATION('',(#6812),#6816);
#6812 = LINE('',#6813,#6814);
#6813 = CARTESIAN_POINT('',(17.394826817189,-1.2));
#6814 = VECTOR('',#6815,1.);
#6815 = DIRECTION('',(0.,1.));
#6816 = ( GEOMETRIC_REPRESENTATION_CONTEXT(2) 
PARAMETRIC_REPRESENTATION_CONTEXT() REPRESENTATION_CONTEXT('2D SPACE',''
  ) );
#6817 = PCURVE('',#6274,#6818);
#6818 = DEFINITIONAL_REPRESENTATION('',(#6819),#6823);
#6819 = LINE('',#6820,#6821);
#6820 = CARTESIAN_POINT('',(0.,0.));
#6821 = VECTOR('',#6822,1.);
#6822 = DIRECTION('',(0.,-1.));
#6823 = ( GEOMETRIC_REPRESENTATION_CONTEXT(2) 
PARAMETRIC_REPRESENTATION_CONTEXT() REPRESENTATION_CONTEXT('2D SPACE',''
  ) );
#6824 = ORIENTED_EDGE('',*,*,#6825,.F.);
#6825 = EDGE_CURVE('',#2147,#6803,#6826,.T.);
#6826 = SURFACE_CURVE('',#6827,(#6831,#6838),.PCURVE_S1.);
#6827 = LINE('',#6828,#6829);
#6828 = CARTESIAN_POINT('',(-36.1,-40.,14.7));
#6829 = VECTOR('',#6830,1.);
#6830 = DIRECTION('',(-0.707106781187,0.,0.707106781187));
#6831 = PCURVE('',#2187,#6832);
#6832 = DEFINITIONAL_REPRESENTATION('',(#6833),#6837);
#6833 = LINE('',#6834,#6835);
#6834 = CARTESIAN_POINT('',(0.,1.2));
#6835 = VECTOR('',#6836,1.);
#6836 = DIRECTION('',(1.,0.));
#6837 = ( GEOMETRIC_REPRESENTATION_CONTEXT(2) 
PARAMETRIC_REPRESENTATION_CONTEXT() REPRESENTATION_CONTEXT('2D SPACE',''
  ) );
#6838 = PCURVE('',#2161,#6839);
#6839 = DEFINITIONAL_REPRESENTATION('',(#6840),#6844);
#6840 = LINE('',#6841,#6842);
#6841 = CARTESIAN_POINT('',(-4.348706704297,-7.951293295703));
#6842 = VECTOR('',#6843,1.);
#6843 = DIRECTION('',(0.707106781187,0.707106781187));
#6844 = ( GEOMETRIC_REPRESENTATION_CONTEXT(2) 
PARAMETRIC_REPRESENTATION_CONTEXT() REPRESENTATION_CONTEXT('2D SPACE',''
  ) );
#6845 = ADVANCED_FACE('',(#6846),#2161,.T.);
#6846 = FACE_BOUND('',#6847,.T.);
#6847 = EDGE_LOOP('',(#6848,#6849,#6850));
#6848 = ORIENTED_EDGE('',*,*,#2146,.F.);
#6849 = ORIENTED_EDGE('',*,*,#6825,.T.);
#6850 = ORIENTED_EDGE('',*,*,#6851,.T.);
#6851 = EDGE_CURVE('',#6803,#2121,#6852,.T.);
#6852 = SURFACE_CURVE('',#6853,(#6857,#6864),.PCURVE_S1.);
#6853 = LINE('',#6854,#6855);
#6854 = CARTESIAN_POINT('',(-48.4,-40.,27.));
#6855 = VECTOR('',#6856,1.);
#6856 = DIRECTION('',(1.,0.,0.));
#6857 = PCURVE('',#2161,#6858);
#6858 = DEFINITIONAL_REPRESENTATION('',(#6859),#6863);
#6859 = LINE('',#6860,#6861);
#6860 = CARTESIAN_POINT('',(7.951293295703,4.348706704297));
#6861 = VECTOR('',#6862,1.);
#6862 = DIRECTION('',(-1.,0.));
#6863 = ( GEOMETRIC_REPRESENTATION_CONTEXT(2) 
PARAMETRIC_REPRESENTATION_CONTEXT() REPRESENTATION_CONTEXT('2D SPACE',''
  ) );
#6864 = PCURVE('',#2135,#6865);
#6865 = DEFINITIONAL_REPRESENTATION('',(#6866),#6870);
#6866 = LINE('',#6867,#6868);
#6867 = CARTESIAN_POINT('',(0.,2.4));
#6868 = VECTOR('',#6869,1.);
#6869 = DIRECTION('',(1.,0.));
#6870 = ( GEOMETRIC_REPRESENTATION_CONTEXT(2) 
PARAMETRIC_REPRESENTATION_CONTEXT() REPRESENTATION_CONTEXT('2D SPACE',''
  ) );
#6871 = ADVANCED_FACE('',(#6872,#6920),#2135,.F.);
#6872 = FACE_BOUND('',#6873,.F.);
#6873 = EDGE_LOOP('',(#6874,#6897,#6918,#6919));
#6874 = ORIENTED_EDGE('',*,*,#6875,.F.);
#6875 = EDGE_CURVE('',#6876,#2095,#6878,.T.);
#6876 = VERTEX_POINT('',#6877);
#6877 = CARTESIAN_POINT('',(-48.4,-30.8,27.));
#6878 = SURFACE_CURVE('',#6879,(#6883,#6890),.PCURVE_S1.);
#6879 = LINE('',#6880,#6881);
#6880 = CARTESIAN_POINT('',(-48.4,-30.8,27.));
#6881 = VECTOR('',#6882,1.);
#6882 = DIRECTION('',(1.,0.,0.));
#6883 = PCURVE('',#2135,#6884);
#6884 = DEFINITIONAL_REPRESENTATION('',(#6885),#6889);
#6885 = LINE('',#6886,#6887);
#6886 = CARTESIAN_POINT('',(0.,11.6));
#6887 = VECTOR('',#6888,1.);
#6888 = DIRECTION('',(1.,0.));
#6889 = ( GEOMETRIC_REPRESENTATION_CONTEXT(2) 
PARAMETRIC_REPRESENTATION_CONTEXT() REPRESENTATION_CONTEXT('2D SPACE',''
  ) );
#6890 = PCURVE('',#2109,#6891);
#6891 = DEFINITIONAL_REPRESENTATION('',(#6892),#6896);
#6892 = LINE('',#6893,#6894);
#6893 = CARTESIAN_POINT('',(7.951293295703,4.348706704297));
#6894 = VECTOR('',#6895,1.);
#6895 = DIRECTION('',(-1.,0.));
#6896 = ( GEOMETRIC_REPRESENTATION_CONTEXT(2) 
PARAMETRIC_REPRESENTATION_CONTEXT() REPRESENTATION_CONTEXT('2D SPACE',''
  ) );
#6897 = ORIENTED_EDGE('',*,*,#6898,.F.);
#6898 = EDGE_CURVE('',#6803,#6876,#6899,.T.);
#6899 = SURFACE_CURVE('',#6900,(#6904,#6911),.PCURVE_S1.);
#6900 = LINE('',#6901,#6902);
#6901 = CARTESIAN_POINT('',(-48.4,-42.4,27.));
#6902 = VECTOR('',#6903,1.);
#6903 = DIRECTION('',(-0.,1.,0.));
#6904 = PCURVE('',#2135,#6905);
#6905 = DEFINITIONAL_REPRESENTATION('',(#6906),#6910);
#6906 = LINE('',#6907,#6908);
#6907 = CARTESIAN_POINT('',(0.,0.));
#6908 = VECTOR('',#6909,1.);
#6909 = DIRECTION('',(0.,1.));
#6910 = ( GEOMETRIC_REPRESENTATION_CONTEXT(2) 
PARAMETRIC_REPRESENTATION_CONTEXT() REPRESENTATION_CONTEXT('2D SPACE',''
  ) );
#6911 = PCURVE('',#6274,#6912);
#6912 = DEFINITIONAL_REPRESENTATION('',(#6913),#6917);
#6913 = LINE('',#6914,#6915);
#6914 = CARTESIAN_POINT('',(0.,0.));
#6915 = VECTOR('',#6916,1.);
#6916 = DIRECTION('',(0.,-1.));
#6917 = ( GEOMETRIC_REPRESENTATION_CONTEXT(2) 
PARAMETRIC_REPRESENTATION_CONTEXT() REPRESENTATION_CONTEXT('2D SPACE',''
  ) );
#6918 = ORIENTED_EDGE('',*,*,#6851,.T.);
#6919 = ORIENTED_EDGE('',*,*,#2120,.F.);
#6920 = FACE_BOUND('',#6921,.F.);
#6921 = EDGE_LOOP('',(#6922));
#6922 = ORIENTED_EDGE('',*,*,#6923,.F.);
#6923 = EDGE_CURVE('',#6924,#6924,#6926,.T.);
#6924 = VERTEX_POINT('',#6925);
#6925 = CARTESIAN_POINT('',(-40.7,-35.4,27.));
#6926 = SURFACE_CURVE('',#6927,(#6932,#6939),.PCURVE_S1.);
#6927 = CIRCLE('',#6928,1.7);
#6928 = AXIS2_PLACEMENT_3D('',#6929,#6930,#6931);
#6929 = CARTESIAN_POINT('',(-42.4,-35.4,27.));
#6930 = DIRECTION('',(0.,0.,1.));
#6931 = DIRECTION('',(1.,0.,-0.));
#6932 = PCURVE('',#2135,#6933);
#6933 = DEFINITIONAL_REPRESENTATION('',(#6934),#6938);
#6934 = CIRCLE('',#6935,1.7);
#6935 = AXIS2_PLACEMENT_2D('',#6936,#6937);
#6936 = CARTESIAN_POINT('',(6.,7.));
#6937 = DIRECTION('',(1.,0.));
#6938 = ( GEOMETRIC_REPRESENTATION_CONTEXT(2) 
PARAMETRIC_REPRESENTATION_CONTEXT() REPRESENTATION_CONTEXT('2D SPACE',''
  ) );
#6939 = PCURVE('',#6326,#6940);
#6940 = DEFINITIONAL_REPRESENTATION('',(#6941),#6945);
#6941 = LINE('',#6942,#6943);
#6942 = CARTESIAN_POINT('',(0.,0.5));
#6943 = VECTOR('',#6944,1.);
#6944 = DIRECTION('',(1.,0.));
#6945 = ( GEOMETRIC_REPRESENTATION_CONTEXT(2) 
PARAMETRIC_REPRESENTATION_CONTEXT() REPRESENTATION_CONTEXT('2D SPACE',''
  ) );
#6946 = ADVANCED_FACE('',(#6947),#2109,.F.);
#6947 = FACE_BOUND('',#6948,.F.);
#6948 = EDGE_LOOP('',(#6949,#6950,#6971));
#6949 = ORIENTED_EDGE('',*,*,#2094,.F.);
#6950 = ORIENTED_EDGE('',*,*,#6951,.T.);
#6951 = EDGE_CURVE('',#2069,#6876,#6952,.T.);
#6952 = SURFACE_CURVE('',#6953,(#6957,#6964),.PCURVE_S1.);
#6953 = LINE('',#6954,#6955);
#6954 = CARTESIAN_POINT('',(-36.1,-30.8,14.7));
#6955 = VECTOR('',#6956,1.);
#6956 = DIRECTION('',(-0.707106781187,0.,0.707106781187));
#6957 = PCURVE('',#2109,#6958);
#6958 = DEFINITIONAL_REPRESENTATION('',(#6959),#6963);
#6959 = LINE('',#6960,#6961);
#6960 = CARTESIAN_POINT('',(-4.348706704297,-7.951293295703));
#6961 = VECTOR('',#6962,1.);
#6962 = DIRECTION('',(0.707106781187,0.707106781187));
#6963 = ( GEOMETRIC_REPRESENTATION_CONTEXT(2) 
PARAMETRIC_REPRESENTATION_CONTEXT() REPRESENTATION_CONTEXT('2D SPACE',''
  ) );
#6964 = PCURVE('',#2083,#6965);
#6965 = DEFINITIONAL_REPRESENTATION('',(#6966),#6970);
#6966 = LINE('',#6967,#6968);
#6967 = CARTESIAN_POINT('',(0.,-1.2));
#6968 = VECTOR('',#6969,1.);
#6969 = DIRECTION('',(1.,0.));
#6970 = ( GEOMETRIC_REPRESENTATION_CONTEXT(2) 
PARAMETRIC_REPRESENTATION_CONTEXT() REPRESENTATION_CONTEXT('2D SPACE',''
  ) );
#6971 = ORIENTED_EDGE('',*,*,#6875,.T.);
#6972 = ADVANCED_FACE('',(#6973),#2083,.T.);
#6973 = FACE_BOUND('',#6974,.T.);
#6974 = EDGE_LOOP('',(#6975,#6976,#6977,#7000,#7023,#7044));
#6975 = ORIENTED_EDGE('',*,*,#2068,.F.);
#6976 = ORIENTED_EDGE('',*,*,#6951,.T.);
#6977 = ORIENTED_EDGE('',*,*,#6978,.T.);
#6978 = EDGE_CURVE('',#6876,#6979,#6981,.T.);
#6979 = VERTEX_POINT('',#6980);
#6980 = CARTESIAN_POINT('',(-48.4,-28.4,27.));
#6981 = SURFACE_CURVE('',#6982,(#6986,#6993),.PCURVE_S1.);
#6982 = LINE('',#6983,#6984);
#6983 = CARTESIAN_POINT('',(-48.4,-42.4,27.));
#6984 = VECTOR('',#6985,1.);
#6985 = DIRECTION('',(-0.,1.,0.));
#6986 = PCURVE('',#2083,#6987);
#6987 = DEFINITIONAL_REPRESENTATION('',(#6988),#6992);
#6988 = LINE('',#6989,#6990);
#6989 = CARTESIAN_POINT('',(17.394826817189,-12.8));
#6990 = VECTOR('',#6991,1.);
#6991 = DIRECTION('',(0.,1.));
#6992 = ( GEOMETRIC_REPRESENTATION_CONTEXT(2) 
PARAMETRIC_REPRESENTATION_CONTEXT() REPRESENTATION_CONTEXT('2D SPACE',''
  ) );
#6993 = PCURVE('',#6274,#6994);
#6994 = DEFINITIONAL_REPRESENTATION('',(#6995),#6999);
#6995 = LINE('',#6996,#6997);
#6996 = CARTESIAN_POINT('',(0.,0.));
#6997 = VECTOR('',#6998,1.);
#6998 = DIRECTION('',(0.,-1.));
#6999 = ( GEOMETRIC_REPRESENTATION_CONTEXT(2) 
PARAMETRIC_REPRESENTATION_CONTEXT() REPRESENTATION_CONTEXT('2D SPACE',''
  ) );
#7000 = ORIENTED_EDGE('',*,*,#7001,.F.);
#7001 = EDGE_CURVE('',#7002,#6979,#7004,.T.);
#7002 = VERTEX_POINT('',#7003);
#7003 = CARTESIAN_POINT('',(-36.9,-28.4,15.5));
#7004 = SURFACE_CURVE('',#7005,(#7009,#7016),.PCURVE_S1.);
#7005 = LINE('',#7006,#7007);
#7006 = CARTESIAN_POINT('',(-36.1,-28.4,14.7));
#7007 = VECTOR('',#7008,1.);
#7008 = DIRECTION('',(-0.707106781187,0.,0.707106781187));
#7009 = PCURVE('',#2083,#7010);
#7010 = DEFINITIONAL_REPRESENTATION('',(#7011),#7015);
#7011 = LINE('',#7012,#7013);
#7012 = CARTESIAN_POINT('',(0.,1.2));
#7013 = VECTOR('',#7014,1.);
#7014 = DIRECTION('',(1.,0.));
#7015 = ( GEOMETRIC_REPRESENTATION_CONTEXT(2) 
PARAMETRIC_REPRESENTATION_CONTEXT() REPRESENTATION_CONTEXT('2D SPACE',''
  ) );
#7016 = PCURVE('',#6246,#7017);
#7017 = DEFINITIONAL_REPRESENTATION('',(#7018),#7022);
#7018 = LINE('',#7019,#7020);
#7019 = CARTESIAN_POINT('',(-4.348706704297,-7.951293295703));
#7020 = VECTOR('',#7021,1.);
#7021 = DIRECTION('',(0.707106781187,0.707106781187));
#7022 = ( GEOMETRIC_REPRESENTATION_CONTEXT(2) 
PARAMETRIC_REPRESENTATION_CONTEXT() REPRESENTATION_CONTEXT('2D SPACE',''
  ) );
#7023 = ORIENTED_EDGE('',*,*,#7024,.T.);
#7024 = EDGE_CURVE('',#7002,#7025,#7027,.T.);
#7025 = VERTEX_POINT('',#7026);
#7026 = CARTESIAN_POINT('',(-36.9,-30.,15.5));
#7027 = SURFACE_CURVE('',#7028,(#7032,#7038),.PCURVE_S1.);
#7028 = LINE('',#7029,#7030);
#7029 = CARTESIAN_POINT('',(-36.9,-29.8,15.5));
#7030 = VECTOR('',#7031,1.);
#7031 = DIRECTION('',(0.,-1.,-0.));
#7032 = PCURVE('',#2083,#7033);
#7033 = DEFINITIONAL_REPRESENTATION('',(#7034),#7037);
#7034 = B_SPLINE_CURVE_WITH_KNOTS('',1,(#7035,#7036),.UNSPECIFIED.,.F.,
  .F.,(2,2),(-1.4,0.2),.PIECEWISE_BEZIER_KNOTS.);
#7035 = CARTESIAN_POINT('',(1.131370849898,1.2));
#7036 = CARTESIAN_POINT('',(1.131370849898,-0.4));
#7037 = ( GEOMETRIC_REPRESENTATION_CONTEXT(2) 
PARAMETRIC_REPRESENTATION_CONTEXT() REPRESENTATION_CONTEXT('2D SPACE',''
  ) );
#7038 = PCURVE('',#6219,#7039);
#7039 = DEFINITIONAL_REPRESENTATION('',(#7040),#7043);
#7040 = B_SPLINE_CURVE_WITH_KNOTS('',1,(#7041,#7042),.UNSPECIFIED.,.F.,
  .F.,(2,2),(-1.4,0.2),.PIECEWISE_BEZIER_KNOTS.);
#7041 = CARTESIAN_POINT('',(6.5,-1.6));
#7042 = CARTESIAN_POINT('',(6.5,0.));
#7043 = ( GEOMETRIC_REPRESENTATION_CONTEXT(2) 
PARAMETRIC_REPRESENTATION_CONTEXT() REPRESENTATION_CONTEXT('2D SPACE',''
  ) );
#7044 = ORIENTED_EDGE('',*,*,#7045,.T.);
#7045 = EDGE_CURVE('',#7025,#2043,#7046,.T.);
#7046 = SURFACE_CURVE('',#7047,(#7051,#7057),.PCURVE_S1.);
#7047 = LINE('',#7048,#7049);
#7048 = CARTESIAN_POINT('',(-34.875,-30.,13.475));
#7049 = VECTOR('',#7050,1.);
#7050 = DIRECTION('',(0.707106781187,0.,-0.707106781187));
#7051 = PCURVE('',#2083,#7052);
#7052 = DEFINITIONAL_REPRESENTATION('',(#7053),#7056);
#7053 = B_SPLINE_CURVE_WITH_KNOTS('',1,(#7054,#7055),.UNSPECIFIED.,.F.,
  .F.,(2,2),(-2.863782463806,-2.156675682619),.PIECEWISE_BEZIER_KNOTS.);
#7054 = CARTESIAN_POINT('',(1.131370849898,-0.4));
#7055 = CARTESIAN_POINT('',(0.424264068712,-0.4));
#7056 = ( GEOMETRIC_REPRESENTATION_CONTEXT(2) 
PARAMETRIC_REPRESENTATION_CONTEXT() REPRESENTATION_CONTEXT('2D SPACE',''
  ) );
#7057 = PCURVE('',#2057,#7058);
#7058 = DEFINITIONAL_REPRESENTATION('',(#7059),#7062);
#7059 = B_SPLINE_CURVE_WITH_KNOTS('',1,(#7060,#7061),.UNSPECIFIED.,.F.,
  .F.,(2,2),(-2.863782463806,-2.156675682619),.PIECEWISE_BEZIER_KNOTS.);
#7060 = CARTESIAN_POINT('',(6.5,-4.440892098501E-16));
#7061 = CARTESIAN_POINT('',(6.,0.5));
#7062 = ( GEOMETRIC_REPRESENTATION_CONTEXT(2) 
PARAMETRIC_REPRESENTATION_CONTEXT() REPRESENTATION_CONTEXT('2D SPACE',''
  ) );
#7063 = ADVANCED_FACE('',(#7064),#2057,.T.);
#7064 = FACE_BOUND('',#7065,.T.);
#7065 = EDGE_LOOP('',(#7066,#7067,#7068,#7069,#7090,#7091));
#7066 = ORIENTED_EDGE('',*,*,#2579,.F.);
#7067 = ORIENTED_EDGE('',*,*,#2042,.T.);
#7068 = ORIENTED_EDGE('',*,*,#7045,.F.);
#7069 = ORIENTED_EDGE('',*,*,#7070,.T.);
#7070 = EDGE_CURVE('',#7025,#6184,#7071,.T.);
#7071 = SURFACE_CURVE('',#7072,(#7076,#7083),.PCURVE_S1.);
#7072 = LINE('',#7073,#7074);
#7073 = CARTESIAN_POINT('',(-36.9,-30.,9.));
#7074 = VECTOR('',#7075,1.);
#7075 = DIRECTION('',(0.,0.,1.));
#7076 = PCURVE('',#2057,#7077);
#7077 = DEFINITIONAL_REPRESENTATION('',(#7078),#7082);
#7078 = LINE('',#7079,#7080);
#7079 = CARTESIAN_POINT('',(0.,0.));
#7080 = VECTOR('',#7081,1.);
#7081 = DIRECTION('',(1.,0.));
#7082 = ( GEOMETRIC_REPRESENTATION_CONTEXT(2) 
PARAMETRIC_REPRESENTATION_CONTEXT() REPRESENTATION_CONTEXT('2D SPACE',''
  ) );
#7083 = PCURVE('',#6219,#7084);
#7084 = DEFINITIONAL_REPRESENTATION('',(#7085),#7089);
#7085 = LINE('',#7086,#7087);
#7086 = CARTESIAN_POINT('',(0.,0.));
#7087 = VECTOR('',#7088,1.);
#7088 = DIRECTION('',(1.,0.));
#7089 = ( GEOMETRIC_REPRESENTATION_CONTEXT(2) 
PARAMETRIC_REPRESENTATION_CONTEXT() REPRESENTATION_CONTEXT('2D SPACE',''
  ) );
#7090 = ORIENTED_EDGE('',*,*,#6183,.F.);
#7091 = ORIENTED_EDGE('',*,*,#7092,.F.);
#7092 = EDGE_CURVE('',#2580,#6162,#7093,.T.);
#7093 = SURFACE_CURVE('',#7094,(#7098,#7104),.PCURVE_S1.);
#7094 = LINE('',#7095,#7096);
#7095 = CARTESIAN_POINT('',(-34.,-30.,5.7));
#7096 = VECTOR('',#7097,1.);
#7097 = DIRECTION('',(0.,0.,1.));
#7098 = PCURVE('',#2057,#7099);
#7099 = DEFINITIONAL_REPRESENTATION('',(#7100),#7103);
#7100 = B_SPLINE_CURVE_WITH_KNOTS('',1,(#7101,#7102),.UNSPECIFIED.,.F.,
  .F.,(2,2),(3.3,26.3),.PIECEWISE_BEZIER_KNOTS.);
#7101 = CARTESIAN_POINT('',(0.,2.9));
#7102 = CARTESIAN_POINT('',(23.,2.9));
#7103 = ( GEOMETRIC_REPRESENTATION_CONTEXT(2) 
PARAMETRIC_REPRESENTATION_CONTEXT() REPRESENTATION_CONTEXT('2D SPACE',''
  ) );
#7104 = PCURVE('',#2617,#7105);
#7105 = DEFINITIONAL_REPRESENTATION('',(#7106),#7109);
#7106 = B_SPLINE_CURVE_WITH_KNOTS('',1,(#7107,#7108),.UNSPECIFIED.,.F.,
  .F.,(2,2),(3.3,26.3),.PIECEWISE_BEZIER_KNOTS.);
#7107 = CARTESIAN_POINT('',(6.6,-14.));
#7108 = CARTESIAN_POINT('',(29.6,-14.));
#7109 = ( GEOMETRIC_REPRESENTATION_CONTEXT(2) 
PARAMETRIC_REPRESENTATION_CONTEXT() REPRESENTATION_CONTEXT('2D SPACE',''
  ) );
#7110 = ADVANCED_FACE('',(#7111),#2273,.F.);
#7111 = FACE_BOUND('',#7112,.F.);
#7112 = EDGE_LOOP('',(#7113,#7114,#7135,#7161,#7189,#7215));
#7113 = ORIENTED_EDGE('',*,*,#2255,.F.);
#7114 = ORIENTED_EDGE('',*,*,#7115,.T.);
#7115 = EDGE_CURVE('',#2256,#7116,#7118,.T.);
#7116 = VERTEX_POINT('',#7117);
#7117 = CARTESIAN_POINT('',(-36.4,30.,15.));
#7118 = SURFACE_CURVE('',#7119,(#7123,#7129),.PCURVE_S1.);
#7119 = LINE('',#7120,#7121);
#7120 = CARTESIAN_POINT('',(-36.4,30.,4.5));
#7121 = VECTOR('',#7122,1.);
#7122 = DIRECTION('',(0.,0.,1.));
#7123 = PCURVE('',#2273,#7124);
#7124 = DEFINITIONAL_REPRESENTATION('',(#7125),#7128);
#7125 = B_SPLINE_CURVE_WITH_KNOTS('',1,(#7126,#7127),.UNSPECIFIED.,.F.,
  .F.,(2,2),(4.5,27.5),.PIECEWISE_BEZIER_KNOTS.);
#7126 = CARTESIAN_POINT('',(0.,0.5));
#7127 = CARTESIAN_POINT('',(23.,0.5));
#7128 = ( GEOMETRIC_REPRESENTATION_CONTEXT(2) 
PARAMETRIC_REPRESENTATION_CONTEXT() REPRESENTATION_CONTEXT('2D SPACE',''
  ) );
#7129 = PCURVE('',#2300,#7130);
#7130 = DEFINITIONAL_REPRESENTATION('',(#7131),#7134);
#7131 = B_SPLINE_CURVE_WITH_KNOTS('',1,(#7132,#7133),.UNSPECIFIED.,.F.,
  .F.,(2,2),(4.5,27.5),.PIECEWISE_BEZIER_KNOTS.);
#7132 = CARTESIAN_POINT('',(9.,-76.4));
#7133 = CARTESIAN_POINT('',(32.,-76.4));
#7134 = ( GEOMETRIC_REPRESENTATION_CONTEXT(2) 
PARAMETRIC_REPRESENTATION_CONTEXT() REPRESENTATION_CONTEXT('2D SPACE',''
  ) );
#7135 = ORIENTED_EDGE('',*,*,#7136,.F.);
#7136 = EDGE_CURVE('',#7137,#7116,#7139,.T.);
#7137 = VERTEX_POINT('',#7138);
#7138 = CARTESIAN_POINT('',(-36.9,30.,15.5));
#7139 = SURFACE_CURVE('',#7140,(#7144,#7150),.PCURVE_S1.);
#7140 = LINE('',#7141,#7142);
#7141 = CARTESIAN_POINT('',(-34.875,30.,13.475));
#7142 = VECTOR('',#7143,1.);
#7143 = DIRECTION('',(0.707106781187,0.,-0.707106781187));
#7144 = PCURVE('',#2273,#7145);
#7145 = DEFINITIONAL_REPRESENTATION('',(#7146),#7149);
#7146 = B_SPLINE_CURVE_WITH_KNOTS('',1,(#7147,#7148),.UNSPECIFIED.,.F.,
  .F.,(2,2),(-2.863782463806,-2.156675682619),.PIECEWISE_BEZIER_KNOTS.);
#7147 = CARTESIAN_POINT('',(6.5,-4.440892098501E-16));
#7148 = CARTESIAN_POINT('',(6.,0.5));
#7149 = ( GEOMETRIC_REPRESENTATION_CONTEXT(2) 
PARAMETRIC_REPRESENTATION_CONTEXT() REPRESENTATION_CONTEXT('2D SPACE',''
  ) );
#7150 = PCURVE('',#7151,#7156);
#7151 = PLANE('',#7152);
#7152 = AXIS2_PLACEMENT_3D('',#7153,#7154,#7155);
#7153 = CARTESIAN_POINT('',(-36.1,29.6,14.7));
#7154 = DIRECTION('',(-0.707106781187,0.,-0.707106781187));
#7155 = DIRECTION('',(-0.707106781187,0.,0.707106781187));
#7156 = DEFINITIONAL_REPRESENTATION('',(#7157),#7160);
#7157 = B_SPLINE_CURVE_WITH_KNOTS('',1,(#7158,#7159),.UNSPECIFIED.,.F.,
  .F.,(2,2),(-2.863782463806,-2.156675682619),.PIECEWISE_BEZIER_KNOTS.);
#7158 = CARTESIAN_POINT('',(1.131370849898,0.4));
#7159 = CARTESIAN_POINT('',(0.424264068712,0.4));
#7160 = ( GEOMETRIC_REPRESENTATION_CONTEXT(2) 
PARAMETRIC_REPRESENTATION_CONTEXT() REPRESENTATION_CONTEXT('2D SPACE',''
  ) );
#7161 = ORIENTED_EDGE('',*,*,#7162,.T.);
#7162 = EDGE_CURVE('',#7137,#7163,#7165,.T.);
#7163 = VERTEX_POINT('',#7164);
#7164 = CARTESIAN_POINT('',(-36.9,30.,32.));
#7165 = SURFACE_CURVE('',#7166,(#7170,#7177),.PCURVE_S1.);
#7166 = LINE('',#7167,#7168);
#7167 = CARTESIAN_POINT('',(-36.9,30.,9.));
#7168 = VECTOR('',#7169,1.);
#7169 = DIRECTION('',(0.,0.,1.));
#7170 = PCURVE('',#2273,#7171);
#7171 = DEFINITIONAL_REPRESENTATION('',(#7172),#7176);
#7172 = LINE('',#7173,#7174);
#7173 = CARTESIAN_POINT('',(0.,0.));
#7174 = VECTOR('',#7175,1.);
#7175 = DIRECTION('',(1.,0.));
#7176 = ( GEOMETRIC_REPRESENTATION_CONTEXT(2) 
PARAMETRIC_REPRESENTATION_CONTEXT() REPRESENTATION_CONTEXT('2D SPACE',''
  ) );
#7177 = PCURVE('',#7178,#7183);
#7178 = PLANE('',#7179);
#7179 = AXIS2_PLACEMENT_3D('',#7180,#7181,#7182);
#7180 = CARTESIAN_POINT('',(-36.9,-30.,9.));
#7181 = DIRECTION('',(1.,0.,-0.));
#7182 = DIRECTION('',(0.,0.,1.));
#7183 = DEFINITIONAL_REPRESENTATION('',(#7184),#7188);
#7184 = LINE('',#7185,#7186);
#7185 = CARTESIAN_POINT('',(0.,-60.));
#7186 = VECTOR('',#7187,1.);
#7187 = DIRECTION('',(1.,0.));
#7188 = ( GEOMETRIC_REPRESENTATION_CONTEXT(2) 
PARAMETRIC_REPRESENTATION_CONTEXT() REPRESENTATION_CONTEXT('2D SPACE',''
  ) );
#7189 = ORIENTED_EDGE('',*,*,#7190,.F.);
#7190 = EDGE_CURVE('',#7191,#7163,#7193,.T.);
#7191 = VERTEX_POINT('',#7192);
#7192 = CARTESIAN_POINT('',(-34.,30.,32.));
#7193 = SURFACE_CURVE('',#7194,(#7198,#7204),.PCURVE_S1.);
#7194 = LINE('',#7195,#7196);
#7195 = CARTESIAN_POINT('',(-36.65,30.,32.));
#7196 = VECTOR('',#7197,1.);
#7197 = DIRECTION('',(-1.,-0.,0.));
#7198 = PCURVE('',#2273,#7199);
#7199 = DEFINITIONAL_REPRESENTATION('',(#7200),#7203);
#7200 = B_SPLINE_CURVE_WITH_KNOTS('',1,(#7201,#7202),.UNSPECIFIED.,.F.,
  .F.,(2,2),(-3.15,0.25),.PIECEWISE_BEZIER_KNOTS.);
#7201 = CARTESIAN_POINT('',(23.,3.4));
#7202 = CARTESIAN_POINT('',(23.,0.));
#7203 = ( GEOMETRIC_REPRESENTATION_CONTEXT(2) 
PARAMETRIC_REPRESENTATION_CONTEXT() REPRESENTATION_CONTEXT('2D SPACE',''
  ) );
#7204 = PCURVE('',#7205,#7210);
#7205 = PLANE('',#7206);
#7206 = AXIS2_PLACEMENT_3D('',#7207,#7208,#7209);
#7207 = CARTESIAN_POINT('',(-36.4,-46.4,32.));
#7208 = DIRECTION('',(0.,0.,1.));
#7209 = DIRECTION('',(1.,0.,-0.));
#7210 = DEFINITIONAL_REPRESENTATION('',(#7211),#7214);
#7211 = B_SPLINE_CURVE_WITH_KNOTS('',1,(#7212,#7213),.UNSPECIFIED.,.F.,
  .F.,(2,2),(-3.15,0.25),.PIECEWISE_BEZIER_KNOTS.);
#7212 = CARTESIAN_POINT('',(2.9,76.4));
#7213 = CARTESIAN_POINT('',(-0.5,76.4));
#7214 = ( GEOMETRIC_REPRESENTATION_CONTEXT(2) 
PARAMETRIC_REPRESENTATION_CONTEXT() REPRESENTATION_CONTEXT('2D SPACE',''
  ) );
#7215 = ORIENTED_EDGE('',*,*,#7216,.F.);
#7216 = EDGE_CURVE('',#2258,#7191,#7217,.T.);
#7217 = SURFACE_CURVE('',#7218,(#7222,#7228),.PCURVE_S1.);
#7218 = LINE('',#7219,#7220);
#7219 = CARTESIAN_POINT('',(-34.,30.,5.7));
#7220 = VECTOR('',#7221,1.);
#7221 = DIRECTION('',(0.,0.,1.));
#7222 = PCURVE('',#2273,#7223);
#7223 = DEFINITIONAL_REPRESENTATION('',(#7224),#7227);
#7224 = B_SPLINE_CURVE_WITH_KNOTS('',1,(#7225,#7226),.UNSPECIFIED.,.F.,
  .F.,(2,2),(3.3,26.3),.PIECEWISE_BEZIER_KNOTS.);
#7225 = CARTESIAN_POINT('',(0.,2.9));
#7226 = CARTESIAN_POINT('',(23.,2.9));
#7227 = ( GEOMETRIC_REPRESENTATION_CONTEXT(2) 
PARAMETRIC_REPRESENTATION_CONTEXT() REPRESENTATION_CONTEXT('2D SPACE',''
  ) );
#7228 = PCURVE('',#2941,#7229);
#7229 = DEFINITIONAL_REPRESENTATION('',(#7230),#7233);
#7230 = B_SPLINE_CURVE_WITH_KNOTS('',1,(#7231,#7232),.UNSPECIFIED.,.F.,
  .F.,(2,2),(3.3,26.3),.PIECEWISE_BEZIER_KNOTS.);
#7231 = CARTESIAN_POINT('',(6.6,-74.));
#7232 = CARTESIAN_POINT('',(29.6,-74.));
#7233 = ( GEOMETRIC_REPRESENTATION_CONTEXT(2) 
PARAMETRIC_REPRESENTATION_CONTEXT() REPRESENTATION_CONTEXT('2D SPACE',''
  ) );
#7234 = ADVANCED_FACE('',(#7235),#2941,.T.);
#7235 = FACE_BOUND('',#7236,.T.);
#7236 = EDGE_LOOP('',(#7237,#7259,#7260,#7261,#7284,#7307));
#7237 = ORIENTED_EDGE('',*,*,#7238,.F.);
#7238 = EDGE_CURVE('',#7191,#7239,#7241,.T.);
#7239 = VERTEX_POINT('',#7240);
#7240 = CARTESIAN_POINT('',(-34.,38.166969722018,32.));
#7241 = SURFACE_CURVE('',#7242,(#7246,#7252),.PCURVE_S1.);
#7242 = LINE('',#7243,#7244);
#7243 = CARTESIAN_POINT('',(-34.,-45.2,32.));
#7244 = VECTOR('',#7245,1.);
#7245 = DIRECTION('',(-0.,1.,0.));
#7246 = PCURVE('',#2941,#7247);
#7247 = DEFINITIONAL_REPRESENTATION('',(#7248),#7251);
#7248 = B_SPLINE_CURVE_WITH_KNOTS('',1,(#7249,#7250),.UNSPECIFIED.,.F.,
  .F.,(2,2),(1.2,89.2),.PIECEWISE_BEZIER_KNOTS.);
#7249 = CARTESIAN_POINT('',(29.6,0.));
#7250 = CARTESIAN_POINT('',(29.6,-88.));
#7251 = ( GEOMETRIC_REPRESENTATION_CONTEXT(2) 
PARAMETRIC_REPRESENTATION_CONTEXT() REPRESENTATION_CONTEXT('2D SPACE',''
  ) );
#7252 = PCURVE('',#7205,#7253);
#7253 = DEFINITIONAL_REPRESENTATION('',(#7254),#7258);
#7254 = LINE('',#7255,#7256);
#7255 = CARTESIAN_POINT('',(2.4,1.2));
#7256 = VECTOR('',#7257,1.);
#7257 = DIRECTION('',(0.,1.));
#7258 = ( GEOMETRIC_REPRESENTATION_CONTEXT(2) 
PARAMETRIC_REPRESENTATION_CONTEXT() REPRESENTATION_CONTEXT('2D SPACE',''
  ) );
#7259 = ORIENTED_EDGE('',*,*,#7216,.F.);
#7260 = ORIENTED_EDGE('',*,*,#2928,.T.);
#7261 = ORIENTED_EDGE('',*,*,#7262,.T.);
#7262 = EDGE_CURVE('',#2903,#7263,#7265,.T.);
#7263 = VERTEX_POINT('',#7264);
#7264 = CARTESIAN_POINT('',(-34.,21.,2.4));
#7265 = SURFACE_CURVE('',#7266,(#7270,#7277),.PCURVE_S1.);
#7266 = LINE('',#7267,#7268);
#7267 = CARTESIAN_POINT('',(-34.,21.,10.2));
#7268 = VECTOR('',#7269,1.);
#7269 = DIRECTION('',(0.,0.,-1.));
#7270 = PCURVE('',#2941,#7271);
#7271 = DEFINITIONAL_REPRESENTATION('',(#7272),#7276);
#7272 = LINE('',#7273,#7274);
#7273 = CARTESIAN_POINT('',(7.8,-65.));
#7274 = VECTOR('',#7275,1.);
#7275 = DIRECTION('',(-1.,0.));
#7276 = ( GEOMETRIC_REPRESENTATION_CONTEXT(2) 
PARAMETRIC_REPRESENTATION_CONTEXT() REPRESENTATION_CONTEXT('2D SPACE',''
  ) );
#7277 = PCURVE('',#2917,#7278);
#7278 = DEFINITIONAL_REPRESENTATION('',(#7279),#7283);
#7279 = LINE('',#7280,#7281);
#7280 = CARTESIAN_POINT('',(7.8,0.));
#7281 = VECTOR('',#7282,1.);
#7282 = DIRECTION('',(-1.,0.));
#7283 = ( GEOMETRIC_REPRESENTATION_CONTEXT(2) 
PARAMETRIC_REPRESENTATION_CONTEXT() REPRESENTATION_CONTEXT('2D SPACE',''
  ) );
#7284 = ORIENTED_EDGE('',*,*,#7285,.T.);
#7285 = EDGE_CURVE('',#7263,#7286,#7288,.T.);
#7286 = VERTEX_POINT('',#7287);
#7287 = CARTESIAN_POINT('',(-34.,38.166969722018,2.4));
#7288 = SURFACE_CURVE('',#7289,(#7293,#7300),.PCURVE_S1.);
#7289 = LINE('',#7290,#7291);
#7290 = CARTESIAN_POINT('',(-34.,-44.,2.4));
#7291 = VECTOR('',#7292,1.);
#7292 = DIRECTION('',(-0.,1.,0.));
#7293 = PCURVE('',#2941,#7294);
#7294 = DEFINITIONAL_REPRESENTATION('',(#7295),#7299);
#7295 = LINE('',#7296,#7297);
#7296 = CARTESIAN_POINT('',(0.,0.));
#7297 = VECTOR('',#7298,1.);
#7298 = DIRECTION('',(0.,-1.));
#7299 = ( GEOMETRIC_REPRESENTATION_CONTEXT(2) 
PARAMETRIC_REPRESENTATION_CONTEXT() REPRESENTATION_CONTEXT('2D SPACE',''
  ) );
#7300 = PCURVE('',#4805,#7301);
#7301 = DEFINITIONAL_REPRESENTATION('',(#7302),#7306);
#7302 = LINE('',#7303,#7304);
#7303 = CARTESIAN_POINT('',(0.,0.));
#7304 = VECTOR('',#7305,1.);
#7305 = DIRECTION('',(0.,1.));
#7306 = ( GEOMETRIC_REPRESENTATION_CONTEXT(2) 
PARAMETRIC_REPRESENTATION_CONTEXT() REPRESENTATION_CONTEXT('2D SPACE',''
  ) );
#7307 = ORIENTED_EDGE('',*,*,#7308,.T.);
#7308 = EDGE_CURVE('',#7286,#7239,#7309,.T.);
#7309 = SURFACE_CURVE('',#7310,(#7314,#7320),.PCURVE_S1.);
#7310 = LINE('',#7311,#7312);
#7311 = CARTESIAN_POINT('',(-34.,38.166969722018,2.4));
#7312 = VECTOR('',#7313,1.);
#7313 = DIRECTION('',(0.,0.,1.));
#7314 = PCURVE('',#2941,#7315);
#7315 = DEFINITIONAL_REPRESENTATION('',(#7316),#7319);
#7316 = B_SPLINE_CURVE_WITH_KNOTS('',1,(#7317,#7318),.UNSPECIFIED.,.F.,
  .F.,(2,2),(-2.400000000069E-06,29.6000024),.PIECEWISE_BEZIER_KNOTS.);
#7317 = CARTESIAN_POINT('',(-2.400000000069E-06,-82.16696972201));
#7318 = CARTESIAN_POINT('',(29.6000024,-82.16696972201));
#7319 = ( GEOMETRIC_REPRESENTATION_CONTEXT(2) 
PARAMETRIC_REPRESENTATION_CONTEXT() REPRESENTATION_CONTEXT('2D SPACE',''
  ) );
#7320 = PCURVE('',#7321,#7326);
#7321 = CYLINDRICAL_SURFACE('',#7322,4.4);
#7322 = AXIS2_PLACEMENT_3D('',#7323,#7324,#7325);
#7323 = CARTESIAN_POINT('',(-30.,40.,2.4));
#7324 = DIRECTION('',(0.,0.,1.));
#7325 = DIRECTION('',(1.,0.,-0.));
#7326 = DEFINITIONAL_REPRESENTATION('',(#7327),#7330);
#7327 = B_SPLINE_CURVE_WITH_KNOTS('',1,(#7328,#7329),.UNSPECIFIED.,.F.,
  .F.,(2,2),(0.,29.6),.PIECEWISE_BEZIER_KNOTS.);
#7328 = CARTESIAN_POINT('',(3.571292319741,0.));
#7329 = CARTESIAN_POINT('',(3.571292319741,29.6));
#7330 = ( GEOMETRIC_REPRESENTATION_CONTEXT(2) 
PARAMETRIC_REPRESENTATION_CONTEXT() REPRESENTATION_CONTEXT('2D SPACE',''
  ) );
#7331 = ADVANCED_FACE('',(#7332),#2917,.T.);
#7332 = FACE_BOUND('',#7333,.T.);
#7333 = EDGE_LOOP('',(#7334,#7357,#7358,#7359,#7380,#7408));
#7334 = ORIENTED_EDGE('',*,*,#7335,.F.);
#7335 = EDGE_CURVE('',#7263,#7336,#7338,.T.);
#7336 = VERTEX_POINT('',#7337);
#7337 = CARTESIAN_POINT('',(-32.73303027798,21.,2.4));
#7338 = SURFACE_CURVE('',#7339,(#7343,#7350),.PCURVE_S1.);
#7339 = LINE('',#7340,#7341);
#7340 = CARTESIAN_POINT('',(-34.,21.,2.4));
#7341 = VECTOR('',#7342,1.);
#7342 = DIRECTION('',(1.,0.,0.));
#7343 = PCURVE('',#2917,#7344);
#7344 = DEFINITIONAL_REPRESENTATION('',(#7345),#7349);
#7345 = LINE('',#7346,#7347);
#7346 = CARTESIAN_POINT('',(0.,0.));
#7347 = VECTOR('',#7348,1.);
#7348 = DIRECTION('',(0.,1.));
#7349 = ( GEOMETRIC_REPRESENTATION_CONTEXT(2) 
PARAMETRIC_REPRESENTATION_CONTEXT() REPRESENTATION_CONTEXT('2D SPACE',''
  ) );
#7350 = PCURVE('',#4805,#7351);
#7351 = DEFINITIONAL_REPRESENTATION('',(#7352),#7356);
#7352 = LINE('',#7353,#7354);
#7353 = CARTESIAN_POINT('',(0.,65.));
#7354 = VECTOR('',#7355,1.);
#7355 = DIRECTION('',(1.,0.));
#7356 = ( GEOMETRIC_REPRESENTATION_CONTEXT(2) 
PARAMETRIC_REPRESENTATION_CONTEXT() REPRESENTATION_CONTEXT('2D SPACE',''
  ) );
#7357 = ORIENTED_EDGE('',*,*,#7262,.F.);
#7358 = ORIENTED_EDGE('',*,*,#2902,.T.);
#7359 = ORIENTED_EDGE('',*,*,#7360,.F.);
#7360 = EDGE_CURVE('',#7361,#2875,#7363,.T.);
#7361 = VERTEX_POINT('',#7362);
#7362 = CARTESIAN_POINT('',(-33.5,21.,10.2));
#7363 = SURFACE_CURVE('',#7364,(#7368,#7374),.PCURVE_S1.);
#7364 = LINE('',#7365,#7366);
#7365 = CARTESIAN_POINT('',(-33.5,21.,5.7));
#7366 = VECTOR('',#7367,1.);
#7367 = DIRECTION('',(-0.,0.,-1.));
#7368 = PCURVE('',#2917,#7369);
#7369 = DEFINITIONAL_REPRESENTATION('',(#7370),#7373);
#7370 = B_SPLINE_CURVE_WITH_KNOTS('',1,(#7371,#7372),.UNSPECIFIED.,.F.,
  .F.,(2,2),(-4.5,-3.3),.PIECEWISE_BEZIER_KNOTS.);
#7371 = CARTESIAN_POINT('',(7.8,0.5));
#7372 = CARTESIAN_POINT('',(6.6,0.5));
#7373 = ( GEOMETRIC_REPRESENTATION_CONTEXT(2) 
PARAMETRIC_REPRESENTATION_CONTEXT() REPRESENTATION_CONTEXT('2D SPACE',''
  ) );
#7374 = PCURVE('',#2890,#7375);
#7375 = DEFINITIONAL_REPRESENTATION('',(#7376),#7379);
#7376 = B_SPLINE_CURVE_WITH_KNOTS('',1,(#7377,#7378),.UNSPECIFIED.,.F.,
  .F.,(2,2),(-4.5,-3.3),.PIECEWISE_BEZIER_KNOTS.);
#7377 = CARTESIAN_POINT('',(1.2,-51.));
#7378 = CARTESIAN_POINT('',(0.,-51.));
#7379 = ( GEOMETRIC_REPRESENTATION_CONTEXT(2) 
PARAMETRIC_REPRESENTATION_CONTEXT() REPRESENTATION_CONTEXT('2D SPACE',''
  ) );
#7380 = ORIENTED_EDGE('',*,*,#7381,.T.);
#7381 = EDGE_CURVE('',#7361,#7382,#7384,.T.);
#7382 = VERTEX_POINT('',#7383);
#7383 = CARTESIAN_POINT('',(-32.73303027798,21.,10.2));
#7384 = SURFACE_CURVE('',#7385,(#7389,#7396),.PCURVE_S1.);
#7385 = LINE('',#7386,#7387);
#7386 = CARTESIAN_POINT('',(-34.,21.,10.2));
#7387 = VECTOR('',#7388,1.);
#7388 = DIRECTION('',(1.,0.,-0.));
#7389 = PCURVE('',#2917,#7390);
#7390 = DEFINITIONAL_REPRESENTATION('',(#7391),#7395);
#7391 = LINE('',#7392,#7393);
#7392 = CARTESIAN_POINT('',(7.8,0.));
#7393 = VECTOR('',#7394,1.);
#7394 = DIRECTION('',(0.,1.));
#7395 = ( GEOMETRIC_REPRESENTATION_CONTEXT(2) 
PARAMETRIC_REPRESENTATION_CONTEXT() REPRESENTATION_CONTEXT('2D SPACE',''
  ) );
#7396 = PCURVE('',#7397,#7402);
#7397 = PLANE('',#7398);
#7398 = AXIS2_PLACEMENT_3D('',#7399,#7400,#7401);
#7399 = CARTESIAN_POINT('',(-34.,13.,10.2));
#7400 = DIRECTION('',(0.,0.,1.));
#7401 = DIRECTION('',(1.,0.,-0.));
#7402 = DEFINITIONAL_REPRESENTATION('',(#7403),#7407);
#7403 = LINE('',#7404,#7405);
#7404 = CARTESIAN_POINT('',(0.,8.));
#7405 = VECTOR('',#7406,1.);
#7406 = DIRECTION('',(1.,0.));
#7407 = ( GEOMETRIC_REPRESENTATION_CONTEXT(2) 
PARAMETRIC_REPRESENTATION_CONTEXT() REPRESENTATION_CONTEXT('2D SPACE',''
  ) );
#7408 = ORIENTED_EDGE('',*,*,#7409,.F.);
#7409 = EDGE_CURVE('',#7336,#7382,#7410,.T.);
#7410 = SURFACE_CURVE('',#7411,(#7415,#7421),.PCURVE_S1.);
#7411 = LINE('',#7412,#7413);
#7412 = CARTESIAN_POINT('',(-32.73303027798,21.,2.4));
#7413 = VECTOR('',#7414,1.);
#7414 = DIRECTION('',(0.,0.,1.));
#7415 = PCURVE('',#2917,#7416);
#7416 = DEFINITIONAL_REPRESENTATION('',(#7417),#7420);
#7417 = B_SPLINE_CURVE_WITH_KNOTS('',1,(#7418,#7419),.UNSPECIFIED.,.F.,
  .F.,(2,2),(-2.400000000069E-06,7.8000024),.PIECEWISE_BEZIER_KNOTS.);
#7418 = CARTESIAN_POINT('',(-2.400000000069E-06,1.266969722018));
#7419 = CARTESIAN_POINT('',(7.8000024,1.266969722018));
#7420 = ( GEOMETRIC_REPRESENTATION_CONTEXT(2) 
PARAMETRIC_REPRESENTATION_CONTEXT() REPRESENTATION_CONTEXT('2D SPACE',''
  ) );
#7421 = PCURVE('',#7422,#7427);
#7422 = CYLINDRICAL_SURFACE('',#7423,4.4);
#7423 = AXIS2_PLACEMENT_3D('',#7424,#7425,#7426);
#7424 = CARTESIAN_POINT('',(-30.9,17.,2.4));
#7425 = DIRECTION('',(0.,0.,1.));
#7426 = DIRECTION('',(1.,0.,-0.));
#7427 = DEFINITIONAL_REPRESENTATION('',(#7428),#7431);
#7428 = B_SPLINE_CURVE_WITH_KNOTS('',1,(#7429,#7430),.UNSPECIFIED.,.F.,
  .F.,(2,2),(-2.400000000069E-06,7.8000024),.PIECEWISE_BEZIER_KNOTS.);
#7429 = CARTESIAN_POINT('',(2.000495992946,-2.400000000069E-06));
#7430 = CARTESIAN_POINT('',(2.000495992946,7.8000024));
#7431 = ( GEOMETRIC_REPRESENTATION_CONTEXT(2) 
PARAMETRIC_REPRESENTATION_CONTEXT() REPRESENTATION_CONTEXT('2D SPACE',''
  ) );
#7432 = ADVANCED_FACE('',(#7433),#2890,.F.);
#7433 = FACE_BOUND('',#7434,.F.);
#7434 = EDGE_LOOP('',(#7435,#7456,#7457,#7458));
#7435 = ORIENTED_EDGE('',*,*,#7436,.F.);
#7436 = EDGE_CURVE('',#2846,#7437,#7439,.T.);
#7437 = VERTEX_POINT('',#7438);
#7438 = CARTESIAN_POINT('',(-33.5,20.54964786986,10.2));
#7439 = SURFACE_CURVE('',#7440,(#7444,#7450),.PCURVE_S1.);
#7440 = LINE('',#7441,#7442);
#7441 = CARTESIAN_POINT('',(-33.5,20.54964786986,2.4));
#7442 = VECTOR('',#7443,1.);
#7443 = DIRECTION('',(0.,0.,1.));
#7444 = PCURVE('',#2890,#7445);
#7445 = DEFINITIONAL_REPRESENTATION('',(#7446),#7449);
#7446 = B_SPLINE_CURVE_WITH_KNOTS('',1,(#7447,#7448),.UNSPECIFIED.,.F.,
  .F.,(2,2),(6.48,7.8000024),.PIECEWISE_BEZIER_KNOTS.);
#7447 = CARTESIAN_POINT('',(-0.12,-50.54964786986));
#7448 = CARTESIAN_POINT('',(1.2000024,-50.54964786986));
#7449 = ( GEOMETRIC_REPRESENTATION_CONTEXT(2) 
PARAMETRIC_REPRESENTATION_CONTEXT() REPRESENTATION_CONTEXT('2D SPACE',''
  ) );
#7450 = PCURVE('',#2862,#7451);
#7451 = DEFINITIONAL_REPRESENTATION('',(#7452),#7455);
#7452 = B_SPLINE_CURVE_WITH_KNOTS('',1,(#7453,#7454),.UNSPECIFIED.,.F.,
  .F.,(2,2),(6.48,7.8000024),.PIECEWISE_BEZIER_KNOTS.);
#7453 = CARTESIAN_POINT('',(2.202981575476,6.48));
#7454 = CARTESIAN_POINT('',(2.202981575476,7.8000024));
#7455 = ( GEOMETRIC_REPRESENTATION_CONTEXT(2) 
PARAMETRIC_REPRESENTATION_CONTEXT() REPRESENTATION_CONTEXT('2D SPACE',''
  ) );
#7456 = ORIENTED_EDGE('',*,*,#2874,.T.);
#7457 = ORIENTED_EDGE('',*,*,#7360,.F.);
#7458 = ORIENTED_EDGE('',*,*,#7459,.F.);
#7459 = EDGE_CURVE('',#7437,#7361,#7460,.T.);
#7460 = SURFACE_CURVE('',#7461,(#7465,#7471),.PCURVE_S1.);
#7461 = LINE('',#7462,#7463);
#7462 = CARTESIAN_POINT('',(-33.5,-8.5,10.2));
#7463 = VECTOR('',#7464,1.);
#7464 = DIRECTION('',(-0.,1.,0.));
#7465 = PCURVE('',#2890,#7466);
#7466 = DEFINITIONAL_REPRESENTATION('',(#7467),#7470);
#7467 = B_SPLINE_CURVE_WITH_KNOTS('',1,(#7468,#7469),.UNSPECIFIED.,.F.,
  .F.,(2,2),(21.5,29.5),.PIECEWISE_BEZIER_KNOTS.);
#7468 = CARTESIAN_POINT('',(1.2,-43.));
#7469 = CARTESIAN_POINT('',(1.2,-51.));
#7470 = ( GEOMETRIC_REPRESENTATION_CONTEXT(2) 
PARAMETRIC_REPRESENTATION_CONTEXT() REPRESENTATION_CONTEXT('2D SPACE',''
  ) );
#7471 = PCURVE('',#7397,#7472);
#7472 = DEFINITIONAL_REPRESENTATION('',(#7473),#7477);
#7473 = LINE('',#7474,#7475);
#7474 = CARTESIAN_POINT('',(0.5,-21.5));
#7475 = VECTOR('',#7476,1.);
#7476 = DIRECTION('',(0.,1.));
#7477 = ( GEOMETRIC_REPRESENTATION_CONTEXT(2) 
PARAMETRIC_REPRESENTATION_CONTEXT() REPRESENTATION_CONTEXT('2D SPACE',''
  ) );
#7478 = ADVANCED_FACE('',(#7479),#2862,.T.);
#7479 = FACE_BOUND('',#7480,.T.);
#7480 = EDGE_LOOP('',(#7481,#7505,#7506,#7507));
#7481 = ORIENTED_EDGE('',*,*,#7482,.F.);
#7482 = EDGE_CURVE('',#7437,#7483,#7485,.T.);
#7483 = VERTEX_POINT('',#7484);
#7484 = CARTESIAN_POINT('',(-33.5,13.45035213014,10.2));
#7485 = SURFACE_CURVE('',#7486,(#7491,#7498),.PCURVE_S1.);
#7486 = CIRCLE('',#7487,4.4);
#7487 = AXIS2_PLACEMENT_3D('',#7488,#7489,#7490);
#7488 = CARTESIAN_POINT('',(-30.9,17.,10.2));
#7489 = DIRECTION('',(0.,0.,1.));
#7490 = DIRECTION('',(1.,0.,-0.));
#7491 = PCURVE('',#2862,#7492);
#7492 = DEFINITIONAL_REPRESENTATION('',(#7493),#7497);
#7493 = LINE('',#7494,#7495);
#7494 = CARTESIAN_POINT('',(0.,7.8));
#7495 = VECTOR('',#7496,1.);
#7496 = DIRECTION('',(1.,0.));
#7497 = ( GEOMETRIC_REPRESENTATION_CONTEXT(2) 
PARAMETRIC_REPRESENTATION_CONTEXT() REPRESENTATION_CONTEXT('2D SPACE',''
  ) );
#7498 = PCURVE('',#7397,#7499);
#7499 = DEFINITIONAL_REPRESENTATION('',(#7500),#7504);
#7500 = CIRCLE('',#7501,4.4);
#7501 = AXIS2_PLACEMENT_2D('',#7502,#7503);
#7502 = CARTESIAN_POINT('',(3.1,4.));
#7503 = DIRECTION('',(1.,0.));
#7504 = ( GEOMETRIC_REPRESENTATION_CONTEXT(2) 
PARAMETRIC_REPRESENTATION_CONTEXT() REPRESENTATION_CONTEXT('2D SPACE',''
  ) );
#7505 = ORIENTED_EDGE('',*,*,#7436,.F.);
#7506 = ORIENTED_EDGE('',*,*,#2845,.T.);
#7507 = ORIENTED_EDGE('',*,*,#7508,.T.);
#7508 = EDGE_CURVE('',#2818,#7483,#7509,.T.);
#7509 = SURFACE_CURVE('',#7510,(#7514,#7520),.PCURVE_S1.);
#7510 = LINE('',#7511,#7512);
#7511 = CARTESIAN_POINT('',(-33.5,13.45035213014,2.4));
#7512 = VECTOR('',#7513,1.);
#7513 = DIRECTION('',(0.,0.,1.));
#7514 = PCURVE('',#2862,#7515);
#7515 = DEFINITIONAL_REPRESENTATION('',(#7516),#7519);
#7516 = B_SPLINE_CURVE_WITH_KNOTS('',1,(#7517,#7518),.UNSPECIFIED.,.F.,
  .F.,(2,2),(6.48,7.8000024),.PIECEWISE_BEZIER_KNOTS.);
#7517 = CARTESIAN_POINT('',(4.080203731704,6.48));
#7518 = CARTESIAN_POINT('',(4.080203731704,7.8000024));
#7519 = ( GEOMETRIC_REPRESENTATION_CONTEXT(2) 
PARAMETRIC_REPRESENTATION_CONTEXT() REPRESENTATION_CONTEXT('2D SPACE',''
  ) );
#7520 = PCURVE('',#2833,#7521);
#7521 = DEFINITIONAL_REPRESENTATION('',(#7522),#7525);
#7522 = B_SPLINE_CURVE_WITH_KNOTS('',1,(#7523,#7524),.UNSPECIFIED.,.F.,
  .F.,(2,2),(6.48,7.8000024),.PIECEWISE_BEZIER_KNOTS.);
#7523 = CARTESIAN_POINT('',(-0.12,-43.45035213014));
#7524 = CARTESIAN_POINT('',(1.2000024,-43.45035213014));
#7525 = ( GEOMETRIC_REPRESENTATION_CONTEXT(2) 
PARAMETRIC_REPRESENTATION_CONTEXT() REPRESENTATION_CONTEXT('2D SPACE',''
  ) );
#7526 = ADVANCED_FACE('',(#7527),#2833,.F.);
#7527 = FACE_BOUND('',#7528,.F.);
#7528 = EDGE_LOOP('',(#7529,#7550,#7551,#7552));
#7529 = ORIENTED_EDGE('',*,*,#7530,.T.);
#7530 = EDGE_CURVE('',#7531,#2792,#7533,.T.);
#7531 = VERTEX_POINT('',#7532);
#7532 = CARTESIAN_POINT('',(-33.5,13.,10.2));
#7533 = SURFACE_CURVE('',#7534,(#7538,#7544),.PCURVE_S1.);
#7534 = LINE('',#7535,#7536);
#7535 = CARTESIAN_POINT('',(-33.5,13.,5.7));
#7536 = VECTOR('',#7537,1.);
#7537 = DIRECTION('',(-0.,0.,-1.));
#7538 = PCURVE('',#2833,#7539);
#7539 = DEFINITIONAL_REPRESENTATION('',(#7540),#7543);
#7540 = B_SPLINE_CURVE_WITH_KNOTS('',1,(#7541,#7542),.UNSPECIFIED.,.F.,
  .F.,(2,2),(-4.5,-3.3),.PIECEWISE_BEZIER_KNOTS.);
#7541 = CARTESIAN_POINT('',(1.2,-43.));
#7542 = CARTESIAN_POINT('',(0.,-43.));
#7543 = ( GEOMETRIC_REPRESENTATION_CONTEXT(2) 
PARAMETRIC_REPRESENTATION_CONTEXT() REPRESENTATION_CONTEXT('2D SPACE',''
  ) );
#7544 = PCURVE('',#2806,#7545);
#7545 = DEFINITIONAL_REPRESENTATION('',(#7546),#7549);
#7546 = B_SPLINE_CURVE_WITH_KNOTS('',1,(#7547,#7548),.UNSPECIFIED.,.F.,
  .F.,(2,2),(-4.5,-3.3),.PIECEWISE_BEZIER_KNOTS.);
#7547 = CARTESIAN_POINT('',(7.8,0.5));
#7548 = CARTESIAN_POINT('',(6.6,0.5));
#7549 = ( GEOMETRIC_REPRESENTATION_CONTEXT(2) 
PARAMETRIC_REPRESENTATION_CONTEXT() REPRESENTATION_CONTEXT('2D SPACE',''
  ) );
#7550 = ORIENTED_EDGE('',*,*,#2817,.T.);
#7551 = ORIENTED_EDGE('',*,*,#7508,.T.);
#7552 = ORIENTED_EDGE('',*,*,#7553,.F.);
#7553 = EDGE_CURVE('',#7531,#7483,#7554,.T.);
#7554 = SURFACE_CURVE('',#7555,(#7559,#7565),.PCURVE_S1.);
#7555 = LINE('',#7556,#7557);
#7556 = CARTESIAN_POINT('',(-33.5,-8.5,10.2));
#7557 = VECTOR('',#7558,1.);
#7558 = DIRECTION('',(-0.,1.,0.));
#7559 = PCURVE('',#2833,#7560);
#7560 = DEFINITIONAL_REPRESENTATION('',(#7561),#7564);
#7561 = B_SPLINE_CURVE_WITH_KNOTS('',1,(#7562,#7563),.UNSPECIFIED.,.F.,
  .F.,(2,2),(21.5,29.5),.PIECEWISE_BEZIER_KNOTS.);
#7562 = CARTESIAN_POINT('',(1.2,-43.));
#7563 = CARTESIAN_POINT('',(1.2,-51.));
#7564 = ( GEOMETRIC_REPRESENTATION_CONTEXT(2) 
PARAMETRIC_REPRESENTATION_CONTEXT() REPRESENTATION_CONTEXT('2D SPACE',''
  ) );
#7565 = PCURVE('',#7397,#7566);
#7566 = DEFINITIONAL_REPRESENTATION('',(#7567),#7571);
#7567 = LINE('',#7568,#7569);
#7568 = CARTESIAN_POINT('',(0.5,-21.5));
#7569 = VECTOR('',#7570,1.);
#7570 = DIRECTION('',(0.,1.));
#7571 = ( GEOMETRIC_REPRESENTATION_CONTEXT(2) 
PARAMETRIC_REPRESENTATION_CONTEXT() REPRESENTATION_CONTEXT('2D SPACE',''
  ) );
#7572 = ADVANCED_FACE('',(#7573),#2806,.F.);
#7573 = FACE_BOUND('',#7574,.F.);
#7574 = EDGE_LOOP('',(#7575,#7598,#7624,#7647,#7668,#7669));
#7575 = ORIENTED_EDGE('',*,*,#7576,.T.);
#7576 = EDGE_CURVE('',#7531,#7577,#7579,.T.);
#7577 = VERTEX_POINT('',#7578);
#7578 = CARTESIAN_POINT('',(-32.73303027798,13.,10.2));
#7579 = SURFACE_CURVE('',#7580,(#7584,#7591),.PCURVE_S1.);
#7580 = LINE('',#7581,#7582);
#7581 = CARTESIAN_POINT('',(-34.,13.,10.2));
#7582 = VECTOR('',#7583,1.);
#7583 = DIRECTION('',(1.,0.,-0.));
#7584 = PCURVE('',#2806,#7585);
#7585 = DEFINITIONAL_REPRESENTATION('',(#7586),#7590);
#7586 = LINE('',#7587,#7588);
#7587 = CARTESIAN_POINT('',(7.8,0.));
#7588 = VECTOR('',#7589,1.);
#7589 = DIRECTION('',(0.,1.));
#7590 = ( GEOMETRIC_REPRESENTATION_CONTEXT(2) 
PARAMETRIC_REPRESENTATION_CONTEXT() REPRESENTATION_CONTEXT('2D SPACE',''
  ) );
#7591 = PCURVE('',#7397,#7592);
#7592 = DEFINITIONAL_REPRESENTATION('',(#7593),#7597);
#7593 = LINE('',#7594,#7595);
#7594 = CARTESIAN_POINT('',(0.,0.));
#7595 = VECTOR('',#7596,1.);
#7596 = DIRECTION('',(1.,0.));
#7597 = ( GEOMETRIC_REPRESENTATION_CONTEXT(2) 
PARAMETRIC_REPRESENTATION_CONTEXT() REPRESENTATION_CONTEXT('2D SPACE',''
  ) );
#7598 = ORIENTED_EDGE('',*,*,#7599,.F.);
#7599 = EDGE_CURVE('',#7600,#7577,#7602,.T.);
#7600 = VERTEX_POINT('',#7601);
#7601 = CARTESIAN_POINT('',(-32.73303027798,13.,2.4));
#7602 = SURFACE_CURVE('',#7603,(#7607,#7613),.PCURVE_S1.);
#7603 = LINE('',#7604,#7605);
#7604 = CARTESIAN_POINT('',(-32.73303027798,13.,2.4));
#7605 = VECTOR('',#7606,1.);
#7606 = DIRECTION('',(0.,0.,1.));
#7607 = PCURVE('',#2806,#7608);
#7608 = DEFINITIONAL_REPRESENTATION('',(#7609),#7612);
#7609 = B_SPLINE_CURVE_WITH_KNOTS('',1,(#7610,#7611),.UNSPECIFIED.,.F.,
  .F.,(2,2),(-2.400000000069E-06,7.8000024),.PIECEWISE_BEZIER_KNOTS.);
#7610 = CARTESIAN_POINT('',(-2.400000000069E-06,1.266969722018));
#7611 = CARTESIAN_POINT('',(7.8000024,1.266969722018));
#7612 = ( GEOMETRIC_REPRESENTATION_CONTEXT(2) 
PARAMETRIC_REPRESENTATION_CONTEXT() REPRESENTATION_CONTEXT('2D SPACE',''
  ) );
#7613 = PCURVE('',#7614,#7619);
#7614 = CYLINDRICAL_SURFACE('',#7615,4.4);
#7615 = AXIS2_PLACEMENT_3D('',#7616,#7617,#7618);
#7616 = CARTESIAN_POINT('',(-30.9,17.,2.4));
#7617 = DIRECTION('',(0.,0.,1.));
#7618 = DIRECTION('',(1.,0.,-0.));
#7619 = DEFINITIONAL_REPRESENTATION('',(#7620),#7623);
#7620 = B_SPLINE_CURVE_WITH_KNOTS('',1,(#7621,#7622),.UNSPECIFIED.,.F.,
  .F.,(2,2),(-2.400000000069E-06,7.8000024),.PIECEWISE_BEZIER_KNOTS.);
#7621 = CARTESIAN_POINT('',(4.282689314233,-2.400000000069E-06));
#7622 = CARTESIAN_POINT('',(4.282689314233,7.8000024));
#7623 = ( GEOMETRIC_REPRESENTATION_CONTEXT(2) 
PARAMETRIC_REPRESENTATION_CONTEXT() REPRESENTATION_CONTEXT('2D SPACE',''
  ) );
#7624 = ORIENTED_EDGE('',*,*,#7625,.T.);
#7625 = EDGE_CURVE('',#7600,#7626,#7628,.T.);
#7626 = VERTEX_POINT('',#7627);
#7627 = CARTESIAN_POINT('',(-34.,13.,2.4));
#7628 = SURFACE_CURVE('',#7629,(#7633,#7640),.PCURVE_S1.);
#7629 = LINE('',#7630,#7631);
#7630 = CARTESIAN_POINT('',(-25.2,13.,2.4));
#7631 = VECTOR('',#7632,1.);
#7632 = DIRECTION('',(-1.,0.,0.));
#7633 = PCURVE('',#2806,#7634);
#7634 = DEFINITIONAL_REPRESENTATION('',(#7635),#7639);
#7635 = LINE('',#7636,#7637);
#7636 = CARTESIAN_POINT('',(0.,8.8));
#7637 = VECTOR('',#7638,1.);
#7638 = DIRECTION('',(0.,-1.));
#7639 = ( GEOMETRIC_REPRESENTATION_CONTEXT(2) 
PARAMETRIC_REPRESENTATION_CONTEXT() REPRESENTATION_CONTEXT('2D SPACE',''
  ) );
#7640 = PCURVE('',#4805,#7641);
#7641 = DEFINITIONAL_REPRESENTATION('',(#7642),#7646);
#7642 = LINE('',#7643,#7644);
#7643 = CARTESIAN_POINT('',(8.8,57.));
#7644 = VECTOR('',#7645,1.);
#7645 = DIRECTION('',(-1.,0.));
#7646 = ( GEOMETRIC_REPRESENTATION_CONTEXT(2) 
PARAMETRIC_REPRESENTATION_CONTEXT() REPRESENTATION_CONTEXT('2D SPACE',''
  ) );
#7647 = ORIENTED_EDGE('',*,*,#7648,.T.);
#7648 = EDGE_CURVE('',#7626,#2766,#7649,.T.);
#7649 = SURFACE_CURVE('',#7650,(#7654,#7661),.PCURVE_S1.);
#7650 = LINE('',#7651,#7652);
#7651 = CARTESIAN_POINT('',(-34.,13.,2.4));
#7652 = VECTOR('',#7653,1.);
#7653 = DIRECTION('',(0.,0.,1.));
#7654 = PCURVE('',#2806,#7655);
#7655 = DEFINITIONAL_REPRESENTATION('',(#7656),#7660);
#7656 = LINE('',#7657,#7658);
#7657 = CARTESIAN_POINT('',(0.,0.));
#7658 = VECTOR('',#7659,1.);
#7659 = DIRECTION('',(1.,0.));
#7660 = ( GEOMETRIC_REPRESENTATION_CONTEXT(2) 
PARAMETRIC_REPRESENTATION_CONTEXT() REPRESENTATION_CONTEXT('2D SPACE',''
  ) );
#7661 = PCURVE('',#2780,#7662);
#7662 = DEFINITIONAL_REPRESENTATION('',(#7663),#7667);
#7663 = LINE('',#7664,#7665);
#7664 = CARTESIAN_POINT('',(0.,-57.));
#7665 = VECTOR('',#7666,1.);
#7666 = DIRECTION('',(1.,0.));
#7667 = ( GEOMETRIC_REPRESENTATION_CONTEXT(2) 
PARAMETRIC_REPRESENTATION_CONTEXT() REPRESENTATION_CONTEXT('2D SPACE',''
  ) );
#7668 = ORIENTED_EDGE('',*,*,#2791,.T.);
#7669 = ORIENTED_EDGE('',*,*,#7530,.F.);
#7670 = ADVANCED_FACE('',(#7671),#2780,.T.);
#7671 = FACE_BOUND('',#7672,.T.);
#7672 = EDGE_LOOP('',(#7673,#7674,#7697,#7718));
#7673 = ORIENTED_EDGE('',*,*,#2765,.T.);
#7674 = ORIENTED_EDGE('',*,*,#7675,.T.);
#7675 = EDGE_CURVE('',#2740,#7676,#7678,.T.);
#7676 = VERTEX_POINT('',#7677);
#7677 = CARTESIAN_POINT('',(-34.,-13.,2.4));
#7678 = SURFACE_CURVE('',#7679,(#7683,#7690),.PCURVE_S1.);
#7679 = LINE('',#7680,#7681);
#7680 = CARTESIAN_POINT('',(-34.,-13.,10.2));
#7681 = VECTOR('',#7682,1.);
#7682 = DIRECTION('',(0.,0.,-1.));
#7683 = PCURVE('',#2780,#7684);
#7684 = DEFINITIONAL_REPRESENTATION('',(#7685),#7689);
#7685 = LINE('',#7686,#7687);
#7686 = CARTESIAN_POINT('',(7.8,-31.));
#7687 = VECTOR('',#7688,1.);
#7688 = DIRECTION('',(-1.,0.));
#7689 = ( GEOMETRIC_REPRESENTATION_CONTEXT(2) 
PARAMETRIC_REPRESENTATION_CONTEXT() REPRESENTATION_CONTEXT('2D SPACE',''
  ) );
#7690 = PCURVE('',#2754,#7691);
#7691 = DEFINITIONAL_REPRESENTATION('',(#7692),#7696);
#7692 = LINE('',#7693,#7694);
#7693 = CARTESIAN_POINT('',(7.8,0.));
#7694 = VECTOR('',#7695,1.);
#7695 = DIRECTION('',(-1.,0.));
#7696 = ( GEOMETRIC_REPRESENTATION_CONTEXT(2) 
PARAMETRIC_REPRESENTATION_CONTEXT() REPRESENTATION_CONTEXT('2D SPACE',''
  ) );
#7697 = ORIENTED_EDGE('',*,*,#7698,.T.);
#7698 = EDGE_CURVE('',#7676,#7626,#7699,.T.);
#7699 = SURFACE_CURVE('',#7700,(#7704,#7711),.PCURVE_S1.);
#7700 = LINE('',#7701,#7702);
#7701 = CARTESIAN_POINT('',(-34.,-44.,2.4));
#7702 = VECTOR('',#7703,1.);
#7703 = DIRECTION('',(-0.,1.,0.));
#7704 = PCURVE('',#2780,#7705);
#7705 = DEFINITIONAL_REPRESENTATION('',(#7706),#7710);
#7706 = LINE('',#7707,#7708);
#7707 = CARTESIAN_POINT('',(0.,0.));
#7708 = VECTOR('',#7709,1.);
#7709 = DIRECTION('',(0.,-1.));
#7710 = ( GEOMETRIC_REPRESENTATION_CONTEXT(2) 
PARAMETRIC_REPRESENTATION_CONTEXT() REPRESENTATION_CONTEXT('2D SPACE',''
  ) );
#7711 = PCURVE('',#4805,#7712);
#7712 = DEFINITIONAL_REPRESENTATION('',(#7713),#7717);
#7713 = LINE('',#7714,#7715);
#7714 = CARTESIAN_POINT('',(0.,0.));
#7715 = VECTOR('',#7716,1.);
#7716 = DIRECTION('',(0.,1.));
#7717 = ( GEOMETRIC_REPRESENTATION_CONTEXT(2) 
PARAMETRIC_REPRESENTATION_CONTEXT() REPRESENTATION_CONTEXT('2D SPACE',''
  ) );
#7718 = ORIENTED_EDGE('',*,*,#7648,.T.);
#7719 = ADVANCED_FACE('',(#7720),#2754,.T.);
#7720 = FACE_BOUND('',#7721,.T.);
#7721 = EDGE_LOOP('',(#7722,#7745,#7746,#7747,#7768,#7796));
#7722 = ORIENTED_EDGE('',*,*,#7723,.F.);
#7723 = EDGE_CURVE('',#7676,#7724,#7726,.T.);
#7724 = VERTEX_POINT('',#7725);
#7725 = CARTESIAN_POINT('',(-32.73303027798,-13.,2.4));
#7726 = SURFACE_CURVE('',#7727,(#7731,#7738),.PCURVE_S1.);
#7727 = LINE('',#7728,#7729);
#7728 = CARTESIAN_POINT('',(-34.,-13.,2.4));
#7729 = VECTOR('',#7730,1.);
#7730 = DIRECTION('',(1.,0.,0.));
#7731 = PCURVE('',#2754,#7732);
#7732 = DEFINITIONAL_REPRESENTATION('',(#7733),#7737);
#7733 = LINE('',#7734,#7735);
#7734 = CARTESIAN_POINT('',(0.,0.));
#7735 = VECTOR('',#7736,1.);
#7736 = DIRECTION('',(0.,1.));
#7737 = ( GEOMETRIC_REPRESENTATION_CONTEXT(2) 
PARAMETRIC_REPRESENTATION_CONTEXT() REPRESENTATION_CONTEXT('2D SPACE',''
  ) );
#7738 = PCURVE('',#4805,#7739);
#7739 = DEFINITIONAL_REPRESENTATION('',(#7740),#7744);
#7740 = LINE('',#7741,#7742);
#7741 = CARTESIAN_POINT('',(0.,31.));
#7742 = VECTOR('',#7743,1.);
#7743 = DIRECTION('',(1.,0.));
#7744 = ( GEOMETRIC_REPRESENTATION_CONTEXT(2) 
PARAMETRIC_REPRESENTATION_CONTEXT() REPRESENTATION_CONTEXT('2D SPACE',''
  ) );
#7745 = ORIENTED_EDGE('',*,*,#7675,.F.);
#7746 = ORIENTED_EDGE('',*,*,#2739,.T.);
#7747 = ORIENTED_EDGE('',*,*,#7748,.F.);
#7748 = EDGE_CURVE('',#7749,#2712,#7751,.T.);
#7749 = VERTEX_POINT('',#7750);
#7750 = CARTESIAN_POINT('',(-33.5,-13.,10.2));
#7751 = SURFACE_CURVE('',#7752,(#7756,#7762),.PCURVE_S1.);
#7752 = LINE('',#7753,#7754);
#7753 = CARTESIAN_POINT('',(-33.5,-13.,5.7));
#7754 = VECTOR('',#7755,1.);
#7755 = DIRECTION('',(-0.,0.,-1.));
#7756 = PCURVE('',#2754,#7757);
#7757 = DEFINITIONAL_REPRESENTATION('',(#7758),#7761);
#7758 = B_SPLINE_CURVE_WITH_KNOTS('',1,(#7759,#7760),.UNSPECIFIED.,.F.,
  .F.,(2,2),(-4.5,-3.3),.PIECEWISE_BEZIER_KNOTS.);
#7759 = CARTESIAN_POINT('',(7.8,0.5));
#7760 = CARTESIAN_POINT('',(6.6,0.5));
#7761 = ( GEOMETRIC_REPRESENTATION_CONTEXT(2) 
PARAMETRIC_REPRESENTATION_CONTEXT() REPRESENTATION_CONTEXT('2D SPACE',''
  ) );
#7762 = PCURVE('',#2727,#7763);
#7763 = DEFINITIONAL_REPRESENTATION('',(#7764),#7767);
#7764 = B_SPLINE_CURVE_WITH_KNOTS('',1,(#7765,#7766),.UNSPECIFIED.,.F.,
  .F.,(2,2),(-4.5,-3.3),.PIECEWISE_BEZIER_KNOTS.);
#7765 = CARTESIAN_POINT('',(1.2,-17.));
#7766 = CARTESIAN_POINT('',(0.,-17.));
#7767 = ( GEOMETRIC_REPRESENTATION_CONTEXT(2) 
PARAMETRIC_REPRESENTATION_CONTEXT() REPRESENTATION_CONTEXT('2D SPACE',''
  ) );
#7768 = ORIENTED_EDGE('',*,*,#7769,.T.);
#7769 = EDGE_CURVE('',#7749,#7770,#7772,.T.);
#7770 = VERTEX_POINT('',#7771);
#7771 = CARTESIAN_POINT('',(-32.73303027798,-13.,10.2));
#7772 = SURFACE_CURVE('',#7773,(#7777,#7784),.PCURVE_S1.);
#7773 = LINE('',#7774,#7775);
#7774 = CARTESIAN_POINT('',(-34.,-13.,10.2));
#7775 = VECTOR('',#7776,1.);
#7776 = DIRECTION('',(1.,0.,-0.));
#7777 = PCURVE('',#2754,#7778);
#7778 = DEFINITIONAL_REPRESENTATION('',(#7779),#7783);
#7779 = LINE('',#7780,#7781);
#7780 = CARTESIAN_POINT('',(7.8,0.));
#7781 = VECTOR('',#7782,1.);
#7782 = DIRECTION('',(0.,1.));
#7783 = ( GEOMETRIC_REPRESENTATION_CONTEXT(2) 
PARAMETRIC_REPRESENTATION_CONTEXT() REPRESENTATION_CONTEXT('2D SPACE',''
  ) );
#7784 = PCURVE('',#7785,#7790);
#7785 = PLANE('',#7786);
#7786 = AXIS2_PLACEMENT_3D('',#7787,#7788,#7789);
#7787 = CARTESIAN_POINT('',(-34.,-21.,10.2));
#7788 = DIRECTION('',(0.,0.,1.));
#7789 = DIRECTION('',(1.,0.,-0.));
#7790 = DEFINITIONAL_REPRESENTATION('',(#7791),#7795);
#7791 = LINE('',#7792,#7793);
#7792 = CARTESIAN_POINT('',(0.,8.));
#7793 = VECTOR('',#7794,1.);
#7794 = DIRECTION('',(1.,0.));
#7795 = ( GEOMETRIC_REPRESENTATION_CONTEXT(2) 
PARAMETRIC_REPRESENTATION_CONTEXT() REPRESENTATION_CONTEXT('2D SPACE',''
  ) );
#7796 = ORIENTED_EDGE('',*,*,#7797,.F.);
#7797 = EDGE_CURVE('',#7724,#7770,#7798,.T.);
#7798 = SURFACE_CURVE('',#7799,(#7803,#7809),.PCURVE_S1.);
#7799 = LINE('',#7800,#7801);
#7800 = CARTESIAN_POINT('',(-32.73303027798,-13.,2.4));
#7801 = VECTOR('',#7802,1.);
#7802 = DIRECTION('',(0.,0.,1.));
#7803 = PCURVE('',#2754,#7804);
#7804 = DEFINITIONAL_REPRESENTATION('',(#7805),#7808);
#7805 = B_SPLINE_CURVE_WITH_KNOTS('',1,(#7806,#7807),.UNSPECIFIED.,.F.,
  .F.,(2,2),(-2.400000000069E-06,7.8000024),.PIECEWISE_BEZIER_KNOTS.);
#7806 = CARTESIAN_POINT('',(-2.400000000069E-06,1.266969722018));
#7807 = CARTESIAN_POINT('',(7.8000024,1.266969722018));
#7808 = ( GEOMETRIC_REPRESENTATION_CONTEXT(2) 
PARAMETRIC_REPRESENTATION_CONTEXT() REPRESENTATION_CONTEXT('2D SPACE',''
  ) );
#7809 = PCURVE('',#7810,#7815);
#7810 = CYLINDRICAL_SURFACE('',#7811,4.4);
#7811 = AXIS2_PLACEMENT_3D('',#7812,#7813,#7814);
#7812 = CARTESIAN_POINT('',(-30.9,-17.,2.4));
#7813 = DIRECTION('',(0.,0.,1.));
#7814 = DIRECTION('',(1.,0.,-0.));
#7815 = DEFINITIONAL_REPRESENTATION('',(#7816),#7819);
#7816 = B_SPLINE_CURVE_WITH_KNOTS('',1,(#7817,#7818),.UNSPECIFIED.,.F.,
  .F.,(2,2),(-2.400000000069E-06,7.8000024),.PIECEWISE_BEZIER_KNOTS.);
#7817 = CARTESIAN_POINT('',(2.000495992946,-2.400000000069E-06));
#7818 = CARTESIAN_POINT('',(2.000495992946,7.8000024));
#7819 = ( GEOMETRIC_REPRESENTATION_CONTEXT(2) 
PARAMETRIC_REPRESENTATION_CONTEXT() REPRESENTATION_CONTEXT('2D SPACE',''
  ) );
#7820 = ADVANCED_FACE('',(#7821),#2727,.F.);
#7821 = FACE_BOUND('',#7822,.F.);
#7822 = EDGE_LOOP('',(#7823,#7845,#7864,#7865));
#7823 = ORIENTED_EDGE('',*,*,#7824,.F.);
#7824 = EDGE_CURVE('',#7825,#7749,#7827,.T.);
#7825 = VERTEX_POINT('',#7826);
#7826 = CARTESIAN_POINT('',(-33.5,-13.45035213014,10.2));
#7827 = SURFACE_CURVE('',#7828,(#7832,#7838),.PCURVE_S1.);
#7828 = LINE('',#7829,#7830);
#7829 = CARTESIAN_POINT('',(-33.5,-25.5,10.2));
#7830 = VECTOR('',#7831,1.);
#7831 = DIRECTION('',(-0.,1.,0.));
#7832 = PCURVE('',#2727,#7833);
#7833 = DEFINITIONAL_REPRESENTATION('',(#7834),#7837);
#7834 = B_SPLINE_CURVE_WITH_KNOTS('',1,(#7835,#7836),.UNSPECIFIED.,.F.,
  .F.,(2,2),(4.5,12.5),.PIECEWISE_BEZIER_KNOTS.);
#7835 = CARTESIAN_POINT('',(1.2,-9.));
#7836 = CARTESIAN_POINT('',(1.2,-17.));
#7837 = ( GEOMETRIC_REPRESENTATION_CONTEXT(2) 
PARAMETRIC_REPRESENTATION_CONTEXT() REPRESENTATION_CONTEXT('2D SPACE',''
  ) );
#7838 = PCURVE('',#7785,#7839);
#7839 = DEFINITIONAL_REPRESENTATION('',(#7840),#7844);
#7840 = LINE('',#7841,#7842);
#7841 = CARTESIAN_POINT('',(0.5,-4.5));
#7842 = VECTOR('',#7843,1.);
#7843 = DIRECTION('',(0.,1.));
#7844 = ( GEOMETRIC_REPRESENTATION_CONTEXT(2) 
PARAMETRIC_REPRESENTATION_CONTEXT() REPRESENTATION_CONTEXT('2D SPACE',''
  ) );
#7845 = ORIENTED_EDGE('',*,*,#7846,.F.);
#7846 = EDGE_CURVE('',#2683,#7825,#7847,.T.);
#7847 = SURFACE_CURVE('',#7848,(#7852,#7858),.PCURVE_S1.);
#7848 = LINE('',#7849,#7850);
#7849 = CARTESIAN_POINT('',(-33.5,-13.45035213014,2.4));
#7850 = VECTOR('',#7851,1.);
#7851 = DIRECTION('',(0.,0.,1.));
#7852 = PCURVE('',#2727,#7853);
#7853 = DEFINITIONAL_REPRESENTATION('',(#7854),#7857);
#7854 = B_SPLINE_CURVE_WITH_KNOTS('',1,(#7855,#7856),.UNSPECIFIED.,.F.,
  .F.,(2,2),(6.48,7.8000024),.PIECEWISE_BEZIER_KNOTS.);
#7855 = CARTESIAN_POINT('',(-0.12,-16.54964786986));
#7856 = CARTESIAN_POINT('',(1.2000024,-16.54964786986));
#7857 = ( GEOMETRIC_REPRESENTATION_CONTEXT(2) 
PARAMETRIC_REPRESENTATION_CONTEXT() REPRESENTATION_CONTEXT('2D SPACE',''
  ) );
#7858 = PCURVE('',#2699,#7859);
#7859 = DEFINITIONAL_REPRESENTATION('',(#7860),#7863);
#7860 = B_SPLINE_CURVE_WITH_KNOTS('',1,(#7861,#7862),.UNSPECIFIED.,.F.,
  .F.,(2,2),(6.48,7.8000024),.PIECEWISE_BEZIER_KNOTS.);
#7861 = CARTESIAN_POINT('',(2.202981575476,6.48));
#7862 = CARTESIAN_POINT('',(2.202981575476,7.8000024));
#7863 = ( GEOMETRIC_REPRESENTATION_CONTEXT(2) 
PARAMETRIC_REPRESENTATION_CONTEXT() REPRESENTATION_CONTEXT('2D SPACE',''
  ) );
#7864 = ORIENTED_EDGE('',*,*,#2711,.T.);
#7865 = ORIENTED_EDGE('',*,*,#7748,.F.);
#7866 = ADVANCED_FACE('',(#7867),#2699,.T.);
#7867 = FACE_BOUND('',#7868,.T.);
#7868 = EDGE_LOOP('',(#7869,#7893,#7894,#7895));
#7869 = ORIENTED_EDGE('',*,*,#7870,.F.);
#7870 = EDGE_CURVE('',#7825,#7871,#7873,.T.);
#7871 = VERTEX_POINT('',#7872);
#7872 = CARTESIAN_POINT('',(-33.5,-20.54964786986,10.2));
#7873 = SURFACE_CURVE('',#7874,(#7879,#7886),.PCURVE_S1.);
#7874 = CIRCLE('',#7875,4.4);
#7875 = AXIS2_PLACEMENT_3D('',#7876,#7877,#7878);
#7876 = CARTESIAN_POINT('',(-30.9,-17.,10.2));
#7877 = DIRECTION('',(0.,0.,1.));
#7878 = DIRECTION('',(1.,0.,-0.));
#7879 = PCURVE('',#2699,#7880);
#7880 = DEFINITIONAL_REPRESENTATION('',(#7881),#7885);
#7881 = LINE('',#7882,#7883);
#7882 = CARTESIAN_POINT('',(0.,7.8));
#7883 = VECTOR('',#7884,1.);
#7884 = DIRECTION('',(1.,0.));
#7885 = ( GEOMETRIC_REPRESENTATION_CONTEXT(2) 
PARAMETRIC_REPRESENTATION_CONTEXT() REPRESENTATION_CONTEXT('2D SPACE',''
  ) );
#7886 = PCURVE('',#7785,#7887);
#7887 = DEFINITIONAL_REPRESENTATION('',(#7888),#7892);
#7888 = CIRCLE('',#7889,4.4);
#7889 = AXIS2_PLACEMENT_2D('',#7890,#7891);
#7890 = CARTESIAN_POINT('',(3.1,4.));
#7891 = DIRECTION('',(1.,0.));
#7892 = ( GEOMETRIC_REPRESENTATION_CONTEXT(2) 
PARAMETRIC_REPRESENTATION_CONTEXT() REPRESENTATION_CONTEXT('2D SPACE',''
  ) );
#7893 = ORIENTED_EDGE('',*,*,#7846,.F.);
#7894 = ORIENTED_EDGE('',*,*,#2682,.T.);
#7895 = ORIENTED_EDGE('',*,*,#7896,.T.);
#7896 = EDGE_CURVE('',#2655,#7871,#7897,.T.);
#7897 = SURFACE_CURVE('',#7898,(#7902,#7908),.PCURVE_S1.);
#7898 = LINE('',#7899,#7900);
#7899 = CARTESIAN_POINT('',(-33.5,-20.54964786986,2.4));
#7900 = VECTOR('',#7901,1.);
#7901 = DIRECTION('',(0.,0.,1.));
#7902 = PCURVE('',#2699,#7903);
#7903 = DEFINITIONAL_REPRESENTATION('',(#7904),#7907);
#7904 = B_SPLINE_CURVE_WITH_KNOTS('',1,(#7905,#7906),.UNSPECIFIED.,.F.,
  .F.,(2,2),(6.48,7.8000024),.PIECEWISE_BEZIER_KNOTS.);
#7905 = CARTESIAN_POINT('',(4.080203731704,6.48));
#7906 = CARTESIAN_POINT('',(4.080203731704,7.8000024));
#7907 = ( GEOMETRIC_REPRESENTATION_CONTEXT(2) 
PARAMETRIC_REPRESENTATION_CONTEXT() REPRESENTATION_CONTEXT('2D SPACE',''
  ) );
#7908 = PCURVE('',#2670,#7909);
#7909 = DEFINITIONAL_REPRESENTATION('',(#7910),#7913);
#7910 = B_SPLINE_CURVE_WITH_KNOTS('',1,(#7911,#7912),.UNSPECIFIED.,.F.,
  .F.,(2,2),(6.48,7.8000024),.PIECEWISE_BEZIER_KNOTS.);
#7911 = CARTESIAN_POINT('',(-0.12,-9.45035213014));
#7912 = CARTESIAN_POINT('',(1.2000024,-9.45035213014));
#7913 = ( GEOMETRIC_REPRESENTATION_CONTEXT(2) 
PARAMETRIC_REPRESENTATION_CONTEXT() REPRESENTATION_CONTEXT('2D SPACE',''
  ) );
#7914 = ADVANCED_FACE('',(#7915),#2670,.F.);
#7915 = FACE_BOUND('',#7916,.F.);
#7916 = EDGE_LOOP('',(#7917,#7939,#7958,#7959));
#7917 = ORIENTED_EDGE('',*,*,#7918,.F.);
#7918 = EDGE_CURVE('',#7919,#7871,#7921,.T.);
#7919 = VERTEX_POINT('',#7920);
#7920 = CARTESIAN_POINT('',(-33.5,-21.,10.2));
#7921 = SURFACE_CURVE('',#7922,(#7926,#7932),.PCURVE_S1.);
#7922 = LINE('',#7923,#7924);
#7923 = CARTESIAN_POINT('',(-33.5,-25.5,10.2));
#7924 = VECTOR('',#7925,1.);
#7925 = DIRECTION('',(-0.,1.,0.));
#7926 = PCURVE('',#2670,#7927);
#7927 = DEFINITIONAL_REPRESENTATION('',(#7928),#7931);
#7928 = B_SPLINE_CURVE_WITH_KNOTS('',1,(#7929,#7930),.UNSPECIFIED.,.F.,
  .F.,(2,2),(4.5,12.5),.PIECEWISE_BEZIER_KNOTS.);
#7929 = CARTESIAN_POINT('',(1.2,-9.));
#7930 = CARTESIAN_POINT('',(1.2,-17.));
#7931 = ( GEOMETRIC_REPRESENTATION_CONTEXT(2) 
PARAMETRIC_REPRESENTATION_CONTEXT() REPRESENTATION_CONTEXT('2D SPACE',''
  ) );
#7932 = PCURVE('',#7785,#7933);
#7933 = DEFINITIONAL_REPRESENTATION('',(#7934),#7938);
#7934 = LINE('',#7935,#7936);
#7935 = CARTESIAN_POINT('',(0.5,-4.5));
#7936 = VECTOR('',#7937,1.);
#7937 = DIRECTION('',(0.,1.));
#7938 = ( GEOMETRIC_REPRESENTATION_CONTEXT(2) 
PARAMETRIC_REPRESENTATION_CONTEXT() REPRESENTATION_CONTEXT('2D SPACE',''
  ) );
#7939 = ORIENTED_EDGE('',*,*,#7940,.T.);
#7940 = EDGE_CURVE('',#7919,#2629,#7941,.T.);
#7941 = SURFACE_CURVE('',#7942,(#7946,#7952),.PCURVE_S1.);
#7942 = LINE('',#7943,#7944);
#7943 = CARTESIAN_POINT('',(-33.5,-21.,5.7));
#7944 = VECTOR('',#7945,1.);
#7945 = DIRECTION('',(-0.,0.,-1.));
#7946 = PCURVE('',#2670,#7947);
#7947 = DEFINITIONAL_REPRESENTATION('',(#7948),#7951);
#7948 = B_SPLINE_CURVE_WITH_KNOTS('',1,(#7949,#7950),.UNSPECIFIED.,.F.,
  .F.,(2,2),(-4.5,-3.3),.PIECEWISE_BEZIER_KNOTS.);
#7949 = CARTESIAN_POINT('',(1.2,-9.));
#7950 = CARTESIAN_POINT('',(0.,-9.));
#7951 = ( GEOMETRIC_REPRESENTATION_CONTEXT(2) 
PARAMETRIC_REPRESENTATION_CONTEXT() REPRESENTATION_CONTEXT('2D SPACE',''
  ) );
#7952 = PCURVE('',#2643,#7953);
#7953 = DEFINITIONAL_REPRESENTATION('',(#7954),#7957);
#7954 = B_SPLINE_CURVE_WITH_KNOTS('',1,(#7955,#7956),.UNSPECIFIED.,.F.,
  .F.,(2,2),(-4.5,-3.3),.PIECEWISE_BEZIER_KNOTS.);
#7955 = CARTESIAN_POINT('',(7.8,0.5));
#7956 = CARTESIAN_POINT('',(6.6,0.5));
#7957 = ( GEOMETRIC_REPRESENTATION_CONTEXT(2) 
PARAMETRIC_REPRESENTATION_CONTEXT() REPRESENTATION_CONTEXT('2D SPACE',''
  ) );
#7958 = ORIENTED_EDGE('',*,*,#2654,.T.);
#7959 = ORIENTED_EDGE('',*,*,#7896,.T.);
#7960 = ADVANCED_FACE('',(#7961),#2643,.F.);
#7961 = FACE_BOUND('',#7962,.F.);
#7962 = EDGE_LOOP('',(#7963,#7986,#8012,#8035,#8056,#8057));
#7963 = ORIENTED_EDGE('',*,*,#7964,.T.);
#7964 = EDGE_CURVE('',#7919,#7965,#7967,.T.);
#7965 = VERTEX_POINT('',#7966);
#7966 = CARTESIAN_POINT('',(-32.73303027798,-21.,10.2));
#7967 = SURFACE_CURVE('',#7968,(#7972,#7979),.PCURVE_S1.);
#7968 = LINE('',#7969,#7970);
#7969 = CARTESIAN_POINT('',(-34.,-21.,10.2));
#7970 = VECTOR('',#7971,1.);
#7971 = DIRECTION('',(1.,0.,-0.));
#7972 = PCURVE('',#2643,#7973);
#7973 = DEFINITIONAL_REPRESENTATION('',(#7974),#7978);
#7974 = LINE('',#7975,#7976);
#7975 = CARTESIAN_POINT('',(7.8,0.));
#7976 = VECTOR('',#7977,1.);
#7977 = DIRECTION('',(0.,1.));
#7978 = ( GEOMETRIC_REPRESENTATION_CONTEXT(2) 
PARAMETRIC_REPRESENTATION_CONTEXT() REPRESENTATION_CONTEXT('2D SPACE',''
  ) );
#7979 = PCURVE('',#7785,#7980);
#7980 = DEFINITIONAL_REPRESENTATION('',(#7981),#7985);
#7981 = LINE('',#7982,#7983);
#7982 = CARTESIAN_POINT('',(0.,0.));
#7983 = VECTOR('',#7984,1.);
#7984 = DIRECTION('',(1.,0.));
#7985 = ( GEOMETRIC_REPRESENTATION_CONTEXT(2) 
PARAMETRIC_REPRESENTATION_CONTEXT() REPRESENTATION_CONTEXT('2D SPACE',''
  ) );
#7986 = ORIENTED_EDGE('',*,*,#7987,.F.);
#7987 = EDGE_CURVE('',#7988,#7965,#7990,.T.);
#7988 = VERTEX_POINT('',#7989);
#7989 = CARTESIAN_POINT('',(-32.73303027798,-21.,2.4));
#7990 = SURFACE_CURVE('',#7991,(#7995,#8001),.PCURVE_S1.);
#7991 = LINE('',#7992,#7993);
#7992 = CARTESIAN_POINT('',(-32.73303027798,-21.,2.4));
#7993 = VECTOR('',#7994,1.);
#7994 = DIRECTION('',(0.,0.,1.));
#7995 = PCURVE('',#2643,#7996);
#7996 = DEFINITIONAL_REPRESENTATION('',(#7997),#8000);
#7997 = B_SPLINE_CURVE_WITH_KNOTS('',1,(#7998,#7999),.UNSPECIFIED.,.F.,
  .F.,(2,2),(-2.400000000069E-06,7.8000024),.PIECEWISE_BEZIER_KNOTS.);
#7998 = CARTESIAN_POINT('',(-2.400000000069E-06,1.266969722018));
#7999 = CARTESIAN_POINT('',(7.8000024,1.266969722018));
#8000 = ( GEOMETRIC_REPRESENTATION_CONTEXT(2) 
PARAMETRIC_REPRESENTATION_CONTEXT() REPRESENTATION_CONTEXT('2D SPACE',''
  ) );
#8001 = PCURVE('',#8002,#8007);
#8002 = CYLINDRICAL_SURFACE('',#8003,4.4);
#8003 = AXIS2_PLACEMENT_3D('',#8004,#8005,#8006);
#8004 = CARTESIAN_POINT('',(-30.9,-17.,2.4));
#8005 = DIRECTION('',(0.,0.,1.));
#8006 = DIRECTION('',(1.,0.,-0.));
#8007 = DEFINITIONAL_REPRESENTATION('',(#8008),#8011);
#8008 = B_SPLINE_CURVE_WITH_KNOTS('',1,(#8009,#8010),.UNSPECIFIED.,.F.,
  .F.,(2,2),(-2.400000000069E-06,7.8000024),.PIECEWISE_BEZIER_KNOTS.);
#8009 = CARTESIAN_POINT('',(4.282689314233,-2.400000000069E-06));
#8010 = CARTESIAN_POINT('',(4.282689314233,7.8000024));
#8011 = ( GEOMETRIC_REPRESENTATION_CONTEXT(2) 
PARAMETRIC_REPRESENTATION_CONTEXT() REPRESENTATION_CONTEXT('2D SPACE',''
  ) );
#8012 = ORIENTED_EDGE('',*,*,#8013,.T.);
#8013 = EDGE_CURVE('',#7988,#8014,#8016,.T.);
#8014 = VERTEX_POINT('',#8015);
#8015 = CARTESIAN_POINT('',(-34.,-21.,2.4));
#8016 = SURFACE_CURVE('',#8017,(#8021,#8028),.PCURVE_S1.);
#8017 = LINE('',#8018,#8019);
#8018 = CARTESIAN_POINT('',(-25.2,-21.,2.4));
#8019 = VECTOR('',#8020,1.);
#8020 = DIRECTION('',(-1.,0.,0.));
#8021 = PCURVE('',#2643,#8022);
#8022 = DEFINITIONAL_REPRESENTATION('',(#8023),#8027);
#8023 = LINE('',#8024,#8025);
#8024 = CARTESIAN_POINT('',(0.,8.8));
#8025 = VECTOR('',#8026,1.);
#8026 = DIRECTION('',(0.,-1.));
#8027 = ( GEOMETRIC_REPRESENTATION_CONTEXT(2) 
PARAMETRIC_REPRESENTATION_CONTEXT() REPRESENTATION_CONTEXT('2D SPACE',''
  ) );
#8028 = PCURVE('',#4805,#8029);
#8029 = DEFINITIONAL_REPRESENTATION('',(#8030),#8034);
#8030 = LINE('',#8031,#8032);
#8031 = CARTESIAN_POINT('',(8.8,23.));
#8032 = VECTOR('',#8033,1.);
#8033 = DIRECTION('',(-1.,0.));
#8034 = ( GEOMETRIC_REPRESENTATION_CONTEXT(2) 
PARAMETRIC_REPRESENTATION_CONTEXT() REPRESENTATION_CONTEXT('2D SPACE',''
  ) );
#8035 = ORIENTED_EDGE('',*,*,#8036,.T.);
#8036 = EDGE_CURVE('',#8014,#2603,#8037,.T.);
#8037 = SURFACE_CURVE('',#8038,(#8042,#8049),.PCURVE_S1.);
#8038 = LINE('',#8039,#8040);
#8039 = CARTESIAN_POINT('',(-34.,-21.,2.4));
#8040 = VECTOR('',#8041,1.);
#8041 = DIRECTION('',(0.,0.,1.));
#8042 = PCURVE('',#2643,#8043);
#8043 = DEFINITIONAL_REPRESENTATION('',(#8044),#8048);
#8044 = LINE('',#8045,#8046);
#8045 = CARTESIAN_POINT('',(0.,0.));
#8046 = VECTOR('',#8047,1.);
#8047 = DIRECTION('',(1.,0.));
#8048 = ( GEOMETRIC_REPRESENTATION_CONTEXT(2) 
PARAMETRIC_REPRESENTATION_CONTEXT() REPRESENTATION_CONTEXT('2D SPACE',''
  ) );
#8049 = PCURVE('',#2617,#8050);
#8050 = DEFINITIONAL_REPRESENTATION('',(#8051),#8055);
#8051 = LINE('',#8052,#8053);
#8052 = CARTESIAN_POINT('',(0.,-23.));
#8053 = VECTOR('',#8054,1.);
#8054 = DIRECTION('',(1.,0.));
#8055 = ( GEOMETRIC_REPRESENTATION_CONTEXT(2) 
PARAMETRIC_REPRESENTATION_CONTEXT() REPRESENTATION_CONTEXT('2D SPACE',''
  ) );
#8056 = ORIENTED_EDGE('',*,*,#2628,.T.);
#8057 = ORIENTED_EDGE('',*,*,#7940,.F.);
#8058 = ADVANCED_FACE('',(#8059),#2617,.T.);
#8059 = FACE_BOUND('',#8060,.T.);
#8060 = EDGE_LOOP('',(#8061,#8082,#8103,#8104,#8105,#8106));
#8061 = ORIENTED_EDGE('',*,*,#8062,.F.);
#8062 = EDGE_CURVE('',#8063,#6133,#8065,.T.);
#8063 = VERTEX_POINT('',#8064);
#8064 = CARTESIAN_POINT('',(-34.,-38.16696972201,2.4));
#8065 = SURFACE_CURVE('',#8066,(#8070,#8076),.PCURVE_S1.);
#8066 = LINE('',#8067,#8068);
#8067 = CARTESIAN_POINT('',(-34.,-38.16696972201,2.4));
#8068 = VECTOR('',#8069,1.);
#8069 = DIRECTION('',(0.,0.,1.));
#8070 = PCURVE('',#2617,#8071);
#8071 = DEFINITIONAL_REPRESENTATION('',(#8072),#8075);
#8072 = B_SPLINE_CURVE_WITH_KNOTS('',1,(#8073,#8074),.UNSPECIFIED.,.F.,
  .F.,(2,2),(-2.400000000069E-06,29.6000024),.PIECEWISE_BEZIER_KNOTS.);
#8073 = CARTESIAN_POINT('',(-2.400000000069E-06,-5.833030277982));
#8074 = CARTESIAN_POINT('',(29.6000024,-5.833030277982));
#8075 = ( GEOMETRIC_REPRESENTATION_CONTEXT(2) 
PARAMETRIC_REPRESENTATION_CONTEXT() REPRESENTATION_CONTEXT('2D SPACE',''
  ) );
#8076 = PCURVE('',#6149,#8077);
#8077 = DEFINITIONAL_REPRESENTATION('',(#8078),#8081);
#8078 = B_SPLINE_CURVE_WITH_KNOTS('',1,(#8079,#8080),.UNSPECIFIED.,.F.,
  .F.,(2,2),(0.,29.6),.PIECEWISE_BEZIER_KNOTS.);
#8079 = CARTESIAN_POINT('',(8.995078294618,0.));
#8080 = CARTESIAN_POINT('',(8.995078294618,29.6));
#8081 = ( GEOMETRIC_REPRESENTATION_CONTEXT(2) 
PARAMETRIC_REPRESENTATION_CONTEXT() REPRESENTATION_CONTEXT('2D SPACE',''
  ) );
#8082 = ORIENTED_EDGE('',*,*,#8083,.T.);
#8083 = EDGE_CURVE('',#8063,#8014,#8084,.T.);
#8084 = SURFACE_CURVE('',#8085,(#8089,#8096),.PCURVE_S1.);
#8085 = LINE('',#8086,#8087);
#8086 = CARTESIAN_POINT('',(-34.,-44.,2.4));
#8087 = VECTOR('',#8088,1.);
#8088 = DIRECTION('',(-0.,1.,0.));
#8089 = PCURVE('',#2617,#8090);
#8090 = DEFINITIONAL_REPRESENTATION('',(#8091),#8095);
#8091 = LINE('',#8092,#8093);
#8092 = CARTESIAN_POINT('',(0.,0.));
#8093 = VECTOR('',#8094,1.);
#8094 = DIRECTION('',(0.,-1.));
#8095 = ( GEOMETRIC_REPRESENTATION_CONTEXT(2) 
PARAMETRIC_REPRESENTATION_CONTEXT() REPRESENTATION_CONTEXT('2D SPACE',''
  ) );
#8096 = PCURVE('',#4805,#8097);
#8097 = DEFINITIONAL_REPRESENTATION('',(#8098),#8102);
#8098 = LINE('',#8099,#8100);
#8099 = CARTESIAN_POINT('',(0.,0.));
#8100 = VECTOR('',#8101,1.);
#8101 = DIRECTION('',(0.,1.));
#8102 = ( GEOMETRIC_REPRESENTATION_CONTEXT(2) 
PARAMETRIC_REPRESENTATION_CONTEXT() REPRESENTATION_CONTEXT('2D SPACE',''
  ) );
#8103 = ORIENTED_EDGE('',*,*,#8036,.T.);
#8104 = ORIENTED_EDGE('',*,*,#2602,.T.);
#8105 = ORIENTED_EDGE('',*,*,#7092,.T.);
#8106 = ORIENTED_EDGE('',*,*,#6161,.F.);
#8107 = ADVANCED_FACE('',(#8108),#2540,.F.);
#8108 = FACE_BOUND('',#8109,.F.);
#8109 = EDGE_LOOP('',(#8110,#8111,#8112,#8113));
#8110 = ORIENTED_EDGE('',*,*,#2525,.T.);
#8111 = ORIENTED_EDGE('',*,*,#2981,.T.);
#8112 = ORIENTED_EDGE('',*,*,#3054,.T.);
#8113 = ORIENTED_EDGE('',*,*,#8114,.F.);
#8114 = EDGE_CURVE('',#2493,#3055,#8115,.T.);
#8115 = SURFACE_CURVE('',#8116,(#8120,#8127),.PCURVE_S1.);
#8116 = LINE('',#8117,#8118);
#8117 = CARTESIAN_POINT('',(-35.39999996527,-14.8,0.));
#8118 = VECTOR('',#8119,1.);
#8119 = DIRECTION('',(0.,0.,1.));
#8120 = PCURVE('',#2540,#8121);
#8121 = DEFINITIONAL_REPRESENTATION('',(#8122),#8126);
#8122 = LINE('',#8123,#8124);
#8123 = CARTESIAN_POINT('',(12.4,0.));
#8124 = VECTOR('',#8125,1.);
#8125 = DIRECTION('',(0.,-1.));
#8126 = ( GEOMETRIC_REPRESENTATION_CONTEXT(2) 
PARAMETRIC_REPRESENTATION_CONTEXT() REPRESENTATION_CONTEXT('2D SPACE',''
  ) );
#8127 = PCURVE('',#2513,#8128);
#8128 = DEFINITIONAL_REPRESENTATION('',(#8129),#8133);
#8129 = LINE('',#8130,#8131);
#8130 = CARTESIAN_POINT('',(-0.,0.));
#8131 = VECTOR('',#8132,1.);
#8132 = DIRECTION('',(-0.,-1.));
#8133 = ( GEOMETRIC_REPRESENTATION_CONTEXT(2) 
PARAMETRIC_REPRESENTATION_CONTEXT() REPRESENTATION_CONTEXT('2D SPACE',''
  ) );
#8134 = ADVANCED_FACE('',(#8135),#2513,.T.);
#8135 = FACE_BOUND('',#8136,.F.);
#8136 = EDGE_LOOP('',(#8137,#8138,#8139,#8140));
#8137 = ORIENTED_EDGE('',*,*,#2492,.T.);
#8138 = ORIENTED_EDGE('',*,*,#8114,.T.);
#8139 = ORIENTED_EDGE('',*,*,#3077,.T.);
#8140 = ORIENTED_EDGE('',*,*,#4608,.F.);
#8141 = ADVANCED_FACE('',(#8142),#2460,.F.);
#8142 = FACE_BOUND('',#8143,.F.);
#8143 = EDGE_LOOP('',(#8144,#8145,#8166,#8167));
#8144 = ORIENTED_EDGE('',*,*,#4630,.F.);
#8145 = ORIENTED_EDGE('',*,*,#8146,.T.);
#8146 = EDGE_CURVE('',#4631,#4283,#8147,.T.);
#8147 = SURFACE_CURVE('',#8148,(#8152,#8159),.PCURVE_S1.);
#8148 = LINE('',#8149,#8150);
#8149 = CARTESIAN_POINT('',(-36.4,-43.4,8.4));
#8150 = VECTOR('',#8151,1.);
#8151 = DIRECTION('',(-0.,1.,0.));
#8152 = PCURVE('',#2460,#8153);
#8153 = DEFINITIONAL_REPRESENTATION('',(#8154),#8158);
#8154 = LINE('',#8155,#8156);
#8155 = CARTESIAN_POINT('',(8.4,-3.));
#8156 = VECTOR('',#8157,1.);
#8157 = DIRECTION('',(0.,-1.));
#8158 = ( GEOMETRIC_REPRESENTATION_CONTEXT(2) 
PARAMETRIC_REPRESENTATION_CONTEXT() REPRESENTATION_CONTEXT('2D SPACE',''
  ) );
#8159 = PCURVE('',#4318,#8160);
#8160 = DEFINITIONAL_REPRESENTATION('',(#8161),#8165);
#8161 = LINE('',#8162,#8163);
#8162 = CARTESIAN_POINT('',(0.,0.848528137424));
#8163 = VECTOR('',#8164,1.);
#8164 = DIRECTION('',(1.,0.));
#8165 = ( GEOMETRIC_REPRESENTATION_CONTEXT(2) 
PARAMETRIC_REPRESENTATION_CONTEXT() REPRESENTATION_CONTEXT('2D SPACE',''
  ) );
#8166 = ORIENTED_EDGE('',*,*,#4282,.T.);
#8167 = ORIENTED_EDGE('',*,*,#2445,.T.);
#8168 = ADVANCED_FACE('',(#8169),#2412,.T.);
#8169 = FACE_BOUND('',#8170,.F.);
#8170 = EDGE_LOOP('',(#8171,#8172,#8173,#8197));
#8171 = ORIENTED_EDGE('',*,*,#2391,.T.);
#8172 = ORIENTED_EDGE('',*,*,#4260,.T.);
#8173 = ORIENTED_EDGE('',*,*,#8174,.T.);
#8174 = EDGE_CURVE('',#4238,#8175,#8177,.T.);
#8175 = VERTEX_POINT('',#8176);
#8176 = CARTESIAN_POINT('',(-35.39999996527,-2.2,9.3));
#8177 = SURFACE_CURVE('',#8178,(#8183,#8190),.PCURVE_S1.);
#8178 = CIRCLE('',#8179,0.8);
#8179 = AXIS2_PLACEMENT_3D('',#8180,#8181,#8182);
#8180 = CARTESIAN_POINT('',(-36.19999997103,-2.2,9.3));
#8181 = DIRECTION('',(0.,0.,1.));
#8182 = DIRECTION('',(1.,0.,0.));
#8183 = PCURVE('',#2412,#8184);
#8184 = DEFINITIONAL_REPRESENTATION('',(#8185),#8189);
#8185 = LINE('',#8186,#8187);
#8186 = CARTESIAN_POINT('',(-0.,-9.3));
#8187 = VECTOR('',#8188,1.);
#8188 = DIRECTION('',(-1.,0.));
#8189 = ( GEOMETRIC_REPRESENTATION_CONTEXT(2) 
PARAMETRIC_REPRESENTATION_CONTEXT() REPRESENTATION_CONTEXT('2D SPACE',''
  ) );
#8190 = PCURVE('',#3859,#8191);
#8191 = DEFINITIONAL_REPRESENTATION('',(#8192),#8196);
#8192 = CIRCLE('',#8193,0.8);
#8193 = AXIS2_PLACEMENT_2D('',#8194,#8195);
#8194 = CARTESIAN_POINT('',(1.500000002657,-6.2));
#8195 = DIRECTION('',(1.,0.));
#8196 = ( GEOMETRIC_REPRESENTATION_CONTEXT(2) 
PARAMETRIC_REPRESENTATION_CONTEXT() REPRESENTATION_CONTEXT('2D SPACE',''
  ) );
#8197 = ORIENTED_EDGE('',*,*,#8198,.F.);
#8198 = EDGE_CURVE('',#2366,#8175,#8199,.T.);
#8199 = SURFACE_CURVE('',#8200,(#8204,#8211),.PCURVE_S1.);
#8200 = LINE('',#8201,#8202);
#8201 = CARTESIAN_POINT('',(-35.39999996527,-2.2,0.));
#8202 = VECTOR('',#8203,1.);
#8203 = DIRECTION('',(0.,0.,1.));
#8204 = PCURVE('',#2412,#8205);
#8205 = DEFINITIONAL_REPRESENTATION('',(#8206),#8210);
#8206 = LINE('',#8207,#8208);
#8207 = CARTESIAN_POINT('',(-6.28318530718,0.));
#8208 = VECTOR('',#8209,1.);
#8209 = DIRECTION('',(-0.,-1.));
#8210 = ( GEOMETRIC_REPRESENTATION_CONTEXT(2) 
PARAMETRIC_REPRESENTATION_CONTEXT() REPRESENTATION_CONTEXT('2D SPACE',''
  ) );
#8211 = PCURVE('',#2380,#8212);
#8212 = DEFINITIONAL_REPRESENTATION('',(#8213),#8217);
#8213 = LINE('',#8214,#8215);
#8214 = CARTESIAN_POINT('',(0.,0.));
#8215 = VECTOR('',#8216,1.);
#8216 = DIRECTION('',(0.,-1.));
#8217 = ( GEOMETRIC_REPRESENTATION_CONTEXT(2) 
PARAMETRIC_REPRESENTATION_CONTEXT() REPRESENTATION_CONTEXT('2D SPACE',''
  ) );
#8218 = ADVANCED_FACE('',(#8219),#2380,.F.);
#8219 = FACE_BOUND('',#8220,.F.);
#8220 = EDGE_LOOP('',(#8221,#8222,#8223,#8246));
#8221 = ORIENTED_EDGE('',*,*,#2365,.T.);
#8222 = ORIENTED_EDGE('',*,*,#8198,.T.);
#8223 = ORIENTED_EDGE('',*,*,#8224,.T.);
#8224 = EDGE_CURVE('',#8175,#8225,#8227,.T.);
#8225 = VERTEX_POINT('',#8226);
#8226 = CARTESIAN_POINT('',(-35.39999996527,10.2,9.3));
#8227 = SURFACE_CURVE('',#8228,(#8232,#8239),.PCURVE_S1.);
#8228 = LINE('',#8229,#8230);
#8229 = CARTESIAN_POINT('',(-35.39999995951,4.,9.3));
#8230 = VECTOR('',#8231,1.);
#8231 = DIRECTION('',(0.,1.,0.));
#8232 = PCURVE('',#2380,#8233);
#8233 = DEFINITIONAL_REPRESENTATION('',(#8234),#8238);
#8234 = LINE('',#8235,#8236);
#8235 = CARTESIAN_POINT('',(6.2,-9.3));
#8236 = VECTOR('',#8237,1.);
#8237 = DIRECTION('',(1.,0.));
#8238 = ( GEOMETRIC_REPRESENTATION_CONTEXT(2) 
PARAMETRIC_REPRESENTATION_CONTEXT() REPRESENTATION_CONTEXT('2D SPACE',''
  ) );
#8239 = PCURVE('',#3859,#8240);
#8240 = DEFINITIONAL_REPRESENTATION('',(#8241),#8245);
#8241 = LINE('',#8242,#8243);
#8242 = CARTESIAN_POINT('',(2.300000014184,2.545149677014E-16));
#8243 = VECTOR('',#8244,1.);
#8244 = DIRECTION('',(0.,1.));
#8245 = ( GEOMETRIC_REPRESENTATION_CONTEXT(2) 
PARAMETRIC_REPRESENTATION_CONTEXT() REPRESENTATION_CONTEXT('2D SPACE',''
  ) );
#8246 = ORIENTED_EDGE('',*,*,#8247,.F.);
#8247 = EDGE_CURVE('',#2333,#8225,#8248,.T.);
#8248 = SURFACE_CURVE('',#8249,(#8253,#8260),.PCURVE_S1.);
#8249 = LINE('',#8250,#8251);
#8250 = CARTESIAN_POINT('',(-35.39999996527,10.2,0.));
#8251 = VECTOR('',#8252,1.);
#8252 = DIRECTION('',(0.,0.,1.));
#8253 = PCURVE('',#2380,#8254);
#8254 = DEFINITIONAL_REPRESENTATION('',(#8255),#8259);
#8255 = LINE('',#8256,#8257);
#8256 = CARTESIAN_POINT('',(12.4,0.));
#8257 = VECTOR('',#8258,1.);
#8258 = DIRECTION('',(0.,-1.));
#8259 = ( GEOMETRIC_REPRESENTATION_CONTEXT(2) 
PARAMETRIC_REPRESENTATION_CONTEXT() REPRESENTATION_CONTEXT('2D SPACE',''
  ) );
#8260 = PCURVE('',#2353,#8261);
#8261 = DEFINITIONAL_REPRESENTATION('',(#8262),#8266);
#8262 = LINE('',#8263,#8264);
#8263 = CARTESIAN_POINT('',(-0.,0.));
#8264 = VECTOR('',#8265,1.);
#8265 = DIRECTION('',(-0.,-1.));
#8266 = ( GEOMETRIC_REPRESENTATION_CONTEXT(2) 
PARAMETRIC_REPRESENTATION_CONTEXT() REPRESENTATION_CONTEXT('2D SPACE',''
  ) );
#8267 = ADVANCED_FACE('',(#8268),#2353,.T.);
#8268 = FACE_BOUND('',#8269,.F.);
#8269 = EDGE_LOOP('',(#8270,#8271,#8272,#8294));
#8270 = ORIENTED_EDGE('',*,*,#2332,.T.);
#8271 = ORIENTED_EDGE('',*,*,#8247,.T.);
#8272 = ORIENTED_EDGE('',*,*,#8273,.T.);
#8273 = EDGE_CURVE('',#8225,#3844,#8274,.T.);
#8274 = SURFACE_CURVE('',#8275,(#8280,#8287),.PCURVE_S1.);
#8275 = CIRCLE('',#8276,0.8);
#8276 = AXIS2_PLACEMENT_3D('',#8277,#8278,#8279);
#8277 = CARTESIAN_POINT('',(-36.19999997103,10.2,9.3));
#8278 = DIRECTION('',(0.,0.,1.));
#8279 = DIRECTION('',(1.,0.,0.));
#8280 = PCURVE('',#2353,#8281);
#8281 = DEFINITIONAL_REPRESENTATION('',(#8282),#8286);
#8282 = LINE('',#8283,#8284);
#8283 = CARTESIAN_POINT('',(-0.,-9.3));
#8284 = VECTOR('',#8285,1.);
#8285 = DIRECTION('',(-1.,0.));
#8286 = ( GEOMETRIC_REPRESENTATION_CONTEXT(2) 
PARAMETRIC_REPRESENTATION_CONTEXT() REPRESENTATION_CONTEXT('2D SPACE',''
  ) );
#8287 = PCURVE('',#3859,#8288);
#8288 = DEFINITIONAL_REPRESENTATION('',(#8289),#8293);
#8289 = CIRCLE('',#8290,0.8);
#8290 = AXIS2_PLACEMENT_2D('',#8291,#8292);
#8291 = CARTESIAN_POINT('',(1.500000002657,6.2));
#8292 = DIRECTION('',(1.,0.));
#8293 = ( GEOMETRIC_REPRESENTATION_CONTEXT(2) 
PARAMETRIC_REPRESENTATION_CONTEXT() REPRESENTATION_CONTEXT('2D SPACE',''
  ) );
#8294 = ORIENTED_EDGE('',*,*,#3871,.F.);
#8295 = ADVANCED_FACE('',(#8296),#2300,.F.);
#8296 = FACE_BOUND('',#8297,.F.);
#8297 = EDGE_LOOP('',(#8298,#8299,#8322,#8350,#8373,#8401,#8427,#8453,
    #8479,#8505,#8524,#8525));
#8298 = ORIENTED_EDGE('',*,*,#3893,.F.);
#8299 = ORIENTED_EDGE('',*,*,#8300,.T.);
#8300 = EDGE_CURVE('',#3894,#8301,#8303,.T.);
#8301 = VERTEX_POINT('',#8302);
#8302 = CARTESIAN_POINT('',(-36.4,43.4,8.4));
#8303 = SURFACE_CURVE('',#8304,(#8308,#8315),.PCURVE_S1.);
#8304 = LINE('',#8305,#8306);
#8305 = CARTESIAN_POINT('',(-36.4,-43.4,8.4));
#8306 = VECTOR('',#8307,1.);
#8307 = DIRECTION('',(-0.,1.,0.));
#8308 = PCURVE('',#2300,#8309);
#8309 = DEFINITIONAL_REPRESENTATION('',(#8310),#8314);
#8310 = LINE('',#8311,#8312);
#8311 = CARTESIAN_POINT('',(8.4,-3.));
#8312 = VECTOR('',#8313,1.);
#8313 = DIRECTION('',(0.,-1.));
#8314 = ( GEOMETRIC_REPRESENTATION_CONTEXT(2) 
PARAMETRIC_REPRESENTATION_CONTEXT() REPRESENTATION_CONTEXT('2D SPACE',''
  ) );
#8315 = PCURVE('',#3929,#8316);
#8316 = DEFINITIONAL_REPRESENTATION('',(#8317),#8321);
#8317 = LINE('',#8318,#8319);
#8318 = CARTESIAN_POINT('',(0.,0.848528137424));
#8319 = VECTOR('',#8320,1.);
#8320 = DIRECTION('',(1.,0.));
#8321 = ( GEOMETRIC_REPRESENTATION_CONTEXT(2) 
PARAMETRIC_REPRESENTATION_CONTEXT() REPRESENTATION_CONTEXT('2D SPACE',''
  ) );
#8322 = ORIENTED_EDGE('',*,*,#8323,.T.);
#8323 = EDGE_CURVE('',#8301,#8324,#8326,.T.);
#8324 = VERTEX_POINT('',#8325);
#8325 = CARTESIAN_POINT('',(-36.4,43.4,32.));
#8326 = SURFACE_CURVE('',#8327,(#8331,#8338),.PCURVE_S1.);
#8327 = LINE('',#8328,#8329);
#8328 = CARTESIAN_POINT('',(-36.4,43.4,0.));
#8329 = VECTOR('',#8330,1.);
#8330 = DIRECTION('',(0.,0.,1.));
#8331 = PCURVE('',#2300,#8332);
#8332 = DEFINITIONAL_REPRESENTATION('',(#8333),#8337);
#8333 = LINE('',#8334,#8335);
#8334 = CARTESIAN_POINT('',(0.,-89.8));
#8335 = VECTOR('',#8336,1.);
#8336 = DIRECTION('',(1.,0.));
#8337 = ( GEOMETRIC_REPRESENTATION_CONTEXT(2) 
PARAMETRIC_REPRESENTATION_CONTEXT() REPRESENTATION_CONTEXT('2D SPACE',''
  ) );
#8338 = PCURVE('',#8339,#8344);
#8339 = CYLINDRICAL_SURFACE('',#8340,3.);
#8340 = AXIS2_PLACEMENT_3D('',#8341,#8342,#8343);
#8341 = CARTESIAN_POINT('',(-33.4,43.4,0.));
#8342 = DIRECTION('',(0.,0.,1.));
#8343 = DIRECTION('',(-1.,-0.,0.));
#8344 = DEFINITIONAL_REPRESENTATION('',(#8345),#8349);
#8345 = LINE('',#8346,#8347);
#8346 = CARTESIAN_POINT('',(-0.,0.));
#8347 = VECTOR('',#8348,1.);
#8348 = DIRECTION('',(-0.,1.));
#8349 = ( GEOMETRIC_REPRESENTATION_CONTEXT(2) 
PARAMETRIC_REPRESENTATION_CONTEXT() REPRESENTATION_CONTEXT('2D SPACE',''
  ) );
#8350 = ORIENTED_EDGE('',*,*,#8351,.F.);
#8351 = EDGE_CURVE('',#8352,#8324,#8354,.T.);
#8352 = VERTEX_POINT('',#8353);
#8353 = CARTESIAN_POINT('',(-36.4,42.4,32.));
#8354 = SURFACE_CURVE('',#8355,(#8359,#8366),.PCURVE_S1.);
#8355 = LINE('',#8356,#8357);
#8356 = CARTESIAN_POINT('',(-36.4,-46.4,32.));
#8357 = VECTOR('',#8358,1.);
#8358 = DIRECTION('',(-0.,1.,0.));
#8359 = PCURVE('',#2300,#8360);
#8360 = DEFINITIONAL_REPRESENTATION('',(#8361),#8365);
#8361 = LINE('',#8362,#8363);
#8362 = CARTESIAN_POINT('',(32.,0.));
#8363 = VECTOR('',#8364,1.);
#8364 = DIRECTION('',(0.,-1.));
#8365 = ( GEOMETRIC_REPRESENTATION_CONTEXT(2) 
PARAMETRIC_REPRESENTATION_CONTEXT() REPRESENTATION_CONTEXT('2D SPACE',''
  ) );
#8366 = PCURVE('',#7205,#8367);
#8367 = DEFINITIONAL_REPRESENTATION('',(#8368),#8372);
#8368 = LINE('',#8369,#8370);
#8369 = CARTESIAN_POINT('',(0.,0.));
#8370 = VECTOR('',#8371,1.);
#8371 = DIRECTION('',(0.,1.));
#8372 = ( GEOMETRIC_REPRESENTATION_CONTEXT(2) 
PARAMETRIC_REPRESENTATION_CONTEXT() REPRESENTATION_CONTEXT('2D SPACE',''
  ) );
#8373 = ORIENTED_EDGE('',*,*,#8374,.F.);
#8374 = EDGE_CURVE('',#8375,#8352,#8377,.T.);
#8375 = VERTEX_POINT('',#8376);
#8376 = CARTESIAN_POINT('',(-36.4,42.4,15.));
#8377 = SURFACE_CURVE('',#8378,(#8382,#8389),.PCURVE_S1.);
#8378 = LINE('',#8379,#8380);
#8379 = CARTESIAN_POINT('',(-36.4,42.4,15.));
#8380 = VECTOR('',#8381,1.);
#8381 = DIRECTION('',(0.,0.,1.));
#8382 = PCURVE('',#2300,#8383);
#8383 = DEFINITIONAL_REPRESENTATION('',(#8384),#8388);
#8384 = LINE('',#8385,#8386);
#8385 = CARTESIAN_POINT('',(15.,-88.8));
#8386 = VECTOR('',#8387,1.);
#8387 = DIRECTION('',(1.,0.));
#8388 = ( GEOMETRIC_REPRESENTATION_CONTEXT(2) 
PARAMETRIC_REPRESENTATION_CONTEXT() REPRESENTATION_CONTEXT('2D SPACE',''
  ) );
#8389 = PCURVE('',#8390,#8395);
#8390 = PLANE('',#8391);
#8391 = AXIS2_PLACEMENT_3D('',#8392,#8393,#8394);
#8392 = CARTESIAN_POINT('',(-40.44870670429,42.4,22.651293295703));
#8393 = DIRECTION('',(0.,1.,-0.));
#8394 = DIRECTION('',(-1.,0.,0.));
#8395 = DEFINITIONAL_REPRESENTATION('',(#8396),#8400);
#8396 = LINE('',#8397,#8398);
#8397 = CARTESIAN_POINT('',(-4.048706704297,-7.651293295703));
#8398 = VECTOR('',#8399,1.);
#8399 = DIRECTION('',(0.,1.));
#8400 = ( GEOMETRIC_REPRESENTATION_CONTEXT(2) 
PARAMETRIC_REPRESENTATION_CONTEXT() REPRESENTATION_CONTEXT('2D SPACE',''
  ) );
#8401 = ORIENTED_EDGE('',*,*,#8402,.F.);
#8402 = EDGE_CURVE('',#8403,#8375,#8405,.T.);
#8403 = VERTEX_POINT('',#8404);
#8404 = CARTESIAN_POINT('',(-36.4,40.,15.));
#8405 = SURFACE_CURVE('',#8406,(#8410,#8416),.PCURVE_S1.);
#8406 = LINE('',#8407,#8408);
#8407 = CARTESIAN_POINT('',(-36.4,-2.6,15.));
#8408 = VECTOR('',#8409,1.);
#8409 = DIRECTION('',(0.,1.,0.));
#8410 = PCURVE('',#2300,#8411);
#8411 = DEFINITIONAL_REPRESENTATION('',(#8412),#8415);
#8412 = B_SPLINE_CURVE_WITH_KNOTS('',1,(#8413,#8414),.UNSPECIFIED.,.F.,
  .F.,(2,2),(42.6,45.),.PIECEWISE_BEZIER_KNOTS.);
#8413 = CARTESIAN_POINT('',(15.,-86.4));
#8414 = CARTESIAN_POINT('',(15.,-88.8));
#8415 = ( GEOMETRIC_REPRESENTATION_CONTEXT(2) 
PARAMETRIC_REPRESENTATION_CONTEXT() REPRESENTATION_CONTEXT('2D SPACE',''
  ) );
#8416 = PCURVE('',#8417,#8422);
#8417 = PLANE('',#8418);
#8418 = AXIS2_PLACEMENT_3D('',#8419,#8420,#8421);
#8419 = CARTESIAN_POINT('',(-36.1,41.2,14.7));
#8420 = DIRECTION('',(-0.707106781187,0.,-0.707106781187));
#8421 = DIRECTION('',(-0.707106781187,0.,0.707106781187));
#8422 = DEFINITIONAL_REPRESENTATION('',(#8423),#8426);
#8423 = B_SPLINE_CURVE_WITH_KNOTS('',1,(#8424,#8425),.UNSPECIFIED.,.F.,
  .F.,(2,2),(42.6,45.),.PIECEWISE_BEZIER_KNOTS.);
#8424 = CARTESIAN_POINT('',(0.424264068712,-1.2));
#8425 = CARTESIAN_POINT('',(0.424264068712,1.2));
#8426 = ( GEOMETRIC_REPRESENTATION_CONTEXT(2) 
PARAMETRIC_REPRESENTATION_CONTEXT() REPRESENTATION_CONTEXT('2D SPACE',''
  ) );
#8427 = ORIENTED_EDGE('',*,*,#8428,.T.);
#8428 = EDGE_CURVE('',#8403,#8429,#8431,.T.);
#8429 = VERTEX_POINT('',#8430);
#8430 = CARTESIAN_POINT('',(-36.4,40.,27.));
#8431 = SURFACE_CURVE('',#8432,(#8436,#8442),.PCURVE_S1.);
#8432 = LINE('',#8433,#8434);
#8433 = CARTESIAN_POINT('',(-36.4,40.,11.325646647851));
#8434 = VECTOR('',#8435,1.);
#8435 = DIRECTION('',(0.,0.,1.));
#8436 = PCURVE('',#2300,#8437);
#8437 = DEFINITIONAL_REPRESENTATION('',(#8438),#8441);
#8438 = B_SPLINE_CURVE_WITH_KNOTS('',1,(#8439,#8440),.UNSPECIFIED.,.F.,
  .F.,(2,2),(3.374353352149,15.674353352149),.PIECEWISE_BEZIER_KNOTS.);
#8439 = CARTESIAN_POINT('',(14.7,-86.4));
#8440 = CARTESIAN_POINT('',(27.,-86.4));
#8441 = ( GEOMETRIC_REPRESENTATION_CONTEXT(2) 
PARAMETRIC_REPRESENTATION_CONTEXT() REPRESENTATION_CONTEXT('2D SPACE',''
  ) );
#8442 = PCURVE('',#8443,#8448);
#8443 = PLANE('',#8444);
#8444 = AXIS2_PLACEMENT_3D('',#8445,#8446,#8447);
#8445 = CARTESIAN_POINT('',(-40.44870670429,40.,22.651293295703));
#8446 = DIRECTION('',(0.,1.,-0.));
#8447 = DIRECTION('',(-1.,0.,0.));
#8448 = DEFINITIONAL_REPRESENTATION('',(#8449),#8452);
#8449 = B_SPLINE_CURVE_WITH_KNOTS('',1,(#8450,#8451),.UNSPECIFIED.,.F.,
  .F.,(2,2),(3.374353352149,15.674353352149),.PIECEWISE_BEZIER_KNOTS.);
#8450 = CARTESIAN_POINT('',(-4.048706704297,-7.951293295703));
#8451 = CARTESIAN_POINT('',(-4.048706704297,4.348706704297));
#8452 = ( GEOMETRIC_REPRESENTATION_CONTEXT(2) 
PARAMETRIC_REPRESENTATION_CONTEXT() REPRESENTATION_CONTEXT('2D SPACE',''
  ) );
#8453 = ORIENTED_EDGE('',*,*,#8454,.T.);
#8454 = EDGE_CURVE('',#8429,#8455,#8457,.T.);
#8455 = VERTEX_POINT('',#8456);
#8456 = CARTESIAN_POINT('',(-36.4,30.8,27.));
#8457 = SURFACE_CURVE('',#8458,(#8462,#8468),.PCURVE_S1.);
#8458 = LINE('',#8459,#8460);
#8459 = CARTESIAN_POINT('',(-36.4,-9.,27.));
#8460 = VECTOR('',#8461,1.);
#8461 = DIRECTION('',(0.,-1.,0.));
#8462 = PCURVE('',#2300,#8463);
#8463 = DEFINITIONAL_REPRESENTATION('',(#8464),#8467);
#8464 = B_SPLINE_CURVE_WITH_KNOTS('',1,(#8465,#8466),.UNSPECIFIED.,.F.,
  .F.,(2,2),(-51.4,-37.4),.PIECEWISE_BEZIER_KNOTS.);
#8465 = CARTESIAN_POINT('',(27.,-88.8));
#8466 = CARTESIAN_POINT('',(27.,-74.8));
#8467 = ( GEOMETRIC_REPRESENTATION_CONTEXT(2) 
PARAMETRIC_REPRESENTATION_CONTEXT() REPRESENTATION_CONTEXT('2D SPACE',''
  ) );
#8468 = PCURVE('',#8469,#8474);
#8469 = PLANE('',#8470);
#8470 = AXIS2_PLACEMENT_3D('',#8471,#8472,#8473);
#8471 = CARTESIAN_POINT('',(-48.4,28.4,27.));
#8472 = DIRECTION('',(0.,0.,1.));
#8473 = DIRECTION('',(1.,0.,-0.));
#8474 = DEFINITIONAL_REPRESENTATION('',(#8475),#8478);
#8475 = B_SPLINE_CURVE_WITH_KNOTS('',1,(#8476,#8477),.UNSPECIFIED.,.F.,
  .F.,(2,2),(-51.4,-37.4),.PIECEWISE_BEZIER_KNOTS.);
#8476 = CARTESIAN_POINT('',(12.,14.));
#8477 = CARTESIAN_POINT('',(12.,0.));
#8478 = ( GEOMETRIC_REPRESENTATION_CONTEXT(2) 
PARAMETRIC_REPRESENTATION_CONTEXT() REPRESENTATION_CONTEXT('2D SPACE',''
  ) );
#8479 = ORIENTED_EDGE('',*,*,#8480,.F.);
#8480 = EDGE_CURVE('',#8481,#8455,#8483,.T.);
#8481 = VERTEX_POINT('',#8482);
#8482 = CARTESIAN_POINT('',(-36.4,30.8,15.));
#8483 = SURFACE_CURVE('',#8484,(#8488,#8494),.PCURVE_S1.);
#8484 = LINE('',#8485,#8486);
#8485 = CARTESIAN_POINT('',(-36.4,30.8,11.325646647851));
#8486 = VECTOR('',#8487,1.);
#8487 = DIRECTION('',(0.,0.,1.));
#8488 = PCURVE('',#2300,#8489);
#8489 = DEFINITIONAL_REPRESENTATION('',(#8490),#8493);
#8490 = B_SPLINE_CURVE_WITH_KNOTS('',1,(#8491,#8492),.UNSPECIFIED.,.F.,
  .F.,(2,2),(3.374353352149,15.674353352149),.PIECEWISE_BEZIER_KNOTS.);
#8491 = CARTESIAN_POINT('',(14.7,-77.2));
#8492 = CARTESIAN_POINT('',(27.,-77.2));
#8493 = ( GEOMETRIC_REPRESENTATION_CONTEXT(2) 
PARAMETRIC_REPRESENTATION_CONTEXT() REPRESENTATION_CONTEXT('2D SPACE',''
  ) );
#8494 = PCURVE('',#8495,#8500);
#8495 = PLANE('',#8496);
#8496 = AXIS2_PLACEMENT_3D('',#8497,#8498,#8499);
#8497 = CARTESIAN_POINT('',(-40.44870670429,30.8,22.651293295703));
#8498 = DIRECTION('',(0.,1.,-0.));
#8499 = DIRECTION('',(-1.,0.,0.));
#8500 = DEFINITIONAL_REPRESENTATION('',(#8501),#8504);
#8501 = B_SPLINE_CURVE_WITH_KNOTS('',1,(#8502,#8503),.UNSPECIFIED.,.F.,
  .F.,(2,2),(3.374353352149,15.674353352149),.PIECEWISE_BEZIER_KNOTS.);
#8502 = CARTESIAN_POINT('',(-4.048706704297,-7.951293295703));
#8503 = CARTESIAN_POINT('',(-4.048706704297,4.348706704297));
#8504 = ( GEOMETRIC_REPRESENTATION_CONTEXT(2) 
PARAMETRIC_REPRESENTATION_CONTEXT() REPRESENTATION_CONTEXT('2D SPACE',''
  ) );
#8505 = ORIENTED_EDGE('',*,*,#8506,.F.);
#8506 = EDGE_CURVE('',#7116,#8481,#8507,.T.);
#8507 = SURFACE_CURVE('',#8508,(#8512,#8518),.PCURVE_S1.);
#8508 = LINE('',#8509,#8510);
#8509 = CARTESIAN_POINT('',(-36.4,-8.4,15.));
#8510 = VECTOR('',#8511,1.);
#8511 = DIRECTION('',(0.,1.,0.));
#8512 = PCURVE('',#2300,#8513);
#8513 = DEFINITIONAL_REPRESENTATION('',(#8514),#8517);
#8514 = B_SPLINE_CURVE_WITH_KNOTS('',1,(#8515,#8516),.UNSPECIFIED.,.F.,
  .F.,(2,2),(36.8,39.2),.PIECEWISE_BEZIER_KNOTS.);
#8515 = CARTESIAN_POINT('',(15.,-74.8));
#8516 = CARTESIAN_POINT('',(15.,-77.2));
#8517 = ( GEOMETRIC_REPRESENTATION_CONTEXT(2) 
PARAMETRIC_REPRESENTATION_CONTEXT() REPRESENTATION_CONTEXT('2D SPACE',''
  ) );
#8518 = PCURVE('',#7151,#8519);
#8519 = DEFINITIONAL_REPRESENTATION('',(#8520),#8523);
#8520 = B_SPLINE_CURVE_WITH_KNOTS('',1,(#8521,#8522),.UNSPECIFIED.,.F.,
  .F.,(2,2),(36.8,39.2),.PIECEWISE_BEZIER_KNOTS.);
#8521 = CARTESIAN_POINT('',(0.424264068712,-1.2));
#8522 = CARTESIAN_POINT('',(0.424264068712,1.2));
#8523 = ( GEOMETRIC_REPRESENTATION_CONTEXT(2) 
PARAMETRIC_REPRESENTATION_CONTEXT() REPRESENTATION_CONTEXT('2D SPACE',''
  ) );
#8524 = ORIENTED_EDGE('',*,*,#7115,.F.);
#8525 = ORIENTED_EDGE('',*,*,#2285,.T.);
#8526 = ADVANCED_FACE('',(#8527),#3191,.T.);
#8527 = FACE_BOUND('',#8528,.T.);
#8528 = EDGE_LOOP('',(#8529,#8555,#8582,#8583));
#8529 = ORIENTED_EDGE('',*,*,#8530,.F.);
#8530 = EDGE_CURVE('',#8531,#3311,#8533,.T.);
#8531 = VERTEX_POINT('',#8532);
#8532 = CARTESIAN_POINT('',(37.6,-43.4,4.8));
#8533 = SURFACE_CURVE('',#8534,(#8538,#8544),.PCURVE_S1.);
#8534 = LINE('',#8535,#8536);
#8535 = CARTESIAN_POINT('',(37.,-43.4,4.2));
#8536 = VECTOR('',#8537,1.);
#8537 = DIRECTION('',(-0.707106781187,-0.,-0.707106781187));
#8538 = PCURVE('',#3191,#8539);
#8539 = DEFINITIONAL_REPRESENTATION('',(#8540),#8543);
#8540 = B_SPLINE_CURVE_WITH_KNOTS('',1,(#8541,#8542),.UNSPECIFIED.,.F.,
  .F.,(2,2),(-0.848528137424,0.848528137424),.PIECEWISE_BEZIER_KNOTS.);
#8541 = CARTESIAN_POINT('',(0.,0.));
#8542 = CARTESIAN_POINT('',(0.,-1.2));
#8543 = ( GEOMETRIC_REPRESENTATION_CONTEXT(2) 
PARAMETRIC_REPRESENTATION_CONTEXT() REPRESENTATION_CONTEXT('2D SPACE',''
  ) );
#8544 = PCURVE('',#8545,#8550);
#8545 = PLANE('',#8546);
#8546 = AXIS2_PLACEMENT_3D('',#8547,#8548,#8549);
#8547 = CARTESIAN_POINT('',(37.,43.4,4.2));
#8548 = DIRECTION('',(-0.707106781187,0.,0.707106781187));
#8549 = DIRECTION('',(0.,1.,-0.));
#8550 = DEFINITIONAL_REPRESENTATION('',(#8551),#8554);
#8551 = B_SPLINE_CURVE_WITH_KNOTS('',1,(#8552,#8553),.UNSPECIFIED.,.F.,
  .F.,(2,2),(-0.848528137424,0.848528137424),.PIECEWISE_BEZIER_KNOTS.);
#8552 = CARTESIAN_POINT('',(-86.8,-0.848528137424));
#8553 = CARTESIAN_POINT('',(-86.8,0.848528137424));
#8554 = ( GEOMETRIC_REPRESENTATION_CONTEXT(2) 
PARAMETRIC_REPRESENTATION_CONTEXT() REPRESENTATION_CONTEXT('2D SPACE',''
  ) );
#8555 = ORIENTED_EDGE('',*,*,#8556,.T.);
#8556 = EDGE_CURVE('',#8531,#3177,#8557,.T.);
#8557 = SURFACE_CURVE('',#8558,(#8563,#8570),.PCURVE_S1.);
#8558 = CIRCLE('',#8559,4.2);
#8559 = AXIS2_PLACEMENT_3D('',#8560,#8561,#8562);
#8560 = CARTESIAN_POINT('',(33.4,-43.4,4.8));
#8561 = DIRECTION('',(0.,-0.,-1.));
#8562 = DIRECTION('',(1.,0.,-0.));
#8563 = PCURVE('',#3191,#8564);
#8564 = DEFINITIONAL_REPRESENTATION('',(#8565),#8569);
#8565 = LINE('',#8566,#8567);
#8566 = CARTESIAN_POINT('',(-0.,-0.));
#8567 = VECTOR('',#8568,1.);
#8568 = DIRECTION('',(-1.,-0.));
#8569 = ( GEOMETRIC_REPRESENTATION_CONTEXT(2) 
PARAMETRIC_REPRESENTATION_CONTEXT() REPRESENTATION_CONTEXT('2D SPACE',''
  ) );
#8570 = PCURVE('',#8571,#8576);
#8571 = CYLINDRICAL_SURFACE('',#8572,4.2);
#8572 = AXIS2_PLACEMENT_3D('',#8573,#8574,#8575);
#8573 = CARTESIAN_POINT('',(33.4,-43.4,3.6));
#8574 = DIRECTION('',(0.,0.,1.));
#8575 = DIRECTION('',(1.,0.,-0.));
#8576 = DEFINITIONAL_REPRESENTATION('',(#8577),#8581);
#8577 = LINE('',#8578,#8579);
#8578 = CARTESIAN_POINT('',(-0.,1.2));
#8579 = VECTOR('',#8580,1.);
#8580 = DIRECTION('',(-1.,0.));
#8581 = ( GEOMETRIC_REPRESENTATION_CONTEXT(2) 
PARAMETRIC_REPRESENTATION_CONTEXT() REPRESENTATION_CONTEXT('2D SPACE',''
  ) );
#8582 = ORIENTED_EDGE('',*,*,#3176,.T.);
#8583 = ORIENTED_EDGE('',*,*,#3361,.F.);
#8584 = ADVANCED_FACE('',(#8585),#3216,.F.);
#8585 = FACE_BOUND('',#8586,.F.);
#8586 = EDGE_LOOP('',(#8587,#8588,#8611,#8632));
#8587 = ORIENTED_EDGE('',*,*,#3235,.T.);
#8588 = ORIENTED_EDGE('',*,*,#8589,.F.);
#8589 = EDGE_CURVE('',#8590,#3236,#8592,.T.);
#8590 = VERTEX_POINT('',#8591);
#8591 = CARTESIAN_POINT('',(33.4,-47.6,7.2));
#8592 = SURFACE_CURVE('',#8593,(#8597,#8604),.PCURVE_S1.);
#8593 = LINE('',#8594,#8595);
#8594 = CARTESIAN_POINT('',(33.4,-47.6,7.2));
#8595 = VECTOR('',#8596,1.);
#8596 = DIRECTION('',(-1.,-0.,0.));
#8597 = PCURVE('',#3216,#8598);
#8598 = DEFINITIONAL_REPRESENTATION('',(#8599),#8603);
#8599 = LINE('',#8600,#8601);
#8600 = CARTESIAN_POINT('',(3.6,71.));
#8601 = VECTOR('',#8602,1.);
#8602 = DIRECTION('',(0.,-1.));
#8603 = ( GEOMETRIC_REPRESENTATION_CONTEXT(2) 
PARAMETRIC_REPRESENTATION_CONTEXT() REPRESENTATION_CONTEXT('2D SPACE',''
  ) );
#8604 = PCURVE('',#5517,#8605);
#8605 = DEFINITIONAL_REPRESENTATION('',(#8606),#8610);
#8606 = LINE('',#8607,#8608);
#8607 = CARTESIAN_POINT('',(0.,-0.848528137424));
#8608 = VECTOR('',#8609,1.);
#8609 = DIRECTION('',(1.,0.));
#8610 = ( GEOMETRIC_REPRESENTATION_CONTEXT(2) 
PARAMETRIC_REPRESENTATION_CONTEXT() REPRESENTATION_CONTEXT('2D SPACE',''
  ) );
#8611 = ORIENTED_EDGE('',*,*,#8612,.F.);
#8612 = EDGE_CURVE('',#3177,#8590,#8613,.T.);
#8613 = SURFACE_CURVE('',#8614,(#8618,#8625),.PCURVE_S1.);
#8614 = LINE('',#8615,#8616);
#8615 = CARTESIAN_POINT('',(33.4,-47.6,3.6));
#8616 = VECTOR('',#8617,1.);
#8617 = DIRECTION('',(0.,0.,1.));
#8618 = PCURVE('',#3216,#8619);
#8619 = DEFINITIONAL_REPRESENTATION('',(#8620),#8624);
#8620 = LINE('',#8621,#8622);
#8621 = CARTESIAN_POINT('',(0.,71.));
#8622 = VECTOR('',#8623,1.);
#8623 = DIRECTION('',(1.,0.));
#8624 = ( GEOMETRIC_REPRESENTATION_CONTEXT(2) 
PARAMETRIC_REPRESENTATION_CONTEXT() REPRESENTATION_CONTEXT('2D SPACE',''
  ) );
#8625 = PCURVE('',#8571,#8626);
#8626 = DEFINITIONAL_REPRESENTATION('',(#8627),#8631);
#8627 = LINE('',#8628,#8629);
#8628 = CARTESIAN_POINT('',(-1.570796326795,0.));
#8629 = VECTOR('',#8630,1.);
#8630 = DIRECTION('',(-0.,1.));
#8631 = ( GEOMETRIC_REPRESENTATION_CONTEXT(2) 
PARAMETRIC_REPRESENTATION_CONTEXT() REPRESENTATION_CONTEXT('2D SPACE',''
  ) );
#8632 = ORIENTED_EDGE('',*,*,#3202,.T.);
#8633 = ADVANCED_FACE('',(#8634),#3326,.T.);
#8634 = FACE_BOUND('',#8635,.T.);
#8635 = EDGE_LOOP('',(#8636,#8637,#8638,#8661));
#8636 = ORIENTED_EDGE('',*,*,#3308,.F.);
#8637 = ORIENTED_EDGE('',*,*,#3529,.F.);
#8638 = ORIENTED_EDGE('',*,*,#8639,.T.);
#8639 = EDGE_CURVE('',#3509,#8640,#8642,.T.);
#8640 = VERTEX_POINT('',#8641);
#8641 = CARTESIAN_POINT('',(36.4,43.4,3.6));
#8642 = SURFACE_CURVE('',#8643,(#8647,#8654),.PCURVE_S1.);
#8643 = LINE('',#8644,#8645);
#8644 = CARTESIAN_POINT('',(36.4,43.4,0.));
#8645 = VECTOR('',#8646,1.);
#8646 = DIRECTION('',(0.,0.,1.));
#8647 = PCURVE('',#3326,#8648);
#8648 = DEFINITIONAL_REPRESENTATION('',(#8649),#8653);
#8649 = LINE('',#8650,#8651);
#8650 = CARTESIAN_POINT('',(0.,-89.8));
#8651 = VECTOR('',#8652,1.);
#8652 = DIRECTION('',(1.,0.));
#8653 = ( GEOMETRIC_REPRESENTATION_CONTEXT(2) 
PARAMETRIC_REPRESENTATION_CONTEXT() REPRESENTATION_CONTEXT('2D SPACE',''
  ) );
#8654 = PCURVE('',#3591,#8655);
#8655 = DEFINITIONAL_REPRESENTATION('',(#8656),#8660);
#8656 = LINE('',#8657,#8658);
#8657 = CARTESIAN_POINT('',(0.,0.));
#8658 = VECTOR('',#8659,1.);
#8659 = DIRECTION('',(0.,1.));
#8660 = ( GEOMETRIC_REPRESENTATION_CONTEXT(2) 
PARAMETRIC_REPRESENTATION_CONTEXT() REPRESENTATION_CONTEXT('2D SPACE',''
  ) );
#8661 = ORIENTED_EDGE('',*,*,#8662,.T.);
#8662 = EDGE_CURVE('',#8640,#3311,#8663,.T.);
#8663 = SURFACE_CURVE('',#8664,(#8668,#8675),.PCURVE_S1.);
#8664 = LINE('',#8665,#8666);
#8665 = CARTESIAN_POINT('',(36.4,43.4,3.6));
#8666 = VECTOR('',#8667,1.);
#8667 = DIRECTION('',(0.,-1.,-0.));
#8668 = PCURVE('',#3326,#8669);
#8669 = DEFINITIONAL_REPRESENTATION('',(#8670),#8674);
#8670 = LINE('',#8671,#8672);
#8671 = CARTESIAN_POINT('',(3.6,-89.8));
#8672 = VECTOR('',#8673,1.);
#8673 = DIRECTION('',(0.,1.));
#8674 = ( GEOMETRIC_REPRESENTATION_CONTEXT(2) 
PARAMETRIC_REPRESENTATION_CONTEXT() REPRESENTATION_CONTEXT('2D SPACE',''
  ) );
#8675 = PCURVE('',#8545,#8676);
#8676 = DEFINITIONAL_REPRESENTATION('',(#8677),#8681);
#8677 = LINE('',#8678,#8679);
#8678 = CARTESIAN_POINT('',(-0.,0.848528137424));
#8679 = VECTOR('',#8680,1.);
#8680 = DIRECTION('',(-1.,0.));
#8681 = ( GEOMETRIC_REPRESENTATION_CONTEXT(2) 
PARAMETRIC_REPRESENTATION_CONTEXT() REPRESENTATION_CONTEXT('2D SPACE',''
  ) );
#8682 = ADVANCED_FACE('',(#8683),#3433,.F.);
#8683 = FACE_BOUND('',#8684,.F.);
#8684 = EDGE_LOOP('',(#8685,#8708,#8735,#8736));
#8685 = ORIENTED_EDGE('',*,*,#8686,.T.);
#8686 = EDGE_CURVE('',#3413,#8687,#8689,.T.);
#8687 = VERTEX_POINT('',#8688);
#8688 = CARTESIAN_POINT('',(-35.6,-24.,3.));
#8689 = SEAM_CURVE('',#8690,(#8694,#8701),.PCURVE_S1.);
#8690 = LINE('',#8691,#8692);
#8691 = CARTESIAN_POINT('',(-40.01,-24.,3.));
#8692 = VECTOR('',#8693,1.);
#8693 = DIRECTION('',(1.,0.,2.22044604925E-16));
#8694 = PCURVE('',#3433,#8695);
#8695 = DEFINITIONAL_REPRESENTATION('',(#8696),#8700);
#8696 = LINE('',#8697,#8698);
#8697 = CARTESIAN_POINT('',(6.28318530718,-0.));
#8698 = VECTOR('',#8699,1.);
#8699 = DIRECTION('',(0.,1.));
#8700 = ( GEOMETRIC_REPRESENTATION_CONTEXT(2) 
PARAMETRIC_REPRESENTATION_CONTEXT() REPRESENTATION_CONTEXT('2D SPACE',''
  ) );
#8701 = PCURVE('',#3433,#8702);
#8702 = DEFINITIONAL_REPRESENTATION('',(#8703),#8707);
#8703 = LINE('',#8704,#8705);
#8704 = CARTESIAN_POINT('',(0.,-0.));
#8705 = VECTOR('',#8706,1.);
#8706 = DIRECTION('',(0.,1.));
#8707 = ( GEOMETRIC_REPRESENTATION_CONTEXT(2) 
PARAMETRIC_REPRESENTATION_CONTEXT() REPRESENTATION_CONTEXT('2D SPACE',''
  ) );
#8708 = ORIENTED_EDGE('',*,*,#8709,.F.);
#8709 = EDGE_CURVE('',#8687,#8687,#8710,.T.);
#8710 = SURFACE_CURVE('',#8711,(#8716,#8723),.PCURVE_S1.);
#8711 = CIRCLE('',#8712,2.);
#8712 = AXIS2_PLACEMENT_3D('',#8713,#8714,#8715);
#8713 = CARTESIAN_POINT('',(-35.6,-24.,5.));
#8714 = DIRECTION('',(1.,-0.,2.22044604925E-16));
#8715 = DIRECTION('',(2.22044604925E-16,0.,-1.));
#8716 = PCURVE('',#3433,#8717);
#8717 = DEFINITIONAL_REPRESENTATION('',(#8718),#8722);
#8718 = LINE('',#8719,#8720);
#8719 = CARTESIAN_POINT('',(0.,4.41));
#8720 = VECTOR('',#8721,1.);
#8721 = DIRECTION('',(1.,0.));
#8722 = ( GEOMETRIC_REPRESENTATION_CONTEXT(2) 
PARAMETRIC_REPRESENTATION_CONTEXT() REPRESENTATION_CONTEXT('2D SPACE',''
  ) );
#8723 = PCURVE('',#8724,#8729);
#8724 = PLANE('',#8725);
#8725 = AXIS2_PLACEMENT_3D('',#8726,#8727,#8728);
#8726 = CARTESIAN_POINT('',(-35.6,-24.,5.));
#8727 = DIRECTION('',(1.,0.,2.22044604925E-16));
#8728 = DIRECTION('',(2.22044604925E-16,0.,-1.));
#8729 = DEFINITIONAL_REPRESENTATION('',(#8730),#8734);
#8730 = CIRCLE('',#8731,2.);
#8731 = AXIS2_PLACEMENT_2D('',#8732,#8733);
#8732 = CARTESIAN_POINT('',(0.,0.));
#8733 = DIRECTION('',(1.,0.));
#8734 = ( GEOMETRIC_REPRESENTATION_CONTEXT(2) 
PARAMETRIC_REPRESENTATION_CONTEXT() REPRESENTATION_CONTEXT('2D SPACE',''
  ) );
#8735 = ORIENTED_EDGE('',*,*,#8686,.F.);
#8736 = ORIENTED_EDGE('',*,*,#3412,.T.);
#8737 = ADVANCED_FACE('',(#8738),#3468,.F.);
#8738 = FACE_BOUND('',#8739,.F.);
#8739 = EDGE_LOOP('',(#8740,#8763,#8790,#8791));
#8740 = ORIENTED_EDGE('',*,*,#8741,.T.);
#8741 = EDGE_CURVE('',#3448,#8742,#8744,.T.);
#8742 = VERTEX_POINT('',#8743);
#8743 = CARTESIAN_POINT('',(-35.6,-18.,3.));
#8744 = SEAM_CURVE('',#8745,(#8749,#8756),.PCURVE_S1.);
#8745 = LINE('',#8746,#8747);
#8746 = CARTESIAN_POINT('',(-40.01,-18.,3.));
#8747 = VECTOR('',#8748,1.);
#8748 = DIRECTION('',(1.,0.,2.22044604925E-16));
#8749 = PCURVE('',#3468,#8750);
#8750 = DEFINITIONAL_REPRESENTATION('',(#8751),#8755);
#8751 = LINE('',#8752,#8753);
#8752 = CARTESIAN_POINT('',(6.28318530718,-0.));
#8753 = VECTOR('',#8754,1.);
#8754 = DIRECTION('',(0.,1.));
#8755 = ( GEOMETRIC_REPRESENTATION_CONTEXT(2) 
PARAMETRIC_REPRESENTATION_CONTEXT() REPRESENTATION_CONTEXT('2D SPACE',''
  ) );
#8756 = PCURVE('',#3468,#8757);
#8757 = DEFINITIONAL_REPRESENTATION('',(#8758),#8762);
#8758 = LINE('',#8759,#8760);
#8759 = CARTESIAN_POINT('',(0.,-0.));
#8760 = VECTOR('',#8761,1.);
#8761 = DIRECTION('',(0.,1.));
#8762 = ( GEOMETRIC_REPRESENTATION_CONTEXT(2) 
PARAMETRIC_REPRESENTATION_CONTEXT() REPRESENTATION_CONTEXT('2D SPACE',''
  ) );
#8763 = ORIENTED_EDGE('',*,*,#8764,.F.);
#8764 = EDGE_CURVE('',#8742,#8742,#8765,.T.);
#8765 = SURFACE_CURVE('',#8766,(#8771,#8778),.PCURVE_S1.);
#8766 = CIRCLE('',#8767,2.);
#8767 = AXIS2_PLACEMENT_3D('',#8768,#8769,#8770);
#8768 = CARTESIAN_POINT('',(-35.6,-18.,5.));
#8769 = DIRECTION('',(1.,-0.,2.22044604925E-16));
#8770 = DIRECTION('',(2.22044604925E-16,0.,-1.));
#8771 = PCURVE('',#3468,#8772);
#8772 = DEFINITIONAL_REPRESENTATION('',(#8773),#8777);
#8773 = LINE('',#8774,#8775);
#8774 = CARTESIAN_POINT('',(0.,4.41));
#8775 = VECTOR('',#8776,1.);
#8776 = DIRECTION('',(1.,0.));
#8777 = ( GEOMETRIC_REPRESENTATION_CONTEXT(2) 
PARAMETRIC_REPRESENTATION_CONTEXT() REPRESENTATION_CONTEXT('2D SPACE',''
  ) );
#8778 = PCURVE('',#8779,#8784);
#8779 = PLANE('',#8780);
#8780 = AXIS2_PLACEMENT_3D('',#8781,#8782,#8783);
#8781 = CARTESIAN_POINT('',(-35.6,-18.,5.));
#8782 = DIRECTION('',(1.,0.,2.22044604925E-16));
#8783 = DIRECTION('',(2.22044604925E-16,0.,-1.));
#8784 = DEFINITIONAL_REPRESENTATION('',(#8785),#8789);
#8785 = CIRCLE('',#8786,2.);
#8786 = AXIS2_PLACEMENT_2D('',#8787,#8788);
#8787 = CARTESIAN_POINT('',(0.,0.));
#8788 = DIRECTION('',(1.,0.));
#8789 = ( GEOMETRIC_REPRESENTATION_CONTEXT(2) 
PARAMETRIC_REPRESENTATION_CONTEXT() REPRESENTATION_CONTEXT('2D SPACE',''
  ) );
#8790 = ORIENTED_EDGE('',*,*,#8741,.F.);
#8791 = ORIENTED_EDGE('',*,*,#3447,.T.);
#8792 = ADVANCED_FACE('',(#8793),#3591,.T.);
#8793 = FACE_BOUND('',#8794,.T.);
#8794 = EDGE_LOOP('',(#8795,#8796,#8797,#8820));
#8795 = ORIENTED_EDGE('',*,*,#8639,.F.);
#8796 = ORIENTED_EDGE('',*,*,#3576,.F.);
#8797 = ORIENTED_EDGE('',*,*,#8798,.T.);
#8798 = EDGE_CURVE('',#3556,#8799,#8801,.T.);
#8799 = VERTEX_POINT('',#8800);
#8800 = CARTESIAN_POINT('',(33.4,46.4,3.6));
#8801 = SURFACE_CURVE('',#8802,(#8806,#8813),.PCURVE_S1.);
#8802 = LINE('',#8803,#8804);
#8803 = CARTESIAN_POINT('',(33.4,46.4,0.));
#8804 = VECTOR('',#8805,1.);
#8805 = DIRECTION('',(0.,0.,1.));
#8806 = PCURVE('',#3591,#8807);
#8807 = DEFINITIONAL_REPRESENTATION('',(#8808),#8812);
#8808 = LINE('',#8809,#8810);
#8809 = CARTESIAN_POINT('',(1.570796326795,0.));
#8810 = VECTOR('',#8811,1.);
#8811 = DIRECTION('',(0.,1.));
#8812 = ( GEOMETRIC_REPRESENTATION_CONTEXT(2) 
PARAMETRIC_REPRESENTATION_CONTEXT() REPRESENTATION_CONTEXT('2D SPACE',''
  ) );
#8813 = PCURVE('',#3643,#8814);
#8814 = DEFINITIONAL_REPRESENTATION('',(#8815),#8819);
#8815 = LINE('',#8816,#8817);
#8816 = CARTESIAN_POINT('',(0.,69.8));
#8817 = VECTOR('',#8818,1.);
#8818 = DIRECTION('',(1.,0.));
#8819 = ( GEOMETRIC_REPRESENTATION_CONTEXT(2) 
PARAMETRIC_REPRESENTATION_CONTEXT() REPRESENTATION_CONTEXT('2D SPACE',''
  ) );
#8820 = ORIENTED_EDGE('',*,*,#8821,.T.);
#8821 = EDGE_CURVE('',#8799,#8640,#8822,.T.);
#8822 = SURFACE_CURVE('',#8823,(#8828,#8835),.PCURVE_S1.);
#8823 = CIRCLE('',#8824,3.);
#8824 = AXIS2_PLACEMENT_3D('',#8825,#8826,#8827);
#8825 = CARTESIAN_POINT('',(33.4,43.4,3.6));
#8826 = DIRECTION('',(0.,-0.,-1.));
#8827 = DIRECTION('',(1.691768418476E-15,1.,-0.));
#8828 = PCURVE('',#3591,#8829);
#8829 = DEFINITIONAL_REPRESENTATION('',(#8830),#8834);
#8830 = LINE('',#8831,#8832);
#8831 = CARTESIAN_POINT('',(1.570796326795,3.6));
#8832 = VECTOR('',#8833,1.);
#8833 = DIRECTION('',(-1.,0.));
#8834 = ( GEOMETRIC_REPRESENTATION_CONTEXT(2) 
PARAMETRIC_REPRESENTATION_CONTEXT() REPRESENTATION_CONTEXT('2D SPACE',''
  ) );
#8835 = PCURVE('',#8836,#8841);
#8836 = CONICAL_SURFACE('',#8837,4.2,0.785398163397);
#8837 = AXIS2_PLACEMENT_3D('',#8838,#8839,#8840);
#8838 = CARTESIAN_POINT('',(33.4,43.4,4.8));
#8839 = DIRECTION('',(0.,0.,1.));
#8840 = DIRECTION('',(1.691768418476E-15,1.,-0.));
#8841 = DEFINITIONAL_REPRESENTATION('',(#8842),#8846);
#8842 = LINE('',#8843,#8844);
#8843 = CARTESIAN_POINT('',(-0.,-1.2));
#8844 = VECTOR('',#8845,1.);
#8845 = DIRECTION('',(-1.,-0.));
#8846 = ( GEOMETRIC_REPRESENTATION_CONTEXT(2) 
PARAMETRIC_REPRESENTATION_CONTEXT() REPRESENTATION_CONTEXT('2D SPACE',''
  ) );
#8847 = ADVANCED_FACE('',(#8848),#3643,.T.);
#8848 = FACE_BOUND('',#8849,.T.);
#8849 = EDGE_LOOP('',(#8850,#8851,#8874,#8900));
#8850 = ORIENTED_EDGE('',*,*,#3629,.F.);
#8851 = ORIENTED_EDGE('',*,*,#8852,.T.);
#8852 = EDGE_CURVE('',#3609,#8853,#8855,.T.);
#8853 = VERTEX_POINT('',#8854);
#8854 = CARTESIAN_POINT('',(-33.4,46.4,3.6));
#8855 = SURFACE_CURVE('',#8856,(#8860,#8867),.PCURVE_S1.);
#8856 = LINE('',#8857,#8858);
#8857 = CARTESIAN_POINT('',(-33.4,46.4,0.));
#8858 = VECTOR('',#8859,1.);
#8859 = DIRECTION('',(0.,0.,1.));
#8860 = PCURVE('',#3643,#8861);
#8861 = DEFINITIONAL_REPRESENTATION('',(#8862),#8866);
#8862 = LINE('',#8863,#8864);
#8863 = CARTESIAN_POINT('',(0.,3.));
#8864 = VECTOR('',#8865,1.);
#8865 = DIRECTION('',(1.,0.));
#8866 = ( GEOMETRIC_REPRESENTATION_CONTEXT(2) 
PARAMETRIC_REPRESENTATION_CONTEXT() REPRESENTATION_CONTEXT('2D SPACE',''
  ) );
#8867 = PCURVE('',#3696,#8868);
#8868 = DEFINITIONAL_REPRESENTATION('',(#8869),#8873);
#8869 = LINE('',#8870,#8871);
#8870 = CARTESIAN_POINT('',(-1.570796326795,0.));
#8871 = VECTOR('',#8872,1.);
#8872 = DIRECTION('',(-0.,1.));
#8873 = ( GEOMETRIC_REPRESENTATION_CONTEXT(2) 
PARAMETRIC_REPRESENTATION_CONTEXT() REPRESENTATION_CONTEXT('2D SPACE',''
  ) );
#8874 = ORIENTED_EDGE('',*,*,#8875,.T.);
#8875 = EDGE_CURVE('',#8853,#8799,#8876,.T.);
#8876 = SURFACE_CURVE('',#8877,(#8881,#8888),.PCURVE_S1.);
#8877 = LINE('',#8878,#8879);
#8878 = CARTESIAN_POINT('',(-33.4,46.4,3.6));
#8879 = VECTOR('',#8880,1.);
#8880 = DIRECTION('',(1.,0.,-0.));
#8881 = PCURVE('',#3643,#8882);
#8882 = DEFINITIONAL_REPRESENTATION('',(#8883),#8887);
#8883 = LINE('',#8884,#8885);
#8884 = CARTESIAN_POINT('',(3.6,3.));
#8885 = VECTOR('',#8886,1.);
#8886 = DIRECTION('',(0.,1.));
#8887 = ( GEOMETRIC_REPRESENTATION_CONTEXT(2) 
PARAMETRIC_REPRESENTATION_CONTEXT() REPRESENTATION_CONTEXT('2D SPACE',''
  ) );
#8888 = PCURVE('',#8889,#8894);
#8889 = PLANE('',#8890);
#8890 = AXIS2_PLACEMENT_3D('',#8891,#8892,#8893);
#8891 = CARTESIAN_POINT('',(-33.4,47.,4.2));
#8892 = DIRECTION('',(0.,-0.707106781187,0.707106781187));
#8893 = DIRECTION('',(-1.,-0.,-0.));
#8894 = DEFINITIONAL_REPRESENTATION('',(#8895),#8899);
#8895 = LINE('',#8896,#8897);
#8896 = CARTESIAN_POINT('',(-0.,0.848528137424));
#8897 = VECTOR('',#8898,1.);
#8898 = DIRECTION('',(-1.,0.));
#8899 = ( GEOMETRIC_REPRESENTATION_CONTEXT(2) 
PARAMETRIC_REPRESENTATION_CONTEXT() REPRESENTATION_CONTEXT('2D SPACE',''
  ) );
#8900 = ORIENTED_EDGE('',*,*,#8798,.F.);
#8901 = ADVANCED_FACE('',(#8902),#3696,.T.);
#8902 = FACE_BOUND('',#8903,.F.);
#8903 = EDGE_LOOP('',(#8904,#8927,#8928,#8929));
#8904 = ORIENTED_EDGE('',*,*,#8905,.F.);
#8905 = EDGE_CURVE('',#3661,#8906,#8908,.T.);
#8906 = VERTEX_POINT('',#8907);
#8907 = CARTESIAN_POINT('',(-36.4,43.4,3.6));
#8908 = SURFACE_CURVE('',#8909,(#8913,#8920),.PCURVE_S1.);
#8909 = LINE('',#8910,#8911);
#8910 = CARTESIAN_POINT('',(-36.4,43.4,0.));
#8911 = VECTOR('',#8912,1.);
#8912 = DIRECTION('',(0.,0.,1.));
#8913 = PCURVE('',#3696,#8914);
#8914 = DEFINITIONAL_REPRESENTATION('',(#8915),#8919);
#8915 = LINE('',#8916,#8917);
#8916 = CARTESIAN_POINT('',(-0.,0.));
#8917 = VECTOR('',#8918,1.);
#8918 = DIRECTION('',(-0.,1.));
#8919 = ( GEOMETRIC_REPRESENTATION_CONTEXT(2) 
PARAMETRIC_REPRESENTATION_CONTEXT() REPRESENTATION_CONTEXT('2D SPACE',''
  ) );
#8920 = PCURVE('',#3750,#8921);
#8921 = DEFINITIONAL_REPRESENTATION('',(#8922),#8926);
#8922 = LINE('',#8923,#8924);
#8923 = CARTESIAN_POINT('',(0.,-89.8));
#8924 = VECTOR('',#8925,1.);
#8925 = DIRECTION('',(1.,0.));
#8926 = ( GEOMETRIC_REPRESENTATION_CONTEXT(2) 
PARAMETRIC_REPRESENTATION_CONTEXT() REPRESENTATION_CONTEXT('2D SPACE',''
  ) );
#8927 = ORIENTED_EDGE('',*,*,#3681,.T.);
#8928 = ORIENTED_EDGE('',*,*,#8852,.T.);
#8929 = ORIENTED_EDGE('',*,*,#8930,.F.);
#8930 = EDGE_CURVE('',#8906,#8853,#8931,.T.);
#8931 = SURFACE_CURVE('',#8932,(#8937,#8944),.PCURVE_S1.);
#8932 = CIRCLE('',#8933,3.);
#8933 = AXIS2_PLACEMENT_3D('',#8934,#8935,#8936);
#8934 = CARTESIAN_POINT('',(-33.4,43.4,3.6));
#8935 = DIRECTION('',(-0.,0.,-1.));
#8936 = DIRECTION('',(-1.,1.691768418476E-15,0.));
#8937 = PCURVE('',#3696,#8938);
#8938 = DEFINITIONAL_REPRESENTATION('',(#8939),#8943);
#8939 = LINE('',#8940,#8941);
#8940 = CARTESIAN_POINT('',(-1.691768418476E-15,3.6));
#8941 = VECTOR('',#8942,1.);
#8942 = DIRECTION('',(-1.,0.));
#8943 = ( GEOMETRIC_REPRESENTATION_CONTEXT(2) 
PARAMETRIC_REPRESENTATION_CONTEXT() REPRESENTATION_CONTEXT('2D SPACE',''
  ) );
#8944 = PCURVE('',#8945,#8950);
#8945 = CONICAL_SURFACE('',#8946,4.2,0.785398163397);
#8946 = AXIS2_PLACEMENT_3D('',#8947,#8948,#8949);
#8947 = CARTESIAN_POINT('',(-33.4,43.4,4.8));
#8948 = DIRECTION('',(0.,0.,1.));
#8949 = DIRECTION('',(-1.,1.691768418476E-15,0.));
#8950 = DEFINITIONAL_REPRESENTATION('',(#8951),#8955);
#8951 = LINE('',#8952,#8953);
#8952 = CARTESIAN_POINT('',(-0.,-1.2));
#8953 = VECTOR('',#8954,1.);
#8954 = DIRECTION('',(-1.,-0.));
#8955 = ( GEOMETRIC_REPRESENTATION_CONTEXT(2) 
PARAMETRIC_REPRESENTATION_CONTEXT() REPRESENTATION_CONTEXT('2D SPACE',''
  ) );
#8956 = ADVANCED_FACE('',(#8957),#3750,.F.);
#8957 = FACE_BOUND('',#8958,.F.);
#8958 = EDGE_LOOP('',(#8959,#8960,#8961,#8962));
#8959 = ORIENTED_EDGE('',*,*,#3992,.F.);
#8960 = ORIENTED_EDGE('',*,*,#3736,.T.);
#8961 = ORIENTED_EDGE('',*,*,#8905,.T.);
#8962 = ORIENTED_EDGE('',*,*,#8963,.F.);
#8963 = EDGE_CURVE('',#3967,#8906,#8964,.T.);
#8964 = SURFACE_CURVE('',#8965,(#8969,#8976),.PCURVE_S1.);
#8965 = LINE('',#8966,#8967);
#8966 = CARTESIAN_POINT('',(-36.4,-43.4,3.6));
#8967 = VECTOR('',#8968,1.);
#8968 = DIRECTION('',(-0.,1.,0.));
#8969 = PCURVE('',#3750,#8970);
#8970 = DEFINITIONAL_REPRESENTATION('',(#8971),#8975);
#8971 = LINE('',#8972,#8973);
#8972 = CARTESIAN_POINT('',(3.6,-3.));
#8973 = VECTOR('',#8974,1.);
#8974 = DIRECTION('',(0.,-1.));
#8975 = ( GEOMETRIC_REPRESENTATION_CONTEXT(2) 
PARAMETRIC_REPRESENTATION_CONTEXT() REPRESENTATION_CONTEXT('2D SPACE',''
  ) );
#8976 = PCURVE('',#3981,#8977);
#8977 = DEFINITIONAL_REPRESENTATION('',(#8978),#8982);
#8978 = LINE('',#8979,#8980);
#8979 = CARTESIAN_POINT('',(0.,0.848528137424));
#8980 = VECTOR('',#8981,1.);
#8981 = DIRECTION('',(1.,0.));
#8982 = ( GEOMETRIC_REPRESENTATION_CONTEXT(2) 
PARAMETRIC_REPRESENTATION_CONTEXT() REPRESENTATION_CONTEXT('2D SPACE',''
  ) );
#8983 = ADVANCED_FACE('',(#8984),#3981,.T.);
#8984 = FACE_BOUND('',#8985,.T.);
#8985 = EDGE_LOOP('',(#8986,#8987,#9010,#9029));
#8986 = ORIENTED_EDGE('',*,*,#3966,.F.);
#8987 = ORIENTED_EDGE('',*,*,#8988,.T.);
#8988 = EDGE_CURVE('',#3941,#8989,#8991,.T.);
#8989 = VERTEX_POINT('',#8990);
#8990 = CARTESIAN_POINT('',(-37.6,43.4,4.8));
#8991 = SURFACE_CURVE('',#8992,(#8996,#9003),.PCURVE_S1.);
#8992 = LINE('',#8993,#8994);
#8993 = CARTESIAN_POINT('',(-37.6,-43.4,4.8));
#8994 = VECTOR('',#8995,1.);
#8995 = DIRECTION('',(-0.,1.,0.));
#8996 = PCURVE('',#3981,#8997);
#8997 = DEFINITIONAL_REPRESENTATION('',(#8998),#9002);
#8998 = LINE('',#8999,#9000);
#8999 = CARTESIAN_POINT('',(0.,-0.848528137424));
#9000 = VECTOR('',#9001,1.);
#9001 = DIRECTION('',(1.,0.));
#9002 = ( GEOMETRIC_REPRESENTATION_CONTEXT(2) 
PARAMETRIC_REPRESENTATION_CONTEXT() REPRESENTATION_CONTEXT('2D SPACE',''
  ) );
#9003 = PCURVE('',#3955,#9004);
#9004 = DEFINITIONAL_REPRESENTATION('',(#9005),#9009);
#9005 = LINE('',#9006,#9007);
#9006 = CARTESIAN_POINT('',(1.2,-4.2));
#9007 = VECTOR('',#9008,1.);
#9008 = DIRECTION('',(0.,-1.));
#9009 = ( GEOMETRIC_REPRESENTATION_CONTEXT(2) 
PARAMETRIC_REPRESENTATION_CONTEXT() REPRESENTATION_CONTEXT('2D SPACE',''
  ) );
#9010 = ORIENTED_EDGE('',*,*,#9011,.T.);
#9011 = EDGE_CURVE('',#8989,#8906,#9012,.T.);
#9012 = SURFACE_CURVE('',#9013,(#9017,#9023),.PCURVE_S1.);
#9013 = LINE('',#9014,#9015);
#9014 = CARTESIAN_POINT('',(-37.,43.4,4.2));
#9015 = VECTOR('',#9016,1.);
#9016 = DIRECTION('',(0.707106781187,0.,-0.707106781187));
#9017 = PCURVE('',#3981,#9018);
#9018 = DEFINITIONAL_REPRESENTATION('',(#9019),#9022);
#9019 = B_SPLINE_CURVE_WITH_KNOTS('',1,(#9020,#9021),.UNSPECIFIED.,.F.,
  .F.,(2,2),(-0.848528137424,0.848528137424),.PIECEWISE_BEZIER_KNOTS.);
#9020 = CARTESIAN_POINT('',(86.8,-0.848528137424));
#9021 = CARTESIAN_POINT('',(86.8,0.848528137424));
#9022 = ( GEOMETRIC_REPRESENTATION_CONTEXT(2) 
PARAMETRIC_REPRESENTATION_CONTEXT() REPRESENTATION_CONTEXT('2D SPACE',''
  ) );
#9023 = PCURVE('',#8945,#9024);
#9024 = DEFINITIONAL_REPRESENTATION('',(#9025),#9028);
#9025 = B_SPLINE_CURVE_WITH_KNOTS('',1,(#9026,#9027),.UNSPECIFIED.,.F.,
  .F.,(2,2),(-0.848528137424,0.848528137424),.PIECEWISE_BEZIER_KNOTS.);
#9026 = CARTESIAN_POINT('',(0.,0.));
#9027 = CARTESIAN_POINT('',(0.,-1.2));
#9028 = ( GEOMETRIC_REPRESENTATION_CONTEXT(2) 
PARAMETRIC_REPRESENTATION_CONTEXT() REPRESENTATION_CONTEXT('2D SPACE',''
  ) );
#9029 = ORIENTED_EDGE('',*,*,#8963,.F.);
#9030 = ADVANCED_FACE('',(#9031),#3955,.F.);
#9031 = FACE_BOUND('',#9032,.F.);
#9032 = EDGE_LOOP('',(#9033,#9034,#9035,#9063));
#9033 = ORIENTED_EDGE('',*,*,#3940,.F.);
#9034 = ORIENTED_EDGE('',*,*,#8988,.T.);
#9035 = ORIENTED_EDGE('',*,*,#9036,.T.);
#9036 = EDGE_CURVE('',#8989,#9037,#9039,.T.);
#9037 = VERTEX_POINT('',#9038);
#9038 = CARTESIAN_POINT('',(-37.6,43.4,7.2));
#9039 = SURFACE_CURVE('',#9040,(#9044,#9051),.PCURVE_S1.);
#9040 = LINE('',#9041,#9042);
#9041 = CARTESIAN_POINT('',(-37.6,43.4,3.6));
#9042 = VECTOR('',#9043,1.);
#9043 = DIRECTION('',(0.,0.,1.));
#9044 = PCURVE('',#3955,#9045);
#9045 = DEFINITIONAL_REPRESENTATION('',(#9046),#9050);
#9046 = LINE('',#9047,#9048);
#9047 = CARTESIAN_POINT('',(0.,-91.));
#9048 = VECTOR('',#9049,1.);
#9049 = DIRECTION('',(1.,0.));
#9050 = ( GEOMETRIC_REPRESENTATION_CONTEXT(2) 
PARAMETRIC_REPRESENTATION_CONTEXT() REPRESENTATION_CONTEXT('2D SPACE',''
  ) );
#9051 = PCURVE('',#9052,#9057);
#9052 = CYLINDRICAL_SURFACE('',#9053,4.2);
#9053 = AXIS2_PLACEMENT_3D('',#9054,#9055,#9056);
#9054 = CARTESIAN_POINT('',(-33.4,43.4,3.6));
#9055 = DIRECTION('',(0.,0.,1.));
#9056 = DIRECTION('',(-1.,-0.,0.));
#9057 = DEFINITIONAL_REPRESENTATION('',(#9058),#9062);
#9058 = LINE('',#9059,#9060);
#9059 = CARTESIAN_POINT('',(-0.,0.));
#9060 = VECTOR('',#9061,1.);
#9061 = DIRECTION('',(-0.,1.));
#9062 = ( GEOMETRIC_REPRESENTATION_CONTEXT(2) 
PARAMETRIC_REPRESENTATION_CONTEXT() REPRESENTATION_CONTEXT('2D SPACE',''
  ) );
#9063 = ORIENTED_EDGE('',*,*,#9064,.F.);
#9064 = EDGE_CURVE('',#3915,#9037,#9065,.T.);
#9065 = SURFACE_CURVE('',#9066,(#9070,#9077),.PCURVE_S1.);
#9066 = LINE('',#9067,#9068);
#9067 = CARTESIAN_POINT('',(-37.6,-43.4,7.2));
#9068 = VECTOR('',#9069,1.);
#9069 = DIRECTION('',(-0.,1.,0.));
#9070 = PCURVE('',#3955,#9071);
#9071 = DEFINITIONAL_REPRESENTATION('',(#9072),#9076);
#9072 = LINE('',#9073,#9074);
#9073 = CARTESIAN_POINT('',(3.6,-4.2));
#9074 = VECTOR('',#9075,1.);
#9075 = DIRECTION('',(0.,-1.));
#9076 = ( GEOMETRIC_REPRESENTATION_CONTEXT(2) 
PARAMETRIC_REPRESENTATION_CONTEXT() REPRESENTATION_CONTEXT('2D SPACE',''
  ) );
#9077 = PCURVE('',#3929,#9078);
#9078 = DEFINITIONAL_REPRESENTATION('',(#9079),#9083);
#9079 = LINE('',#9080,#9081);
#9080 = CARTESIAN_POINT('',(0.,-0.848528137424));
#9081 = VECTOR('',#9082,1.);
#9082 = DIRECTION('',(1.,0.));
#9083 = ( GEOMETRIC_REPRESENTATION_CONTEXT(2) 
PARAMETRIC_REPRESENTATION_CONTEXT() REPRESENTATION_CONTEXT('2D SPACE',''
  ) );
#9084 = ADVANCED_FACE('',(#9085),#3929,.F.);
#9085 = FACE_BOUND('',#9086,.F.);
#9086 = EDGE_LOOP('',(#9087,#9088,#9089,#9113));
#9087 = ORIENTED_EDGE('',*,*,#3914,.F.);
#9088 = ORIENTED_EDGE('',*,*,#9064,.T.);
#9089 = ORIENTED_EDGE('',*,*,#9090,.T.);
#9090 = EDGE_CURVE('',#9037,#8301,#9091,.T.);
#9091 = SURFACE_CURVE('',#9092,(#9096,#9102),.PCURVE_S1.);
#9092 = LINE('',#9093,#9094);
#9093 = CARTESIAN_POINT('',(-37.,43.4,7.8));
#9094 = VECTOR('',#9095,1.);
#9095 = DIRECTION('',(0.707106781187,-0.,0.707106781187));
#9096 = PCURVE('',#3929,#9097);
#9097 = DEFINITIONAL_REPRESENTATION('',(#9098),#9101);
#9098 = B_SPLINE_CURVE_WITH_KNOTS('',1,(#9099,#9100),.UNSPECIFIED.,.F.,
  .F.,(2,2),(-0.848528137424,0.848528137424),.PIECEWISE_BEZIER_KNOTS.);
#9099 = CARTESIAN_POINT('',(86.8,-0.848528137424));
#9100 = CARTESIAN_POINT('',(86.8,0.848528137424));
#9101 = ( GEOMETRIC_REPRESENTATION_CONTEXT(2) 
PARAMETRIC_REPRESENTATION_CONTEXT() REPRESENTATION_CONTEXT('2D SPACE',''
  ) );
#9102 = PCURVE('',#9103,#9108);
#9103 = CONICAL_SURFACE('',#9104,4.2,0.785398163397);
#9104 = AXIS2_PLACEMENT_3D('',#9105,#9106,#9107);
#9105 = CARTESIAN_POINT('',(-33.4,43.4,7.2));
#9106 = DIRECTION('',(-0.,-0.,-1.));
#9107 = DIRECTION('',(-1.,1.691768418476E-15,0.));
#9108 = DEFINITIONAL_REPRESENTATION('',(#9109),#9112);
#9109 = B_SPLINE_CURVE_WITH_KNOTS('',1,(#9110,#9111),.UNSPECIFIED.,.F.,
  .F.,(2,2),(-0.848528137424,0.848528137424),.PIECEWISE_BEZIER_KNOTS.);
#9110 = CARTESIAN_POINT('',(0.,0.));
#9111 = CARTESIAN_POINT('',(0.,-1.2));
#9112 = ( GEOMETRIC_REPRESENTATION_CONTEXT(2) 
PARAMETRIC_REPRESENTATION_CONTEXT() REPRESENTATION_CONTEXT('2D SPACE',''
  ) );
#9113 = ORIENTED_EDGE('',*,*,#8300,.F.);
#9114 = ADVANCED_FACE('',(#9115),#3859,.T.);
#9115 = FACE_BOUND('',#9116,.T.);
#9116 = EDGE_LOOP('',(#9117,#9118,#9119,#9120,#9121,#9122,#9123,#9124));
#9117 = ORIENTED_EDGE('',*,*,#4089,.F.);
#9118 = ORIENTED_EDGE('',*,*,#4186,.T.);
#9119 = ORIENTED_EDGE('',*,*,#4237,.T.);
#9120 = ORIENTED_EDGE('',*,*,#8174,.T.);
#9121 = ORIENTED_EDGE('',*,*,#8224,.T.);
#9122 = ORIENTED_EDGE('',*,*,#8273,.T.);
#9123 = ORIENTED_EDGE('',*,*,#3843,.F.);
#9124 = ORIENTED_EDGE('',*,*,#4017,.T.);
#9125 = ADVANCED_FACE('',(#9126),#4135,.F.);
#9126 = FACE_BOUND('',#9127,.F.);
#9127 = EDGE_LOOP('',(#9128,#9151,#9178,#9179));
#9128 = ORIENTED_EDGE('',*,*,#9129,.T.);
#9129 = EDGE_CURVE('',#4115,#9130,#9132,.T.);
#9130 = VERTEX_POINT('',#9131);
#9131 = CARTESIAN_POINT('',(-35.6,1.,3.));
#9132 = SEAM_CURVE('',#9133,(#9137,#9144),.PCURVE_S1.);
#9133 = LINE('',#9134,#9135);
#9134 = CARTESIAN_POINT('',(-40.01,1.,3.));
#9135 = VECTOR('',#9136,1.);
#9136 = DIRECTION('',(1.,0.,2.22044604925E-16));
#9137 = PCURVE('',#4135,#9138);
#9138 = DEFINITIONAL_REPRESENTATION('',(#9139),#9143);
#9139 = LINE('',#9140,#9141);
#9140 = CARTESIAN_POINT('',(6.28318530718,-0.));
#9141 = VECTOR('',#9142,1.);
#9142 = DIRECTION('',(0.,1.));
#9143 = ( GEOMETRIC_REPRESENTATION_CONTEXT(2) 
PARAMETRIC_REPRESENTATION_CONTEXT() REPRESENTATION_CONTEXT('2D SPACE',''
  ) );
#9144 = PCURVE('',#4135,#9145);
#9145 = DEFINITIONAL_REPRESENTATION('',(#9146),#9150);
#9146 = LINE('',#9147,#9148);
#9147 = CARTESIAN_POINT('',(0.,-0.));
#9148 = VECTOR('',#9149,1.);
#9149 = DIRECTION('',(0.,1.));
#9150 = ( GEOMETRIC_REPRESENTATION_CONTEXT(2) 
PARAMETRIC_REPRESENTATION_CONTEXT() REPRESENTATION_CONTEXT('2D SPACE',''
  ) );
#9151 = ORIENTED_EDGE('',*,*,#9152,.F.);
#9152 = EDGE_CURVE('',#9130,#9130,#9153,.T.);
#9153 = SURFACE_CURVE('',#9154,(#9159,#9166),.PCURVE_S1.);
#9154 = CIRCLE('',#9155,2.);
#9155 = AXIS2_PLACEMENT_3D('',#9156,#9157,#9158);
#9156 = CARTESIAN_POINT('',(-35.6,1.,5.));
#9157 = DIRECTION('',(1.,-0.,2.22044604925E-16));
#9158 = DIRECTION('',(2.22044604925E-16,0.,-1.));
#9159 = PCURVE('',#4135,#9160);
#9160 = DEFINITIONAL_REPRESENTATION('',(#9161),#9165);
#9161 = LINE('',#9162,#9163);
#9162 = CARTESIAN_POINT('',(0.,4.41));
#9163 = VECTOR('',#9164,1.);
#9164 = DIRECTION('',(1.,0.));
#9165 = ( GEOMETRIC_REPRESENTATION_CONTEXT(2) 
PARAMETRIC_REPRESENTATION_CONTEXT() REPRESENTATION_CONTEXT('2D SPACE',''
  ) );
#9166 = PCURVE('',#9167,#9172);
#9167 = PLANE('',#9168);
#9168 = AXIS2_PLACEMENT_3D('',#9169,#9170,#9171);
#9169 = CARTESIAN_POINT('',(-35.6,1.,5.));
#9170 = DIRECTION('',(1.,0.,2.22044604925E-16));
#9171 = DIRECTION('',(2.22044604925E-16,0.,-1.));
#9172 = DEFINITIONAL_REPRESENTATION('',(#9173),#9177);
#9173 = CIRCLE('',#9174,2.);
#9174 = AXIS2_PLACEMENT_2D('',#9175,#9176);
#9175 = CARTESIAN_POINT('',(0.,0.));
#9176 = DIRECTION('',(1.,0.));
#9177 = ( GEOMETRIC_REPRESENTATION_CONTEXT(2) 
PARAMETRIC_REPRESENTATION_CONTEXT() REPRESENTATION_CONTEXT('2D SPACE',''
  ) );
#9178 = ORIENTED_EDGE('',*,*,#9129,.F.);
#9179 = ORIENTED_EDGE('',*,*,#4114,.T.);
#9180 = ADVANCED_FACE('',(#9181),#4170,.F.);
#9181 = FACE_BOUND('',#9182,.F.);
#9182 = EDGE_LOOP('',(#9183,#9206,#9233,#9234));
#9183 = ORIENTED_EDGE('',*,*,#9184,.T.);
#9184 = EDGE_CURVE('',#4150,#9185,#9187,.T.);
#9185 = VERTEX_POINT('',#9186);
#9186 = CARTESIAN_POINT('',(-35.6,7.,3.));
#9187 = SEAM_CURVE('',#9188,(#9192,#9199),.PCURVE_S1.);
#9188 = LINE('',#9189,#9190);
#9189 = CARTESIAN_POINT('',(-40.01,7.,3.));
#9190 = VECTOR('',#9191,1.);
#9191 = DIRECTION('',(1.,0.,2.22044604925E-16));
#9192 = PCURVE('',#4170,#9193);
#9193 = DEFINITIONAL_REPRESENTATION('',(#9194),#9198);
#9194 = LINE('',#9195,#9196);
#9195 = CARTESIAN_POINT('',(6.28318530718,-0.));
#9196 = VECTOR('',#9197,1.);
#9197 = DIRECTION('',(0.,1.));
#9198 = ( GEOMETRIC_REPRESENTATION_CONTEXT(2) 
PARAMETRIC_REPRESENTATION_CONTEXT() REPRESENTATION_CONTEXT('2D SPACE',''
  ) );
#9199 = PCURVE('',#4170,#9200);
#9200 = DEFINITIONAL_REPRESENTATION('',(#9201),#9205);
#9201 = LINE('',#9202,#9203);
#9202 = CARTESIAN_POINT('',(0.,-0.));
#9203 = VECTOR('',#9204,1.);
#9204 = DIRECTION('',(0.,1.));
#9205 = ( GEOMETRIC_REPRESENTATION_CONTEXT(2) 
PARAMETRIC_REPRESENTATION_CONTEXT() REPRESENTATION_CONTEXT('2D SPACE',''
  ) );
#9206 = ORIENTED_EDGE('',*,*,#9207,.F.);
#9207 = EDGE_CURVE('',#9185,#9185,#9208,.T.);
#9208 = SURFACE_CURVE('',#9209,(#9214,#9221),.PCURVE_S1.);
#9209 = CIRCLE('',#9210,2.);
#9210 = AXIS2_PLACEMENT_3D('',#9211,#9212,#9213);
#9211 = CARTESIAN_POINT('',(-35.6,7.,5.));
#9212 = DIRECTION('',(1.,-0.,2.22044604925E-16));
#9213 = DIRECTION('',(2.22044604925E-16,0.,-1.));
#9214 = PCURVE('',#4170,#9215);
#9215 = DEFINITIONAL_REPRESENTATION('',(#9216),#9220);
#9216 = LINE('',#9217,#9218);
#9217 = CARTESIAN_POINT('',(0.,4.41));
#9218 = VECTOR('',#9219,1.);
#9219 = DIRECTION('',(1.,0.));
#9220 = ( GEOMETRIC_REPRESENTATION_CONTEXT(2) 
PARAMETRIC_REPRESENTATION_CONTEXT() REPRESENTATION_CONTEXT('2D SPACE',''
  ) );
#9221 = PCURVE('',#9222,#9227);
#9222 = PLANE('',#9223);
#9223 = AXIS2_PLACEMENT_3D('',#9224,#9225,#9226);
#9224 = CARTESIAN_POINT('',(-35.6,7.,5.));
#9225 = DIRECTION('',(1.,0.,2.22044604925E-16));
#9226 = DIRECTION('',(2.22044604925E-16,0.,-1.));
#9227 = DEFINITIONAL_REPRESENTATION('',(#9228),#9232);
#9228 = CIRCLE('',#9229,2.);
#9229 = AXIS2_PLACEMENT_2D('',#9230,#9231);
#9230 = CARTESIAN_POINT('',(0.,0.));
#9231 = DIRECTION('',(1.,0.));
#9232 = ( GEOMETRIC_REPRESENTATION_CONTEXT(2) 
PARAMETRIC_REPRESENTATION_CONTEXT() REPRESENTATION_CONTEXT('2D SPACE',''
  ) );
#9233 = ORIENTED_EDGE('',*,*,#9184,.F.);
#9234 = ORIENTED_EDGE('',*,*,#4149,.T.);
#9235 = ADVANCED_FACE('',(#9236),#4396,.F.);
#9236 = FACE_BOUND('',#9237,.F.);
#9237 = EDGE_LOOP('',(#9238,#9239,#9240,#9241));
#9238 = ORIENTED_EDGE('',*,*,#4714,.F.);
#9239 = ORIENTED_EDGE('',*,*,#4506,.T.);
#9240 = ORIENTED_EDGE('',*,*,#4381,.T.);
#9241 = ORIENTED_EDGE('',*,*,#9242,.F.);
#9242 = EDGE_CURVE('',#4694,#4356,#9243,.T.);
#9243 = SURFACE_CURVE('',#9244,(#9248,#9255),.PCURVE_S1.);
#9244 = LINE('',#9245,#9246);
#9245 = CARTESIAN_POINT('',(-36.4,-43.4,3.6));
#9246 = VECTOR('',#9247,1.);
#9247 = DIRECTION('',(-0.,1.,0.));
#9248 = PCURVE('',#4396,#9249);
#9249 = DEFINITIONAL_REPRESENTATION('',(#9250),#9254);
#9250 = LINE('',#9251,#9252);
#9251 = CARTESIAN_POINT('',(3.6,-3.));
#9252 = VECTOR('',#9253,1.);
#9253 = DIRECTION('',(0.,-1.));
#9254 = ( GEOMETRIC_REPRESENTATION_CONTEXT(2) 
PARAMETRIC_REPRESENTATION_CONTEXT() REPRESENTATION_CONTEXT('2D SPACE',''
  ) );
#9255 = PCURVE('',#4370,#9256);
#9256 = DEFINITIONAL_REPRESENTATION('',(#9257),#9261);
#9257 = LINE('',#9258,#9259);
#9258 = CARTESIAN_POINT('',(0.,0.848528137424));
#9259 = VECTOR('',#9260,1.);
#9260 = DIRECTION('',(1.,0.));
#9261 = ( GEOMETRIC_REPRESENTATION_CONTEXT(2) 
PARAMETRIC_REPRESENTATION_CONTEXT() REPRESENTATION_CONTEXT('2D SPACE',''
  ) );
#9262 = ADVANCED_FACE('',(#9263),#4370,.T.);
#9263 = FACE_BOUND('',#9264,.T.);
#9264 = EDGE_LOOP('',(#9265,#9266,#9287,#9288));
#9265 = ORIENTED_EDGE('',*,*,#4693,.F.);
#9266 = ORIENTED_EDGE('',*,*,#9267,.T.);
#9267 = EDGE_CURVE('',#4673,#4330,#9268,.T.);
#9268 = SURFACE_CURVE('',#9269,(#9273,#9280),.PCURVE_S1.);
#9269 = LINE('',#9270,#9271);
#9270 = CARTESIAN_POINT('',(-37.6,-43.4,4.8));
#9271 = VECTOR('',#9272,1.);
#9272 = DIRECTION('',(-0.,1.,0.));
#9273 = PCURVE('',#4370,#9274);
#9274 = DEFINITIONAL_REPRESENTATION('',(#9275),#9279);
#9275 = LINE('',#9276,#9277);
#9276 = CARTESIAN_POINT('',(0.,-0.848528137424));
#9277 = VECTOR('',#9278,1.);
#9278 = DIRECTION('',(1.,0.));
#9279 = ( GEOMETRIC_REPRESENTATION_CONTEXT(2) 
PARAMETRIC_REPRESENTATION_CONTEXT() REPRESENTATION_CONTEXT('2D SPACE',''
  ) );
#9280 = PCURVE('',#4344,#9281);
#9281 = DEFINITIONAL_REPRESENTATION('',(#9282),#9286);
#9282 = LINE('',#9283,#9284);
#9283 = CARTESIAN_POINT('',(1.2,-4.2));
#9284 = VECTOR('',#9285,1.);
#9285 = DIRECTION('',(0.,-1.));
#9286 = ( GEOMETRIC_REPRESENTATION_CONTEXT(2) 
PARAMETRIC_REPRESENTATION_CONTEXT() REPRESENTATION_CONTEXT('2D SPACE',''
  ) );
#9287 = ORIENTED_EDGE('',*,*,#4355,.T.);
#9288 = ORIENTED_EDGE('',*,*,#9242,.F.);
#9289 = ADVANCED_FACE('',(#9290),#4344,.F.);
#9290 = FACE_BOUND('',#9291,.F.);
#9291 = EDGE_LOOP('',(#9292,#9293,#9294,#9295));
#9292 = ORIENTED_EDGE('',*,*,#4672,.F.);
#9293 = ORIENTED_EDGE('',*,*,#9267,.T.);
#9294 = ORIENTED_EDGE('',*,*,#4329,.T.);
#9295 = ORIENTED_EDGE('',*,*,#9296,.F.);
#9296 = EDGE_CURVE('',#4652,#4304,#9297,.T.);
#9297 = SURFACE_CURVE('',#9298,(#9302,#9309),.PCURVE_S1.);
#9298 = LINE('',#9299,#9300);
#9299 = CARTESIAN_POINT('',(-37.6,-43.4,7.2));
#9300 = VECTOR('',#9301,1.);
#9301 = DIRECTION('',(-0.,1.,0.));
#9302 = PCURVE('',#4344,#9303);
#9303 = DEFINITIONAL_REPRESENTATION('',(#9304),#9308);
#9304 = LINE('',#9305,#9306);
#9305 = CARTESIAN_POINT('',(3.6,-4.2));
#9306 = VECTOR('',#9307,1.);
#9307 = DIRECTION('',(0.,-1.));
#9308 = ( GEOMETRIC_REPRESENTATION_CONTEXT(2) 
PARAMETRIC_REPRESENTATION_CONTEXT() REPRESENTATION_CONTEXT('2D SPACE',''
  ) );
#9309 = PCURVE('',#4318,#9310);
#9310 = DEFINITIONAL_REPRESENTATION('',(#9311),#9315);
#9311 = LINE('',#9312,#9313);
#9312 = CARTESIAN_POINT('',(0.,-0.848528137424));
#9313 = VECTOR('',#9314,1.);
#9314 = DIRECTION('',(1.,0.));
#9315 = ( GEOMETRIC_REPRESENTATION_CONTEXT(2) 
PARAMETRIC_REPRESENTATION_CONTEXT() REPRESENTATION_CONTEXT('2D SPACE',''
  ) );
#9316 = ADVANCED_FACE('',(#9317),#4318,.F.);
#9317 = FACE_BOUND('',#9318,.F.);
#9318 = EDGE_LOOP('',(#9319,#9320,#9321,#9322));
#9319 = ORIENTED_EDGE('',*,*,#4651,.F.);
#9320 = ORIENTED_EDGE('',*,*,#9296,.T.);
#9321 = ORIENTED_EDGE('',*,*,#4303,.T.);
#9322 = ORIENTED_EDGE('',*,*,#8146,.F.);
#9323 = ADVANCED_FACE('',(#9324,#10206,#10320,#10326,#10332,#10446,
    #10452),#4805,.T.);
#9324 = FACE_BOUND('',#9325,.T.);
#9325 = EDGE_LOOP('',(#9326,#9327,#9355,#9378,#9402,#9425,#9453,#9482,
    #9510,#9538,#9566,#9595,#9623,#9646,#9674,#9703,#9731,#9759,#9787,
    #9816,#9844,#9867,#9891,#9914,#9940,#9941,#9942,#9966,#9994,#10022,
    #10050,#10072,#10073,#10074,#10075,#10099,#10127,#10155,#10183,
    #10205));
#9326 = ORIENTED_EDGE('',*,*,#8083,.F.);
#9327 = ORIENTED_EDGE('',*,*,#9328,.T.);
#9328 = EDGE_CURVE('',#8063,#9329,#9331,.T.);
#9329 = VERTEX_POINT('',#9330);
#9330 = CARTESIAN_POINT('',(-28.16696972201,-44.,2.4));
#9331 = SURFACE_CURVE('',#9332,(#9337,#9348),.PCURVE_S1.);
#9332 = CIRCLE('',#9333,4.4);
#9333 = AXIS2_PLACEMENT_3D('',#9334,#9335,#9336);
#9334 = CARTESIAN_POINT('',(-30.,-40.,2.4));
#9335 = DIRECTION('',(0.,0.,-1.));
#9336 = DIRECTION('',(-0.909090909091,0.416597790451,0.));
#9337 = PCURVE('',#4805,#9338);
#9338 = DEFINITIONAL_REPRESENTATION('',(#9339),#9347);
#9339 = ( BOUNDED_CURVE() B_SPLINE_CURVE(2,(#9340,#9341,#9342,#9343,
#9344,#9345,#9346),.UNSPECIFIED.,.T.,.F.) B_SPLINE_CURVE_WITH_KNOTS((1,2
    ,2,2,2,1),(-2.094395102393,0.,2.094395102393,4.188790204786,
6.28318530718,8.377580409573),.UNSPECIFIED.) CURVE() 
GEOMETRIC_REPRESENTATION_ITEM() RATIONAL_B_SPLINE_CURVE((1.,0.5,1.,0.5,
1.,0.5,1.)) REPRESENTATION_ITEM('') );
#9340 = CARTESIAN_POINT('',(1.820765760385E-14,5.833030277982));
#9341 = CARTESIAN_POINT('',(3.174901573278,12.761233508258));
#9342 = CARTESIAN_POINT('',(7.587450786639,6.547586476147));
#9343 = CARTESIAN_POINT('',(12.,0.333939444035));
#9344 = CARTESIAN_POINT('',(4.412549213361,-0.380616754129));
#9345 = CARTESIAN_POINT('',(-3.174901573278,-1.095172952293));
#9346 = CARTESIAN_POINT('',(1.820765760385E-14,5.833030277982));
#9347 = ( GEOMETRIC_REPRESENTATION_CONTEXT(2) 
PARAMETRIC_REPRESENTATION_CONTEXT() REPRESENTATION_CONTEXT('2D SPACE',''
  ) );
#9348 = PCURVE('',#6149,#9349);
#9349 = DEFINITIONAL_REPRESENTATION('',(#9350),#9354);
#9350 = LINE('',#9351,#9352);
#9351 = CARTESIAN_POINT('',(8.995078294618,0.));
#9352 = VECTOR('',#9353,1.);
#9353 = DIRECTION('',(-1.,-0.));
#9354 = ( GEOMETRIC_REPRESENTATION_CONTEXT(2) 
PARAMETRIC_REPRESENTATION_CONTEXT() REPRESENTATION_CONTEXT('2D SPACE',''
  ) );
#9355 = ORIENTED_EDGE('',*,*,#9356,.T.);
#9356 = EDGE_CURVE('',#9329,#9357,#9359,.T.);
#9357 = VERTEX_POINT('',#9358);
#9358 = CARTESIAN_POINT('',(28.166969722018,-44.,2.4));
#9359 = SURFACE_CURVE('',#9360,(#9364,#9371),.PCURVE_S1.);
#9360 = LINE('',#9361,#9362);
#9361 = CARTESIAN_POINT('',(-34.,-44.,2.4));
#9362 = VECTOR('',#9363,1.);
#9363 = DIRECTION('',(1.,0.,-0.));
#9364 = PCURVE('',#4805,#9365);
#9365 = DEFINITIONAL_REPRESENTATION('',(#9366),#9370);
#9366 = LINE('',#9367,#9368);
#9367 = CARTESIAN_POINT('',(0.,0.));
#9368 = VECTOR('',#9369,1.);
#9369 = DIRECTION('',(1.,0.));
#9370 = ( GEOMETRIC_REPRESENTATION_CONTEXT(2) 
PARAMETRIC_REPRESENTATION_CONTEXT() REPRESENTATION_CONTEXT('2D SPACE',''
  ) );
#9371 = PCURVE('',#6121,#9372);
#9372 = DEFINITIONAL_REPRESENTATION('',(#9373),#9377);
#9373 = LINE('',#9374,#9375);
#9374 = CARTESIAN_POINT('',(0.,0.));
#9375 = VECTOR('',#9376,1.);
#9376 = DIRECTION('',(0.,1.));
#9377 = ( GEOMETRIC_REPRESENTATION_CONTEXT(2) 
PARAMETRIC_REPRESENTATION_CONTEXT() REPRESENTATION_CONTEXT('2D SPACE',''
  ) );
#9378 = ORIENTED_EDGE('',*,*,#9379,.F.);
#9379 = EDGE_CURVE('',#9380,#9357,#9382,.T.);
#9380 = VERTEX_POINT('',#9381);
#9381 = CARTESIAN_POINT('',(34.,-38.16696972201,2.4));
#9382 = SURFACE_CURVE('',#9383,(#9388,#9395),.PCURVE_S1.);
#9383 = CIRCLE('',#9384,4.4);
#9384 = AXIS2_PLACEMENT_3D('',#9385,#9386,#9387);
#9385 = CARTESIAN_POINT('',(30.,-40.,2.4));
#9386 = DIRECTION('',(0.,0.,1.));
#9387 = DIRECTION('',(1.,0.,-0.));
#9388 = PCURVE('',#4805,#9389);
#9389 = DEFINITIONAL_REPRESENTATION('',(#9390),#9394);
#9390 = CIRCLE('',#9391,4.4);
#9391 = AXIS2_PLACEMENT_2D('',#9392,#9393);
#9392 = CARTESIAN_POINT('',(64.,4.));
#9393 = DIRECTION('',(1.,0.));
#9394 = ( GEOMETRIC_REPRESENTATION_CONTEXT(2) 
PARAMETRIC_REPRESENTATION_CONTEXT() REPRESENTATION_CONTEXT('2D SPACE',''
  ) );
#9395 = PCURVE('',#6093,#9396);
#9396 = DEFINITIONAL_REPRESENTATION('',(#9397),#9401);
#9397 = LINE('',#9398,#9399);
#9398 = CARTESIAN_POINT('',(0.,0.));
#9399 = VECTOR('',#9400,1.);
#9400 = DIRECTION('',(1.,0.));
#9401 = ( GEOMETRIC_REPRESENTATION_CONTEXT(2) 
PARAMETRIC_REPRESENTATION_CONTEXT() REPRESENTATION_CONTEXT('2D SPACE',''
  ) );
#9402 = ORIENTED_EDGE('',*,*,#9403,.T.);
#9403 = EDGE_CURVE('',#9380,#9404,#9406,.T.);
#9404 = VERTEX_POINT('',#9405);
#9405 = CARTESIAN_POINT('',(34.,-21.,2.4));
#9406 = SURFACE_CURVE('',#9407,(#9411,#9418),.PCURVE_S1.);
#9407 = LINE('',#9408,#9409);
#9408 = CARTESIAN_POINT('',(34.,-44.,2.4));
#9409 = VECTOR('',#9410,1.);
#9410 = DIRECTION('',(-0.,1.,0.));
#9411 = PCURVE('',#4805,#9412);
#9412 = DEFINITIONAL_REPRESENTATION('',(#9413),#9417);
#9413 = LINE('',#9414,#9415);
#9414 = CARTESIAN_POINT('',(68.,0.));
#9415 = VECTOR('',#9416,1.);
#9416 = DIRECTION('',(0.,1.));
#9417 = ( GEOMETRIC_REPRESENTATION_CONTEXT(2) 
PARAMETRIC_REPRESENTATION_CONTEXT() REPRESENTATION_CONTEXT('2D SPACE',''
  ) );
#9418 = PCURVE('',#6065,#9419);
#9419 = DEFINITIONAL_REPRESENTATION('',(#9420),#9424);
#9420 = LINE('',#9421,#9422);
#9421 = CARTESIAN_POINT('',(0.,0.));
#9422 = VECTOR('',#9423,1.);
#9423 = DIRECTION('',(0.,-1.));
#9424 = ( GEOMETRIC_REPRESENTATION_CONTEXT(2) 
PARAMETRIC_REPRESENTATION_CONTEXT() REPRESENTATION_CONTEXT('2D SPACE',''
  ) );
#9425 = ORIENTED_EDGE('',*,*,#9426,.T.);
#9426 = EDGE_CURVE('',#9404,#9427,#9429,.T.);
#9427 = VERTEX_POINT('',#9428);
#9428 = CARTESIAN_POINT('',(32.733030277982,-21.,2.4));
#9429 = SURFACE_CURVE('',#9430,(#9434,#9441),.PCURVE_S1.);
#9430 = LINE('',#9431,#9432);
#9431 = CARTESIAN_POINT('',(34.,-21.,2.4));
#9432 = VECTOR('',#9433,1.);
#9433 = DIRECTION('',(-1.,0.,0.));
#9434 = PCURVE('',#4805,#9435);
#9435 = DEFINITIONAL_REPRESENTATION('',(#9436),#9440);
#9436 = LINE('',#9437,#9438);
#9437 = CARTESIAN_POINT('',(68.,23.));
#9438 = VECTOR('',#9439,1.);
#9439 = DIRECTION('',(-1.,0.));
#9440 = ( GEOMETRIC_REPRESENTATION_CONTEXT(2) 
PARAMETRIC_REPRESENTATION_CONTEXT() REPRESENTATION_CONTEXT('2D SPACE',''
  ) );
#9441 = PCURVE('',#9442,#9447);
#9442 = PLANE('',#9443);
#9443 = AXIS2_PLACEMENT_3D('',#9444,#9445,#9446);
#9444 = CARTESIAN_POINT('',(26.4,-21.,2.4));
#9445 = DIRECTION('',(-0.,1.,0.));
#9446 = DIRECTION('',(0.,0.,1.));
#9447 = DEFINITIONAL_REPRESENTATION('',(#9448),#9452);
#9448 = LINE('',#9449,#9450);
#9449 = CARTESIAN_POINT('',(0.,7.6));
#9450 = VECTOR('',#9451,1.);
#9451 = DIRECTION('',(0.,-1.));
#9452 = ( GEOMETRIC_REPRESENTATION_CONTEXT(2) 
PARAMETRIC_REPRESENTATION_CONTEXT() REPRESENTATION_CONTEXT('2D SPACE',''
  ) );
#9453 = ORIENTED_EDGE('',*,*,#9454,.F.);
#9454 = EDGE_CURVE('',#9455,#9427,#9457,.T.);
#9455 = VERTEX_POINT('',#9456);
#9456 = CARTESIAN_POINT('',(29.066969722018,-21.,2.4));
#9457 = SURFACE_CURVE('',#9458,(#9463,#9470),.PCURVE_S1.);
#9458 = CIRCLE('',#9459,4.4);
#9459 = AXIS2_PLACEMENT_3D('',#9460,#9461,#9462);
#9460 = CARTESIAN_POINT('',(30.9,-17.,2.4));
#9461 = DIRECTION('',(0.,0.,1.));
#9462 = DIRECTION('',(1.,0.,-0.));
#9463 = PCURVE('',#4805,#9464);
#9464 = DEFINITIONAL_REPRESENTATION('',(#9465),#9469);
#9465 = CIRCLE('',#9466,4.4);
#9466 = AXIS2_PLACEMENT_2D('',#9467,#9468);
#9467 = CARTESIAN_POINT('',(64.9,27.));
#9468 = DIRECTION('',(1.,0.));
#9469 = ( GEOMETRIC_REPRESENTATION_CONTEXT(2) 
PARAMETRIC_REPRESENTATION_CONTEXT() REPRESENTATION_CONTEXT('2D SPACE',''
  ) );
#9470 = PCURVE('',#9471,#9476);
#9471 = CYLINDRICAL_SURFACE('',#9472,4.4);
#9472 = AXIS2_PLACEMENT_3D('',#9473,#9474,#9475);
#9473 = CARTESIAN_POINT('',(30.9,-17.,2.4));
#9474 = DIRECTION('',(0.,0.,1.));
#9475 = DIRECTION('',(1.,0.,-0.));
#9476 = DEFINITIONAL_REPRESENTATION('',(#9477),#9481);
#9477 = LINE('',#9478,#9479);
#9478 = CARTESIAN_POINT('',(0.,0.));
#9479 = VECTOR('',#9480,1.);
#9480 = DIRECTION('',(1.,0.));
#9481 = ( GEOMETRIC_REPRESENTATION_CONTEXT(2) 
PARAMETRIC_REPRESENTATION_CONTEXT() REPRESENTATION_CONTEXT('2D SPACE',''
  ) );
#9482 = ORIENTED_EDGE('',*,*,#9483,.T.);
#9483 = EDGE_CURVE('',#9455,#9484,#9486,.T.);
#9484 = VERTEX_POINT('',#9485);
#9485 = CARTESIAN_POINT('',(25.2,-21.,2.4));
#9486 = SURFACE_CURVE('',#9487,(#9491,#9498),.PCURVE_S1.);
#9487 = LINE('',#9488,#9489);
#9488 = CARTESIAN_POINT('',(34.,-21.,2.4));
#9489 = VECTOR('',#9490,1.);
#9490 = DIRECTION('',(-1.,0.,0.));
#9491 = PCURVE('',#4805,#9492);
#9492 = DEFINITIONAL_REPRESENTATION('',(#9493),#9497);
#9493 = LINE('',#9494,#9495);
#9494 = CARTESIAN_POINT('',(68.,23.));
#9495 = VECTOR('',#9496,1.);
#9496 = DIRECTION('',(-1.,0.));
#9497 = ( GEOMETRIC_REPRESENTATION_CONTEXT(2) 
PARAMETRIC_REPRESENTATION_CONTEXT() REPRESENTATION_CONTEXT('2D SPACE',''
  ) );
#9498 = PCURVE('',#9499,#9504);
#9499 = PLANE('',#9500);
#9500 = AXIS2_PLACEMENT_3D('',#9501,#9502,#9503);
#9501 = CARTESIAN_POINT('',(26.4,-21.,2.4));
#9502 = DIRECTION('',(-0.,1.,0.));
#9503 = DIRECTION('',(0.,0.,1.));
#9504 = DEFINITIONAL_REPRESENTATION('',(#9505),#9509);
#9505 = LINE('',#9506,#9507);
#9506 = CARTESIAN_POINT('',(0.,7.6));
#9507 = VECTOR('',#9508,1.);
#9508 = DIRECTION('',(0.,-1.));
#9509 = ( GEOMETRIC_REPRESENTATION_CONTEXT(2) 
PARAMETRIC_REPRESENTATION_CONTEXT() REPRESENTATION_CONTEXT('2D SPACE',''
  ) );
#9510 = ORIENTED_EDGE('',*,*,#9511,.T.);
#9511 = EDGE_CURVE('',#9484,#9512,#9514,.T.);
#9512 = VERTEX_POINT('',#9513);
#9513 = CARTESIAN_POINT('',(25.2,-13.,2.4));
#9514 = SURFACE_CURVE('',#9515,(#9519,#9526),.PCURVE_S1.);
#9515 = LINE('',#9516,#9517);
#9516 = CARTESIAN_POINT('',(25.2,-21.,2.4));
#9517 = VECTOR('',#9518,1.);
#9518 = DIRECTION('',(-0.,1.,0.));
#9519 = PCURVE('',#4805,#9520);
#9520 = DEFINITIONAL_REPRESENTATION('',(#9521),#9525);
#9521 = LINE('',#9522,#9523);
#9522 = CARTESIAN_POINT('',(59.2,23.));
#9523 = VECTOR('',#9524,1.);
#9524 = DIRECTION('',(0.,1.));
#9525 = ( GEOMETRIC_REPRESENTATION_CONTEXT(2) 
PARAMETRIC_REPRESENTATION_CONTEXT() REPRESENTATION_CONTEXT('2D SPACE',''
  ) );
#9526 = PCURVE('',#9527,#9532);
#9527 = PLANE('',#9528);
#9528 = AXIS2_PLACEMENT_3D('',#9529,#9530,#9531);
#9529 = CARTESIAN_POINT('',(25.2,-21.,2.4));
#9530 = DIRECTION('',(1.,0.,-0.));
#9531 = DIRECTION('',(0.,0.,1.));
#9532 = DEFINITIONAL_REPRESENTATION('',(#9533),#9537);
#9533 = LINE('',#9534,#9535);
#9534 = CARTESIAN_POINT('',(0.,0.));
#9535 = VECTOR('',#9536,1.);
#9536 = DIRECTION('',(0.,-1.));
#9537 = ( GEOMETRIC_REPRESENTATION_CONTEXT(2) 
PARAMETRIC_REPRESENTATION_CONTEXT() REPRESENTATION_CONTEXT('2D SPACE',''
  ) );
#9538 = ORIENTED_EDGE('',*,*,#9539,.T.);
#9539 = EDGE_CURVE('',#9512,#9540,#9542,.T.);
#9540 = VERTEX_POINT('',#9541);
#9541 = CARTESIAN_POINT('',(29.066969722018,-13.,2.4));
#9542 = SURFACE_CURVE('',#9543,(#9547,#9554),.PCURVE_S1.);
#9543 = LINE('',#9544,#9545);
#9544 = CARTESIAN_POINT('',(25.2,-13.,2.4));
#9545 = VECTOR('',#9546,1.);
#9546 = DIRECTION('',(1.,0.,0.));
#9547 = PCURVE('',#4805,#9548);
#9548 = DEFINITIONAL_REPRESENTATION('',(#9549),#9553);
#9549 = LINE('',#9550,#9551);
#9550 = CARTESIAN_POINT('',(59.2,31.));
#9551 = VECTOR('',#9552,1.);
#9552 = DIRECTION('',(1.,0.));
#9553 = ( GEOMETRIC_REPRESENTATION_CONTEXT(2) 
PARAMETRIC_REPRESENTATION_CONTEXT() REPRESENTATION_CONTEXT('2D SPACE',''
  ) );
#9554 = PCURVE('',#9555,#9560);
#9555 = PLANE('',#9556);
#9556 = AXIS2_PLACEMENT_3D('',#9557,#9558,#9559);
#9557 = CARTESIAN_POINT('',(25.2,-13.,2.4));
#9558 = DIRECTION('',(-0.,1.,0.));
#9559 = DIRECTION('',(0.,0.,1.));
#9560 = DEFINITIONAL_REPRESENTATION('',(#9561),#9565);
#9561 = LINE('',#9562,#9563);
#9562 = CARTESIAN_POINT('',(0.,0.));
#9563 = VECTOR('',#9564,1.);
#9564 = DIRECTION('',(0.,1.));
#9565 = ( GEOMETRIC_REPRESENTATION_CONTEXT(2) 
PARAMETRIC_REPRESENTATION_CONTEXT() REPRESENTATION_CONTEXT('2D SPACE',''
  ) );
#9566 = ORIENTED_EDGE('',*,*,#9567,.F.);
#9567 = EDGE_CURVE('',#9568,#9540,#9570,.T.);
#9568 = VERTEX_POINT('',#9569);
#9569 = CARTESIAN_POINT('',(32.733030277982,-13.,2.4));
#9570 = SURFACE_CURVE('',#9571,(#9576,#9583),.PCURVE_S1.);
#9571 = CIRCLE('',#9572,4.4);
#9572 = AXIS2_PLACEMENT_3D('',#9573,#9574,#9575);
#9573 = CARTESIAN_POINT('',(30.9,-17.,2.4));
#9574 = DIRECTION('',(0.,0.,1.));
#9575 = DIRECTION('',(1.,0.,-0.));
#9576 = PCURVE('',#4805,#9577);
#9577 = DEFINITIONAL_REPRESENTATION('',(#9578),#9582);
#9578 = CIRCLE('',#9579,4.4);
#9579 = AXIS2_PLACEMENT_2D('',#9580,#9581);
#9580 = CARTESIAN_POINT('',(64.9,27.));
#9581 = DIRECTION('',(1.,0.));
#9582 = ( GEOMETRIC_REPRESENTATION_CONTEXT(2) 
PARAMETRIC_REPRESENTATION_CONTEXT() REPRESENTATION_CONTEXT('2D SPACE',''
  ) );
#9583 = PCURVE('',#9584,#9589);
#9584 = CYLINDRICAL_SURFACE('',#9585,4.4);
#9585 = AXIS2_PLACEMENT_3D('',#9586,#9587,#9588);
#9586 = CARTESIAN_POINT('',(30.9,-17.,2.4));
#9587 = DIRECTION('',(0.,0.,1.));
#9588 = DIRECTION('',(1.,0.,-0.));
#9589 = DEFINITIONAL_REPRESENTATION('',(#9590),#9594);
#9590 = LINE('',#9591,#9592);
#9591 = CARTESIAN_POINT('',(0.,0.));
#9592 = VECTOR('',#9593,1.);
#9593 = DIRECTION('',(1.,0.));
#9594 = ( GEOMETRIC_REPRESENTATION_CONTEXT(2) 
PARAMETRIC_REPRESENTATION_CONTEXT() REPRESENTATION_CONTEXT('2D SPACE',''
  ) );
#9595 = ORIENTED_EDGE('',*,*,#9596,.T.);
#9596 = EDGE_CURVE('',#9568,#9597,#9599,.T.);
#9597 = VERTEX_POINT('',#9598);
#9598 = CARTESIAN_POINT('',(34.,-13.,2.4));
#9599 = SURFACE_CURVE('',#9600,(#9604,#9611),.PCURVE_S1.);
#9600 = LINE('',#9601,#9602);
#9601 = CARTESIAN_POINT('',(25.2,-13.,2.4));
#9602 = VECTOR('',#9603,1.);
#9603 = DIRECTION('',(1.,0.,0.));
#9604 = PCURVE('',#4805,#9605);
#9605 = DEFINITIONAL_REPRESENTATION('',(#9606),#9610);
#9606 = LINE('',#9607,#9608);
#9607 = CARTESIAN_POINT('',(59.2,31.));
#9608 = VECTOR('',#9609,1.);
#9609 = DIRECTION('',(1.,0.));
#9610 = ( GEOMETRIC_REPRESENTATION_CONTEXT(2) 
PARAMETRIC_REPRESENTATION_CONTEXT() REPRESENTATION_CONTEXT('2D SPACE',''
  ) );
#9611 = PCURVE('',#9612,#9617);
#9612 = PLANE('',#9613);
#9613 = AXIS2_PLACEMENT_3D('',#9614,#9615,#9616);
#9614 = CARTESIAN_POINT('',(25.2,-13.,2.4));
#9615 = DIRECTION('',(-0.,1.,0.));
#9616 = DIRECTION('',(0.,0.,1.));
#9617 = DEFINITIONAL_REPRESENTATION('',(#9618),#9622);
#9618 = LINE('',#9619,#9620);
#9619 = CARTESIAN_POINT('',(0.,0.));
#9620 = VECTOR('',#9621,1.);
#9621 = DIRECTION('',(0.,1.));
#9622 = ( GEOMETRIC_REPRESENTATION_CONTEXT(2) 
PARAMETRIC_REPRESENTATION_CONTEXT() REPRESENTATION_CONTEXT('2D SPACE',''
  ) );
#9623 = ORIENTED_EDGE('',*,*,#9624,.T.);
#9624 = EDGE_CURVE('',#9597,#9625,#9627,.T.);
#9625 = VERTEX_POINT('',#9626);
#9626 = CARTESIAN_POINT('',(34.,13.,2.4));
#9627 = SURFACE_CURVE('',#9628,(#9632,#9639),.PCURVE_S1.);
#9628 = LINE('',#9629,#9630);
#9629 = CARTESIAN_POINT('',(34.,-44.,2.4));
#9630 = VECTOR('',#9631,1.);
#9631 = DIRECTION('',(-0.,1.,0.));
#9632 = PCURVE('',#4805,#9633);
#9633 = DEFINITIONAL_REPRESENTATION('',(#9634),#9638);
#9634 = LINE('',#9635,#9636);
#9635 = CARTESIAN_POINT('',(68.,0.));
#9636 = VECTOR('',#9637,1.);
#9637 = DIRECTION('',(0.,1.));
#9638 = ( GEOMETRIC_REPRESENTATION_CONTEXT(2) 
PARAMETRIC_REPRESENTATION_CONTEXT() REPRESENTATION_CONTEXT('2D SPACE',''
  ) );
#9639 = PCURVE('',#6065,#9640);
#9640 = DEFINITIONAL_REPRESENTATION('',(#9641),#9645);
#9641 = LINE('',#9642,#9643);
#9642 = CARTESIAN_POINT('',(0.,0.));
#9643 = VECTOR('',#9644,1.);
#9644 = DIRECTION('',(0.,-1.));
#9645 = ( GEOMETRIC_REPRESENTATION_CONTEXT(2) 
PARAMETRIC_REPRESENTATION_CONTEXT() REPRESENTATION_CONTEXT('2D SPACE',''
  ) );
#9646 = ORIENTED_EDGE('',*,*,#9647,.T.);
#9647 = EDGE_CURVE('',#9625,#9648,#9650,.T.);
#9648 = VERTEX_POINT('',#9649);
#9649 = CARTESIAN_POINT('',(32.733030277982,13.,2.4));
#9650 = SURFACE_CURVE('',#9651,(#9655,#9662),.PCURVE_S1.);
#9651 = LINE('',#9652,#9653);
#9652 = CARTESIAN_POINT('',(34.,13.,2.4));
#9653 = VECTOR('',#9654,1.);
#9654 = DIRECTION('',(-1.,0.,0.));
#9655 = PCURVE('',#4805,#9656);
#9656 = DEFINITIONAL_REPRESENTATION('',(#9657),#9661);
#9657 = LINE('',#9658,#9659);
#9658 = CARTESIAN_POINT('',(68.,57.));
#9659 = VECTOR('',#9660,1.);
#9660 = DIRECTION('',(-1.,0.));
#9661 = ( GEOMETRIC_REPRESENTATION_CONTEXT(2) 
PARAMETRIC_REPRESENTATION_CONTEXT() REPRESENTATION_CONTEXT('2D SPACE',''
  ) );
#9662 = PCURVE('',#9663,#9668);
#9663 = PLANE('',#9664);
#9664 = AXIS2_PLACEMENT_3D('',#9665,#9666,#9667);
#9665 = CARTESIAN_POINT('',(26.4,13.,2.4));
#9666 = DIRECTION('',(-0.,1.,0.));
#9667 = DIRECTION('',(0.,0.,1.));
#9668 = DEFINITIONAL_REPRESENTATION('',(#9669),#9673);
#9669 = LINE('',#9670,#9671);
#9670 = CARTESIAN_POINT('',(0.,7.6));
#9671 = VECTOR('',#9672,1.);
#9672 = DIRECTION('',(0.,-1.));
#9673 = ( GEOMETRIC_REPRESENTATION_CONTEXT(2) 
PARAMETRIC_REPRESENTATION_CONTEXT() REPRESENTATION_CONTEXT('2D SPACE',''
  ) );
#9674 = ORIENTED_EDGE('',*,*,#9675,.F.);
#9675 = EDGE_CURVE('',#9676,#9648,#9678,.T.);
#9676 = VERTEX_POINT('',#9677);
#9677 = CARTESIAN_POINT('',(29.066969722018,13.,2.4));
#9678 = SURFACE_CURVE('',#9679,(#9684,#9691),.PCURVE_S1.);
#9679 = CIRCLE('',#9680,4.4);
#9680 = AXIS2_PLACEMENT_3D('',#9681,#9682,#9683);
#9681 = CARTESIAN_POINT('',(30.9,17.,2.4));
#9682 = DIRECTION('',(0.,0.,1.));
#9683 = DIRECTION('',(1.,0.,-0.));
#9684 = PCURVE('',#4805,#9685);
#9685 = DEFINITIONAL_REPRESENTATION('',(#9686),#9690);
#9686 = CIRCLE('',#9687,4.4);
#9687 = AXIS2_PLACEMENT_2D('',#9688,#9689);
#9688 = CARTESIAN_POINT('',(64.9,61.));
#9689 = DIRECTION('',(1.,0.));
#9690 = ( GEOMETRIC_REPRESENTATION_CONTEXT(2) 
PARAMETRIC_REPRESENTATION_CONTEXT() REPRESENTATION_CONTEXT('2D SPACE',''
  ) );
#9691 = PCURVE('',#9692,#9697);
#9692 = CYLINDRICAL_SURFACE('',#9693,4.4);
#9693 = AXIS2_PLACEMENT_3D('',#9694,#9695,#9696);
#9694 = CARTESIAN_POINT('',(30.9,17.,2.4));
#9695 = DIRECTION('',(0.,0.,1.));
#9696 = DIRECTION('',(1.,0.,-0.));
#9697 = DEFINITIONAL_REPRESENTATION('',(#9698),#9702);
#9698 = LINE('',#9699,#9700);
#9699 = CARTESIAN_POINT('',(0.,0.));
#9700 = VECTOR('',#9701,1.);
#9701 = DIRECTION('',(1.,0.));
#9702 = ( GEOMETRIC_REPRESENTATION_CONTEXT(2) 
PARAMETRIC_REPRESENTATION_CONTEXT() REPRESENTATION_CONTEXT('2D SPACE',''
  ) );
#9703 = ORIENTED_EDGE('',*,*,#9704,.T.);
#9704 = EDGE_CURVE('',#9676,#9705,#9707,.T.);
#9705 = VERTEX_POINT('',#9706);
#9706 = CARTESIAN_POINT('',(25.2,13.,2.4));
#9707 = SURFACE_CURVE('',#9708,(#9712,#9719),.PCURVE_S1.);
#9708 = LINE('',#9709,#9710);
#9709 = CARTESIAN_POINT('',(34.,13.,2.4));
#9710 = VECTOR('',#9711,1.);
#9711 = DIRECTION('',(-1.,0.,0.));
#9712 = PCURVE('',#4805,#9713);
#9713 = DEFINITIONAL_REPRESENTATION('',(#9714),#9718);
#9714 = LINE('',#9715,#9716);
#9715 = CARTESIAN_POINT('',(68.,57.));
#9716 = VECTOR('',#9717,1.);
#9717 = DIRECTION('',(-1.,0.));
#9718 = ( GEOMETRIC_REPRESENTATION_CONTEXT(2) 
PARAMETRIC_REPRESENTATION_CONTEXT() REPRESENTATION_CONTEXT('2D SPACE',''
  ) );
#9719 = PCURVE('',#9720,#9725);
#9720 = PLANE('',#9721);
#9721 = AXIS2_PLACEMENT_3D('',#9722,#9723,#9724);
#9722 = CARTESIAN_POINT('',(26.4,13.,2.4));
#9723 = DIRECTION('',(-0.,1.,0.));
#9724 = DIRECTION('',(0.,0.,1.));
#9725 = DEFINITIONAL_REPRESENTATION('',(#9726),#9730);
#9726 = LINE('',#9727,#9728);
#9727 = CARTESIAN_POINT('',(0.,7.6));
#9728 = VECTOR('',#9729,1.);
#9729 = DIRECTION('',(0.,-1.));
#9730 = ( GEOMETRIC_REPRESENTATION_CONTEXT(2) 
PARAMETRIC_REPRESENTATION_CONTEXT() REPRESENTATION_CONTEXT('2D SPACE',''
  ) );
#9731 = ORIENTED_EDGE('',*,*,#9732,.T.);
#9732 = EDGE_CURVE('',#9705,#9733,#9735,.T.);
#9733 = VERTEX_POINT('',#9734);
#9734 = CARTESIAN_POINT('',(25.2,21.,2.4));
#9735 = SURFACE_CURVE('',#9736,(#9740,#9747),.PCURVE_S1.);
#9736 = LINE('',#9737,#9738);
#9737 = CARTESIAN_POINT('',(25.2,13.,2.4));
#9738 = VECTOR('',#9739,1.);
#9739 = DIRECTION('',(-0.,1.,0.));
#9740 = PCURVE('',#4805,#9741);
#9741 = DEFINITIONAL_REPRESENTATION('',(#9742),#9746);
#9742 = LINE('',#9743,#9744);
#9743 = CARTESIAN_POINT('',(59.2,57.));
#9744 = VECTOR('',#9745,1.);
#9745 = DIRECTION('',(0.,1.));
#9746 = ( GEOMETRIC_REPRESENTATION_CONTEXT(2) 
PARAMETRIC_REPRESENTATION_CONTEXT() REPRESENTATION_CONTEXT('2D SPACE',''
  ) );
#9747 = PCURVE('',#9748,#9753);
#9748 = PLANE('',#9749);
#9749 = AXIS2_PLACEMENT_3D('',#9750,#9751,#9752);
#9750 = CARTESIAN_POINT('',(25.2,13.,2.4));
#9751 = DIRECTION('',(1.,0.,-0.));
#9752 = DIRECTION('',(0.,0.,1.));
#9753 = DEFINITIONAL_REPRESENTATION('',(#9754),#9758);
#9754 = LINE('',#9755,#9756);
#9755 = CARTESIAN_POINT('',(0.,0.));
#9756 = VECTOR('',#9757,1.);
#9757 = DIRECTION('',(0.,-1.));
#9758 = ( GEOMETRIC_REPRESENTATION_CONTEXT(2) 
PARAMETRIC_REPRESENTATION_CONTEXT() REPRESENTATION_CONTEXT('2D SPACE',''
  ) );
#9759 = ORIENTED_EDGE('',*,*,#9760,.T.);
#9760 = EDGE_CURVE('',#9733,#9761,#9763,.T.);
#9761 = VERTEX_POINT('',#9762);
#9762 = CARTESIAN_POINT('',(29.066969722018,21.,2.4));
#9763 = SURFACE_CURVE('',#9764,(#9768,#9775),.PCURVE_S1.);
#9764 = LINE('',#9765,#9766);
#9765 = CARTESIAN_POINT('',(25.2,21.,2.4));
#9766 = VECTOR('',#9767,1.);
#9767 = DIRECTION('',(1.,0.,0.));
#9768 = PCURVE('',#4805,#9769);
#9769 = DEFINITIONAL_REPRESENTATION('',(#9770),#9774);
#9770 = LINE('',#9771,#9772);
#9771 = CARTESIAN_POINT('',(59.2,65.));
#9772 = VECTOR('',#9773,1.);
#9773 = DIRECTION('',(1.,0.));
#9774 = ( GEOMETRIC_REPRESENTATION_CONTEXT(2) 
PARAMETRIC_REPRESENTATION_CONTEXT() REPRESENTATION_CONTEXT('2D SPACE',''
  ) );
#9775 = PCURVE('',#9776,#9781);
#9776 = PLANE('',#9777);
#9777 = AXIS2_PLACEMENT_3D('',#9778,#9779,#9780);
#9778 = CARTESIAN_POINT('',(25.2,21.,2.4));
#9779 = DIRECTION('',(-0.,1.,0.));
#9780 = DIRECTION('',(0.,0.,1.));
#9781 = DEFINITIONAL_REPRESENTATION('',(#9782),#9786);
#9782 = LINE('',#9783,#9784);
#9783 = CARTESIAN_POINT('',(0.,0.));
#9784 = VECTOR('',#9785,1.);
#9785 = DIRECTION('',(0.,1.));
#9786 = ( GEOMETRIC_REPRESENTATION_CONTEXT(2) 
PARAMETRIC_REPRESENTATION_CONTEXT() REPRESENTATION_CONTEXT('2D SPACE',''
  ) );
#9787 = ORIENTED_EDGE('',*,*,#9788,.F.);
#9788 = EDGE_CURVE('',#9789,#9761,#9791,.T.);
#9789 = VERTEX_POINT('',#9790);
#9790 = CARTESIAN_POINT('',(32.733030277982,21.,2.4));
#9791 = SURFACE_CURVE('',#9792,(#9797,#9804),.PCURVE_S1.);
#9792 = CIRCLE('',#9793,4.4);
#9793 = AXIS2_PLACEMENT_3D('',#9794,#9795,#9796);
#9794 = CARTESIAN_POINT('',(30.9,17.,2.4));
#9795 = DIRECTION('',(0.,0.,1.));
#9796 = DIRECTION('',(1.,0.,-0.));
#9797 = PCURVE('',#4805,#9798);
#9798 = DEFINITIONAL_REPRESENTATION('',(#9799),#9803);
#9799 = CIRCLE('',#9800,4.4);
#9800 = AXIS2_PLACEMENT_2D('',#9801,#9802);
#9801 = CARTESIAN_POINT('',(64.9,61.));
#9802 = DIRECTION('',(1.,0.));
#9803 = ( GEOMETRIC_REPRESENTATION_CONTEXT(2) 
PARAMETRIC_REPRESENTATION_CONTEXT() REPRESENTATION_CONTEXT('2D SPACE',''
  ) );
#9804 = PCURVE('',#9805,#9810);
#9805 = CYLINDRICAL_SURFACE('',#9806,4.4);
#9806 = AXIS2_PLACEMENT_3D('',#9807,#9808,#9809);
#9807 = CARTESIAN_POINT('',(30.9,17.,2.4));
#9808 = DIRECTION('',(0.,0.,1.));
#9809 = DIRECTION('',(1.,0.,-0.));
#9810 = DEFINITIONAL_REPRESENTATION('',(#9811),#9815);
#9811 = LINE('',#9812,#9813);
#9812 = CARTESIAN_POINT('',(0.,0.));
#9813 = VECTOR('',#9814,1.);
#9814 = DIRECTION('',(1.,0.));
#9815 = ( GEOMETRIC_REPRESENTATION_CONTEXT(2) 
PARAMETRIC_REPRESENTATION_CONTEXT() REPRESENTATION_CONTEXT('2D SPACE',''
  ) );
#9816 = ORIENTED_EDGE('',*,*,#9817,.T.);
#9817 = EDGE_CURVE('',#9789,#9818,#9820,.T.);
#9818 = VERTEX_POINT('',#9819);
#9819 = CARTESIAN_POINT('',(34.,21.,2.4));
#9820 = SURFACE_CURVE('',#9821,(#9825,#9832),.PCURVE_S1.);
#9821 = LINE('',#9822,#9823);
#9822 = CARTESIAN_POINT('',(25.2,21.,2.4));
#9823 = VECTOR('',#9824,1.);
#9824 = DIRECTION('',(1.,0.,0.));
#9825 = PCURVE('',#4805,#9826);
#9826 = DEFINITIONAL_REPRESENTATION('',(#9827),#9831);
#9827 = LINE('',#9828,#9829);
#9828 = CARTESIAN_POINT('',(59.2,65.));
#9829 = VECTOR('',#9830,1.);
#9830 = DIRECTION('',(1.,0.));
#9831 = ( GEOMETRIC_REPRESENTATION_CONTEXT(2) 
PARAMETRIC_REPRESENTATION_CONTEXT() REPRESENTATION_CONTEXT('2D SPACE',''
  ) );
#9832 = PCURVE('',#9833,#9838);
#9833 = PLANE('',#9834);
#9834 = AXIS2_PLACEMENT_3D('',#9835,#9836,#9837);
#9835 = CARTESIAN_POINT('',(25.2,21.,2.4));
#9836 = DIRECTION('',(-0.,1.,0.));
#9837 = DIRECTION('',(0.,0.,1.));
#9838 = DEFINITIONAL_REPRESENTATION('',(#9839),#9843);
#9839 = LINE('',#9840,#9841);
#9840 = CARTESIAN_POINT('',(0.,0.));
#9841 = VECTOR('',#9842,1.);
#9842 = DIRECTION('',(0.,1.));
#9843 = ( GEOMETRIC_REPRESENTATION_CONTEXT(2) 
PARAMETRIC_REPRESENTATION_CONTEXT() REPRESENTATION_CONTEXT('2D SPACE',''
  ) );
#9844 = ORIENTED_EDGE('',*,*,#9845,.T.);
#9845 = EDGE_CURVE('',#9818,#9846,#9848,.T.);
#9846 = VERTEX_POINT('',#9847);
#9847 = CARTESIAN_POINT('',(34.,38.166969722018,2.4));
#9848 = SURFACE_CURVE('',#9849,(#9853,#9860),.PCURVE_S1.);
#9849 = LINE('',#9850,#9851);
#9850 = CARTESIAN_POINT('',(34.,-44.,2.4));
#9851 = VECTOR('',#9852,1.);
#9852 = DIRECTION('',(-0.,1.,0.));
#9853 = PCURVE('',#4805,#9854);
#9854 = DEFINITIONAL_REPRESENTATION('',(#9855),#9859);
#9855 = LINE('',#9856,#9857);
#9856 = CARTESIAN_POINT('',(68.,0.));
#9857 = VECTOR('',#9858,1.);
#9858 = DIRECTION('',(0.,1.));
#9859 = ( GEOMETRIC_REPRESENTATION_CONTEXT(2) 
PARAMETRIC_REPRESENTATION_CONTEXT() REPRESENTATION_CONTEXT('2D SPACE',''
  ) );
#9860 = PCURVE('',#6065,#9861);
#9861 = DEFINITIONAL_REPRESENTATION('',(#9862),#9866);
#9862 = LINE('',#9863,#9864);
#9863 = CARTESIAN_POINT('',(0.,0.));
#9864 = VECTOR('',#9865,1.);
#9865 = DIRECTION('',(0.,-1.));
#9866 = ( GEOMETRIC_REPRESENTATION_CONTEXT(2) 
PARAMETRIC_REPRESENTATION_CONTEXT() REPRESENTATION_CONTEXT('2D SPACE',''
  ) );
#9867 = ORIENTED_EDGE('',*,*,#9868,.F.);
#9868 = EDGE_CURVE('',#9869,#9846,#9871,.T.);
#9869 = VERTEX_POINT('',#9870);
#9870 = CARTESIAN_POINT('',(28.166969722018,44.,2.4));
#9871 = SURFACE_CURVE('',#9872,(#9877,#9884),.PCURVE_S1.);
#9872 = CIRCLE('',#9873,4.4);
#9873 = AXIS2_PLACEMENT_3D('',#9874,#9875,#9876);
#9874 = CARTESIAN_POINT('',(30.,40.,2.4));
#9875 = DIRECTION('',(0.,0.,1.));
#9876 = DIRECTION('',(1.,0.,-0.));
#9877 = PCURVE('',#4805,#9878);
#9878 = DEFINITIONAL_REPRESENTATION('',(#9879),#9883);
#9879 = CIRCLE('',#9880,4.4);
#9880 = AXIS2_PLACEMENT_2D('',#9881,#9882);
#9881 = CARTESIAN_POINT('',(64.,84.));
#9882 = DIRECTION('',(1.,0.));
#9883 = ( GEOMETRIC_REPRESENTATION_CONTEXT(2) 
PARAMETRIC_REPRESENTATION_CONTEXT() REPRESENTATION_CONTEXT('2D SPACE',''
  ) );
#9884 = PCURVE('',#6037,#9885);
#9885 = DEFINITIONAL_REPRESENTATION('',(#9886),#9890);
#9886 = LINE('',#9887,#9888);
#9887 = CARTESIAN_POINT('',(0.,0.));
#9888 = VECTOR('',#9889,1.);
#9889 = DIRECTION('',(1.,0.));
#9890 = ( GEOMETRIC_REPRESENTATION_CONTEXT(2) 
PARAMETRIC_REPRESENTATION_CONTEXT() REPRESENTATION_CONTEXT('2D SPACE',''
  ) );
#9891 = ORIENTED_EDGE('',*,*,#9892,.F.);
#9892 = EDGE_CURVE('',#9893,#9869,#9895,.T.);
#9893 = VERTEX_POINT('',#9894);
#9894 = CARTESIAN_POINT('',(-28.16696972201,44.,2.4));
#9895 = SURFACE_CURVE('',#9896,(#9900,#9907),.PCURVE_S1.);
#9896 = LINE('',#9897,#9898);
#9897 = CARTESIAN_POINT('',(-34.,44.,2.4));
#9898 = VECTOR('',#9899,1.);
#9899 = DIRECTION('',(1.,0.,-0.));
#9900 = PCURVE('',#4805,#9901);
#9901 = DEFINITIONAL_REPRESENTATION('',(#9902),#9906);
#9902 = LINE('',#9903,#9904);
#9903 = CARTESIAN_POINT('',(0.,88.));
#9904 = VECTOR('',#9905,1.);
#9905 = DIRECTION('',(1.,0.));
#9906 = ( GEOMETRIC_REPRESENTATION_CONTEXT(2) 
PARAMETRIC_REPRESENTATION_CONTEXT() REPRESENTATION_CONTEXT('2D SPACE',''
  ) );
#9907 = PCURVE('',#6009,#9908);
#9908 = DEFINITIONAL_REPRESENTATION('',(#9909),#9913);
#9909 = LINE('',#9910,#9911);
#9910 = CARTESIAN_POINT('',(0.,0.));
#9911 = VECTOR('',#9912,1.);
#9912 = DIRECTION('',(0.,1.));
#9913 = ( GEOMETRIC_REPRESENTATION_CONTEXT(2) 
PARAMETRIC_REPRESENTATION_CONTEXT() REPRESENTATION_CONTEXT('2D SPACE',''
  ) );
#9914 = ORIENTED_EDGE('',*,*,#9915,.T.);
#9915 = EDGE_CURVE('',#9893,#7286,#9916,.T.);
#9916 = SURFACE_CURVE('',#9917,(#9922,#9933),.PCURVE_S1.);
#9917 = CIRCLE('',#9918,4.4);
#9918 = AXIS2_PLACEMENT_3D('',#9919,#9920,#9921);
#9919 = CARTESIAN_POINT('',(-30.,40.,2.4));
#9920 = DIRECTION('',(0.,0.,-1.));
#9921 = DIRECTION('',(0.416597790451,0.909090909091,0.));
#9922 = PCURVE('',#4805,#9923);
#9923 = DEFINITIONAL_REPRESENTATION('',(#9924),#9932);
#9924 = ( BOUNDED_CURVE() B_SPLINE_CURVE(2,(#9925,#9926,#9927,#9928,
#9929,#9930,#9931),.UNSPECIFIED.,.T.,.F.) B_SPLINE_CURVE_WITH_KNOTS((1,2
    ,2,2,2,1),(-2.094395102393,0.,2.094395102393,4.188790204786,
6.28318530718,8.377580409573),.UNSPECIFIED.) CURVE() 
GEOMETRIC_REPRESENTATION_ITEM() RATIONAL_B_SPLINE_CURVE((1.,0.5,1.,0.5,
1.,0.5,1.)) REPRESENTATION_ITEM('') );
#9925 = CARTESIAN_POINT('',(5.833030277982,88.));
#9926 = CARTESIAN_POINT('',(12.761233508258,84.825098426723));
#9927 = CARTESIAN_POINT('',(6.547586476147,80.412549213361));
#9928 = CARTESIAN_POINT('',(0.333939444035,76.));
#9929 = CARTESIAN_POINT('',(-0.380616754129,83.587450786639));
#9930 = CARTESIAN_POINT('',(-1.095172952293,91.174901573277));
#9931 = CARTESIAN_POINT('',(5.833030277982,88.));
#9932 = ( GEOMETRIC_REPRESENTATION_CONTEXT(2) 
PARAMETRIC_REPRESENTATION_CONTEXT() REPRESENTATION_CONTEXT('2D SPACE',''
  ) );
#9933 = PCURVE('',#7321,#9934);
#9934 = DEFINITIONAL_REPRESENTATION('',(#9935),#9939);
#9935 = LINE('',#9936,#9937);
#9936 = CARTESIAN_POINT('',(7.424281967823,0.));
#9937 = VECTOR('',#9938,1.);
#9938 = DIRECTION('',(-1.,-0.));
#9939 = ( GEOMETRIC_REPRESENTATION_CONTEXT(2) 
PARAMETRIC_REPRESENTATION_CONTEXT() REPRESENTATION_CONTEXT('2D SPACE',''
  ) );
#9940 = ORIENTED_EDGE('',*,*,#7285,.F.);
#9941 = ORIENTED_EDGE('',*,*,#7335,.T.);
#9942 = ORIENTED_EDGE('',*,*,#9943,.F.);
#9943 = EDGE_CURVE('',#9944,#7336,#9946,.T.);
#9944 = VERTEX_POINT('',#9945);
#9945 = CARTESIAN_POINT('',(-29.06696972201,21.,2.4));
#9946 = SURFACE_CURVE('',#9947,(#9952,#9959),.PCURVE_S1.);
#9947 = CIRCLE('',#9948,4.4);
#9948 = AXIS2_PLACEMENT_3D('',#9949,#9950,#9951);
#9949 = CARTESIAN_POINT('',(-30.9,17.,2.4));
#9950 = DIRECTION('',(0.,0.,1.));
#9951 = DIRECTION('',(1.,0.,-0.));
#9952 = PCURVE('',#4805,#9953);
#9953 = DEFINITIONAL_REPRESENTATION('',(#9954),#9958);
#9954 = CIRCLE('',#9955,4.4);
#9955 = AXIS2_PLACEMENT_2D('',#9956,#9957);
#9956 = CARTESIAN_POINT('',(3.1,61.));
#9957 = DIRECTION('',(1.,0.));
#9958 = ( GEOMETRIC_REPRESENTATION_CONTEXT(2) 
PARAMETRIC_REPRESENTATION_CONTEXT() REPRESENTATION_CONTEXT('2D SPACE',''
  ) );
#9959 = PCURVE('',#7422,#9960);
#9960 = DEFINITIONAL_REPRESENTATION('',(#9961),#9965);
#9961 = LINE('',#9962,#9963);
#9962 = CARTESIAN_POINT('',(0.,0.));
#9963 = VECTOR('',#9964,1.);
#9964 = DIRECTION('',(1.,0.));
#9965 = ( GEOMETRIC_REPRESENTATION_CONTEXT(2) 
PARAMETRIC_REPRESENTATION_CONTEXT() REPRESENTATION_CONTEXT('2D SPACE',''
  ) );
#9966 = ORIENTED_EDGE('',*,*,#9967,.T.);
#9967 = EDGE_CURVE('',#9944,#9968,#9970,.T.);
#9968 = VERTEX_POINT('',#9969);
#9969 = CARTESIAN_POINT('',(-25.2,21.,2.4));
#9970 = SURFACE_CURVE('',#9971,(#9975,#9982),.PCURVE_S1.);
#9971 = LINE('',#9972,#9973);
#9972 = CARTESIAN_POINT('',(-34.,21.,2.4));
#9973 = VECTOR('',#9974,1.);
#9974 = DIRECTION('',(1.,0.,0.));
#9975 = PCURVE('',#4805,#9976);
#9976 = DEFINITIONAL_REPRESENTATION('',(#9977),#9981);
#9977 = LINE('',#9978,#9979);
#9978 = CARTESIAN_POINT('',(0.,65.));
#9979 = VECTOR('',#9980,1.);
#9980 = DIRECTION('',(1.,0.));
#9981 = ( GEOMETRIC_REPRESENTATION_CONTEXT(2) 
PARAMETRIC_REPRESENTATION_CONTEXT() REPRESENTATION_CONTEXT('2D SPACE',''
  ) );
#9982 = PCURVE('',#9983,#9988);
#9983 = PLANE('',#9984);
#9984 = AXIS2_PLACEMENT_3D('',#9985,#9986,#9987);
#9985 = CARTESIAN_POINT('',(-34.,21.,2.4));
#9986 = DIRECTION('',(-0.,1.,0.));
#9987 = DIRECTION('',(0.,0.,1.));
#9988 = DEFINITIONAL_REPRESENTATION('',(#9989),#9993);
#9989 = LINE('',#9990,#9991);
#9990 = CARTESIAN_POINT('',(0.,0.));
#9991 = VECTOR('',#9992,1.);
#9992 = DIRECTION('',(0.,1.));
#9993 = ( GEOMETRIC_REPRESENTATION_CONTEXT(2) 
PARAMETRIC_REPRESENTATION_CONTEXT() REPRESENTATION_CONTEXT('2D SPACE',''
  ) );
#9994 = ORIENTED_EDGE('',*,*,#9995,.F.);
#9995 = EDGE_CURVE('',#9996,#9968,#9998,.T.);
#9996 = VERTEX_POINT('',#9997);
#9997 = CARTESIAN_POINT('',(-25.2,13.,2.4));
#9998 = SURFACE_CURVE('',#9999,(#10003,#10010),.PCURVE_S1.);
#9999 = LINE('',#10000,#10001);
#10000 = CARTESIAN_POINT('',(-25.2,13.,2.4));
#10001 = VECTOR('',#10002,1.);
#10002 = DIRECTION('',(-0.,1.,0.));
#10003 = PCURVE('',#4805,#10004);
#10004 = DEFINITIONAL_REPRESENTATION('',(#10005),#10009);
#10005 = LINE('',#10006,#10007);
#10006 = CARTESIAN_POINT('',(8.8,57.));
#10007 = VECTOR('',#10008,1.);
#10008 = DIRECTION('',(0.,1.));
#10009 = ( GEOMETRIC_REPRESENTATION_CONTEXT(2) 
PARAMETRIC_REPRESENTATION_CONTEXT() REPRESENTATION_CONTEXT('2D SPACE',''
  ) );
#10010 = PCURVE('',#10011,#10016);
#10011 = PLANE('',#10012);
#10012 = AXIS2_PLACEMENT_3D('',#10013,#10014,#10015);
#10013 = CARTESIAN_POINT('',(-25.2,13.,2.4));
#10014 = DIRECTION('',(1.,0.,-0.));
#10015 = DIRECTION('',(0.,0.,1.));
#10016 = DEFINITIONAL_REPRESENTATION('',(#10017),#10021);
#10017 = LINE('',#10018,#10019);
#10018 = CARTESIAN_POINT('',(0.,0.));
#10019 = VECTOR('',#10020,1.);
#10020 = DIRECTION('',(0.,-1.));
#10021 = ( GEOMETRIC_REPRESENTATION_CONTEXT(2) 
PARAMETRIC_REPRESENTATION_CONTEXT() REPRESENTATION_CONTEXT('2D SPACE',''
  ) );
#10022 = ORIENTED_EDGE('',*,*,#10023,.T.);
#10023 = EDGE_CURVE('',#9996,#10024,#10026,.T.);
#10024 = VERTEX_POINT('',#10025);
#10025 = CARTESIAN_POINT('',(-29.06696972201,13.,2.4));
#10026 = SURFACE_CURVE('',#10027,(#10031,#10038),.PCURVE_S1.);
#10027 = LINE('',#10028,#10029);
#10028 = CARTESIAN_POINT('',(-25.2,13.,2.4));
#10029 = VECTOR('',#10030,1.);
#10030 = DIRECTION('',(-1.,0.,0.));
#10031 = PCURVE('',#4805,#10032);
#10032 = DEFINITIONAL_REPRESENTATION('',(#10033),#10037);
#10033 = LINE('',#10034,#10035);
#10034 = CARTESIAN_POINT('',(8.8,57.));
#10035 = VECTOR('',#10036,1.);
#10036 = DIRECTION('',(-1.,0.));
#10037 = ( GEOMETRIC_REPRESENTATION_CONTEXT(2) 
PARAMETRIC_REPRESENTATION_CONTEXT() REPRESENTATION_CONTEXT('2D SPACE',''
  ) );
#10038 = PCURVE('',#10039,#10044);
#10039 = PLANE('',#10040);
#10040 = AXIS2_PLACEMENT_3D('',#10041,#10042,#10043);
#10041 = CARTESIAN_POINT('',(-34.,13.,2.4));
#10042 = DIRECTION('',(-0.,1.,0.));
#10043 = DIRECTION('',(0.,0.,1.));
#10044 = DEFINITIONAL_REPRESENTATION('',(#10045),#10049);
#10045 = LINE('',#10046,#10047);
#10046 = CARTESIAN_POINT('',(0.,8.8));
#10047 = VECTOR('',#10048,1.);
#10048 = DIRECTION('',(0.,-1.));
#10049 = ( GEOMETRIC_REPRESENTATION_CONTEXT(2) 
PARAMETRIC_REPRESENTATION_CONTEXT() REPRESENTATION_CONTEXT('2D SPACE',''
  ) );
#10050 = ORIENTED_EDGE('',*,*,#10051,.F.);
#10051 = EDGE_CURVE('',#7600,#10024,#10052,.T.);
#10052 = SURFACE_CURVE('',#10053,(#10058,#10065),.PCURVE_S1.);
#10053 = CIRCLE('',#10054,4.4);
#10054 = AXIS2_PLACEMENT_3D('',#10055,#10056,#10057);
#10055 = CARTESIAN_POINT('',(-30.9,17.,2.4));
#10056 = DIRECTION('',(0.,0.,1.));
#10057 = DIRECTION('',(1.,0.,-0.));
#10058 = PCURVE('',#4805,#10059);
#10059 = DEFINITIONAL_REPRESENTATION('',(#10060),#10064);
#10060 = CIRCLE('',#10061,4.4);
#10061 = AXIS2_PLACEMENT_2D('',#10062,#10063);
#10062 = CARTESIAN_POINT('',(3.1,61.));
#10063 = DIRECTION('',(1.,0.));
#10064 = ( GEOMETRIC_REPRESENTATION_CONTEXT(2) 
PARAMETRIC_REPRESENTATION_CONTEXT() REPRESENTATION_CONTEXT('2D SPACE',''
  ) );
#10065 = PCURVE('',#7614,#10066);
#10066 = DEFINITIONAL_REPRESENTATION('',(#10067),#10071);
#10067 = LINE('',#10068,#10069);
#10068 = CARTESIAN_POINT('',(0.,0.));
#10069 = VECTOR('',#10070,1.);
#10070 = DIRECTION('',(1.,0.));
#10071 = ( GEOMETRIC_REPRESENTATION_CONTEXT(2) 
PARAMETRIC_REPRESENTATION_CONTEXT() REPRESENTATION_CONTEXT('2D SPACE',''
  ) );
#10072 = ORIENTED_EDGE('',*,*,#7625,.T.);
#10073 = ORIENTED_EDGE('',*,*,#7698,.F.);
#10074 = ORIENTED_EDGE('',*,*,#7723,.T.);
#10075 = ORIENTED_EDGE('',*,*,#10076,.F.);
#10076 = EDGE_CURVE('',#10077,#7724,#10079,.T.);
#10077 = VERTEX_POINT('',#10078);
#10078 = CARTESIAN_POINT('',(-29.06696972201,-13.,2.4));
#10079 = SURFACE_CURVE('',#10080,(#10085,#10092),.PCURVE_S1.);
#10080 = CIRCLE('',#10081,4.4);
#10081 = AXIS2_PLACEMENT_3D('',#10082,#10083,#10084);
#10082 = CARTESIAN_POINT('',(-30.9,-17.,2.4));
#10083 = DIRECTION('',(0.,0.,1.));
#10084 = DIRECTION('',(1.,0.,-0.));
#10085 = PCURVE('',#4805,#10086);
#10086 = DEFINITIONAL_REPRESENTATION('',(#10087),#10091);
#10087 = CIRCLE('',#10088,4.4);
#10088 = AXIS2_PLACEMENT_2D('',#10089,#10090);
#10089 = CARTESIAN_POINT('',(3.1,27.));
#10090 = DIRECTION('',(1.,0.));
#10091 = ( GEOMETRIC_REPRESENTATION_CONTEXT(2) 
PARAMETRIC_REPRESENTATION_CONTEXT() REPRESENTATION_CONTEXT('2D SPACE',''
  ) );
#10092 = PCURVE('',#7810,#10093);
#10093 = DEFINITIONAL_REPRESENTATION('',(#10094),#10098);
#10094 = LINE('',#10095,#10096);
#10095 = CARTESIAN_POINT('',(0.,0.));
#10096 = VECTOR('',#10097,1.);
#10097 = DIRECTION('',(1.,0.));
#10098 = ( GEOMETRIC_REPRESENTATION_CONTEXT(2) 
PARAMETRIC_REPRESENTATION_CONTEXT() REPRESENTATION_CONTEXT('2D SPACE',''
  ) );
#10099 = ORIENTED_EDGE('',*,*,#10100,.T.);
#10100 = EDGE_CURVE('',#10077,#10101,#10103,.T.);
#10101 = VERTEX_POINT('',#10102);
#10102 = CARTESIAN_POINT('',(-25.2,-13.,2.4));
#10103 = SURFACE_CURVE('',#10104,(#10108,#10115),.PCURVE_S1.);
#10104 = LINE('',#10105,#10106);
#10105 = CARTESIAN_POINT('',(-34.,-13.,2.4));
#10106 = VECTOR('',#10107,1.);
#10107 = DIRECTION('',(1.,0.,0.));
#10108 = PCURVE('',#4805,#10109);
#10109 = DEFINITIONAL_REPRESENTATION('',(#10110),#10114);
#10110 = LINE('',#10111,#10112);
#10111 = CARTESIAN_POINT('',(0.,31.));
#10112 = VECTOR('',#10113,1.);
#10113 = DIRECTION('',(1.,0.));
#10114 = ( GEOMETRIC_REPRESENTATION_CONTEXT(2) 
PARAMETRIC_REPRESENTATION_CONTEXT() REPRESENTATION_CONTEXT('2D SPACE',''
  ) );
#10115 = PCURVE('',#10116,#10121);
#10116 = PLANE('',#10117);
#10117 = AXIS2_PLACEMENT_3D('',#10118,#10119,#10120);
#10118 = CARTESIAN_POINT('',(-34.,-13.,2.4));
#10119 = DIRECTION('',(-0.,1.,0.));
#10120 = DIRECTION('',(0.,0.,1.));
#10121 = DEFINITIONAL_REPRESENTATION('',(#10122),#10126);
#10122 = LINE('',#10123,#10124);
#10123 = CARTESIAN_POINT('',(0.,0.));
#10124 = VECTOR('',#10125,1.);
#10125 = DIRECTION('',(0.,1.));
#10126 = ( GEOMETRIC_REPRESENTATION_CONTEXT(2) 
PARAMETRIC_REPRESENTATION_CONTEXT() REPRESENTATION_CONTEXT('2D SPACE',''
  ) );
#10127 = ORIENTED_EDGE('',*,*,#10128,.F.);
#10128 = EDGE_CURVE('',#10129,#10101,#10131,.T.);
#10129 = VERTEX_POINT('',#10130);
#10130 = CARTESIAN_POINT('',(-25.2,-21.,2.4));
#10131 = SURFACE_CURVE('',#10132,(#10136,#10143),.PCURVE_S1.);
#10132 = LINE('',#10133,#10134);
#10133 = CARTESIAN_POINT('',(-25.2,-21.,2.4));
#10134 = VECTOR('',#10135,1.);
#10135 = DIRECTION('',(-0.,1.,0.));
#10136 = PCURVE('',#4805,#10137);
#10137 = DEFINITIONAL_REPRESENTATION('',(#10138),#10142);
#10138 = LINE('',#10139,#10140);
#10139 = CARTESIAN_POINT('',(8.8,23.));
#10140 = VECTOR('',#10141,1.);
#10141 = DIRECTION('',(0.,1.));
#10142 = ( GEOMETRIC_REPRESENTATION_CONTEXT(2) 
PARAMETRIC_REPRESENTATION_CONTEXT() REPRESENTATION_CONTEXT('2D SPACE',''
  ) );
#10143 = PCURVE('',#10144,#10149);
#10144 = PLANE('',#10145);
#10145 = AXIS2_PLACEMENT_3D('',#10146,#10147,#10148);
#10146 = CARTESIAN_POINT('',(-25.2,-21.,2.4));
#10147 = DIRECTION('',(1.,0.,-0.));
#10148 = DIRECTION('',(0.,0.,1.));
#10149 = DEFINITIONAL_REPRESENTATION('',(#10150),#10154);
#10150 = LINE('',#10151,#10152);
#10151 = CARTESIAN_POINT('',(0.,0.));
#10152 = VECTOR('',#10153,1.);
#10153 = DIRECTION('',(0.,-1.));
#10154 = ( GEOMETRIC_REPRESENTATION_CONTEXT(2) 
PARAMETRIC_REPRESENTATION_CONTEXT() REPRESENTATION_CONTEXT('2D SPACE',''
  ) );
#10155 = ORIENTED_EDGE('',*,*,#10156,.T.);
#10156 = EDGE_CURVE('',#10129,#10157,#10159,.T.);
#10157 = VERTEX_POINT('',#10158);
#10158 = CARTESIAN_POINT('',(-29.06696972201,-21.,2.4));
#10159 = SURFACE_CURVE('',#10160,(#10164,#10171),.PCURVE_S1.);
#10160 = LINE('',#10161,#10162);
#10161 = CARTESIAN_POINT('',(-25.2,-21.,2.4));
#10162 = VECTOR('',#10163,1.);
#10163 = DIRECTION('',(-1.,0.,0.));
#10164 = PCURVE('',#4805,#10165);
#10165 = DEFINITIONAL_REPRESENTATION('',(#10166),#10170);
#10166 = LINE('',#10167,#10168);
#10167 = CARTESIAN_POINT('',(8.8,23.));
#10168 = VECTOR('',#10169,1.);
#10169 = DIRECTION('',(-1.,0.));
#10170 = ( GEOMETRIC_REPRESENTATION_CONTEXT(2) 
PARAMETRIC_REPRESENTATION_CONTEXT() REPRESENTATION_CONTEXT('2D SPACE',''
  ) );
#10171 = PCURVE('',#10172,#10177);
#10172 = PLANE('',#10173);
#10173 = AXIS2_PLACEMENT_3D('',#10174,#10175,#10176);
#10174 = CARTESIAN_POINT('',(-34.,-21.,2.4));
#10175 = DIRECTION('',(-0.,1.,0.));
#10176 = DIRECTION('',(0.,0.,1.));
#10177 = DEFINITIONAL_REPRESENTATION('',(#10178),#10182);
#10178 = LINE('',#10179,#10180);
#10179 = CARTESIAN_POINT('',(0.,8.8));
#10180 = VECTOR('',#10181,1.);
#10181 = DIRECTION('',(0.,-1.));
#10182 = ( GEOMETRIC_REPRESENTATION_CONTEXT(2) 
PARAMETRIC_REPRESENTATION_CONTEXT() REPRESENTATION_CONTEXT('2D SPACE',''
  ) );
#10183 = ORIENTED_EDGE('',*,*,#10184,.F.);
#10184 = EDGE_CURVE('',#7988,#10157,#10185,.T.);
#10185 = SURFACE_CURVE('',#10186,(#10191,#10198),.PCURVE_S1.);
#10186 = CIRCLE('',#10187,4.4);
#10187 = AXIS2_PLACEMENT_3D('',#10188,#10189,#10190);
#10188 = CARTESIAN_POINT('',(-30.9,-17.,2.4));
#10189 = DIRECTION('',(0.,0.,1.));
#10190 = DIRECTION('',(1.,0.,-0.));
#10191 = PCURVE('',#4805,#10192);
#10192 = DEFINITIONAL_REPRESENTATION('',(#10193),#10197);
#10193 = CIRCLE('',#10194,4.4);
#10194 = AXIS2_PLACEMENT_2D('',#10195,#10196);
#10195 = CARTESIAN_POINT('',(3.1,27.));
#10196 = DIRECTION('',(1.,0.));
#10197 = ( GEOMETRIC_REPRESENTATION_CONTEXT(2) 
PARAMETRIC_REPRESENTATION_CONTEXT() REPRESENTATION_CONTEXT('2D SPACE',''
  ) );
#10198 = PCURVE('',#8002,#10199);
#10199 = DEFINITIONAL_REPRESENTATION('',(#10200),#10204);
#10200 = LINE('',#10201,#10202);
#10201 = CARTESIAN_POINT('',(0.,0.));
#10202 = VECTOR('',#10203,1.);
#10203 = DIRECTION('',(1.,0.));
#10204 = ( GEOMETRIC_REPRESENTATION_CONTEXT(2) 
PARAMETRIC_REPRESENTATION_CONTEXT() REPRESENTATION_CONTEXT('2D SPACE',''
  ) );
#10205 = ORIENTED_EDGE('',*,*,#8013,.T.);
#10206 = FACE_BOUND('',#10207,.T.);
#10207 = EDGE_LOOP('',(#10208,#10238,#10266,#10294));
#10208 = ORIENTED_EDGE('',*,*,#10209,.T.);
#10209 = EDGE_CURVE('',#10210,#10212,#10214,.T.);
#10210 = VERTEX_POINT('',#10211);
#10211 = CARTESIAN_POINT('',(-6.,-37.4,2.4));
#10212 = VERTEX_POINT('',#10213);
#10213 = CARTESIAN_POINT('',(-6.,-35.4,2.4));
#10214 = SURFACE_CURVE('',#10215,(#10219,#10226),.PCURVE_S1.);
#10215 = LINE('',#10216,#10217);
#10216 = CARTESIAN_POINT('',(-6.,-37.4,2.4));
#10217 = VECTOR('',#10218,1.);
#10218 = DIRECTION('',(-0.,1.,0.));
#10219 = PCURVE('',#4805,#10220);
#10220 = DEFINITIONAL_REPRESENTATION('',(#10221),#10225);
#10221 = LINE('',#10222,#10223);
#10222 = CARTESIAN_POINT('',(28.,6.6));
#10223 = VECTOR('',#10224,1.);
#10224 = DIRECTION('',(0.,1.));
#10225 = ( GEOMETRIC_REPRESENTATION_CONTEXT(2) 
PARAMETRIC_REPRESENTATION_CONTEXT() REPRESENTATION_CONTEXT('2D SPACE',''
  ) );
#10226 = PCURVE('',#10227,#10232);
#10227 = PLANE('',#10228);
#10228 = AXIS2_PLACEMENT_3D('',#10229,#10230,#10231);
#10229 = CARTESIAN_POINT('',(-6.,-37.4,2.4));
#10230 = DIRECTION('',(1.,0.,-0.));
#10231 = DIRECTION('',(0.,0.,1.));
#10232 = DEFINITIONAL_REPRESENTATION('',(#10233),#10237);
#10233 = LINE('',#10234,#10235);
#10234 = CARTESIAN_POINT('',(0.,0.));
#10235 = VECTOR('',#10236,1.);
#10236 = DIRECTION('',(0.,-1.));
#10237 = ( GEOMETRIC_REPRESENTATION_CONTEXT(2) 
PARAMETRIC_REPRESENTATION_CONTEXT() REPRESENTATION_CONTEXT('2D SPACE',''
  ) );
#10238 = ORIENTED_EDGE('',*,*,#10239,.T.);
#10239 = EDGE_CURVE('',#10212,#10240,#10242,.T.);
#10240 = VERTEX_POINT('',#10241);
#10241 = CARTESIAN_POINT('',(6.,-35.4,2.4));
#10242 = SURFACE_CURVE('',#10243,(#10247,#10254),.PCURVE_S1.);
#10243 = LINE('',#10244,#10245);
#10244 = CARTESIAN_POINT('',(-6.,-35.4,2.4));
#10245 = VECTOR('',#10246,1.);
#10246 = DIRECTION('',(1.,0.,-0.));
#10247 = PCURVE('',#4805,#10248);
#10248 = DEFINITIONAL_REPRESENTATION('',(#10249),#10253);
#10249 = LINE('',#10250,#10251);
#10250 = CARTESIAN_POINT('',(28.,8.6));
#10251 = VECTOR('',#10252,1.);
#10252 = DIRECTION('',(1.,0.));
#10253 = ( GEOMETRIC_REPRESENTATION_CONTEXT(2) 
PARAMETRIC_REPRESENTATION_CONTEXT() REPRESENTATION_CONTEXT('2D SPACE',''
  ) );
#10254 = PCURVE('',#10255,#10260);
#10255 = PLANE('',#10256);
#10256 = AXIS2_PLACEMENT_3D('',#10257,#10258,#10259);
#10257 = CARTESIAN_POINT('',(-6.,-35.4,2.4));
#10258 = DIRECTION('',(-0.,1.,0.));
#10259 = DIRECTION('',(0.,0.,1.));
#10260 = DEFINITIONAL_REPRESENTATION('',(#10261),#10265);
#10261 = LINE('',#10262,#10263);
#10262 = CARTESIAN_POINT('',(0.,0.));
#10263 = VECTOR('',#10264,1.);
#10264 = DIRECTION('',(0.,1.));
#10265 = ( GEOMETRIC_REPRESENTATION_CONTEXT(2) 
PARAMETRIC_REPRESENTATION_CONTEXT() REPRESENTATION_CONTEXT('2D SPACE',''
  ) );
#10266 = ORIENTED_EDGE('',*,*,#10267,.F.);
#10267 = EDGE_CURVE('',#10268,#10240,#10270,.T.);
#10268 = VERTEX_POINT('',#10269);
#10269 = CARTESIAN_POINT('',(6.,-37.4,2.4));
#10270 = SURFACE_CURVE('',#10271,(#10275,#10282),.PCURVE_S1.);
#10271 = LINE('',#10272,#10273);
#10272 = CARTESIAN_POINT('',(6.,-37.4,2.4));
#10273 = VECTOR('',#10274,1.);
#10274 = DIRECTION('',(-0.,1.,0.));
#10275 = PCURVE('',#4805,#10276);
#10276 = DEFINITIONAL_REPRESENTATION('',(#10277),#10281);
#10277 = LINE('',#10278,#10279);
#10278 = CARTESIAN_POINT('',(40.,6.6));
#10279 = VECTOR('',#10280,1.);
#10280 = DIRECTION('',(0.,1.));
#10281 = ( GEOMETRIC_REPRESENTATION_CONTEXT(2) 
PARAMETRIC_REPRESENTATION_CONTEXT() REPRESENTATION_CONTEXT('2D SPACE',''
  ) );
#10282 = PCURVE('',#10283,#10288);
#10283 = PLANE('',#10284);
#10284 = AXIS2_PLACEMENT_3D('',#10285,#10286,#10287);
#10285 = CARTESIAN_POINT('',(6.,-37.4,2.4));
#10286 = DIRECTION('',(1.,0.,-0.));
#10287 = DIRECTION('',(0.,0.,1.));
#10288 = DEFINITIONAL_REPRESENTATION('',(#10289),#10293);
#10289 = LINE('',#10290,#10291);
#10290 = CARTESIAN_POINT('',(0.,0.));
#10291 = VECTOR('',#10292,1.);
#10292 = DIRECTION('',(0.,-1.));
#10293 = ( GEOMETRIC_REPRESENTATION_CONTEXT(2) 
PARAMETRIC_REPRESENTATION_CONTEXT() REPRESENTATION_CONTEXT('2D SPACE',''
  ) );
#10294 = ORIENTED_EDGE('',*,*,#10295,.F.);
#10295 = EDGE_CURVE('',#10210,#10268,#10296,.T.);
#10296 = SURFACE_CURVE('',#10297,(#10301,#10308),.PCURVE_S1.);
#10297 = LINE('',#10298,#10299);
#10298 = CARTESIAN_POINT('',(-6.,-37.4,2.4));
#10299 = VECTOR('',#10300,1.);
#10300 = DIRECTION('',(1.,0.,-0.));
#10301 = PCURVE('',#4805,#10302);
#10302 = DEFINITIONAL_REPRESENTATION('',(#10303),#10307);
#10303 = LINE('',#10304,#10305);
#10304 = CARTESIAN_POINT('',(28.,6.6));
#10305 = VECTOR('',#10306,1.);
#10306 = DIRECTION('',(1.,0.));
#10307 = ( GEOMETRIC_REPRESENTATION_CONTEXT(2) 
PARAMETRIC_REPRESENTATION_CONTEXT() REPRESENTATION_CONTEXT('2D SPACE',''
  ) );
#10308 = PCURVE('',#10309,#10314);
#10309 = PLANE('',#10310);
#10310 = AXIS2_PLACEMENT_3D('',#10311,#10312,#10313);
#10311 = CARTESIAN_POINT('',(-6.,-37.4,2.4));
#10312 = DIRECTION('',(-0.,1.,0.));
#10313 = DIRECTION('',(0.,0.,1.));
#10314 = DEFINITIONAL_REPRESENTATION('',(#10315),#10319);
#10315 = LINE('',#10316,#10317);
#10316 = CARTESIAN_POINT('',(0.,0.));
#10317 = VECTOR('',#10318,1.);
#10318 = DIRECTION('',(0.,1.));
#10319 = ( GEOMETRIC_REPRESENTATION_CONTEXT(2) 
PARAMETRIC_REPRESENTATION_CONTEXT() REPRESENTATION_CONTEXT('2D SPACE',''
  ) );
#10320 = FACE_BOUND('',#10321,.T.);
#10321 = EDGE_LOOP('',(#10322,#10323,#10324,#10325));
#10322 = ORIENTED_EDGE('',*,*,#4985,.T.);
#10323 = ORIENTED_EDGE('',*,*,#5032,.T.);
#10324 = ORIENTED_EDGE('',*,*,#5079,.F.);
#10325 = ORIENTED_EDGE('',*,*,#5104,.F.);
#10326 = FACE_BOUND('',#10327,.T.);
#10327 = EDGE_LOOP('',(#10328,#10329,#10330,#10331));
#10328 = ORIENTED_EDGE('',*,*,#5361,.T.);
#10329 = ORIENTED_EDGE('',*,*,#5408,.T.);
#10330 = ORIENTED_EDGE('',*,*,#5455,.F.);
#10331 = ORIENTED_EDGE('',*,*,#5480,.F.);
#10332 = FACE_BOUND('',#10333,.T.);
#10333 = EDGE_LOOP('',(#10334,#10364,#10392,#10420));
#10334 = ORIENTED_EDGE('',*,*,#10335,.T.);
#10335 = EDGE_CURVE('',#10336,#10338,#10340,.T.);
#10336 = VERTEX_POINT('',#10337);
#10337 = CARTESIAN_POINT('',(-6.,35.4,2.4));
#10338 = VERTEX_POINT('',#10339);
#10339 = CARTESIAN_POINT('',(-6.,37.4,2.4));
#10340 = SURFACE_CURVE('',#10341,(#10345,#10352),.PCURVE_S1.);
#10341 = LINE('',#10342,#10343);
#10342 = CARTESIAN_POINT('',(-6.,35.4,2.4));
#10343 = VECTOR('',#10344,1.);
#10344 = DIRECTION('',(-0.,1.,0.));
#10345 = PCURVE('',#4805,#10346);
#10346 = DEFINITIONAL_REPRESENTATION('',(#10347),#10351);
#10347 = LINE('',#10348,#10349);
#10348 = CARTESIAN_POINT('',(28.,79.4));
#10349 = VECTOR('',#10350,1.);
#10350 = DIRECTION('',(0.,1.));
#10351 = ( GEOMETRIC_REPRESENTATION_CONTEXT(2) 
PARAMETRIC_REPRESENTATION_CONTEXT() REPRESENTATION_CONTEXT('2D SPACE',''
  ) );
#10352 = PCURVE('',#10353,#10358);
#10353 = PLANE('',#10354);
#10354 = AXIS2_PLACEMENT_3D('',#10355,#10356,#10357);
#10355 = CARTESIAN_POINT('',(-6.,35.4,2.4));
#10356 = DIRECTION('',(1.,0.,-0.));
#10357 = DIRECTION('',(0.,0.,1.));
#10358 = DEFINITIONAL_REPRESENTATION('',(#10359),#10363);
#10359 = LINE('',#10360,#10361);
#10360 = CARTESIAN_POINT('',(0.,0.));
#10361 = VECTOR('',#10362,1.);
#10362 = DIRECTION('',(0.,-1.));
#10363 = ( GEOMETRIC_REPRESENTATION_CONTEXT(2) 
PARAMETRIC_REPRESENTATION_CONTEXT() REPRESENTATION_CONTEXT('2D SPACE',''
  ) );
#10364 = ORIENTED_EDGE('',*,*,#10365,.T.);
#10365 = EDGE_CURVE('',#10338,#10366,#10368,.T.);
#10366 = VERTEX_POINT('',#10367);
#10367 = CARTESIAN_POINT('',(6.,37.4,2.4));
#10368 = SURFACE_CURVE('',#10369,(#10373,#10380),.PCURVE_S1.);
#10369 = LINE('',#10370,#10371);
#10370 = CARTESIAN_POINT('',(-6.,37.4,2.4));
#10371 = VECTOR('',#10372,1.);
#10372 = DIRECTION('',(1.,0.,-0.));
#10373 = PCURVE('',#4805,#10374);
#10374 = DEFINITIONAL_REPRESENTATION('',(#10375),#10379);
#10375 = LINE('',#10376,#10377);
#10376 = CARTESIAN_POINT('',(28.,81.4));
#10377 = VECTOR('',#10378,1.);
#10378 = DIRECTION('',(1.,0.));
#10379 = ( GEOMETRIC_REPRESENTATION_CONTEXT(2) 
PARAMETRIC_REPRESENTATION_CONTEXT() REPRESENTATION_CONTEXT('2D SPACE',''
  ) );
#10380 = PCURVE('',#10381,#10386);
#10381 = PLANE('',#10382);
#10382 = AXIS2_PLACEMENT_3D('',#10383,#10384,#10385);
#10383 = CARTESIAN_POINT('',(-6.,37.4,2.4));
#10384 = DIRECTION('',(-0.,1.,0.));
#10385 = DIRECTION('',(0.,0.,1.));
#10386 = DEFINITIONAL_REPRESENTATION('',(#10387),#10391);
#10387 = LINE('',#10388,#10389);
#10388 = CARTESIAN_POINT('',(0.,0.));
#10389 = VECTOR('',#10390,1.);
#10390 = DIRECTION('',(0.,1.));
#10391 = ( GEOMETRIC_REPRESENTATION_CONTEXT(2) 
PARAMETRIC_REPRESENTATION_CONTEXT() REPRESENTATION_CONTEXT('2D SPACE',''
  ) );
#10392 = ORIENTED_EDGE('',*,*,#10393,.F.);
#10393 = EDGE_CURVE('',#10394,#10366,#10396,.T.);
#10394 = VERTEX_POINT('',#10395);
#10395 = CARTESIAN_POINT('',(6.,35.4,2.4));
#10396 = SURFACE_CURVE('',#10397,(#10401,#10408),.PCURVE_S1.);
#10397 = LINE('',#10398,#10399);
#10398 = CARTESIAN_POINT('',(6.,35.4,2.4));
#10399 = VECTOR('',#10400,1.);
#10400 = DIRECTION('',(-0.,1.,0.));
#10401 = PCURVE('',#4805,#10402);
#10402 = DEFINITIONAL_REPRESENTATION('',(#10403),#10407);
#10403 = LINE('',#10404,#10405);
#10404 = CARTESIAN_POINT('',(40.,79.4));
#10405 = VECTOR('',#10406,1.);
#10406 = DIRECTION('',(0.,1.));
#10407 = ( GEOMETRIC_REPRESENTATION_CONTEXT(2) 
PARAMETRIC_REPRESENTATION_CONTEXT() REPRESENTATION_CONTEXT('2D SPACE',''
  ) );
#10408 = PCURVE('',#10409,#10414);
#10409 = PLANE('',#10410);
#10410 = AXIS2_PLACEMENT_3D('',#10411,#10412,#10413);
#10411 = CARTESIAN_POINT('',(6.,35.4,2.4));
#10412 = DIRECTION('',(1.,0.,-0.));
#10413 = DIRECTION('',(0.,0.,1.));
#10414 = DEFINITIONAL_REPRESENTATION('',(#10415),#10419);
#10415 = LINE('',#10416,#10417);
#10416 = CARTESIAN_POINT('',(0.,0.));
#10417 = VECTOR('',#10418,1.);
#10418 = DIRECTION('',(0.,-1.));
#10419 = ( GEOMETRIC_REPRESENTATION_CONTEXT(2) 
PARAMETRIC_REPRESENTATION_CONTEXT() REPRESENTATION_CONTEXT('2D SPACE',''
  ) );
#10420 = ORIENTED_EDGE('',*,*,#10421,.F.);
#10421 = EDGE_CURVE('',#10336,#10394,#10422,.T.);
#10422 = SURFACE_CURVE('',#10423,(#10427,#10434),.PCURVE_S1.);
#10423 = LINE('',#10424,#10425);
#10424 = CARTESIAN_POINT('',(-6.,35.4,2.4));
#10425 = VECTOR('',#10426,1.);
#10426 = DIRECTION('',(1.,0.,-0.));
#10427 = PCURVE('',#4805,#10428);
#10428 = DEFINITIONAL_REPRESENTATION('',(#10429),#10433);
#10429 = LINE('',#10430,#10431);
#10430 = CARTESIAN_POINT('',(28.,79.4));
#10431 = VECTOR('',#10432,1.);
#10432 = DIRECTION('',(1.,0.));
#10433 = ( GEOMETRIC_REPRESENTATION_CONTEXT(2) 
PARAMETRIC_REPRESENTATION_CONTEXT() REPRESENTATION_CONTEXT('2D SPACE',''
  ) );
#10434 = PCURVE('',#10435,#10440);
#10435 = PLANE('',#10436);
#10436 = AXIS2_PLACEMENT_3D('',#10437,#10438,#10439);
#10437 = CARTESIAN_POINT('',(-6.,35.4,2.4));
#10438 = DIRECTION('',(-0.,1.,0.));
#10439 = DIRECTION('',(0.,0.,1.));
#10440 = DEFINITIONAL_REPRESENTATION('',(#10441),#10445);
#10441 = LINE('',#10442,#10443);
#10442 = CARTESIAN_POINT('',(0.,0.));
#10443 = VECTOR('',#10444,1.);
#10444 = DIRECTION('',(0.,1.));
#10445 = ( GEOMETRIC_REPRESENTATION_CONTEXT(2) 
PARAMETRIC_REPRESENTATION_CONTEXT() REPRESENTATION_CONTEXT('2D SPACE',''
  ) );
#10446 = FACE_BOUND('',#10447,.T.);
#10447 = EDGE_LOOP('',(#10448,#10449,#10450,#10451));
#10448 = ORIENTED_EDGE('',*,*,#5173,.T.);
#10449 = ORIENTED_EDGE('',*,*,#5220,.T.);
#10450 = ORIENTED_EDGE('',*,*,#5267,.F.);
#10451 = ORIENTED_EDGE('',*,*,#5292,.F.);
#10452 = FACE_BOUND('',#10453,.T.);
#10453 = EDGE_LOOP('',(#10454,#10455,#10456,#10457));
#10454 = ORIENTED_EDGE('',*,*,#4844,.T.);
#10455 = ORIENTED_EDGE('',*,*,#4891,.T.);
#10456 = ORIENTED_EDGE('',*,*,#4916,.F.);
#10457 = ORIENTED_EDGE('',*,*,#4792,.F.);
#10458 = ADVANCED_FACE('',(#10459),#5517,.F.);
#10459 = FACE_BOUND('',#10460,.F.);
#10460 = EDGE_LOOP('',(#10461,#10487,#10488,#10489));
#10461 = ORIENTED_EDGE('',*,*,#10462,.F.);
#10462 = EDGE_CURVE('',#8590,#10463,#10465,.T.);
#10463 = VERTEX_POINT('',#10464);
#10464 = CARTESIAN_POINT('',(33.4,-46.4,8.4));
#10465 = SURFACE_CURVE('',#10466,(#10470,#10476),.PCURVE_S1.);
#10466 = LINE('',#10467,#10468);
#10467 = CARTESIAN_POINT('',(33.4,-47.6,7.2));
#10468 = VECTOR('',#10469,1.);
#10469 = DIRECTION('',(-4.329780281177E-17,0.707106781187,0.707106781187
    ));
#10470 = PCURVE('',#5517,#10471);
#10471 = DEFINITIONAL_REPRESENTATION('',(#10472),#10475);
#10472 = B_SPLINE_CURVE_WITH_KNOTS('',1,(#10473,#10474),.UNSPECIFIED.,
  .F.,.F.,(2,2),(0.,1.697056274848),.PIECEWISE_BEZIER_KNOTS.);
#10473 = CARTESIAN_POINT('',(0.,-0.848528137424));
#10474 = CARTESIAN_POINT('',(0.,0.848528137424));
#10475 = ( GEOMETRIC_REPRESENTATION_CONTEXT(2) 
PARAMETRIC_REPRESENTATION_CONTEXT() REPRESENTATION_CONTEXT('2D SPACE',''
  ) );
#10476 = PCURVE('',#10477,#10482);
#10477 = CONICAL_SURFACE('',#10478,4.2,0.785398163397);
#10478 = AXIS2_PLACEMENT_3D('',#10479,#10480,#10481);
#10479 = CARTESIAN_POINT('',(33.4,-43.4,7.2));
#10480 = DIRECTION('',(-0.,-0.,-1.));
#10481 = DIRECTION('',(1.,0.,0.));
#10482 = DEFINITIONAL_REPRESENTATION('',(#10483),#10486);
#10483 = B_SPLINE_CURVE_WITH_KNOTS('',1,(#10484,#10485),.UNSPECIFIED.,
  .F.,.F.,(2,2),(0.,1.697056274848),.PIECEWISE_BEZIER_KNOTS.);
#10484 = CARTESIAN_POINT('',(1.570796326795,0.));
#10485 = CARTESIAN_POINT('',(1.570796326795,-1.2));
#10486 = ( GEOMETRIC_REPRESENTATION_CONTEXT(2) 
PARAMETRIC_REPRESENTATION_CONTEXT() REPRESENTATION_CONTEXT('2D SPACE',''
  ) );
#10487 = ORIENTED_EDGE('',*,*,#8589,.T.);
#10488 = ORIENTED_EDGE('',*,*,#5502,.T.);
#10489 = ORIENTED_EDGE('',*,*,#10490,.F.);
#10490 = EDGE_CURVE('',#10463,#5503,#10491,.T.);
#10491 = SURFACE_CURVE('',#10492,(#10496,#10503),.PCURVE_S1.);
#10492 = LINE('',#10493,#10494);
#10493 = CARTESIAN_POINT('',(33.4,-46.4,8.4));
#10494 = VECTOR('',#10495,1.);
#10495 = DIRECTION('',(-1.,-0.,0.));
#10496 = PCURVE('',#5517,#10497);
#10497 = DEFINITIONAL_REPRESENTATION('',(#10498),#10502);
#10498 = LINE('',#10499,#10500);
#10499 = CARTESIAN_POINT('',(0.,0.848528137424));
#10500 = VECTOR('',#10501,1.);
#10501 = DIRECTION('',(1.,0.));
#10502 = ( GEOMETRIC_REPRESENTATION_CONTEXT(2) 
PARAMETRIC_REPRESENTATION_CONTEXT() REPRESENTATION_CONTEXT('2D SPACE',''
  ) );
#10503 = PCURVE('',#5573,#10504);
#10504 = DEFINITIONAL_REPRESENTATION('',(#10505),#10509);
#10505 = LINE('',#10506,#10507);
#10506 = CARTESIAN_POINT('',(8.4,69.8));
#10507 = VECTOR('',#10508,1.);
#10508 = DIRECTION('',(0.,-1.));
#10509 = ( GEOMETRIC_REPRESENTATION_CONTEXT(2) 
PARAMETRIC_REPRESENTATION_CONTEXT() REPRESENTATION_CONTEXT('2D SPACE',''
  ) );
#10510 = ADVANCED_FACE('',(#10511),#5573,.F.);
#10511 = FACE_BOUND('',#10512,.F.);
#10512 = EDGE_LOOP('',(#10513,#10514,#10515,#10516));
#10513 = ORIENTED_EDGE('',*,*,#10490,.T.);
#10514 = ORIENTED_EDGE('',*,*,#5557,.T.);
#10515 = ORIENTED_EDGE('',*,*,#5612,.T.);
#10516 = ORIENTED_EDGE('',*,*,#10517,.F.);
#10517 = EDGE_CURVE('',#10463,#5613,#10518,.T.);
#10518 = SURFACE_CURVE('',#10519,(#10523,#10530),.PCURVE_S1.);
#10519 = LINE('',#10520,#10521);
#10520 = CARTESIAN_POINT('',(33.4,-46.4,0.));
#10521 = VECTOR('',#10522,1.);
#10522 = DIRECTION('',(0.,0.,1.));
#10523 = PCURVE('',#5573,#10524);
#10524 = DEFINITIONAL_REPRESENTATION('',(#10525),#10529);
#10525 = LINE('',#10526,#10527);
#10526 = CARTESIAN_POINT('',(0.,69.8));
#10527 = VECTOR('',#10528,1.);
#10528 = DIRECTION('',(1.,0.));
#10529 = ( GEOMETRIC_REPRESENTATION_CONTEXT(2) 
PARAMETRIC_REPRESENTATION_CONTEXT() REPRESENTATION_CONTEXT('2D SPACE',''
  ) );
#10530 = PCURVE('',#5656,#10531);
#10531 = DEFINITIONAL_REPRESENTATION('',(#10532),#10536);
#10532 = LINE('',#10533,#10534);
#10533 = CARTESIAN_POINT('',(-1.570796326795,0.));
#10534 = VECTOR('',#10535,1.);
#10535 = DIRECTION('',(-0.,1.));
#10536 = ( GEOMETRIC_REPRESENTATION_CONTEXT(2) 
PARAMETRIC_REPRESENTATION_CONTEXT() REPRESENTATION_CONTEXT('2D SPACE',''
  ) );
#10537 = ADVANCED_FACE('',(#10538),#6274,.F.);
#10538 = FACE_BOUND('',#10539,.F.);
#10539 = EDGE_LOOP('',(#10540,#10541,#10542,#10543,#10544,#10565));
#10540 = ORIENTED_EDGE('',*,*,#6775,.F.);
#10541 = ORIENTED_EDGE('',*,*,#6802,.T.);
#10542 = ORIENTED_EDGE('',*,*,#6898,.T.);
#10543 = ORIENTED_EDGE('',*,*,#6978,.T.);
#10544 = ORIENTED_EDGE('',*,*,#10545,.T.);
#10545 = EDGE_CURVE('',#6979,#6231,#10546,.T.);
#10546 = SURFACE_CURVE('',#10547,(#10551,#10558),.PCURVE_S1.);
#10547 = LINE('',#10548,#10549);
#10548 = CARTESIAN_POINT('',(-48.4,-28.4,27.));
#10549 = VECTOR('',#10550,1.);
#10550 = DIRECTION('',(0.,0.,1.));
#10551 = PCURVE('',#6274,#10552);
#10552 = DEFINITIONAL_REPRESENTATION('',(#10553),#10557);
#10553 = LINE('',#10554,#10555);
#10554 = CARTESIAN_POINT('',(0.,-14.));
#10555 = VECTOR('',#10556,1.);
#10556 = DIRECTION('',(1.,0.));
#10557 = ( GEOMETRIC_REPRESENTATION_CONTEXT(2) 
PARAMETRIC_REPRESENTATION_CONTEXT() REPRESENTATION_CONTEXT('2D SPACE',''
  ) );
#10558 = PCURVE('',#6246,#10559);
#10559 = DEFINITIONAL_REPRESENTATION('',(#10560),#10564);
#10560 = LINE('',#10561,#10562);
#10561 = CARTESIAN_POINT('',(7.951293295703,4.348706704297));
#10562 = VECTOR('',#10563,1.);
#10563 = DIRECTION('',(0.,1.));
#10564 = ( GEOMETRIC_REPRESENTATION_CONTEXT(2) 
PARAMETRIC_REPRESENTATION_CONTEXT() REPRESENTATION_CONTEXT('2D SPACE',''
  ) );
#10565 = ORIENTED_EDGE('',*,*,#6258,.F.);
#10566 = ADVANCED_FACE('',(#10567),#6246,.T.);
#10567 = FACE_BOUND('',#10568,.T.);
#10568 = EDGE_LOOP('',(#10569,#10588,#10589,#10590));
#10569 = ORIENTED_EDGE('',*,*,#10570,.T.);
#10570 = EDGE_CURVE('',#6205,#7002,#10571,.T.);
#10571 = SURFACE_CURVE('',#10572,(#10576,#10582),.PCURVE_S1.);
#10572 = LINE('',#10573,#10574);
#10573 = CARTESIAN_POINT('',(-36.9,-28.4,15.825646647851));
#10574 = VECTOR('',#10575,1.);
#10575 = DIRECTION('',(0.,0.,-1.));
#10576 = PCURVE('',#6246,#10577);
#10577 = DEFINITIONAL_REPRESENTATION('',(#10578),#10581);
#10578 = B_SPLINE_CURVE_WITH_KNOTS('',1,(#10579,#10580),.UNSPECIFIED.,
  .F.,.F.,(2,2),(-16.17435335214,0.825646647851),
  .PIECEWISE_BEZIER_KNOTS.);
#10579 = CARTESIAN_POINT('',(-3.548706704297,9.348706704297));
#10580 = CARTESIAN_POINT('',(-3.548706704297,-7.651293295703));
#10581 = ( GEOMETRIC_REPRESENTATION_CONTEXT(2) 
PARAMETRIC_REPRESENTATION_CONTEXT() REPRESENTATION_CONTEXT('2D SPACE',''
  ) );
#10582 = PCURVE('',#6219,#10583);
#10583 = DEFINITIONAL_REPRESENTATION('',(#10584),#10587);
#10584 = B_SPLINE_CURVE_WITH_KNOTS('',1,(#10585,#10586),.UNSPECIFIED.,
  .F.,.F.,(2,2),(-16.17435335214,0.825646647851),
  .PIECEWISE_BEZIER_KNOTS.);
#10585 = CARTESIAN_POINT('',(23.,-1.6));
#10586 = CARTESIAN_POINT('',(6.,-1.6));
#10587 = ( GEOMETRIC_REPRESENTATION_CONTEXT(2) 
PARAMETRIC_REPRESENTATION_CONTEXT() REPRESENTATION_CONTEXT('2D SPACE',''
  ) );
#10588 = ORIENTED_EDGE('',*,*,#7001,.T.);
#10589 = ORIENTED_EDGE('',*,*,#10545,.T.);
#10590 = ORIENTED_EDGE('',*,*,#6230,.T.);
#10591 = ADVANCED_FACE('',(#10592),#6219,.T.);
#10592 = FACE_BOUND('',#10593,.T.);
#10593 = EDGE_LOOP('',(#10594,#10595,#10596,#10597));
#10594 = ORIENTED_EDGE('',*,*,#7070,.F.);
#10595 = ORIENTED_EDGE('',*,*,#7024,.F.);
#10596 = ORIENTED_EDGE('',*,*,#10570,.F.);
#10597 = ORIENTED_EDGE('',*,*,#6204,.F.);
#10598 = ADVANCED_FACE('',(#10599),#6149,.T.);
#10599 = FACE_BOUND('',#10600,.T.);
#10600 = EDGE_LOOP('',(#10601,#10602,#10621,#10622));
#10601 = ORIENTED_EDGE('',*,*,#6132,.F.);
#10602 = ORIENTED_EDGE('',*,*,#10603,.F.);
#10603 = EDGE_CURVE('',#9329,#6106,#10604,.T.);
#10604 = SURFACE_CURVE('',#10605,(#10609,#10615),.PCURVE_S1.);
#10605 = LINE('',#10606,#10607);
#10606 = CARTESIAN_POINT('',(-28.16696972201,-44.,2.4));
#10607 = VECTOR('',#10608,1.);
#10608 = DIRECTION('',(0.,0.,1.));
#10609 = PCURVE('',#6149,#10610);
#10610 = DEFINITIONAL_REPRESENTATION('',(#10611),#10614);
#10611 = B_SPLINE_CURVE_WITH_KNOTS('',1,(#10612,#10613),.UNSPECIFIED.,
  .F.,.F.,(2,2),(0.,29.6),.PIECEWISE_BEZIER_KNOTS.);
#10612 = CARTESIAN_POINT('',(5.142088646536,0.));
#10613 = CARTESIAN_POINT('',(5.142088646536,29.6));
#10614 = ( GEOMETRIC_REPRESENTATION_CONTEXT(2) 
PARAMETRIC_REPRESENTATION_CONTEXT() REPRESENTATION_CONTEXT('2D SPACE',''
  ) );
#10615 = PCURVE('',#6121,#10616);
#10616 = DEFINITIONAL_REPRESENTATION('',(#10617),#10620);
#10617 = B_SPLINE_CURVE_WITH_KNOTS('',1,(#10618,#10619),.UNSPECIFIED.,
  .F.,.F.,(2,2),(-2.400000000069E-06,29.6000024),
  .PIECEWISE_BEZIER_KNOTS.);
#10618 = CARTESIAN_POINT('',(-2.400000000069E-06,5.833030277982));
#10619 = CARTESIAN_POINT('',(29.6000024,5.833030277982));
#10620 = ( GEOMETRIC_REPRESENTATION_CONTEXT(2) 
PARAMETRIC_REPRESENTATION_CONTEXT() REPRESENTATION_CONTEXT('2D SPACE',''
  ) );
#10621 = ORIENTED_EDGE('',*,*,#9328,.F.);
#10622 = ORIENTED_EDGE('',*,*,#8062,.T.);
#10623 = ADVANCED_FACE('',(#10624),#6121,.T.);
#10624 = FACE_BOUND('',#10625,.T.);
#10625 = EDGE_LOOP('',(#10626,#10645,#10646,#10647));
#10626 = ORIENTED_EDGE('',*,*,#10627,.F.);
#10627 = EDGE_CURVE('',#9357,#6077,#10628,.T.);
#10628 = SURFACE_CURVE('',#10629,(#10633,#10639),.PCURVE_S1.);
#10629 = LINE('',#10630,#10631);
#10630 = CARTESIAN_POINT('',(28.166969722018,-44.,2.4));
#10631 = VECTOR('',#10632,1.);
#10632 = DIRECTION('',(0.,0.,1.));
#10633 = PCURVE('',#6121,#10634);
#10634 = DEFINITIONAL_REPRESENTATION('',(#10635),#10638);
#10635 = B_SPLINE_CURVE_WITH_KNOTS('',1,(#10636,#10637),.UNSPECIFIED.,
  .F.,.F.,(2,2),(-2.400000000069E-06,29.6000024),
  .PIECEWISE_BEZIER_KNOTS.);
#10636 = CARTESIAN_POINT('',(-2.400000000069E-06,62.166969722018));
#10637 = CARTESIAN_POINT('',(29.6000024,62.166969722018));
#10638 = ( GEOMETRIC_REPRESENTATION_CONTEXT(2) 
PARAMETRIC_REPRESENTATION_CONTEXT() REPRESENTATION_CONTEXT('2D SPACE',''
  ) );
#10639 = PCURVE('',#6093,#10640);
#10640 = DEFINITIONAL_REPRESENTATION('',(#10641),#10644);
#10641 = B_SPLINE_CURVE_WITH_KNOTS('',1,(#10642,#10643),.UNSPECIFIED.,
  .F.,.F.,(2,2),(-2.400000000069E-06,29.6000024),
  .PIECEWISE_BEZIER_KNOTS.);
#10642 = CARTESIAN_POINT('',(4.282689314233,-2.400000000069E-06));
#10643 = CARTESIAN_POINT('',(4.282689314233,29.6000024));
#10644 = ( GEOMETRIC_REPRESENTATION_CONTEXT(2) 
PARAMETRIC_REPRESENTATION_CONTEXT() REPRESENTATION_CONTEXT('2D SPACE',''
  ) );
#10645 = ORIENTED_EDGE('',*,*,#9356,.F.);
#10646 = ORIENTED_EDGE('',*,*,#10603,.T.);
#10647 = ORIENTED_EDGE('',*,*,#6105,.F.);
#10648 = ADVANCED_FACE('',(#10649),#6093,.T.);
#10649 = FACE_BOUND('',#10650,.T.);
#10650 = EDGE_LOOP('',(#10651,#10652,#10671,#10672));
#10651 = ORIENTED_EDGE('',*,*,#6076,.F.);
#10652 = ORIENTED_EDGE('',*,*,#10653,.F.);
#10653 = EDGE_CURVE('',#9380,#6050,#10654,.T.);
#10654 = SURFACE_CURVE('',#10655,(#10659,#10665),.PCURVE_S1.);
#10655 = LINE('',#10656,#10657);
#10656 = CARTESIAN_POINT('',(34.,-38.16696972201,2.4));
#10657 = VECTOR('',#10658,1.);
#10658 = DIRECTION('',(0.,0.,1.));
#10659 = PCURVE('',#6093,#10660);
#10660 = DEFINITIONAL_REPRESENTATION('',(#10661),#10664);
#10661 = B_SPLINE_CURVE_WITH_KNOTS('',1,(#10662,#10663),.UNSPECIFIED.,
  .F.,.F.,(2,2),(-2.400000000069E-06,29.6000024),
  .PIECEWISE_BEZIER_KNOTS.);
#10662 = CARTESIAN_POINT('',(0.429699666151,-2.400000000069E-06));
#10663 = CARTESIAN_POINT('',(0.429699666151,29.6000024));
#10664 = ( GEOMETRIC_REPRESENTATION_CONTEXT(2) 
PARAMETRIC_REPRESENTATION_CONTEXT() REPRESENTATION_CONTEXT('2D SPACE',''
  ) );
#10665 = PCURVE('',#6065,#10666);
#10666 = DEFINITIONAL_REPRESENTATION('',(#10667),#10670);
#10667 = B_SPLINE_CURVE_WITH_KNOTS('',1,(#10668,#10669),.UNSPECIFIED.,
  .F.,.F.,(2,2),(-2.400000000069E-06,29.6000024),
  .PIECEWISE_BEZIER_KNOTS.);
#10668 = CARTESIAN_POINT('',(-2.400000000069E-06,-5.833030277982));
#10669 = CARTESIAN_POINT('',(29.6000024,-5.833030277982));
#10670 = ( GEOMETRIC_REPRESENTATION_CONTEXT(2) 
PARAMETRIC_REPRESENTATION_CONTEXT() REPRESENTATION_CONTEXT('2D SPACE',''
  ) );
#10671 = ORIENTED_EDGE('',*,*,#9379,.T.);
#10672 = ORIENTED_EDGE('',*,*,#10627,.T.);
#10673 = ADVANCED_FACE('',(#10674,#10844,#10964,#11084,#11204,#11324,
    #11444,#11564),#6065,.F.);
#10674 = FACE_BOUND('',#10675,.F.);
#10675 = EDGE_LOOP('',(#10676,#10677,#10678,#10701,#10729,#10750,#10751,
    #10774,#10802,#10823,#10824,#10843));
#10676 = ORIENTED_EDGE('',*,*,#10653,.F.);
#10677 = ORIENTED_EDGE('',*,*,#9403,.T.);
#10678 = ORIENTED_EDGE('',*,*,#10679,.F.);
#10679 = EDGE_CURVE('',#10680,#9404,#10682,.T.);
#10680 = VERTEX_POINT('',#10681);
#10681 = CARTESIAN_POINT('',(34.,-21.,10.2));
#10682 = SURFACE_CURVE('',#10683,(#10687,#10694),.PCURVE_S1.);
#10683 = LINE('',#10684,#10685);
#10684 = CARTESIAN_POINT('',(34.,-21.,10.2));
#10685 = VECTOR('',#10686,1.);
#10686 = DIRECTION('',(0.,0.,-1.));
#10687 = PCURVE('',#6065,#10688);
#10688 = DEFINITIONAL_REPRESENTATION('',(#10689),#10693);
#10689 = LINE('',#10690,#10691);
#10690 = CARTESIAN_POINT('',(7.8,-23.));
#10691 = VECTOR('',#10692,1.);
#10692 = DIRECTION('',(-1.,0.));
#10693 = ( GEOMETRIC_REPRESENTATION_CONTEXT(2) 
PARAMETRIC_REPRESENTATION_CONTEXT() REPRESENTATION_CONTEXT('2D SPACE',''
  ) );
#10694 = PCURVE('',#9442,#10695);
#10695 = DEFINITIONAL_REPRESENTATION('',(#10696),#10700);
#10696 = LINE('',#10697,#10698);
#10697 = CARTESIAN_POINT('',(7.8,7.6));
#10698 = VECTOR('',#10699,1.);
#10699 = DIRECTION('',(-1.,0.));
#10700 = ( GEOMETRIC_REPRESENTATION_CONTEXT(2) 
PARAMETRIC_REPRESENTATION_CONTEXT() REPRESENTATION_CONTEXT('2D SPACE',''
  ) );
#10701 = ORIENTED_EDGE('',*,*,#10702,.F.);
#10702 = EDGE_CURVE('',#10703,#10680,#10705,.T.);
#10703 = VERTEX_POINT('',#10704);
#10704 = CARTESIAN_POINT('',(34.,-13.,10.2));
#10705 = SURFACE_CURVE('',#10706,(#10710,#10717),.PCURVE_S1.);
#10706 = LINE('',#10707,#10708);
#10707 = CARTESIAN_POINT('',(34.,-13.,10.2));
#10708 = VECTOR('',#10709,1.);
#10709 = DIRECTION('',(0.,-1.,0.));
#10710 = PCURVE('',#6065,#10711);
#10711 = DEFINITIONAL_REPRESENTATION('',(#10712),#10716);
#10712 = LINE('',#10713,#10714);
#10713 = CARTESIAN_POINT('',(7.8,-31.));
#10714 = VECTOR('',#10715,1.);
#10715 = DIRECTION('',(0.,1.));
#10716 = ( GEOMETRIC_REPRESENTATION_CONTEXT(2) 
PARAMETRIC_REPRESENTATION_CONTEXT() REPRESENTATION_CONTEXT('2D SPACE',''
  ) );
#10717 = PCURVE('',#10718,#10723);
#10718 = PLANE('',#10719);
#10719 = AXIS2_PLACEMENT_3D('',#10720,#10721,#10722);
#10720 = CARTESIAN_POINT('',(26.4,-21.,10.2));
#10721 = DIRECTION('',(0.,0.,1.));
#10722 = DIRECTION('',(1.,0.,-0.));
#10723 = DEFINITIONAL_REPRESENTATION('',(#10724),#10728);
#10724 = LINE('',#10725,#10726);
#10725 = CARTESIAN_POINT('',(7.6,8.));
#10726 = VECTOR('',#10727,1.);
#10727 = DIRECTION('',(0.,-1.));
#10728 = ( GEOMETRIC_REPRESENTATION_CONTEXT(2) 
PARAMETRIC_REPRESENTATION_CONTEXT() REPRESENTATION_CONTEXT('2D SPACE',''
  ) );
#10729 = ORIENTED_EDGE('',*,*,#10730,.F.);
#10730 = EDGE_CURVE('',#9597,#10703,#10731,.T.);
#10731 = SURFACE_CURVE('',#10732,(#10736,#10743),.PCURVE_S1.);
#10732 = LINE('',#10733,#10734);
#10733 = CARTESIAN_POINT('',(34.,-13.,2.4));
#10734 = VECTOR('',#10735,1.);
#10735 = DIRECTION('',(0.,0.,1.));
#10736 = PCURVE('',#6065,#10737);
#10737 = DEFINITIONAL_REPRESENTATION('',(#10738),#10742);
#10738 = LINE('',#10739,#10740);
#10739 = CARTESIAN_POINT('',(0.,-31.));
#10740 = VECTOR('',#10741,1.);
#10741 = DIRECTION('',(1.,0.));
#10742 = ( GEOMETRIC_REPRESENTATION_CONTEXT(2) 
PARAMETRIC_REPRESENTATION_CONTEXT() REPRESENTATION_CONTEXT('2D SPACE',''
  ) );
#10743 = PCURVE('',#9612,#10744);
#10744 = DEFINITIONAL_REPRESENTATION('',(#10745),#10749);
#10745 = LINE('',#10746,#10747);
#10746 = CARTESIAN_POINT('',(0.,8.8));
#10747 = VECTOR('',#10748,1.);
#10748 = DIRECTION('',(1.,0.));
#10749 = ( GEOMETRIC_REPRESENTATION_CONTEXT(2) 
PARAMETRIC_REPRESENTATION_CONTEXT() REPRESENTATION_CONTEXT('2D SPACE',''
  ) );
#10750 = ORIENTED_EDGE('',*,*,#9624,.T.);
#10751 = ORIENTED_EDGE('',*,*,#10752,.F.);
#10752 = EDGE_CURVE('',#10753,#9625,#10755,.T.);
#10753 = VERTEX_POINT('',#10754);
#10754 = CARTESIAN_POINT('',(34.,13.,10.2));
#10755 = SURFACE_CURVE('',#10756,(#10760,#10767),.PCURVE_S1.);
#10756 = LINE('',#10757,#10758);
#10757 = CARTESIAN_POINT('',(34.,13.,10.2));
#10758 = VECTOR('',#10759,1.);
#10759 = DIRECTION('',(0.,0.,-1.));
#10760 = PCURVE('',#6065,#10761);
#10761 = DEFINITIONAL_REPRESENTATION('',(#10762),#10766);
#10762 = LINE('',#10763,#10764);
#10763 = CARTESIAN_POINT('',(7.8,-57.));
#10764 = VECTOR('',#10765,1.);
#10765 = DIRECTION('',(-1.,0.));
#10766 = ( GEOMETRIC_REPRESENTATION_CONTEXT(2) 
PARAMETRIC_REPRESENTATION_CONTEXT() REPRESENTATION_CONTEXT('2D SPACE',''
  ) );
#10767 = PCURVE('',#9663,#10768);
#10768 = DEFINITIONAL_REPRESENTATION('',(#10769),#10773);
#10769 = LINE('',#10770,#10771);
#10770 = CARTESIAN_POINT('',(7.8,7.6));
#10771 = VECTOR('',#10772,1.);
#10772 = DIRECTION('',(-1.,0.));
#10773 = ( GEOMETRIC_REPRESENTATION_CONTEXT(2) 
PARAMETRIC_REPRESENTATION_CONTEXT() REPRESENTATION_CONTEXT('2D SPACE',''
  ) );
#10774 = ORIENTED_EDGE('',*,*,#10775,.F.);
#10775 = EDGE_CURVE('',#10776,#10753,#10778,.T.);
#10776 = VERTEX_POINT('',#10777);
#10777 = CARTESIAN_POINT('',(34.,21.,10.2));
#10778 = SURFACE_CURVE('',#10779,(#10783,#10790),.PCURVE_S1.);
#10779 = LINE('',#10780,#10781);
#10780 = CARTESIAN_POINT('',(34.,21.,10.2));
#10781 = VECTOR('',#10782,1.);
#10782 = DIRECTION('',(0.,-1.,0.));
#10783 = PCURVE('',#6065,#10784);
#10784 = DEFINITIONAL_REPRESENTATION('',(#10785),#10789);
#10785 = LINE('',#10786,#10787);
#10786 = CARTESIAN_POINT('',(7.8,-65.));
#10787 = VECTOR('',#10788,1.);
#10788 = DIRECTION('',(0.,1.));
#10789 = ( GEOMETRIC_REPRESENTATION_CONTEXT(2) 
PARAMETRIC_REPRESENTATION_CONTEXT() REPRESENTATION_CONTEXT('2D SPACE',''
  ) );
#10790 = PCURVE('',#10791,#10796);
#10791 = PLANE('',#10792);
#10792 = AXIS2_PLACEMENT_3D('',#10793,#10794,#10795);
#10793 = CARTESIAN_POINT('',(26.4,13.,10.2));
#10794 = DIRECTION('',(0.,0.,1.));
#10795 = DIRECTION('',(1.,0.,-0.));
#10796 = DEFINITIONAL_REPRESENTATION('',(#10797),#10801);
#10797 = LINE('',#10798,#10799);
#10798 = CARTESIAN_POINT('',(7.6,8.));
#10799 = VECTOR('',#10800,1.);
#10800 = DIRECTION('',(0.,-1.));
#10801 = ( GEOMETRIC_REPRESENTATION_CONTEXT(2) 
PARAMETRIC_REPRESENTATION_CONTEXT() REPRESENTATION_CONTEXT('2D SPACE',''
  ) );
#10802 = ORIENTED_EDGE('',*,*,#10803,.F.);
#10803 = EDGE_CURVE('',#9818,#10776,#10804,.T.);
#10804 = SURFACE_CURVE('',#10805,(#10809,#10816),.PCURVE_S1.);
#10805 = LINE('',#10806,#10807);
#10806 = CARTESIAN_POINT('',(34.,21.,2.4));
#10807 = VECTOR('',#10808,1.);
#10808 = DIRECTION('',(0.,0.,1.));
#10809 = PCURVE('',#6065,#10810);
#10810 = DEFINITIONAL_REPRESENTATION('',(#10811),#10815);
#10811 = LINE('',#10812,#10813);
#10812 = CARTESIAN_POINT('',(0.,-65.));
#10813 = VECTOR('',#10814,1.);
#10814 = DIRECTION('',(1.,0.));
#10815 = ( GEOMETRIC_REPRESENTATION_CONTEXT(2) 
PARAMETRIC_REPRESENTATION_CONTEXT() REPRESENTATION_CONTEXT('2D SPACE',''
  ) );
#10816 = PCURVE('',#9833,#10817);
#10817 = DEFINITIONAL_REPRESENTATION('',(#10818),#10822);
#10818 = LINE('',#10819,#10820);
#10819 = CARTESIAN_POINT('',(0.,8.8));
#10820 = VECTOR('',#10821,1.);
#10821 = DIRECTION('',(1.,0.));
#10822 = ( GEOMETRIC_REPRESENTATION_CONTEXT(2) 
PARAMETRIC_REPRESENTATION_CONTEXT() REPRESENTATION_CONTEXT('2D SPACE',''
  ) );
#10823 = ORIENTED_EDGE('',*,*,#9845,.T.);
#10824 = ORIENTED_EDGE('',*,*,#10825,.T.);
#10825 = EDGE_CURVE('',#9846,#6021,#10826,.T.);
#10826 = SURFACE_CURVE('',#10827,(#10831,#10837),.PCURVE_S1.);
#10827 = LINE('',#10828,#10829);
#10828 = CARTESIAN_POINT('',(34.,38.166969722018,2.4));
#10829 = VECTOR('',#10830,1.);
#10830 = DIRECTION('',(0.,0.,1.));
#10831 = PCURVE('',#6065,#10832);
#10832 = DEFINITIONAL_REPRESENTATION('',(#10833),#10836);
#10833 = B_SPLINE_CURVE_WITH_KNOTS('',1,(#10834,#10835),.UNSPECIFIED.,
  .F.,.F.,(2,2),(-2.400000000069E-06,29.6000024),
  .PIECEWISE_BEZIER_KNOTS.);
#10834 = CARTESIAN_POINT('',(-2.400000000069E-06,-82.16696972201));
#10835 = CARTESIAN_POINT('',(29.6000024,-82.16696972201));
#10836 = ( GEOMETRIC_REPRESENTATION_CONTEXT(2) 
PARAMETRIC_REPRESENTATION_CONTEXT() REPRESENTATION_CONTEXT('2D SPACE',''
  ) );
#10837 = PCURVE('',#6037,#10838);
#10838 = DEFINITIONAL_REPRESENTATION('',(#10839),#10842);
#10839 = B_SPLINE_CURVE_WITH_KNOTS('',1,(#10840,#10841),.UNSPECIFIED.,
  .F.,.F.,(2,2),(-2.400000000069E-06,29.6000024),
  .PIECEWISE_BEZIER_KNOTS.);
#10840 = CARTESIAN_POINT('',(5.853485641028,-2.400000000069E-06));
#10841 = CARTESIAN_POINT('',(5.853485641028,29.6000024));
#10842 = ( GEOMETRIC_REPRESENTATION_CONTEXT(2) 
PARAMETRIC_REPRESENTATION_CONTEXT() REPRESENTATION_CONTEXT('2D SPACE',''
  ) );
#10843 = ORIENTED_EDGE('',*,*,#6049,.F.);
#10844 = FACE_BOUND('',#10845,.F.);
#10845 = EDGE_LOOP('',(#10846,#10874,#10907,#10933));
#10846 = ORIENTED_EDGE('',*,*,#10847,.F.);
#10847 = EDGE_CURVE('',#10848,#10850,#10852,.T.);
#10848 = VERTEX_POINT('',#10849);
#10849 = CARTESIAN_POINT('',(34.,17.7070709193,23.99795761131));
#10850 = VERTEX_POINT('',#10851);
#10851 = CARTESIAN_POINT('',(34.,14.917790391812,18.016326216868));
#10852 = SURFACE_CURVE('',#10853,(#10857,#10863),.PCURVE_S1.);
#10853 = LINE('',#10854,#10855);
#10854 = CARTESIAN_POINT('',(34.,6.665549227259,0.31933792977));
#10855 = VECTOR('',#10856,1.);
#10856 = DIRECTION('',(0.,-0.422618261741,-0.906307787037));
#10857 = PCURVE('',#6065,#10858);
#10858 = DEFINITIONAL_REPRESENTATION('',(#10859),#10862);
#10859 = B_SPLINE_CURVE_WITH_KNOTS('',1,(#10860,#10861),.UNSPECIFIED.,
  .F.,.F.,(2,2),(-26.12646610812,-19.52646610812),
  .PIECEWISE_BEZIER_KNOTS.);
#10860 = CARTESIAN_POINT('',(21.59795761131,-61.7070709193));
#10861 = CARTESIAN_POINT('',(15.616326216868,-58.91779039181));
#10862 = ( GEOMETRIC_REPRESENTATION_CONTEXT(2) 
PARAMETRIC_REPRESENTATION_CONTEXT() REPRESENTATION_CONTEXT('2D SPACE',''
  ) );
#10863 = PCURVE('',#10864,#10869);
#10864 = PLANE('',#10865);
#10865 = AXIS2_PLACEMENT_3D('',#10866,#10867,#10868);
#10866 = CARTESIAN_POINT('',(33.5,14.917790391812,18.016326216868));
#10867 = DIRECTION('',(0.,-0.906307787037,0.422618261741));
#10868 = DIRECTION('',(0.,0.422618261741,0.906307787037));
#10869 = DEFINITIONAL_REPRESENTATION('',(#10870),#10873);
#10870 = B_SPLINE_CURVE_WITH_KNOTS('',1,(#10871,#10872),.UNSPECIFIED.,
  .F.,.F.,(2,2),(-26.12646610812,-19.52646610812),
  .PIECEWISE_BEZIER_KNOTS.);
#10871 = CARTESIAN_POINT('',(6.6,-0.5));
#10872 = CARTESIAN_POINT('',(0.,-0.5));
#10873 = ( GEOMETRIC_REPRESENTATION_CONTEXT(2) 
PARAMETRIC_REPRESENTATION_CONTEXT() REPRESENTATION_CONTEXT('2D SPACE',''
  ) );
#10874 = ORIENTED_EDGE('',*,*,#10875,.T.);
#10875 = EDGE_CURVE('',#10848,#10876,#10878,.T.);
#10876 = VERTEX_POINT('',#10877);
#10877 = CARTESIAN_POINT('',(34.,19.882209608188,22.983673783132));
#10878 = SURFACE_CURVE('',#10879,(#10884,#10895),.PCURVE_S1.);
#10879 = CIRCLE('',#10880,1.2);
#10880 = AXIS2_PLACEMENT_3D('',#10881,#10882,#10883);
#10881 = CARTESIAN_POINT('',(34.,18.794640263744,23.490815697221));
#10882 = DIRECTION('',(-1.,-0.,0.));
#10883 = DIRECTION('',(0.,-0.422618261741,-0.906307787037));
#10884 = PCURVE('',#6065,#10885);
#10885 = DEFINITIONAL_REPRESENTATION('',(#10886),#10894);
#10886 = ( BOUNDED_CURVE() B_SPLINE_CURVE(2,(#10887,#10888,#10889,#10890
    ,#10891,#10892,#10893),.UNSPECIFIED.,.T.,.F.) 
B_SPLINE_CURVE_WITH_KNOTS((1,2,2,2,2,1),(-2.094395102393,0.,
    2.094395102393,4.188790204786,6.28318530718,8.377580409573),
.UNSPECIFIED.) CURVE() GEOMETRIC_REPRESENTATION_ITEM() 
RATIONAL_B_SPLINE_CURVE((1.,0.5,1.,0.5,1.,0.5,1.)) REPRESENTATION_ITEM(
  '') );
#10887 = CARTESIAN_POINT('',(20.003246352777,-62.28749834965));
#10888 = CARTESIAN_POINT('',(20.881641914627,-60.40377298832));
#10889 = CARTESIAN_POINT('',(22.073798150368,-62.10634854012));
#10890 = CARTESIAN_POINT('',(23.265954386109,-63.80892409192));
#10891 = CARTESIAN_POINT('',(21.195402588518,-63.99007390145));
#10892 = CARTESIAN_POINT('',(19.124850790927,-64.17122371098));
#10893 = CARTESIAN_POINT('',(20.003246352777,-62.28749834965));
#10894 = ( GEOMETRIC_REPRESENTATION_CONTEXT(2) 
PARAMETRIC_REPRESENTATION_CONTEXT() REPRESENTATION_CONTEXT('2D SPACE',''
  ) );
#10895 = PCURVE('',#10896,#10901);
#10896 = CYLINDRICAL_SURFACE('',#10897,1.2);
#10897 = AXIS2_PLACEMENT_3D('',#10898,#10899,#10900);
#10898 = CARTESIAN_POINT('',(33.5,18.794640263744,23.490815697221));
#10899 = DIRECTION('',(-1.,-0.,0.));
#10900 = DIRECTION('',(0.,-0.422618261741,-0.906307787037));
#10901 = DEFINITIONAL_REPRESENTATION('',(#10902),#10906);
#10902 = LINE('',#10903,#10904);
#10903 = CARTESIAN_POINT('',(0.,-0.5));
#10904 = VECTOR('',#10905,1.);
#10905 = DIRECTION('',(1.,0.));
#10906 = ( GEOMETRIC_REPRESENTATION_CONTEXT(2) 
PARAMETRIC_REPRESENTATION_CONTEXT() REPRESENTATION_CONTEXT('2D SPACE',''
  ) );
#10907 = ORIENTED_EDGE('',*,*,#10908,.T.);
#10908 = EDGE_CURVE('',#10876,#10909,#10911,.T.);
#10909 = VERTEX_POINT('',#10910);
#10910 = CARTESIAN_POINT('',(34.,17.0929290807,17.00204238869));
#10911 = SURFACE_CURVE('',#10912,(#10916,#10922),.PCURVE_S1.);
#10912 = LINE('',#10913,#10914);
#10913 = CARTESIAN_POINT('',(34.,9.538008048019,0.800461950203));
#10914 = VECTOR('',#10915,1.);
#10915 = DIRECTION('',(0.,-0.422618261741,-0.906307787037));
#10916 = PCURVE('',#6065,#10917);
#10917 = DEFINITIONAL_REPRESENTATION('',(#10918),#10921);
#10918 = B_SPLINE_CURVE_WITH_KNOTS('',1,(#10919,#10920),.UNSPECIFIED.,
  .F.,.F.,(2,2),(-24.47646610812,-17.87646610812),
  .PIECEWISE_BEZIER_KNOTS.);
#10919 = CARTESIAN_POINT('',(20.583673783132,-63.88220960818));
#10920 = CARTESIAN_POINT('',(14.60204238869,-61.0929290807));
#10921 = ( GEOMETRIC_REPRESENTATION_CONTEXT(2) 
PARAMETRIC_REPRESENTATION_CONTEXT() REPRESENTATION_CONTEXT('2D SPACE',''
  ) );
#10922 = PCURVE('',#10923,#10928);
#10923 = PLANE('',#10924);
#10924 = AXIS2_PLACEMENT_3D('',#10925,#10926,#10927);
#10925 = CARTESIAN_POINT('',(33.5,18.487569344444,19.992858085911));
#10926 = DIRECTION('',(0.,-0.906307787037,0.422618261741));
#10927 = DIRECTION('',(0.,0.422618261741,0.906307787037));
#10928 = DEFINITIONAL_REPRESENTATION('',(#10929),#10932);
#10929 = B_SPLINE_CURVE_WITH_KNOTS('',1,(#10930,#10931),.UNSPECIFIED.,
  .F.,.F.,(2,2),(-24.47646610812,-17.87646610812),
  .PIECEWISE_BEZIER_KNOTS.);
#10930 = CARTESIAN_POINT('',(3.3,-0.5));
#10931 = CARTESIAN_POINT('',(-3.3,-0.5));
#10932 = ( GEOMETRIC_REPRESENTATION_CONTEXT(2) 
PARAMETRIC_REPRESENTATION_CONTEXT() REPRESENTATION_CONTEXT('2D SPACE',''
  ) );
#10933 = ORIENTED_EDGE('',*,*,#10934,.T.);
#10934 = EDGE_CURVE('',#10909,#10850,#10935,.T.);
#10935 = SURFACE_CURVE('',#10936,(#10941,#10952),.PCURVE_S1.);
#10936 = CIRCLE('',#10937,1.2);
#10937 = AXIS2_PLACEMENT_3D('',#10938,#10939,#10940);
#10938 = CARTESIAN_POINT('',(34.,16.005359736256,17.509184302779));
#10939 = DIRECTION('',(-1.,0.,0.));
#10940 = DIRECTION('',(0.,0.422618261741,0.906307787037));
#10941 = PCURVE('',#6065,#10942);
#10942 = DEFINITIONAL_REPRESENTATION('',(#10943),#10951);
#10943 = ( BOUNDED_CURVE() B_SPLINE_CURVE(2,(#10944,#10945,#10946,#10947
    ,#10948,#10949,#10950),.UNSPECIFIED.,.T.,.F.) 
B_SPLINE_CURVE_WITH_KNOTS((1,2,2,2,2,1),(-2.094395102393,0.,
    2.094395102393,4.188790204786,6.28318530718,8.377580409573),
.UNSPECIFIED.) CURVE() GEOMETRIC_REPRESENTATION_ITEM() 
RATIONAL_B_SPLINE_CURVE((1.,0.5,1.,0.5,1.,0.5,1.)) REPRESENTATION_ITEM(
  '') );
#10944 = CARTESIAN_POINT('',(16.196753647223,-60.51250165034));
#10945 = CARTESIAN_POINT('',(15.318358085373,-62.39622701167));
#10946 = CARTESIAN_POINT('',(14.126201849632,-60.69365145987));
#10947 = CARTESIAN_POINT('',(12.934045613891,-58.99107590807));
#10948 = CARTESIAN_POINT('',(15.004597411482,-58.80992609854));
#10949 = CARTESIAN_POINT('',(17.075149209073,-58.62877628901));
#10950 = CARTESIAN_POINT('',(16.196753647223,-60.51250165034));
#10951 = ( GEOMETRIC_REPRESENTATION_CONTEXT(2) 
PARAMETRIC_REPRESENTATION_CONTEXT() REPRESENTATION_CONTEXT('2D SPACE',''
  ) );
#10952 = PCURVE('',#10953,#10958);
#10953 = CYLINDRICAL_SURFACE('',#10954,1.2);
#10954 = AXIS2_PLACEMENT_3D('',#10955,#10956,#10957);
#10955 = CARTESIAN_POINT('',(33.5,16.005359736256,17.509184302779));
#10956 = DIRECTION('',(-1.,0.,0.));
#10957 = DIRECTION('',(0.,0.422618261741,0.906307787037));
#10958 = DEFINITIONAL_REPRESENTATION('',(#10959),#10963);
#10959 = LINE('',#10960,#10961);
#10960 = CARTESIAN_POINT('',(0.,-0.5));
#10961 = VECTOR('',#10962,1.);
#10962 = DIRECTION('',(1.,0.));
#10963 = ( GEOMETRIC_REPRESENTATION_CONTEXT(2) 
PARAMETRIC_REPRESENTATION_CONTEXT() REPRESENTATION_CONTEXT('2D SPACE',''
  ) );
#10964 = FACE_BOUND('',#10965,.F.);
#10965 = EDGE_LOOP('',(#10966,#10994,#11027,#11053));
#10966 = ORIENTED_EDGE('',*,*,#10967,.F.);
#10967 = EDGE_CURVE('',#10968,#10970,#10972,.T.);
#10968 = VERTEX_POINT('',#10969);
#10969 = CARTESIAN_POINT('',(34.,11.9070709193,23.99795761131));
#10970 = VERTEX_POINT('',#10971);
#10971 = CARTESIAN_POINT('',(34.,9.117790391812,18.016326216868));
#10972 = SURFACE_CURVE('',#10973,(#10977,#10983),.PCURVE_S1.);
#10973 = LINE('',#10974,#10975);
#10974 = CARTESIAN_POINT('',(34.,1.383507193213,1.430102372293));
#10975 = VECTOR('',#10976,1.);
#10976 = DIRECTION('',(0.,-0.422618261741,-0.906307787037));
#10977 = PCURVE('',#6065,#10978);
#10978 = DEFINITIONAL_REPRESENTATION('',(#10979),#10982);
#10979 = B_SPLINE_CURVE_WITH_KNOTS('',1,(#10980,#10981),.UNSPECIFIED.,
  .F.,.F.,(2,2),(-24.90087314907,-18.30087314907),
  .PIECEWISE_BEZIER_KNOTS.);
#10980 = CARTESIAN_POINT('',(21.59795761131,-55.9070709193));
#10981 = CARTESIAN_POINT('',(15.616326216868,-53.11779039181));
#10982 = ( GEOMETRIC_REPRESENTATION_CONTEXT(2) 
PARAMETRIC_REPRESENTATION_CONTEXT() REPRESENTATION_CONTEXT('2D SPACE',''
  ) );
#10983 = PCURVE('',#10984,#10989);
#10984 = PLANE('',#10985);
#10985 = AXIS2_PLACEMENT_3D('',#10986,#10987,#10988);
#10986 = CARTESIAN_POINT('',(33.5,9.117790391812,18.016326216868));
#10987 = DIRECTION('',(0.,-0.906307787037,0.422618261741));
#10988 = DIRECTION('',(0.,0.422618261741,0.906307787037));
#10989 = DEFINITIONAL_REPRESENTATION('',(#10990),#10993);
#10990 = B_SPLINE_CURVE_WITH_KNOTS('',1,(#10991,#10992),.UNSPECIFIED.,
  .F.,.F.,(2,2),(-24.90087314907,-18.30087314907),
  .PIECEWISE_BEZIER_KNOTS.);
#10991 = CARTESIAN_POINT('',(6.6,-0.5));
#10992 = CARTESIAN_POINT('',(0.,-0.5));
#10993 = ( GEOMETRIC_REPRESENTATION_CONTEXT(2) 
PARAMETRIC_REPRESENTATION_CONTEXT() REPRESENTATION_CONTEXT('2D SPACE',''
  ) );
#10994 = ORIENTED_EDGE('',*,*,#10995,.T.);
#10995 = EDGE_CURVE('',#10968,#10996,#10998,.T.);
#10996 = VERTEX_POINT('',#10997);
#10997 = CARTESIAN_POINT('',(34.,14.082209608188,22.983673783132));
#10998 = SURFACE_CURVE('',#10999,(#11004,#11015),.PCURVE_S1.);
#10999 = CIRCLE('',#11000,1.2);
#11000 = AXIS2_PLACEMENT_3D('',#11001,#11002,#11003);
#11001 = CARTESIAN_POINT('',(34.,12.994640263744,23.490815697221));
#11002 = DIRECTION('',(-1.,-0.,0.));
#11003 = DIRECTION('',(0.,-0.422618261741,-0.906307787037));
#11004 = PCURVE('',#6065,#11005);
#11005 = DEFINITIONAL_REPRESENTATION('',(#11006),#11014);
#11006 = ( BOUNDED_CURVE() B_SPLINE_CURVE(2,(#11007,#11008,#11009,#11010
    ,#11011,#11012,#11013),.UNSPECIFIED.,.T.,.F.) 
B_SPLINE_CURVE_WITH_KNOTS((1,2,2,2,2,1),(-2.094395102393,0.,
    2.094395102393,4.188790204786,6.28318530718,8.377580409573),
.UNSPECIFIED.) CURVE() GEOMETRIC_REPRESENTATION_ITEM() 
RATIONAL_B_SPLINE_CURVE((1.,0.5,1.,0.5,1.,0.5,1.)) REPRESENTATION_ITEM(
  '') );
#11007 = CARTESIAN_POINT('',(20.003246352777,-56.48749834965));
#11008 = CARTESIAN_POINT('',(20.881641914627,-54.60377298832));
#11009 = CARTESIAN_POINT('',(22.073798150368,-56.30634854012));
#11010 = CARTESIAN_POINT('',(23.265954386109,-58.00892409192));
#11011 = CARTESIAN_POINT('',(21.195402588518,-58.19007390145));
#11012 = CARTESIAN_POINT('',(19.124850790927,-58.37122371098));
#11013 = CARTESIAN_POINT('',(20.003246352777,-56.48749834965));
#11014 = ( GEOMETRIC_REPRESENTATION_CONTEXT(2) 
PARAMETRIC_REPRESENTATION_CONTEXT() REPRESENTATION_CONTEXT('2D SPACE',''
  ) );
#11015 = PCURVE('',#11016,#11021);
#11016 = CYLINDRICAL_SURFACE('',#11017,1.2);
#11017 = AXIS2_PLACEMENT_3D('',#11018,#11019,#11020);
#11018 = CARTESIAN_POINT('',(33.5,12.994640263744,23.490815697221));
#11019 = DIRECTION('',(-1.,-0.,0.));
#11020 = DIRECTION('',(0.,-0.422618261741,-0.906307787037));
#11021 = DEFINITIONAL_REPRESENTATION('',(#11022),#11026);
#11022 = LINE('',#11023,#11024);
#11023 = CARTESIAN_POINT('',(0.,-0.5));
#11024 = VECTOR('',#11025,1.);
#11025 = DIRECTION('',(1.,0.));
#11026 = ( GEOMETRIC_REPRESENTATION_CONTEXT(2) 
PARAMETRIC_REPRESENTATION_CONTEXT() REPRESENTATION_CONTEXT('2D SPACE',''
  ) );
#11027 = ORIENTED_EDGE('',*,*,#11028,.T.);
#11028 = EDGE_CURVE('',#10996,#11029,#11031,.T.);
#11029 = VERTEX_POINT('',#11030);
#11030 = CARTESIAN_POINT('',(34.,11.2929290807,17.00204238869));
#11031 = SURFACE_CURVE('',#11032,(#11036,#11042),.PCURVE_S1.);
#11032 = LINE('',#11033,#11034);
#11033 = CARTESIAN_POINT('',(34.,4.255966013974,1.911226392726));
#11034 = VECTOR('',#11035,1.);
#11035 = DIRECTION('',(0.,-0.422618261741,-0.906307787037));
#11036 = PCURVE('',#6065,#11037);
#11037 = DEFINITIONAL_REPRESENTATION('',(#11038),#11041);
#11038 = B_SPLINE_CURVE_WITH_KNOTS('',1,(#11039,#11040),.UNSPECIFIED.,
  .F.,.F.,(2,2),(-23.25087314907,-16.65087314907),
  .PIECEWISE_BEZIER_KNOTS.);
#11039 = CARTESIAN_POINT('',(20.583673783132,-58.08220960818));
#11040 = CARTESIAN_POINT('',(14.60204238869,-55.2929290807));
#11041 = ( GEOMETRIC_REPRESENTATION_CONTEXT(2) 
PARAMETRIC_REPRESENTATION_CONTEXT() REPRESENTATION_CONTEXT('2D SPACE',''
  ) );
#11042 = PCURVE('',#11043,#11048);
#11043 = PLANE('',#11044);
#11044 = AXIS2_PLACEMENT_3D('',#11045,#11046,#11047);
#11045 = CARTESIAN_POINT('',(33.5,12.687569344444,19.992858085911));
#11046 = DIRECTION('',(0.,-0.906307787037,0.422618261741));
#11047 = DIRECTION('',(0.,0.422618261741,0.906307787037));
#11048 = DEFINITIONAL_REPRESENTATION('',(#11049),#11052);
#11049 = B_SPLINE_CURVE_WITH_KNOTS('',1,(#11050,#11051),.UNSPECIFIED.,
  .F.,.F.,(2,2),(-23.25087314907,-16.65087314907),
  .PIECEWISE_BEZIER_KNOTS.);
#11050 = CARTESIAN_POINT('',(3.3,-0.5));
#11051 = CARTESIAN_POINT('',(-3.3,-0.5));
#11052 = ( GEOMETRIC_REPRESENTATION_CONTEXT(2) 
PARAMETRIC_REPRESENTATION_CONTEXT() REPRESENTATION_CONTEXT('2D SPACE',''
  ) );
#11053 = ORIENTED_EDGE('',*,*,#11054,.T.);
#11054 = EDGE_CURVE('',#11029,#10970,#11055,.T.);
#11055 = SURFACE_CURVE('',#11056,(#11061,#11072),.PCURVE_S1.);
#11056 = CIRCLE('',#11057,1.2);
#11057 = AXIS2_PLACEMENT_3D('',#11058,#11059,#11060);
#11058 = CARTESIAN_POINT('',(34.,10.205359736256,17.509184302779));
#11059 = DIRECTION('',(-1.,0.,0.));
#11060 = DIRECTION('',(0.,0.422618261741,0.906307787037));
#11061 = PCURVE('',#6065,#11062);
#11062 = DEFINITIONAL_REPRESENTATION('',(#11063),#11071);
#11063 = ( BOUNDED_CURVE() B_SPLINE_CURVE(2,(#11064,#11065,#11066,#11067
    ,#11068,#11069,#11070),.UNSPECIFIED.,.T.,.F.) 
B_SPLINE_CURVE_WITH_KNOTS((1,2,2,2,2,1),(-2.094395102393,0.,
    2.094395102393,4.188790204786,6.28318530718,8.377580409573),
.UNSPECIFIED.) CURVE() GEOMETRIC_REPRESENTATION_ITEM() 
RATIONAL_B_SPLINE_CURVE((1.,0.5,1.,0.5,1.,0.5,1.)) REPRESENTATION_ITEM(
  '') );
#11064 = CARTESIAN_POINT('',(16.196753647223,-54.71250165034));
#11065 = CARTESIAN_POINT('',(15.318358085373,-56.59622701167));
#11066 = CARTESIAN_POINT('',(14.126201849632,-54.89365145987));
#11067 = CARTESIAN_POINT('',(12.934045613891,-53.19107590807));
#11068 = CARTESIAN_POINT('',(15.004597411482,-53.00992609854));
#11069 = CARTESIAN_POINT('',(17.075149209073,-52.82877628901));
#11070 = CARTESIAN_POINT('',(16.196753647223,-54.71250165034));
#11071 = ( GEOMETRIC_REPRESENTATION_CONTEXT(2) 
PARAMETRIC_REPRESENTATION_CONTEXT() REPRESENTATION_CONTEXT('2D SPACE',''
  ) );
#11072 = PCURVE('',#11073,#11078);
#11073 = CYLINDRICAL_SURFACE('',#11074,1.2);
#11074 = AXIS2_PLACEMENT_3D('',#11075,#11076,#11077);
#11075 = CARTESIAN_POINT('',(33.5,10.205359736256,17.509184302779));
#11076 = DIRECTION('',(-1.,0.,0.));
#11077 = DIRECTION('',(0.,0.422618261741,0.906307787037));
#11078 = DEFINITIONAL_REPRESENTATION('',(#11079),#11083);
#11079 = LINE('',#11080,#11081);
#11080 = CARTESIAN_POINT('',(0.,-0.5));
#11081 = VECTOR('',#11082,1.);
#11082 = DIRECTION('',(1.,0.));
#11083 = ( GEOMETRIC_REPRESENTATION_CONTEXT(2) 
PARAMETRIC_REPRESENTATION_CONTEXT() REPRESENTATION_CONTEXT('2D SPACE',''
  ) );
#11084 = FACE_BOUND('',#11085,.F.);
#11085 = EDGE_LOOP('',(#11086,#11114,#11147,#11173));
#11086 = ORIENTED_EDGE('',*,*,#11087,.F.);
#11087 = EDGE_CURVE('',#11088,#11090,#11092,.T.);
#11088 = VERTEX_POINT('',#11089);
#11089 = CARTESIAN_POINT('',(34.,6.1070709193,23.99795761131));
#11090 = VERTEX_POINT('',#11091);
#11091 = CARTESIAN_POINT('',(34.,3.317790391812,18.016326216868));
#11092 = SURFACE_CURVE('',#11093,(#11097,#11103),.PCURVE_S1.);
#11093 = LINE('',#11094,#11095);
#11094 = CARTESIAN_POINT('',(34.,-3.898534840832,2.540866814816));
#11095 = VECTOR('',#11096,1.);
#11096 = DIRECTION('',(0.,-0.422618261741,-0.906307787037));
#11097 = PCURVE('',#6065,#11098);
#11098 = DEFINITIONAL_REPRESENTATION('',(#11099),#11102);
#11099 = B_SPLINE_CURVE_WITH_KNOTS('',1,(#11100,#11101),.UNSPECIFIED.,
  .F.,.F.,(2,2),(-23.67528019002,-17.07528019002),
  .PIECEWISE_BEZIER_KNOTS.);
#11100 = CARTESIAN_POINT('',(21.59795761131,-50.1070709193));
#11101 = CARTESIAN_POINT('',(15.616326216868,-47.31779039181));
#11102 = ( GEOMETRIC_REPRESENTATION_CONTEXT(2) 
PARAMETRIC_REPRESENTATION_CONTEXT() REPRESENTATION_CONTEXT('2D SPACE',''
  ) );
#11103 = PCURVE('',#11104,#11109);
#11104 = PLANE('',#11105);
#11105 = AXIS2_PLACEMENT_3D('',#11106,#11107,#11108);
#11106 = CARTESIAN_POINT('',(33.5,3.317790391812,18.016326216868));
#11107 = DIRECTION('',(0.,-0.906307787037,0.422618261741));
#11108 = DIRECTION('',(0.,0.422618261741,0.906307787037));
#11109 = DEFINITIONAL_REPRESENTATION('',(#11110),#11113);
#11110 = B_SPLINE_CURVE_WITH_KNOTS('',1,(#11111,#11112),.UNSPECIFIED.,
  .F.,.F.,(2,2),(-23.67528019002,-17.07528019002),
  .PIECEWISE_BEZIER_KNOTS.);
#11111 = CARTESIAN_POINT('',(6.6,-0.5));
#11112 = CARTESIAN_POINT('',(0.,-0.5));
#11113 = ( GEOMETRIC_REPRESENTATION_CONTEXT(2) 
PARAMETRIC_REPRESENTATION_CONTEXT() REPRESENTATION_CONTEXT('2D SPACE',''
  ) );
#11114 = ORIENTED_EDGE('',*,*,#11115,.T.);
#11115 = EDGE_CURVE('',#11088,#11116,#11118,.T.);
#11116 = VERTEX_POINT('',#11117);
#11117 = CARTESIAN_POINT('',(34.,8.282209608188,22.983673783132));
#11118 = SURFACE_CURVE('',#11119,(#11124,#11135),.PCURVE_S1.);
#11119 = CIRCLE('',#11120,1.2);
#11120 = AXIS2_PLACEMENT_3D('',#11121,#11122,#11123);
#11121 = CARTESIAN_POINT('',(34.,7.194640263744,23.490815697221));
#11122 = DIRECTION('',(-1.,-0.,0.));
#11123 = DIRECTION('',(0.,-0.422618261741,-0.906307787037));
#11124 = PCURVE('',#6065,#11125);
#11125 = DEFINITIONAL_REPRESENTATION('',(#11126),#11134);
#11126 = ( BOUNDED_CURVE() B_SPLINE_CURVE(2,(#11127,#11128,#11129,#11130
    ,#11131,#11132,#11133),.UNSPECIFIED.,.T.,.F.) 
B_SPLINE_CURVE_WITH_KNOTS((1,2,2,2,2,1),(-2.094395102393,0.,
    2.094395102393,4.188790204786,6.28318530718,8.377580409573),
.UNSPECIFIED.) CURVE() GEOMETRIC_REPRESENTATION_ITEM() 
RATIONAL_B_SPLINE_CURVE((1.,0.5,1.,0.5,1.,0.5,1.)) REPRESENTATION_ITEM(
  '') );
#11127 = CARTESIAN_POINT('',(20.003246352777,-50.68749834965));
#11128 = CARTESIAN_POINT('',(20.881641914627,-48.80377298832));
#11129 = CARTESIAN_POINT('',(22.073798150368,-50.50634854012));
#11130 = CARTESIAN_POINT('',(23.265954386109,-52.20892409192));
#11131 = CARTESIAN_POINT('',(21.195402588518,-52.39007390145));
#11132 = CARTESIAN_POINT('',(19.124850790927,-52.57122371098));
#11133 = CARTESIAN_POINT('',(20.003246352777,-50.68749834965));
#11134 = ( GEOMETRIC_REPRESENTATION_CONTEXT(2) 
PARAMETRIC_REPRESENTATION_CONTEXT() REPRESENTATION_CONTEXT('2D SPACE',''
  ) );
#11135 = PCURVE('',#11136,#11141);
#11136 = CYLINDRICAL_SURFACE('',#11137,1.2);
#11137 = AXIS2_PLACEMENT_3D('',#11138,#11139,#11140);
#11138 = CARTESIAN_POINT('',(33.5,7.194640263744,23.490815697221));
#11139 = DIRECTION('',(-1.,-0.,0.));
#11140 = DIRECTION('',(0.,-0.422618261741,-0.906307787037));
#11141 = DEFINITIONAL_REPRESENTATION('',(#11142),#11146);
#11142 = LINE('',#11143,#11144);
#11143 = CARTESIAN_POINT('',(0.,-0.5));
#11144 = VECTOR('',#11145,1.);
#11145 = DIRECTION('',(1.,0.));
#11146 = ( GEOMETRIC_REPRESENTATION_CONTEXT(2) 
PARAMETRIC_REPRESENTATION_CONTEXT() REPRESENTATION_CONTEXT('2D SPACE',''
  ) );
#11147 = ORIENTED_EDGE('',*,*,#11148,.T.);
#11148 = EDGE_CURVE('',#11116,#11149,#11151,.T.);
#11149 = VERTEX_POINT('',#11150);
#11150 = CARTESIAN_POINT('',(34.,5.4929290807,17.00204238869));
#11151 = SURFACE_CURVE('',#11152,(#11156,#11162),.PCURVE_S1.);
#11152 = LINE('',#11153,#11154);
#11153 = CARTESIAN_POINT('',(34.,-1.026076020072,3.021990835248));
#11154 = VECTOR('',#11155,1.);
#11155 = DIRECTION('',(0.,-0.422618261741,-0.906307787037));
#11156 = PCURVE('',#6065,#11157);
#11157 = DEFINITIONAL_REPRESENTATION('',(#11158),#11161);
#11158 = B_SPLINE_CURVE_WITH_KNOTS('',1,(#11159,#11160),.UNSPECIFIED.,
  .F.,.F.,(2,2),(-22.02528019002,-15.42528019002),
  .PIECEWISE_BEZIER_KNOTS.);
#11159 = CARTESIAN_POINT('',(20.583673783132,-52.28220960818));
#11160 = CARTESIAN_POINT('',(14.60204238869,-49.4929290807));
#11161 = ( GEOMETRIC_REPRESENTATION_CONTEXT(2) 
PARAMETRIC_REPRESENTATION_CONTEXT() REPRESENTATION_CONTEXT('2D SPACE',''
  ) );
#11162 = PCURVE('',#11163,#11168);
#11163 = PLANE('',#11164);
#11164 = AXIS2_PLACEMENT_3D('',#11165,#11166,#11167);
#11165 = CARTESIAN_POINT('',(33.5,6.887569344444,19.992858085911));
#11166 = DIRECTION('',(0.,-0.906307787037,0.422618261741));
#11167 = DIRECTION('',(0.,0.422618261741,0.906307787037));
#11168 = DEFINITIONAL_REPRESENTATION('',(#11169),#11172);
#11169 = B_SPLINE_CURVE_WITH_KNOTS('',1,(#11170,#11171),.UNSPECIFIED.,
  .F.,.F.,(2,2),(-22.02528019002,-15.42528019002),
  .PIECEWISE_BEZIER_KNOTS.);
#11170 = CARTESIAN_POINT('',(3.3,-0.5));
#11171 = CARTESIAN_POINT('',(-3.3,-0.5));
#11172 = ( GEOMETRIC_REPRESENTATION_CONTEXT(2) 
PARAMETRIC_REPRESENTATION_CONTEXT() REPRESENTATION_CONTEXT('2D SPACE',''
  ) );
#11173 = ORIENTED_EDGE('',*,*,#11174,.T.);
#11174 = EDGE_CURVE('',#11149,#11090,#11175,.T.);
#11175 = SURFACE_CURVE('',#11176,(#11181,#11192),.PCURVE_S1.);
#11176 = CIRCLE('',#11177,1.2);
#11177 = AXIS2_PLACEMENT_3D('',#11178,#11179,#11180);
#11178 = CARTESIAN_POINT('',(34.,4.405359736256,17.509184302779));
#11179 = DIRECTION('',(-1.,0.,0.));
#11180 = DIRECTION('',(0.,0.422618261741,0.906307787037));
#11181 = PCURVE('',#6065,#11182);
#11182 = DEFINITIONAL_REPRESENTATION('',(#11183),#11191);
#11183 = ( BOUNDED_CURVE() B_SPLINE_CURVE(2,(#11184,#11185,#11186,#11187
    ,#11188,#11189,#11190),.UNSPECIFIED.,.T.,.F.) 
B_SPLINE_CURVE_WITH_KNOTS((1,2,2,2,2,1),(-2.094395102393,0.,
    2.094395102393,4.188790204786,6.28318530718,8.377580409573),
.UNSPECIFIED.) CURVE() GEOMETRIC_REPRESENTATION_ITEM() 
RATIONAL_B_SPLINE_CURVE((1.,0.5,1.,0.5,1.,0.5,1.)) REPRESENTATION_ITEM(
  '') );
#11184 = CARTESIAN_POINT('',(16.196753647223,-48.91250165034));
#11185 = CARTESIAN_POINT('',(15.318358085373,-50.79622701167));
#11186 = CARTESIAN_POINT('',(14.126201849632,-49.09365145987));
#11187 = CARTESIAN_POINT('',(12.934045613891,-47.39107590807));
#11188 = CARTESIAN_POINT('',(15.004597411482,-47.20992609854));
#11189 = CARTESIAN_POINT('',(17.075149209073,-47.02877628901));
#11190 = CARTESIAN_POINT('',(16.196753647223,-48.91250165034));
#11191 = ( GEOMETRIC_REPRESENTATION_CONTEXT(2) 
PARAMETRIC_REPRESENTATION_CONTEXT() REPRESENTATION_CONTEXT('2D SPACE',''
  ) );
#11192 = PCURVE('',#11193,#11198);
#11193 = CYLINDRICAL_SURFACE('',#11194,1.2);
#11194 = AXIS2_PLACEMENT_3D('',#11195,#11196,#11197);
#11195 = CARTESIAN_POINT('',(33.5,4.405359736256,17.509184302779));
#11196 = DIRECTION('',(-1.,0.,0.));
#11197 = DIRECTION('',(0.,0.422618261741,0.906307787037));
#11198 = DEFINITIONAL_REPRESENTATION('',(#11199),#11203);
#11199 = LINE('',#11200,#11201);
#11200 = CARTESIAN_POINT('',(0.,-0.5));
#11201 = VECTOR('',#11202,1.);
#11202 = DIRECTION('',(1.,0.));
#11203 = ( GEOMETRIC_REPRESENTATION_CONTEXT(2) 
PARAMETRIC_REPRESENTATION_CONTEXT() REPRESENTATION_CONTEXT('2D SPACE',''
  ) );
#11204 = FACE_BOUND('',#11205,.F.);
#11205 = EDGE_LOOP('',(#11206,#11234,#11267,#11293));
#11206 = ORIENTED_EDGE('',*,*,#11207,.F.);
#11207 = EDGE_CURVE('',#11208,#11210,#11212,.T.);
#11208 = VERTEX_POINT('',#11209);
#11209 = CARTESIAN_POINT('',(34.,0.3070709193,23.99795761131));
#11210 = VERTEX_POINT('',#11211);
#11211 = CARTESIAN_POINT('',(34.,-2.482209608188,18.016326216868));
#11212 = SURFACE_CURVE('',#11213,(#11217,#11223),.PCURVE_S1.);
#11213 = LINE('',#11214,#11215);
#11214 = CARTESIAN_POINT('',(34.,-9.180576874878,3.651631257338));
#11215 = VECTOR('',#11216,1.);
#11216 = DIRECTION('',(0.,-0.422618261741,-0.906307787037));
#11217 = PCURVE('',#6065,#11218);
#11218 = DEFINITIONAL_REPRESENTATION('',(#11219),#11222);
#11219 = B_SPLINE_CURVE_WITH_KNOTS('',1,(#11220,#11221),.UNSPECIFIED.,
  .F.,.F.,(2,2),(-22.44968723097,-15.84968723097),
  .PIECEWISE_BEZIER_KNOTS.);
#11220 = CARTESIAN_POINT('',(21.59795761131,-44.3070709193));
#11221 = CARTESIAN_POINT('',(15.616326216868,-41.51779039181));
#11222 = ( GEOMETRIC_REPRESENTATION_CONTEXT(2) 
PARAMETRIC_REPRESENTATION_CONTEXT() REPRESENTATION_CONTEXT('2D SPACE',''
  ) );
#11223 = PCURVE('',#11224,#11229);
#11224 = PLANE('',#11225);
#11225 = AXIS2_PLACEMENT_3D('',#11226,#11227,#11228);
#11226 = CARTESIAN_POINT('',(33.5,-2.482209608188,18.016326216868));
#11227 = DIRECTION('',(0.,-0.906307787037,0.422618261741));
#11228 = DIRECTION('',(0.,0.422618261741,0.906307787037));
#11229 = DEFINITIONAL_REPRESENTATION('',(#11230),#11233);
#11230 = B_SPLINE_CURVE_WITH_KNOTS('',1,(#11231,#11232),.UNSPECIFIED.,
  .F.,.F.,(2,2),(-22.44968723097,-15.84968723097),
  .PIECEWISE_BEZIER_KNOTS.);
#11231 = CARTESIAN_POINT('',(6.6,-0.5));
#11232 = CARTESIAN_POINT('',(0.,-0.5));
#11233 = ( GEOMETRIC_REPRESENTATION_CONTEXT(2) 
PARAMETRIC_REPRESENTATION_CONTEXT() REPRESENTATION_CONTEXT('2D SPACE',''
  ) );
#11234 = ORIENTED_EDGE('',*,*,#11235,.T.);
#11235 = EDGE_CURVE('',#11208,#11236,#11238,.T.);
#11236 = VERTEX_POINT('',#11237);
#11237 = CARTESIAN_POINT('',(34.,2.482209608188,22.983673783132));
#11238 = SURFACE_CURVE('',#11239,(#11244,#11255),.PCURVE_S1.);
#11239 = CIRCLE('',#11240,1.2);
#11240 = AXIS2_PLACEMENT_3D('',#11241,#11242,#11243);
#11241 = CARTESIAN_POINT('',(34.,1.394640263744,23.490815697221));
#11242 = DIRECTION('',(-1.,-0.,0.));
#11243 = DIRECTION('',(0.,-0.422618261741,-0.906307787037));
#11244 = PCURVE('',#6065,#11245);
#11245 = DEFINITIONAL_REPRESENTATION('',(#11246),#11254);
#11246 = ( BOUNDED_CURVE() B_SPLINE_CURVE(2,(#11247,#11248,#11249,#11250
    ,#11251,#11252,#11253),.UNSPECIFIED.,.T.,.F.) 
B_SPLINE_CURVE_WITH_KNOTS((1,2,2,2,2,1),(-2.094395102393,0.,
    2.094395102393,4.188790204786,6.28318530718,8.377580409573),
.UNSPECIFIED.) CURVE() GEOMETRIC_REPRESENTATION_ITEM() 
RATIONAL_B_SPLINE_CURVE((1.,0.5,1.,0.5,1.,0.5,1.)) REPRESENTATION_ITEM(
  '') );
#11247 = CARTESIAN_POINT('',(20.003246352777,-44.88749834965));
#11248 = CARTESIAN_POINT('',(20.881641914627,-43.00377298832));
#11249 = CARTESIAN_POINT('',(22.073798150368,-44.70634854012));
#11250 = CARTESIAN_POINT('',(23.265954386109,-46.40892409192));
#11251 = CARTESIAN_POINT('',(21.195402588518,-46.59007390145));
#11252 = CARTESIAN_POINT('',(19.124850790927,-46.77122371098));
#11253 = CARTESIAN_POINT('',(20.003246352777,-44.88749834965));
#11254 = ( GEOMETRIC_REPRESENTATION_CONTEXT(2) 
PARAMETRIC_REPRESENTATION_CONTEXT() REPRESENTATION_CONTEXT('2D SPACE',''
  ) );
#11255 = PCURVE('',#11256,#11261);
#11256 = CYLINDRICAL_SURFACE('',#11257,1.2);
#11257 = AXIS2_PLACEMENT_3D('',#11258,#11259,#11260);
#11258 = CARTESIAN_POINT('',(33.5,1.394640263744,23.490815697221));
#11259 = DIRECTION('',(-1.,-0.,0.));
#11260 = DIRECTION('',(0.,-0.422618261741,-0.906307787037));
#11261 = DEFINITIONAL_REPRESENTATION('',(#11262),#11266);
#11262 = LINE('',#11263,#11264);
#11263 = CARTESIAN_POINT('',(0.,-0.5));
#11264 = VECTOR('',#11265,1.);
#11265 = DIRECTION('',(1.,0.));
#11266 = ( GEOMETRIC_REPRESENTATION_CONTEXT(2) 
PARAMETRIC_REPRESENTATION_CONTEXT() REPRESENTATION_CONTEXT('2D SPACE',''
  ) );
#11267 = ORIENTED_EDGE('',*,*,#11268,.T.);
#11268 = EDGE_CURVE('',#11236,#11269,#11271,.T.);
#11269 = VERTEX_POINT('',#11270);
#11270 = CARTESIAN_POINT('',(34.,-0.3070709193,17.00204238869));
#11271 = SURFACE_CURVE('',#11272,(#11276,#11282),.PCURVE_S1.);
#11272 = LINE('',#11273,#11274);
#11273 = CARTESIAN_POINT('',(34.,-6.308118054117,4.132755277771));
#11274 = VECTOR('',#11275,1.);
#11275 = DIRECTION('',(0.,-0.422618261741,-0.906307787037));
#11276 = PCURVE('',#6065,#11277);
#11277 = DEFINITIONAL_REPRESENTATION('',(#11278),#11281);
#11278 = B_SPLINE_CURVE_WITH_KNOTS('',1,(#11279,#11280),.UNSPECIFIED.,
  .F.,.F.,(2,2),(-20.79968723097,-14.19968723097),
  .PIECEWISE_BEZIER_KNOTS.);
#11279 = CARTESIAN_POINT('',(20.583673783132,-46.48220960818));
#11280 = CARTESIAN_POINT('',(14.60204238869,-43.6929290807));
#11281 = ( GEOMETRIC_REPRESENTATION_CONTEXT(2) 
PARAMETRIC_REPRESENTATION_CONTEXT() REPRESENTATION_CONTEXT('2D SPACE',''
  ) );
#11282 = PCURVE('',#11283,#11288);
#11283 = PLANE('',#11284);
#11284 = AXIS2_PLACEMENT_3D('',#11285,#11286,#11287);
#11285 = CARTESIAN_POINT('',(33.5,1.087569344444,19.992858085911));
#11286 = DIRECTION('',(0.,-0.906307787037,0.422618261741));
#11287 = DIRECTION('',(0.,0.422618261741,0.906307787037));
#11288 = DEFINITIONAL_REPRESENTATION('',(#11289),#11292);
#11289 = B_SPLINE_CURVE_WITH_KNOTS('',1,(#11290,#11291),.UNSPECIFIED.,
  .F.,.F.,(2,2),(-20.79968723097,-14.19968723097),
  .PIECEWISE_BEZIER_KNOTS.);
#11290 = CARTESIAN_POINT('',(3.3,-0.5));
#11291 = CARTESIAN_POINT('',(-3.3,-0.5));
#11292 = ( GEOMETRIC_REPRESENTATION_CONTEXT(2) 
PARAMETRIC_REPRESENTATION_CONTEXT() REPRESENTATION_CONTEXT('2D SPACE',''
  ) );
#11293 = ORIENTED_EDGE('',*,*,#11294,.T.);
#11294 = EDGE_CURVE('',#11269,#11210,#11295,.T.);
#11295 = SURFACE_CURVE('',#11296,(#11301,#11312),.PCURVE_S1.);
#11296 = CIRCLE('',#11297,1.2);
#11297 = AXIS2_PLACEMENT_3D('',#11298,#11299,#11300);
#11298 = CARTESIAN_POINT('',(34.,-1.394640263744,17.509184302779));
#11299 = DIRECTION('',(-1.,0.,0.));
#11300 = DIRECTION('',(0.,0.422618261741,0.906307787037));
#11301 = PCURVE('',#6065,#11302);
#11302 = DEFINITIONAL_REPRESENTATION('',(#11303),#11311);
#11303 = ( BOUNDED_CURVE() B_SPLINE_CURVE(2,(#11304,#11305,#11306,#11307
    ,#11308,#11309,#11310),.UNSPECIFIED.,.T.,.F.) 
B_SPLINE_CURVE_WITH_KNOTS((1,2,2,2,2,1),(-2.094395102393,0.,
    2.094395102393,4.188790204786,6.28318530718,8.377580409573),
.UNSPECIFIED.) CURVE() GEOMETRIC_REPRESENTATION_ITEM() 
RATIONAL_B_SPLINE_CURVE((1.,0.5,1.,0.5,1.,0.5,1.)) REPRESENTATION_ITEM(
  '') );
#11304 = CARTESIAN_POINT('',(16.196753647223,-43.11250165034));
#11305 = CARTESIAN_POINT('',(15.318358085373,-44.99622701167));
#11306 = CARTESIAN_POINT('',(14.126201849632,-43.29365145987));
#11307 = CARTESIAN_POINT('',(12.934045613891,-41.59107590807));
#11308 = CARTESIAN_POINT('',(15.004597411482,-41.40992609854));
#11309 = CARTESIAN_POINT('',(17.075149209073,-41.22877628901));
#11310 = CARTESIAN_POINT('',(16.196753647223,-43.11250165034));
#11311 = ( GEOMETRIC_REPRESENTATION_CONTEXT(2) 
PARAMETRIC_REPRESENTATION_CONTEXT() REPRESENTATION_CONTEXT('2D SPACE',''
  ) );
#11312 = PCURVE('',#11313,#11318);
#11313 = CYLINDRICAL_SURFACE('',#11314,1.2);
#11314 = AXIS2_PLACEMENT_3D('',#11315,#11316,#11317);
#11315 = CARTESIAN_POINT('',(33.5,-1.394640263744,17.509184302779));
#11316 = DIRECTION('',(-1.,0.,0.));
#11317 = DIRECTION('',(0.,0.422618261741,0.906307787037));
#11318 = DEFINITIONAL_REPRESENTATION('',(#11319),#11323);
#11319 = LINE('',#11320,#11321);
#11320 = CARTESIAN_POINT('',(0.,-0.5));
#11321 = VECTOR('',#11322,1.);
#11322 = DIRECTION('',(1.,0.));
#11323 = ( GEOMETRIC_REPRESENTATION_CONTEXT(2) 
PARAMETRIC_REPRESENTATION_CONTEXT() REPRESENTATION_CONTEXT('2D SPACE',''
  ) );
#11324 = FACE_BOUND('',#11325,.F.);
#11325 = EDGE_LOOP('',(#11326,#11354,#11387,#11413));
#11326 = ORIENTED_EDGE('',*,*,#11327,.F.);
#11327 = EDGE_CURVE('',#11328,#11330,#11332,.T.);
#11328 = VERTEX_POINT('',#11329);
#11329 = CARTESIAN_POINT('',(34.,-5.4929290807,23.99795761131));
#11330 = VERTEX_POINT('',#11331);
#11331 = CARTESIAN_POINT('',(34.,-8.282209608188,18.016326216868));
#11332 = SURFACE_CURVE('',#11333,(#11337,#11343),.PCURVE_S1.);
#11333 = LINE('',#11334,#11335);
#11334 = CARTESIAN_POINT('',(34.,-14.46261890892,4.762395699861));
#11335 = VECTOR('',#11336,1.);
#11336 = DIRECTION('',(0.,-0.422618261741,-0.906307787037));
#11337 = PCURVE('',#6065,#11338);
#11338 = DEFINITIONAL_REPRESENTATION('',(#11339),#11342);
#11339 = B_SPLINE_CURVE_WITH_KNOTS('',1,(#11340,#11341),.UNSPECIFIED.,
  .F.,.F.,(2,2),(-21.22409427192,-14.62409427192),
  .PIECEWISE_BEZIER_KNOTS.);
#11340 = CARTESIAN_POINT('',(21.59795761131,-38.5070709193));
#11341 = CARTESIAN_POINT('',(15.616326216868,-35.71779039181));
#11342 = ( GEOMETRIC_REPRESENTATION_CONTEXT(2) 
PARAMETRIC_REPRESENTATION_CONTEXT() REPRESENTATION_CONTEXT('2D SPACE',''
  ) );
#11343 = PCURVE('',#11344,#11349);
#11344 = PLANE('',#11345);
#11345 = AXIS2_PLACEMENT_3D('',#11346,#11347,#11348);
#11346 = CARTESIAN_POINT('',(33.5,-8.282209608188,18.016326216868));
#11347 = DIRECTION('',(0.,-0.906307787037,0.422618261741));
#11348 = DIRECTION('',(0.,0.422618261741,0.906307787037));
#11349 = DEFINITIONAL_REPRESENTATION('',(#11350),#11353);
#11350 = B_SPLINE_CURVE_WITH_KNOTS('',1,(#11351,#11352),.UNSPECIFIED.,
  .F.,.F.,(2,2),(-21.22409427192,-14.62409427192),
  .PIECEWISE_BEZIER_KNOTS.);
#11351 = CARTESIAN_POINT('',(6.6,-0.5));
#11352 = CARTESIAN_POINT('',(0.,-0.5));
#11353 = ( GEOMETRIC_REPRESENTATION_CONTEXT(2) 
PARAMETRIC_REPRESENTATION_CONTEXT() REPRESENTATION_CONTEXT('2D SPACE',''
  ) );
#11354 = ORIENTED_EDGE('',*,*,#11355,.T.);
#11355 = EDGE_CURVE('',#11328,#11356,#11358,.T.);
#11356 = VERTEX_POINT('',#11357);
#11357 = CARTESIAN_POINT('',(34.,-3.317790391812,22.983673783132));
#11358 = SURFACE_CURVE('',#11359,(#11364,#11375),.PCURVE_S1.);
#11359 = CIRCLE('',#11360,1.2);
#11360 = AXIS2_PLACEMENT_3D('',#11361,#11362,#11363);
#11361 = CARTESIAN_POINT('',(34.,-4.405359736256,23.490815697221));
#11362 = DIRECTION('',(-1.,-0.,0.));
#11363 = DIRECTION('',(0.,-0.422618261741,-0.906307787037));
#11364 = PCURVE('',#6065,#11365);
#11365 = DEFINITIONAL_REPRESENTATION('',(#11366),#11374);
#11366 = ( BOUNDED_CURVE() B_SPLINE_CURVE(2,(#11367,#11368,#11369,#11370
    ,#11371,#11372,#11373),.UNSPECIFIED.,.T.,.F.) 
B_SPLINE_CURVE_WITH_KNOTS((1,2,2,2,2,1),(-2.094395102393,0.,
    2.094395102393,4.188790204786,6.28318530718,8.377580409573),
.UNSPECIFIED.) CURVE() GEOMETRIC_REPRESENTATION_ITEM() 
RATIONAL_B_SPLINE_CURVE((1.,0.5,1.,0.5,1.,0.5,1.)) REPRESENTATION_ITEM(
  '') );
#11367 = CARTESIAN_POINT('',(20.003246352777,-39.08749834965));
#11368 = CARTESIAN_POINT('',(20.881641914627,-37.20377298832));
#11369 = CARTESIAN_POINT('',(22.073798150368,-38.90634854012));
#11370 = CARTESIAN_POINT('',(23.265954386109,-40.60892409192));
#11371 = CARTESIAN_POINT('',(21.195402588518,-40.79007390145));
#11372 = CARTESIAN_POINT('',(19.124850790927,-40.97122371098));
#11373 = CARTESIAN_POINT('',(20.003246352777,-39.08749834965));
#11374 = ( GEOMETRIC_REPRESENTATION_CONTEXT(2) 
PARAMETRIC_REPRESENTATION_CONTEXT() REPRESENTATION_CONTEXT('2D SPACE',''
  ) );
#11375 = PCURVE('',#11376,#11381);
#11376 = CYLINDRICAL_SURFACE('',#11377,1.2);
#11377 = AXIS2_PLACEMENT_3D('',#11378,#11379,#11380);
#11378 = CARTESIAN_POINT('',(33.5,-4.405359736256,23.490815697221));
#11379 = DIRECTION('',(-1.,-0.,0.));
#11380 = DIRECTION('',(0.,-0.422618261741,-0.906307787037));
#11381 = DEFINITIONAL_REPRESENTATION('',(#11382),#11386);
#11382 = LINE('',#11383,#11384);
#11383 = CARTESIAN_POINT('',(0.,-0.5));
#11384 = VECTOR('',#11385,1.);
#11385 = DIRECTION('',(1.,0.));
#11386 = ( GEOMETRIC_REPRESENTATION_CONTEXT(2) 
PARAMETRIC_REPRESENTATION_CONTEXT() REPRESENTATION_CONTEXT('2D SPACE',''
  ) );
#11387 = ORIENTED_EDGE('',*,*,#11388,.T.);
#11388 = EDGE_CURVE('',#11356,#11389,#11391,.T.);
#11389 = VERTEX_POINT('',#11390);
#11390 = CARTESIAN_POINT('',(34.,-6.1070709193,17.00204238869));
#11391 = SURFACE_CURVE('',#11392,(#11396,#11402),.PCURVE_S1.);
#11392 = LINE('',#11393,#11394);
#11393 = CARTESIAN_POINT('',(34.,-11.59016008816,5.243519720293));
#11394 = VECTOR('',#11395,1.);
#11395 = DIRECTION('',(0.,-0.422618261741,-0.906307787037));
#11396 = PCURVE('',#6065,#11397);
#11397 = DEFINITIONAL_REPRESENTATION('',(#11398),#11401);
#11398 = B_SPLINE_CURVE_WITH_KNOTS('',1,(#11399,#11400),.UNSPECIFIED.,
  .F.,.F.,(2,2),(-19.57409427192,-12.97409427192),
  .PIECEWISE_BEZIER_KNOTS.);
#11399 = CARTESIAN_POINT('',(20.583673783132,-40.68220960818));
#11400 = CARTESIAN_POINT('',(14.60204238869,-37.8929290807));
#11401 = ( GEOMETRIC_REPRESENTATION_CONTEXT(2) 
PARAMETRIC_REPRESENTATION_CONTEXT() REPRESENTATION_CONTEXT('2D SPACE',''
  ) );
#11402 = PCURVE('',#11403,#11408);
#11403 = PLANE('',#11404);
#11404 = AXIS2_PLACEMENT_3D('',#11405,#11406,#11407);
#11405 = CARTESIAN_POINT('',(33.5,-4.712430655556,19.992858085911));
#11406 = DIRECTION('',(0.,-0.906307787037,0.422618261741));
#11407 = DIRECTION('',(0.,0.422618261741,0.906307787037));
#11408 = DEFINITIONAL_REPRESENTATION('',(#11409),#11412);
#11409 = B_SPLINE_CURVE_WITH_KNOTS('',1,(#11410,#11411),.UNSPECIFIED.,
  .F.,.F.,(2,2),(-19.57409427192,-12.97409427192),
  .PIECEWISE_BEZIER_KNOTS.);
#11410 = CARTESIAN_POINT('',(3.3,-0.5));
#11411 = CARTESIAN_POINT('',(-3.3,-0.5));
#11412 = ( GEOMETRIC_REPRESENTATION_CONTEXT(2) 
PARAMETRIC_REPRESENTATION_CONTEXT() REPRESENTATION_CONTEXT('2D SPACE',''
  ) );
#11413 = ORIENTED_EDGE('',*,*,#11414,.T.);
#11414 = EDGE_CURVE('',#11389,#11330,#11415,.T.);
#11415 = SURFACE_CURVE('',#11416,(#11421,#11432),.PCURVE_S1.);
#11416 = CIRCLE('',#11417,1.2);
#11417 = AXIS2_PLACEMENT_3D('',#11418,#11419,#11420);
#11418 = CARTESIAN_POINT('',(34.,-7.194640263744,17.509184302779));
#11419 = DIRECTION('',(-1.,0.,0.));
#11420 = DIRECTION('',(0.,0.422618261741,0.906307787037));
#11421 = PCURVE('',#6065,#11422);
#11422 = DEFINITIONAL_REPRESENTATION('',(#11423),#11431);
#11423 = ( BOUNDED_CURVE() B_SPLINE_CURVE(2,(#11424,#11425,#11426,#11427
    ,#11428,#11429,#11430),.UNSPECIFIED.,.T.,.F.) 
B_SPLINE_CURVE_WITH_KNOTS((1,2,2,2,2,1),(-2.094395102393,0.,
    2.094395102393,4.188790204786,6.28318530718,8.377580409573),
.UNSPECIFIED.) CURVE() GEOMETRIC_REPRESENTATION_ITEM() 
RATIONAL_B_SPLINE_CURVE((1.,0.5,1.,0.5,1.,0.5,1.)) REPRESENTATION_ITEM(
  '') );
#11424 = CARTESIAN_POINT('',(16.196753647223,-37.31250165034));
#11425 = CARTESIAN_POINT('',(15.318358085373,-39.19622701167));
#11426 = CARTESIAN_POINT('',(14.126201849632,-37.49365145987));
#11427 = CARTESIAN_POINT('',(12.934045613891,-35.79107590807));
#11428 = CARTESIAN_POINT('',(15.004597411482,-35.60992609854));
#11429 = CARTESIAN_POINT('',(17.075149209073,-35.42877628901));
#11430 = CARTESIAN_POINT('',(16.196753647223,-37.31250165034));
#11431 = ( GEOMETRIC_REPRESENTATION_CONTEXT(2) 
PARAMETRIC_REPRESENTATION_CONTEXT() REPRESENTATION_CONTEXT('2D SPACE',''
  ) );
#11432 = PCURVE('',#11433,#11438);
#11433 = CYLINDRICAL_SURFACE('',#11434,1.2);
#11434 = AXIS2_PLACEMENT_3D('',#11435,#11436,#11437);
#11435 = CARTESIAN_POINT('',(33.5,-7.194640263744,17.509184302779));
#11436 = DIRECTION('',(-1.,0.,0.));
#11437 = DIRECTION('',(0.,0.422618261741,0.906307787037));
#11438 = DEFINITIONAL_REPRESENTATION('',(#11439),#11443);
#11439 = LINE('',#11440,#11441);
#11440 = CARTESIAN_POINT('',(0.,-0.5));
#11441 = VECTOR('',#11442,1.);
#11442 = DIRECTION('',(1.,0.));
#11443 = ( GEOMETRIC_REPRESENTATION_CONTEXT(2) 
PARAMETRIC_REPRESENTATION_CONTEXT() REPRESENTATION_CONTEXT('2D SPACE',''
  ) );
#11444 = FACE_BOUND('',#11445,.F.);
#11445 = EDGE_LOOP('',(#11446,#11474,#11507,#11533));
#11446 = ORIENTED_EDGE('',*,*,#11447,.F.);
#11447 = EDGE_CURVE('',#11448,#11450,#11452,.T.);
#11448 = VERTEX_POINT('',#11449);
#11449 = CARTESIAN_POINT('',(34.,-11.2929290807,23.99795761131));
#11450 = VERTEX_POINT('',#11451);
#11451 = CARTESIAN_POINT('',(34.,-14.08220960818,18.016326216868));
#11452 = SURFACE_CURVE('',#11453,(#11457,#11463),.PCURVE_S1.);
#11453 = LINE('',#11454,#11455);
#11454 = CARTESIAN_POINT('',(34.,-19.74466094296,5.873160142383));
#11455 = VECTOR('',#11456,1.);
#11456 = DIRECTION('',(0.,-0.422618261741,-0.906307787037));
#11457 = PCURVE('',#6065,#11458);
#11458 = DEFINITIONAL_REPRESENTATION('',(#11459),#11462);
#11459 = B_SPLINE_CURVE_WITH_KNOTS('',1,(#11460,#11461),.UNSPECIFIED.,
  .F.,.F.,(2,2),(-19.99850131288,-13.39850131288),
  .PIECEWISE_BEZIER_KNOTS.);
#11460 = CARTESIAN_POINT('',(21.59795761131,-32.7070709193));
#11461 = CARTESIAN_POINT('',(15.616326216868,-29.91779039181));
#11462 = ( GEOMETRIC_REPRESENTATION_CONTEXT(2) 
PARAMETRIC_REPRESENTATION_CONTEXT() REPRESENTATION_CONTEXT('2D SPACE',''
  ) );
#11463 = PCURVE('',#11464,#11469);
#11464 = PLANE('',#11465);
#11465 = AXIS2_PLACEMENT_3D('',#11466,#11467,#11468);
#11466 = CARTESIAN_POINT('',(33.5,-14.08220960818,18.016326216868));
#11467 = DIRECTION('',(0.,-0.906307787037,0.422618261741));
#11468 = DIRECTION('',(0.,0.422618261741,0.906307787037));
#11469 = DEFINITIONAL_REPRESENTATION('',(#11470),#11473);
#11470 = B_SPLINE_CURVE_WITH_KNOTS('',1,(#11471,#11472),.UNSPECIFIED.,
  .F.,.F.,(2,2),(-19.99850131288,-13.39850131288),
  .PIECEWISE_BEZIER_KNOTS.);
#11471 = CARTESIAN_POINT('',(6.6,-0.5));
#11472 = CARTESIAN_POINT('',(0.,-0.5));
#11473 = ( GEOMETRIC_REPRESENTATION_CONTEXT(2) 
PARAMETRIC_REPRESENTATION_CONTEXT() REPRESENTATION_CONTEXT('2D SPACE',''
  ) );
#11474 = ORIENTED_EDGE('',*,*,#11475,.T.);
#11475 = EDGE_CURVE('',#11448,#11476,#11478,.T.);
#11476 = VERTEX_POINT('',#11477);
#11477 = CARTESIAN_POINT('',(34.,-9.117790391812,22.983673783132));
#11478 = SURFACE_CURVE('',#11479,(#11484,#11495),.PCURVE_S1.);
#11479 = CIRCLE('',#11480,1.2);
#11480 = AXIS2_PLACEMENT_3D('',#11481,#11482,#11483);
#11481 = CARTESIAN_POINT('',(34.,-10.20535973625,23.490815697221));
#11482 = DIRECTION('',(-1.,-0.,0.));
#11483 = DIRECTION('',(0.,-0.422618261741,-0.906307787037));
#11484 = PCURVE('',#6065,#11485);
#11485 = DEFINITIONAL_REPRESENTATION('',(#11486),#11494);
#11486 = ( BOUNDED_CURVE() B_SPLINE_CURVE(2,(#11487,#11488,#11489,#11490
    ,#11491,#11492,#11493),.UNSPECIFIED.,.T.,.F.) 
B_SPLINE_CURVE_WITH_KNOTS((1,2,2,2,2,1),(-2.094395102393,0.,
    2.094395102393,4.188790204786,6.28318530718,8.377580409573),
.UNSPECIFIED.) CURVE() GEOMETRIC_REPRESENTATION_ITEM() 
RATIONAL_B_SPLINE_CURVE((1.,0.5,1.,0.5,1.,0.5,1.)) REPRESENTATION_ITEM(
  '') );
#11487 = CARTESIAN_POINT('',(20.003246352777,-33.28749834965));
#11488 = CARTESIAN_POINT('',(20.881641914627,-31.40377298832));
#11489 = CARTESIAN_POINT('',(22.073798150368,-33.10634854012));
#11490 = CARTESIAN_POINT('',(23.265954386109,-34.80892409192));
#11491 = CARTESIAN_POINT('',(21.195402588518,-34.99007390145));
#11492 = CARTESIAN_POINT('',(19.124850790927,-35.17122371098));
#11493 = CARTESIAN_POINT('',(20.003246352777,-33.28749834965));
#11494 = ( GEOMETRIC_REPRESENTATION_CONTEXT(2) 
PARAMETRIC_REPRESENTATION_CONTEXT() REPRESENTATION_CONTEXT('2D SPACE',''
  ) );
#11495 = PCURVE('',#11496,#11501);
#11496 = CYLINDRICAL_SURFACE('',#11497,1.2);
#11497 = AXIS2_PLACEMENT_3D('',#11498,#11499,#11500);
#11498 = CARTESIAN_POINT('',(33.5,-10.20535973625,23.490815697221));
#11499 = DIRECTION('',(-1.,-0.,0.));
#11500 = DIRECTION('',(0.,-0.422618261741,-0.906307787037));
#11501 = DEFINITIONAL_REPRESENTATION('',(#11502),#11506);
#11502 = LINE('',#11503,#11504);
#11503 = CARTESIAN_POINT('',(0.,-0.5));
#11504 = VECTOR('',#11505,1.);
#11505 = DIRECTION('',(1.,0.));
#11506 = ( GEOMETRIC_REPRESENTATION_CONTEXT(2) 
PARAMETRIC_REPRESENTATION_CONTEXT() REPRESENTATION_CONTEXT('2D SPACE',''
  ) );
#11507 = ORIENTED_EDGE('',*,*,#11508,.T.);
#11508 = EDGE_CURVE('',#11476,#11509,#11511,.T.);
#11509 = VERTEX_POINT('',#11510);
#11510 = CARTESIAN_POINT('',(34.,-11.9070709193,17.00204238869));
#11511 = SURFACE_CURVE('',#11512,(#11516,#11522),.PCURVE_S1.);
#11512 = LINE('',#11513,#11514);
#11513 = CARTESIAN_POINT('',(34.,-16.8722021222,6.354284162816));
#11514 = VECTOR('',#11515,1.);
#11515 = DIRECTION('',(0.,-0.422618261741,-0.906307787037));
#11516 = PCURVE('',#6065,#11517);
#11517 = DEFINITIONAL_REPRESENTATION('',(#11518),#11521);
#11518 = B_SPLINE_CURVE_WITH_KNOTS('',1,(#11519,#11520),.UNSPECIFIED.,
  .F.,.F.,(2,2),(-18.34850131288,-11.74850131288),
  .PIECEWISE_BEZIER_KNOTS.);
#11519 = CARTESIAN_POINT('',(20.583673783132,-34.88220960818));
#11520 = CARTESIAN_POINT('',(14.60204238869,-32.0929290807));
#11521 = ( GEOMETRIC_REPRESENTATION_CONTEXT(2) 
PARAMETRIC_REPRESENTATION_CONTEXT() REPRESENTATION_CONTEXT('2D SPACE',''
  ) );
#11522 = PCURVE('',#11523,#11528);
#11523 = PLANE('',#11524);
#11524 = AXIS2_PLACEMENT_3D('',#11525,#11526,#11527);
#11525 = CARTESIAN_POINT('',(33.5,-10.51243065555,19.992858085911));
#11526 = DIRECTION('',(0.,-0.906307787037,0.422618261741));
#11527 = DIRECTION('',(0.,0.422618261741,0.906307787037));
#11528 = DEFINITIONAL_REPRESENTATION('',(#11529),#11532);
#11529 = B_SPLINE_CURVE_WITH_KNOTS('',1,(#11530,#11531),.UNSPECIFIED.,
  .F.,.F.,(2,2),(-18.34850131288,-11.74850131288),
  .PIECEWISE_BEZIER_KNOTS.);
#11530 = CARTESIAN_POINT('',(3.3,-0.5));
#11531 = CARTESIAN_POINT('',(-3.3,-0.5));
#11532 = ( GEOMETRIC_REPRESENTATION_CONTEXT(2) 
PARAMETRIC_REPRESENTATION_CONTEXT() REPRESENTATION_CONTEXT('2D SPACE',''
  ) );
#11533 = ORIENTED_EDGE('',*,*,#11534,.T.);
#11534 = EDGE_CURVE('',#11509,#11450,#11535,.T.);
#11535 = SURFACE_CURVE('',#11536,(#11541,#11552),.PCURVE_S1.);
#11536 = CIRCLE('',#11537,1.2);
#11537 = AXIS2_PLACEMENT_3D('',#11538,#11539,#11540);
#11538 = CARTESIAN_POINT('',(34.,-12.99464026374,17.509184302779));
#11539 = DIRECTION('',(-1.,0.,0.));
#11540 = DIRECTION('',(0.,0.422618261741,0.906307787037));
#11541 = PCURVE('',#6065,#11542);
#11542 = DEFINITIONAL_REPRESENTATION('',(#11543),#11551);
#11543 = ( BOUNDED_CURVE() B_SPLINE_CURVE(2,(#11544,#11545,#11546,#11547
    ,#11548,#11549,#11550),.UNSPECIFIED.,.T.,.F.) 
B_SPLINE_CURVE_WITH_KNOTS((1,2,2,2,2,1),(-2.094395102393,0.,
    2.094395102393,4.188790204786,6.28318530718,8.377580409573),
.UNSPECIFIED.) CURVE() GEOMETRIC_REPRESENTATION_ITEM() 
RATIONAL_B_SPLINE_CURVE((1.,0.5,1.,0.5,1.,0.5,1.)) REPRESENTATION_ITEM(
  '') );
#11544 = CARTESIAN_POINT('',(16.196753647223,-31.51250165034));
#11545 = CARTESIAN_POINT('',(15.318358085373,-33.39622701167));
#11546 = CARTESIAN_POINT('',(14.126201849632,-31.69365145987));
#11547 = CARTESIAN_POINT('',(12.934045613891,-29.99107590807));
#11548 = CARTESIAN_POINT('',(15.004597411482,-29.80992609854));
#11549 = CARTESIAN_POINT('',(17.075149209073,-29.62877628901));
#11550 = CARTESIAN_POINT('',(16.196753647223,-31.51250165034));
#11551 = ( GEOMETRIC_REPRESENTATION_CONTEXT(2) 
PARAMETRIC_REPRESENTATION_CONTEXT() REPRESENTATION_CONTEXT('2D SPACE',''
  ) );
#11552 = PCURVE('',#11553,#11558);
#11553 = CYLINDRICAL_SURFACE('',#11554,1.2);
#11554 = AXIS2_PLACEMENT_3D('',#11555,#11556,#11557);
#11555 = CARTESIAN_POINT('',(33.5,-12.99464026374,17.509184302779));
#11556 = DIRECTION('',(-1.,0.,0.));
#11557 = DIRECTION('',(0.,0.422618261741,0.906307787037));
#11558 = DEFINITIONAL_REPRESENTATION('',(#11559),#11563);
#11559 = LINE('',#11560,#11561);
#11560 = CARTESIAN_POINT('',(0.,-0.5));
#11561 = VECTOR('',#11562,1.);
#11562 = DIRECTION('',(1.,0.));
#11563 = ( GEOMETRIC_REPRESENTATION_CONTEXT(2) 
PARAMETRIC_REPRESENTATION_CONTEXT() REPRESENTATION_CONTEXT('2D SPACE',''
  ) );
#11564 = FACE_BOUND('',#11565,.F.);
#11565 = EDGE_LOOP('',(#11566,#11594,#11627,#11653));
#11566 = ORIENTED_EDGE('',*,*,#11567,.F.);
#11567 = EDGE_CURVE('',#11568,#11570,#11572,.T.);
#11568 = VERTEX_POINT('',#11569);
#11569 = CARTESIAN_POINT('',(34.,-17.0929290807,23.99795761131));
#11570 = VERTEX_POINT('',#11571);
#11571 = CARTESIAN_POINT('',(34.,-19.88220960818,18.016326216868));
#11572 = SURFACE_CURVE('',#11573,(#11577,#11583),.PCURVE_S1.);
#11573 = LINE('',#11574,#11575);
#11574 = CARTESIAN_POINT('',(34.,-25.02670297701,6.983924584906));
#11575 = VECTOR('',#11576,1.);
#11576 = DIRECTION('',(0.,-0.422618261741,-0.906307787037));
#11577 = PCURVE('',#6065,#11578);
#11578 = DEFINITIONAL_REPRESENTATION('',(#11579),#11582);
#11579 = B_SPLINE_CURVE_WITH_KNOTS('',1,(#11580,#11581),.UNSPECIFIED.,
  .F.,.F.,(2,2),(-18.77290835383,-12.17290835383),
  .PIECEWISE_BEZIER_KNOTS.);
#11580 = CARTESIAN_POINT('',(21.59795761131,-26.9070709193));
#11581 = CARTESIAN_POINT('',(15.616326216868,-24.11779039181));
#11582 = ( GEOMETRIC_REPRESENTATION_CONTEXT(2) 
PARAMETRIC_REPRESENTATION_CONTEXT() REPRESENTATION_CONTEXT('2D SPACE',''
  ) );
#11583 = PCURVE('',#11584,#11589);
#11584 = PLANE('',#11585);
#11585 = AXIS2_PLACEMENT_3D('',#11586,#11587,#11588);
#11586 = CARTESIAN_POINT('',(33.5,-19.88220960818,18.016326216868));
#11587 = DIRECTION('',(0.,-0.906307787037,0.422618261741));
#11588 = DIRECTION('',(0.,0.422618261741,0.906307787037));
#11589 = DEFINITIONAL_REPRESENTATION('',(#11590),#11593);
#11590 = B_SPLINE_CURVE_WITH_KNOTS('',1,(#11591,#11592),.UNSPECIFIED.,
  .F.,.F.,(2,2),(-18.77290835383,-12.17290835383),
  .PIECEWISE_BEZIER_KNOTS.);
#11591 = CARTESIAN_POINT('',(6.6,-0.5));
#11592 = CARTESIAN_POINT('',(0.,-0.5));
#11593 = ( GEOMETRIC_REPRESENTATION_CONTEXT(2) 
PARAMETRIC_REPRESENTATION_CONTEXT() REPRESENTATION_CONTEXT('2D SPACE',''
  ) );
#11594 = ORIENTED_EDGE('',*,*,#11595,.T.);
#11595 = EDGE_CURVE('',#11568,#11596,#11598,.T.);
#11596 = VERTEX_POINT('',#11597);
#11597 = CARTESIAN_POINT('',(34.,-14.91779039181,22.983673783132));
#11598 = SURFACE_CURVE('',#11599,(#11604,#11615),.PCURVE_S1.);
#11599 = CIRCLE('',#11600,1.2);
#11600 = AXIS2_PLACEMENT_3D('',#11601,#11602,#11603);
#11601 = CARTESIAN_POINT('',(34.,-16.00535973625,23.490815697221));
#11602 = DIRECTION('',(-1.,-0.,0.));
#11603 = DIRECTION('',(0.,-0.422618261741,-0.906307787037));
#11604 = PCURVE('',#6065,#11605);
#11605 = DEFINITIONAL_REPRESENTATION('',(#11606),#11614);
#11606 = ( BOUNDED_CURVE() B_SPLINE_CURVE(2,(#11607,#11608,#11609,#11610
    ,#11611,#11612,#11613),.UNSPECIFIED.,.T.,.F.) 
B_SPLINE_CURVE_WITH_KNOTS((1,2,2,2,2,1),(-2.094395102393,0.,
    2.094395102393,4.188790204786,6.28318530718,8.377580409573),
.UNSPECIFIED.) CURVE() GEOMETRIC_REPRESENTATION_ITEM() 
RATIONAL_B_SPLINE_CURVE((1.,0.5,1.,0.5,1.,0.5,1.)) REPRESENTATION_ITEM(
  '') );
#11607 = CARTESIAN_POINT('',(20.003246352777,-27.48749834965));
#11608 = CARTESIAN_POINT('',(20.881641914627,-25.60377298832));
#11609 = CARTESIAN_POINT('',(22.073798150368,-27.30634854012));
#11610 = CARTESIAN_POINT('',(23.265954386109,-29.00892409192));
#11611 = CARTESIAN_POINT('',(21.195402588518,-29.19007390145));
#11612 = CARTESIAN_POINT('',(19.124850790927,-29.37122371098));
#11613 = CARTESIAN_POINT('',(20.003246352777,-27.48749834965));
#11614 = ( GEOMETRIC_REPRESENTATION_CONTEXT(2) 
PARAMETRIC_REPRESENTATION_CONTEXT() REPRESENTATION_CONTEXT('2D SPACE',''
  ) );
#11615 = PCURVE('',#11616,#11621);
#11616 = CYLINDRICAL_SURFACE('',#11617,1.2);
#11617 = AXIS2_PLACEMENT_3D('',#11618,#11619,#11620);
#11618 = CARTESIAN_POINT('',(33.5,-16.00535973625,23.490815697221));
#11619 = DIRECTION('',(-1.,-0.,0.));
#11620 = DIRECTION('',(0.,-0.422618261741,-0.906307787037));
#11621 = DEFINITIONAL_REPRESENTATION('',(#11622),#11626);
#11622 = LINE('',#11623,#11624);
#11623 = CARTESIAN_POINT('',(0.,-0.5));
#11624 = VECTOR('',#11625,1.);
#11625 = DIRECTION('',(1.,0.));
#11626 = ( GEOMETRIC_REPRESENTATION_CONTEXT(2) 
PARAMETRIC_REPRESENTATION_CONTEXT() REPRESENTATION_CONTEXT('2D SPACE',''
  ) );
#11627 = ORIENTED_EDGE('',*,*,#11628,.T.);
#11628 = EDGE_CURVE('',#11596,#11629,#11631,.T.);
#11629 = VERTEX_POINT('',#11630);
#11630 = CARTESIAN_POINT('',(34.,-17.7070709193,17.00204238869));
#11631 = SURFACE_CURVE('',#11632,(#11636,#11642),.PCURVE_S1.);
#11632 = LINE('',#11633,#11634);
#11633 = CARTESIAN_POINT('',(34.,-22.15424415625,7.465048605338));
#11634 = VECTOR('',#11635,1.);
#11635 = DIRECTION('',(0.,-0.422618261741,-0.906307787037));
#11636 = PCURVE('',#6065,#11637);
#11637 = DEFINITIONAL_REPRESENTATION('',(#11638),#11641);
#11638 = B_SPLINE_CURVE_WITH_KNOTS('',1,(#11639,#11640),.UNSPECIFIED.,
  .F.,.F.,(2,2),(-17.12290835383,-10.52290835383),
  .PIECEWISE_BEZIER_KNOTS.);
#11639 = CARTESIAN_POINT('',(20.583673783132,-29.08220960818));
#11640 = CARTESIAN_POINT('',(14.60204238869,-26.2929290807));
#11641 = ( GEOMETRIC_REPRESENTATION_CONTEXT(2) 
PARAMETRIC_REPRESENTATION_CONTEXT() REPRESENTATION_CONTEXT('2D SPACE',''
  ) );
#11642 = PCURVE('',#11643,#11648);
#11643 = PLANE('',#11644);
#11644 = AXIS2_PLACEMENT_3D('',#11645,#11646,#11647);
#11645 = CARTESIAN_POINT('',(33.5,-16.31243065555,19.992858085911));
#11646 = DIRECTION('',(0.,-0.906307787037,0.422618261741));
#11647 = DIRECTION('',(0.,0.422618261741,0.906307787037));
#11648 = DEFINITIONAL_REPRESENTATION('',(#11649),#11652);
#11649 = B_SPLINE_CURVE_WITH_KNOTS('',1,(#11650,#11651),.UNSPECIFIED.,
  .F.,.F.,(2,2),(-17.12290835383,-10.52290835383),
  .PIECEWISE_BEZIER_KNOTS.);
#11650 = CARTESIAN_POINT('',(3.3,-0.5));
#11651 = CARTESIAN_POINT('',(-3.3,-0.5));
#11652 = ( GEOMETRIC_REPRESENTATION_CONTEXT(2) 
PARAMETRIC_REPRESENTATION_CONTEXT() REPRESENTATION_CONTEXT('2D SPACE',''
  ) );
#11653 = ORIENTED_EDGE('',*,*,#11654,.T.);
#11654 = EDGE_CURVE('',#11629,#11570,#11655,.T.);
#11655 = SURFACE_CURVE('',#11656,(#11661,#11672),.PCURVE_S1.);
#11656 = CIRCLE('',#11657,1.2);
#11657 = AXIS2_PLACEMENT_3D('',#11658,#11659,#11660);
#11658 = CARTESIAN_POINT('',(34.,-18.79464026374,17.509184302779));
#11659 = DIRECTION('',(-1.,0.,0.));
#11660 = DIRECTION('',(0.,0.422618261741,0.906307787037));
#11661 = PCURVE('',#6065,#11662);
#11662 = DEFINITIONAL_REPRESENTATION('',(#11663),#11671);
#11663 = ( BOUNDED_CURVE() B_SPLINE_CURVE(2,(#11664,#11665,#11666,#11667
    ,#11668,#11669,#11670),.UNSPECIFIED.,.T.,.F.) 
B_SPLINE_CURVE_WITH_KNOTS((1,2,2,2,2,1),(-2.094395102393,0.,
    2.094395102393,4.188790204786,6.28318530718,8.377580409573),
.UNSPECIFIED.) CURVE() GEOMETRIC_REPRESENTATION_ITEM() 
RATIONAL_B_SPLINE_CURVE((1.,0.5,1.,0.5,1.,0.5,1.)) REPRESENTATION_ITEM(
  '') );
#11664 = CARTESIAN_POINT('',(16.196753647223,-25.71250165034));
#11665 = CARTESIAN_POINT('',(15.318358085373,-27.59622701167));
#11666 = CARTESIAN_POINT('',(14.126201849632,-25.89365145987));
#11667 = CARTESIAN_POINT('',(12.934045613891,-24.19107590807));
#11668 = CARTESIAN_POINT('',(15.004597411482,-24.00992609854));
#11669 = CARTESIAN_POINT('',(17.075149209073,-23.82877628901));
#11670 = CARTESIAN_POINT('',(16.196753647223,-25.71250165034));
#11671 = ( GEOMETRIC_REPRESENTATION_CONTEXT(2) 
PARAMETRIC_REPRESENTATION_CONTEXT() REPRESENTATION_CONTEXT('2D SPACE',''
  ) );
#11672 = PCURVE('',#11673,#11678);
#11673 = CYLINDRICAL_SURFACE('',#11674,1.2);
#11674 = AXIS2_PLACEMENT_3D('',#11675,#11676,#11677);
#11675 = CARTESIAN_POINT('',(33.5,-18.79464026374,17.509184302779));
#11676 = DIRECTION('',(-1.,0.,0.));
#11677 = DIRECTION('',(0.,0.422618261741,0.906307787037));
#11678 = DEFINITIONAL_REPRESENTATION('',(#11679),#11683);
#11679 = LINE('',#11680,#11681);
#11680 = CARTESIAN_POINT('',(0.,-0.5));
#11681 = VECTOR('',#11682,1.);
#11682 = DIRECTION('',(1.,0.));
#11683 = ( GEOMETRIC_REPRESENTATION_CONTEXT(2) 
PARAMETRIC_REPRESENTATION_CONTEXT() REPRESENTATION_CONTEXT('2D SPACE',''
  ) );
#11684 = ADVANCED_FACE('',(#11685),#6037,.T.);
#11685 = FACE_BOUND('',#11686,.T.);
#11686 = EDGE_LOOP('',(#11687,#11688,#11689,#11708));
#11687 = ORIENTED_EDGE('',*,*,#10825,.T.);
#11688 = ORIENTED_EDGE('',*,*,#6020,.F.);
#11689 = ORIENTED_EDGE('',*,*,#11690,.F.);
#11690 = EDGE_CURVE('',#9869,#5994,#11691,.T.);
#11691 = SURFACE_CURVE('',#11692,(#11696,#11702),.PCURVE_S1.);
#11692 = LINE('',#11693,#11694);
#11693 = CARTESIAN_POINT('',(28.166969722018,44.,2.4));
#11694 = VECTOR('',#11695,1.);
#11695 = DIRECTION('',(0.,0.,1.));
#11696 = PCURVE('',#6037,#11697);
#11697 = DEFINITIONAL_REPRESENTATION('',(#11698),#11701);
#11698 = B_SPLINE_CURVE_WITH_KNOTS('',1,(#11699,#11700),.UNSPECIFIED.,
  .F.,.F.,(2,2),(-2.400000000069E-06,29.6000024),
  .PIECEWISE_BEZIER_KNOTS.);
#11699 = CARTESIAN_POINT('',(2.000495992946,-2.400000000069E-06));
#11700 = CARTESIAN_POINT('',(2.000495992946,29.6000024));
#11701 = ( GEOMETRIC_REPRESENTATION_CONTEXT(2) 
PARAMETRIC_REPRESENTATION_CONTEXT() REPRESENTATION_CONTEXT('2D SPACE',''
  ) );
#11702 = PCURVE('',#6009,#11703);
#11703 = DEFINITIONAL_REPRESENTATION('',(#11704),#11707);
#11704 = B_SPLINE_CURVE_WITH_KNOTS('',1,(#11705,#11706),.UNSPECIFIED.,
  .F.,.F.,(2,2),(-2.400000000069E-06,29.6000024),
  .PIECEWISE_BEZIER_KNOTS.);
#11705 = CARTESIAN_POINT('',(-2.400000000069E-06,62.166969722018));
#11706 = CARTESIAN_POINT('',(29.6000024,62.166969722018));
#11707 = ( GEOMETRIC_REPRESENTATION_CONTEXT(2) 
PARAMETRIC_REPRESENTATION_CONTEXT() REPRESENTATION_CONTEXT('2D SPACE',''
  ) );
#11708 = ORIENTED_EDGE('',*,*,#9868,.T.);
#11709 = ADVANCED_FACE('',(#11710),#6009,.F.);
#11710 = FACE_BOUND('',#11711,.F.);
#11711 = EDGE_LOOP('',(#11712,#11713,#11714,#11735,#11757,#11783,#11809,
    #11828));
#11712 = ORIENTED_EDGE('',*,*,#11690,.F.);
#11713 = ORIENTED_EDGE('',*,*,#9892,.F.);
#11714 = ORIENTED_EDGE('',*,*,#11715,.T.);
#11715 = EDGE_CURVE('',#9893,#11716,#11718,.T.);
#11716 = VERTEX_POINT('',#11717);
#11717 = CARTESIAN_POINT('',(-28.16696972201,44.,32.));
#11718 = SURFACE_CURVE('',#11719,(#11723,#11729),.PCURVE_S1.);
#11719 = LINE('',#11720,#11721);
#11720 = CARTESIAN_POINT('',(-28.16696972201,44.,2.4));
#11721 = VECTOR('',#11722,1.);
#11722 = DIRECTION('',(0.,0.,1.));
#11723 = PCURVE('',#6009,#11724);
#11724 = DEFINITIONAL_REPRESENTATION('',(#11725),#11728);
#11725 = B_SPLINE_CURVE_WITH_KNOTS('',1,(#11726,#11727),.UNSPECIFIED.,
  .F.,.F.,(2,2),(-2.400000000069E-06,29.6000024),
  .PIECEWISE_BEZIER_KNOTS.);
#11726 = CARTESIAN_POINT('',(-2.400000000069E-06,5.833030277982));
#11727 = CARTESIAN_POINT('',(29.6000024,5.833030277982));
#11728 = ( GEOMETRIC_REPRESENTATION_CONTEXT(2) 
PARAMETRIC_REPRESENTATION_CONTEXT() REPRESENTATION_CONTEXT('2D SPACE',''
  ) );
#11729 = PCURVE('',#7321,#11730);
#11730 = DEFINITIONAL_REPRESENTATION('',(#11731),#11734);
#11731 = B_SPLINE_CURVE_WITH_KNOTS('',1,(#11732,#11733),.UNSPECIFIED.,
  .F.,.F.,(2,2),(0.,29.6),.PIECEWISE_BEZIER_KNOTS.);
#11732 = CARTESIAN_POINT('',(7.424281967823,0.));
#11733 = CARTESIAN_POINT('',(7.424281967823,29.6));
#11734 = ( GEOMETRIC_REPRESENTATION_CONTEXT(2) 
PARAMETRIC_REPRESENTATION_CONTEXT() REPRESENTATION_CONTEXT('2D SPACE',''
  ) );
#11735 = ORIENTED_EDGE('',*,*,#11736,.F.);
#11736 = EDGE_CURVE('',#11737,#11716,#11739,.T.);
#11737 = VERTEX_POINT('',#11738);
#11738 = CARTESIAN_POINT('',(-12.,44.,32.));
#11739 = SURFACE_CURVE('',#11740,(#11744,#11750),.PCURVE_S1.);
#11740 = LINE('',#11741,#11742);
#11741 = CARTESIAN_POINT('',(-35.2,44.,32.));
#11742 = VECTOR('',#11743,1.);
#11743 = DIRECTION('',(-1.,-0.,0.));
#11744 = PCURVE('',#6009,#11745);
#11745 = DEFINITIONAL_REPRESENTATION('',(#11746),#11749);
#11746 = B_SPLINE_CURVE_WITH_KNOTS('',1,(#11747,#11748),.UNSPECIFIED.,
  .F.,.F.,(2,2),(-69.2,-1.2),.PIECEWISE_BEZIER_KNOTS.);
#11747 = CARTESIAN_POINT('',(29.6,68.));
#11748 = CARTESIAN_POINT('',(29.6,0.));
#11749 = ( GEOMETRIC_REPRESENTATION_CONTEXT(2) 
PARAMETRIC_REPRESENTATION_CONTEXT() REPRESENTATION_CONTEXT('2D SPACE',''
  ) );
#11750 = PCURVE('',#7205,#11751);
#11751 = DEFINITIONAL_REPRESENTATION('',(#11752),#11756);
#11752 = LINE('',#11753,#11754);
#11753 = CARTESIAN_POINT('',(1.2,90.4));
#11754 = VECTOR('',#11755,1.);
#11755 = DIRECTION('',(-1.,0.));
#11756 = ( GEOMETRIC_REPRESENTATION_CONTEXT(2) 
PARAMETRIC_REPRESENTATION_CONTEXT() REPRESENTATION_CONTEXT('2D SPACE',''
  ) );
#11757 = ORIENTED_EDGE('',*,*,#11758,.T.);
#11758 = EDGE_CURVE('',#11737,#11759,#11761,.T.);
#11759 = VERTEX_POINT('',#11760);
#11760 = CARTESIAN_POINT('',(-12.,44.,16.));
#11761 = SURFACE_CURVE('',#11762,(#11766,#11772),.PCURVE_S1.);
#11762 = LINE('',#11763,#11764);
#11763 = CARTESIAN_POINT('',(-12.,44.,9.2));
#11764 = VECTOR('',#11765,1.);
#11765 = DIRECTION('',(-0.,0.,-1.));
#11766 = PCURVE('',#6009,#11767);
#11767 = DEFINITIONAL_REPRESENTATION('',(#11768),#11771);
#11768 = B_SPLINE_CURVE_WITH_KNOTS('',1,(#11769,#11770),.UNSPECIFIED.,
  .F.,.F.,(2,2),(-22.8,-6.8),.PIECEWISE_BEZIER_KNOTS.);
#11769 = CARTESIAN_POINT('',(29.6,22.));
#11770 = CARTESIAN_POINT('',(13.6,22.));
#11771 = ( GEOMETRIC_REPRESENTATION_CONTEXT(2) 
PARAMETRIC_REPRESENTATION_CONTEXT() REPRESENTATION_CONTEXT('2D SPACE',''
  ) );
#11772 = PCURVE('',#11773,#11778);
#11773 = PLANE('',#11774);
#11774 = AXIS2_PLACEMENT_3D('',#11775,#11776,#11777);
#11775 = CARTESIAN_POINT('',(-12.,43.5,16.));
#11776 = DIRECTION('',(1.,0.,-0.));
#11777 = DIRECTION('',(0.,0.,1.));
#11778 = DEFINITIONAL_REPRESENTATION('',(#11779),#11782);
#11779 = B_SPLINE_CURVE_WITH_KNOTS('',1,(#11780,#11781),.UNSPECIFIED.,
  .F.,.F.,(2,2),(-22.8,-6.8),.PIECEWISE_BEZIER_KNOTS.);
#11780 = CARTESIAN_POINT('',(16.,-0.5));
#11781 = CARTESIAN_POINT('',(0.,-0.5));
#11782 = ( GEOMETRIC_REPRESENTATION_CONTEXT(2) 
PARAMETRIC_REPRESENTATION_CONTEXT() REPRESENTATION_CONTEXT('2D SPACE',''
  ) );
#11783 = ORIENTED_EDGE('',*,*,#11784,.T.);
#11784 = EDGE_CURVE('',#11759,#11785,#11787,.T.);
#11785 = VERTEX_POINT('',#11786);
#11786 = CARTESIAN_POINT('',(12.,44.,16.));
#11787 = SURFACE_CURVE('',#11788,(#11792,#11798),.PCURVE_S1.);
#11788 = LINE('',#11789,#11790);
#11789 = CARTESIAN_POINT('',(-23.,44.,16.));
#11790 = VECTOR('',#11791,1.);
#11791 = DIRECTION('',(1.,0.,-0.));
#11792 = PCURVE('',#6009,#11793);
#11793 = DEFINITIONAL_REPRESENTATION('',(#11794),#11797);
#11794 = B_SPLINE_CURVE_WITH_KNOTS('',1,(#11795,#11796),.UNSPECIFIED.,
  .F.,.F.,(2,2),(11.,35.),.PIECEWISE_BEZIER_KNOTS.);
#11795 = CARTESIAN_POINT('',(13.6,22.));
#11796 = CARTESIAN_POINT('',(13.6,46.));
#11797 = ( GEOMETRIC_REPRESENTATION_CONTEXT(2) 
PARAMETRIC_REPRESENTATION_CONTEXT() REPRESENTATION_CONTEXT('2D SPACE',''
  ) );
#11798 = PCURVE('',#11799,#11804);
#11799 = PLANE('',#11800);
#11800 = AXIS2_PLACEMENT_3D('',#11801,#11802,#11803);
#11801 = CARTESIAN_POINT('',(-12.,43.5,16.));
#11802 = DIRECTION('',(0.,0.,1.));
#11803 = DIRECTION('',(1.,0.,-0.));
#11804 = DEFINITIONAL_REPRESENTATION('',(#11805),#11808);
#11805 = B_SPLINE_CURVE_WITH_KNOTS('',1,(#11806,#11807),.UNSPECIFIED.,
  .F.,.F.,(2,2),(11.,35.),.PIECEWISE_BEZIER_KNOTS.);
#11806 = CARTESIAN_POINT('',(0.,0.5));
#11807 = CARTESIAN_POINT('',(24.,0.5));
#11808 = ( GEOMETRIC_REPRESENTATION_CONTEXT(2) 
PARAMETRIC_REPRESENTATION_CONTEXT() REPRESENTATION_CONTEXT('2D SPACE',''
  ) );
#11809 = ORIENTED_EDGE('',*,*,#11810,.F.);
#11810 = EDGE_CURVE('',#5968,#11785,#11811,.T.);
#11811 = SURFACE_CURVE('',#11812,(#11816,#11822),.PCURVE_S1.);
#11812 = LINE('',#11813,#11814);
#11813 = CARTESIAN_POINT('',(12.,44.,9.2));
#11814 = VECTOR('',#11815,1.);
#11815 = DIRECTION('',(-0.,0.,-1.));
#11816 = PCURVE('',#6009,#11817);
#11817 = DEFINITIONAL_REPRESENTATION('',(#11818),#11821);
#11818 = B_SPLINE_CURVE_WITH_KNOTS('',1,(#11819,#11820),.UNSPECIFIED.,
  .F.,.F.,(2,2),(-22.8,-6.8),.PIECEWISE_BEZIER_KNOTS.);
#11819 = CARTESIAN_POINT('',(29.6,46.));
#11820 = CARTESIAN_POINT('',(13.6,46.));
#11821 = ( GEOMETRIC_REPRESENTATION_CONTEXT(2) 
PARAMETRIC_REPRESENTATION_CONTEXT() REPRESENTATION_CONTEXT('2D SPACE',''
  ) );
#11822 = PCURVE('',#5982,#11823);
#11823 = DEFINITIONAL_REPRESENTATION('',(#11824),#11827);
#11824 = B_SPLINE_CURVE_WITH_KNOTS('',1,(#11825,#11826),.UNSPECIFIED.,
  .F.,.F.,(2,2),(-22.8,-6.8),.PIECEWISE_BEZIER_KNOTS.);
#11825 = CARTESIAN_POINT('',(16.,-0.5));
#11826 = CARTESIAN_POINT('',(0.,-0.5));
#11827 = ( GEOMETRIC_REPRESENTATION_CONTEXT(2) 
PARAMETRIC_REPRESENTATION_CONTEXT() REPRESENTATION_CONTEXT('2D SPACE',''
  ) );
#11828 = ORIENTED_EDGE('',*,*,#5993,.F.);
#11829 = ADVANCED_FACE('',(#11830),#5982,.F.);
#11830 = FACE_BOUND('',#11831,.F.);
#11831 = EDGE_LOOP('',(#11832,#11833,#11856,#11875));
#11832 = ORIENTED_EDGE('',*,*,#11810,.T.);
#11833 = ORIENTED_EDGE('',*,*,#11834,.T.);
#11834 = EDGE_CURVE('',#11785,#11835,#11837,.T.);
#11835 = VERTEX_POINT('',#11836);
#11836 = CARTESIAN_POINT('',(12.,46.4,16.));
#11837 = SURFACE_CURVE('',#11838,(#11842,#11849),.PCURVE_S1.);
#11838 = LINE('',#11839,#11840);
#11839 = CARTESIAN_POINT('',(12.,43.5,16.));
#11840 = VECTOR('',#11841,1.);
#11841 = DIRECTION('',(-0.,1.,0.));
#11842 = PCURVE('',#5982,#11843);
#11843 = DEFINITIONAL_REPRESENTATION('',(#11844),#11848);
#11844 = LINE('',#11845,#11846);
#11845 = CARTESIAN_POINT('',(0.,0.));
#11846 = VECTOR('',#11847,1.);
#11847 = DIRECTION('',(0.,-1.));
#11848 = ( GEOMETRIC_REPRESENTATION_CONTEXT(2) 
PARAMETRIC_REPRESENTATION_CONTEXT() REPRESENTATION_CONTEXT('2D SPACE',''
  ) );
#11849 = PCURVE('',#11799,#11850);
#11850 = DEFINITIONAL_REPRESENTATION('',(#11851),#11855);
#11851 = LINE('',#11852,#11853);
#11852 = CARTESIAN_POINT('',(24.,0.));
#11853 = VECTOR('',#11854,1.);
#11854 = DIRECTION('',(0.,1.));
#11855 = ( GEOMETRIC_REPRESENTATION_CONTEXT(2) 
PARAMETRIC_REPRESENTATION_CONTEXT() REPRESENTATION_CONTEXT('2D SPACE',''
  ) );
#11856 = ORIENTED_EDGE('',*,*,#11857,.F.);
#11857 = EDGE_CURVE('',#5940,#11835,#11858,.T.);
#11858 = SURFACE_CURVE('',#11859,(#11863,#11869),.PCURVE_S1.);
#11859 = LINE('',#11860,#11861);
#11860 = CARTESIAN_POINT('',(12.,46.4,8.));
#11861 = VECTOR('',#11862,1.);
#11862 = DIRECTION('',(-0.,0.,-1.));
#11863 = PCURVE('',#5982,#11864);
#11864 = DEFINITIONAL_REPRESENTATION('',(#11865),#11868);
#11865 = B_SPLINE_CURVE_WITH_KNOTS('',1,(#11866,#11867),.UNSPECIFIED.,
  .F.,.F.,(2,2),(-24.,-8.),.PIECEWISE_BEZIER_KNOTS.);
#11866 = CARTESIAN_POINT('',(16.,-2.9));
#11867 = CARTESIAN_POINT('',(0.,-2.9));
#11868 = ( GEOMETRIC_REPRESENTATION_CONTEXT(2) 
PARAMETRIC_REPRESENTATION_CONTEXT() REPRESENTATION_CONTEXT('2D SPACE',''
  ) );
#11869 = PCURVE('',#5955,#11870);
#11870 = DEFINITIONAL_REPRESENTATION('',(#11871),#11874);
#11871 = B_SPLINE_CURVE_WITH_KNOTS('',1,(#11872,#11873),.UNSPECIFIED.,
  .F.,.F.,(2,2),(-24.,-8.),.PIECEWISE_BEZIER_KNOTS.);
#11872 = CARTESIAN_POINT('',(32.,48.4));
#11873 = CARTESIAN_POINT('',(16.,48.4));
#11874 = ( GEOMETRIC_REPRESENTATION_CONTEXT(2) 
PARAMETRIC_REPRESENTATION_CONTEXT() REPRESENTATION_CONTEXT('2D SPACE',''
  ) );
#11875 = ORIENTED_EDGE('',*,*,#5967,.F.);
#11876 = ADVANCED_FACE('',(#11877),#5955,.T.);
#11877 = FACE_BOUND('',#11878,.T.);
#11878 = EDGE_LOOP('',(#11879,#11909,#11932,#11955,#11976,#11995,#11996,
    #11997));
#11879 = ORIENTED_EDGE('',*,*,#11880,.F.);
#11880 = EDGE_CURVE('',#11881,#11883,#11885,.T.);
#11881 = VERTEX_POINT('',#11882);
#11882 = CARTESIAN_POINT('',(-33.4,46.4,8.4));
#11883 = VERTEX_POINT('',#11884);
#11884 = CARTESIAN_POINT('',(33.4,46.4,8.4));
#11885 = SURFACE_CURVE('',#11886,(#11890,#11897),.PCURVE_S1.);
#11886 = LINE('',#11887,#11888);
#11887 = CARTESIAN_POINT('',(-33.4,46.4,8.4));
#11888 = VECTOR('',#11889,1.);
#11889 = DIRECTION('',(1.,0.,-0.));
#11890 = PCURVE('',#5955,#11891);
#11891 = DEFINITIONAL_REPRESENTATION('',(#11892),#11896);
#11892 = LINE('',#11893,#11894);
#11893 = CARTESIAN_POINT('',(8.4,3.));
#11894 = VECTOR('',#11895,1.);
#11895 = DIRECTION('',(0.,1.));
#11896 = ( GEOMETRIC_REPRESENTATION_CONTEXT(2) 
PARAMETRIC_REPRESENTATION_CONTEXT() REPRESENTATION_CONTEXT('2D SPACE',''
  ) );
#11897 = PCURVE('',#11898,#11903);
#11898 = PLANE('',#11899);
#11899 = AXIS2_PLACEMENT_3D('',#11900,#11901,#11902);
#11900 = CARTESIAN_POINT('',(-33.4,47.,7.8));
#11901 = DIRECTION('',(0.,0.707106781187,0.707106781187));
#11902 = DIRECTION('',(-1.,-0.,0.));
#11903 = DEFINITIONAL_REPRESENTATION('',(#11904),#11908);
#11904 = LINE('',#11905,#11906);
#11905 = CARTESIAN_POINT('',(-0.,0.848528137424));
#11906 = VECTOR('',#11907,1.);
#11907 = DIRECTION('',(-1.,0.));
#11908 = ( GEOMETRIC_REPRESENTATION_CONTEXT(2) 
PARAMETRIC_REPRESENTATION_CONTEXT() REPRESENTATION_CONTEXT('2D SPACE',''
  ) );
#11909 = ORIENTED_EDGE('',*,*,#11910,.T.);
#11910 = EDGE_CURVE('',#11881,#11911,#11913,.T.);
#11911 = VERTEX_POINT('',#11912);
#11912 = CARTESIAN_POINT('',(-33.4,46.4,32.));
#11913 = SURFACE_CURVE('',#11914,(#11918,#11925),.PCURVE_S1.);
#11914 = LINE('',#11915,#11916);
#11915 = CARTESIAN_POINT('',(-33.4,46.4,0.));
#11916 = VECTOR('',#11917,1.);
#11917 = DIRECTION('',(0.,0.,1.));
#11918 = PCURVE('',#5955,#11919);
#11919 = DEFINITIONAL_REPRESENTATION('',(#11920),#11924);
#11920 = LINE('',#11921,#11922);
#11921 = CARTESIAN_POINT('',(0.,3.));
#11922 = VECTOR('',#11923,1.);
#11923 = DIRECTION('',(1.,0.));
#11924 = ( GEOMETRIC_REPRESENTATION_CONTEXT(2) 
PARAMETRIC_REPRESENTATION_CONTEXT() REPRESENTATION_CONTEXT('2D SPACE',''
  ) );
#11925 = PCURVE('',#8339,#11926);
#11926 = DEFINITIONAL_REPRESENTATION('',(#11927),#11931);
#11927 = LINE('',#11928,#11929);
#11928 = CARTESIAN_POINT('',(-1.570796326795,0.));
#11929 = VECTOR('',#11930,1.);
#11930 = DIRECTION('',(-0.,1.));
#11931 = ( GEOMETRIC_REPRESENTATION_CONTEXT(2) 
PARAMETRIC_REPRESENTATION_CONTEXT() REPRESENTATION_CONTEXT('2D SPACE',''
  ) );
#11932 = ORIENTED_EDGE('',*,*,#11933,.T.);
#11933 = EDGE_CURVE('',#11911,#11934,#11936,.T.);
#11934 = VERTEX_POINT('',#11935);
#11935 = CARTESIAN_POINT('',(-12.,46.4,32.));
#11936 = SURFACE_CURVE('',#11937,(#11941,#11948),.PCURVE_S1.);
#11937 = LINE('',#11938,#11939);
#11938 = CARTESIAN_POINT('',(-36.4,46.4,32.));
#11939 = VECTOR('',#11940,1.);
#11940 = DIRECTION('',(1.,0.,-0.));
#11941 = PCURVE('',#5955,#11942);
#11942 = DEFINITIONAL_REPRESENTATION('',(#11943),#11947);
#11943 = LINE('',#11944,#11945);
#11944 = CARTESIAN_POINT('',(32.,0.));
#11945 = VECTOR('',#11946,1.);
#11946 = DIRECTION('',(0.,1.));
#11947 = ( GEOMETRIC_REPRESENTATION_CONTEXT(2) 
PARAMETRIC_REPRESENTATION_CONTEXT() REPRESENTATION_CONTEXT('2D SPACE',''
  ) );
#11948 = PCURVE('',#7205,#11949);
#11949 = DEFINITIONAL_REPRESENTATION('',(#11950),#11954);
#11950 = LINE('',#11951,#11952);
#11951 = CARTESIAN_POINT('',(0.,92.8));
#11952 = VECTOR('',#11953,1.);
#11953 = DIRECTION('',(1.,0.));
#11954 = ( GEOMETRIC_REPRESENTATION_CONTEXT(2) 
PARAMETRIC_REPRESENTATION_CONTEXT() REPRESENTATION_CONTEXT('2D SPACE',''
  ) );
#11955 = ORIENTED_EDGE('',*,*,#11956,.T.);
#11956 = EDGE_CURVE('',#11934,#11957,#11959,.T.);
#11957 = VERTEX_POINT('',#11958);
#11958 = CARTESIAN_POINT('',(-12.,46.4,16.));
#11959 = SURFACE_CURVE('',#11960,(#11964,#11970),.PCURVE_S1.);
#11960 = LINE('',#11961,#11962);
#11961 = CARTESIAN_POINT('',(-12.,46.4,8.));
#11962 = VECTOR('',#11963,1.);
#11963 = DIRECTION('',(-0.,0.,-1.));
#11964 = PCURVE('',#5955,#11965);
#11965 = DEFINITIONAL_REPRESENTATION('',(#11966),#11969);
#11966 = B_SPLINE_CURVE_WITH_KNOTS('',1,(#11967,#11968),.UNSPECIFIED.,
  .F.,.F.,(2,2),(-24.,-8.),.PIECEWISE_BEZIER_KNOTS.);
#11967 = CARTESIAN_POINT('',(32.,24.4));
#11968 = CARTESIAN_POINT('',(16.,24.4));
#11969 = ( GEOMETRIC_REPRESENTATION_CONTEXT(2) 
PARAMETRIC_REPRESENTATION_CONTEXT() REPRESENTATION_CONTEXT('2D SPACE',''
  ) );
#11970 = PCURVE('',#11773,#11971);
#11971 = DEFINITIONAL_REPRESENTATION('',(#11972),#11975);
#11972 = B_SPLINE_CURVE_WITH_KNOTS('',1,(#11973,#11974),.UNSPECIFIED.,
  .F.,.F.,(2,2),(-24.,-8.),.PIECEWISE_BEZIER_KNOTS.);
#11973 = CARTESIAN_POINT('',(16.,-2.9));
#11974 = CARTESIAN_POINT('',(0.,-2.9));
#11975 = ( GEOMETRIC_REPRESENTATION_CONTEXT(2) 
PARAMETRIC_REPRESENTATION_CONTEXT() REPRESENTATION_CONTEXT('2D SPACE',''
  ) );
#11976 = ORIENTED_EDGE('',*,*,#11977,.T.);
#11977 = EDGE_CURVE('',#11957,#11835,#11978,.T.);
#11978 = SURFACE_CURVE('',#11979,(#11983,#11989),.PCURVE_S1.);
#11979 = LINE('',#11980,#11981);
#11980 = CARTESIAN_POINT('',(-24.2,46.4,16.));
#11981 = VECTOR('',#11982,1.);
#11982 = DIRECTION('',(1.,0.,-0.));
#11983 = PCURVE('',#5955,#11984);
#11984 = DEFINITIONAL_REPRESENTATION('',(#11985),#11988);
#11985 = B_SPLINE_CURVE_WITH_KNOTS('',1,(#11986,#11987),.UNSPECIFIED.,
  .F.,.F.,(2,2),(12.2,36.2),.PIECEWISE_BEZIER_KNOTS.);
#11986 = CARTESIAN_POINT('',(16.,24.4));
#11987 = CARTESIAN_POINT('',(16.,48.4));
#11988 = ( GEOMETRIC_REPRESENTATION_CONTEXT(2) 
PARAMETRIC_REPRESENTATION_CONTEXT() REPRESENTATION_CONTEXT('2D SPACE',''
  ) );
#11989 = PCURVE('',#11799,#11990);
#11990 = DEFINITIONAL_REPRESENTATION('',(#11991),#11994);
#11991 = B_SPLINE_CURVE_WITH_KNOTS('',1,(#11992,#11993),.UNSPECIFIED.,
  .F.,.F.,(2,2),(12.2,36.2),.PIECEWISE_BEZIER_KNOTS.);
#11992 = CARTESIAN_POINT('',(0.,2.9));
#11993 = CARTESIAN_POINT('',(24.,2.9));
#11994 = ( GEOMETRIC_REPRESENTATION_CONTEXT(2) 
PARAMETRIC_REPRESENTATION_CONTEXT() REPRESENTATION_CONTEXT('2D SPACE',''
  ) );
#11995 = ORIENTED_EDGE('',*,*,#11857,.F.);
#11996 = ORIENTED_EDGE('',*,*,#5939,.T.);
#11997 = ORIENTED_EDGE('',*,*,#11998,.F.);
#11998 = EDGE_CURVE('',#11883,#5911,#11999,.T.);
#11999 = SURFACE_CURVE('',#12000,(#12004,#12011),.PCURVE_S1.);
#12000 = LINE('',#12001,#12002);
#12001 = CARTESIAN_POINT('',(33.4,46.4,0.));
#12002 = VECTOR('',#12003,1.);
#12003 = DIRECTION('',(0.,0.,1.));
#12004 = PCURVE('',#5955,#12005);
#12005 = DEFINITIONAL_REPRESENTATION('',(#12006),#12010);
#12006 = LINE('',#12007,#12008);
#12007 = CARTESIAN_POINT('',(0.,69.8));
#12008 = VECTOR('',#12009,1.);
#12009 = DIRECTION('',(1.,0.));
#12010 = ( GEOMETRIC_REPRESENTATION_CONTEXT(2) 
PARAMETRIC_REPRESENTATION_CONTEXT() REPRESENTATION_CONTEXT('2D SPACE',''
  ) );
#12011 = PCURVE('',#5927,#12012);
#12012 = DEFINITIONAL_REPRESENTATION('',(#12013),#12017);
#12013 = LINE('',#12014,#12015);
#12014 = CARTESIAN_POINT('',(1.570796326795,0.));
#12015 = VECTOR('',#12016,1.);
#12016 = DIRECTION('',(0.,1.));
#12017 = ( GEOMETRIC_REPRESENTATION_CONTEXT(2) 
PARAMETRIC_REPRESENTATION_CONTEXT() REPRESENTATION_CONTEXT('2D SPACE',''
  ) );
#12018 = ADVANCED_FACE('',(#12019),#5927,.T.);
#12019 = FACE_BOUND('',#12020,.T.);
#12020 = EDGE_LOOP('',(#12021,#12044,#12071,#12072));
#12021 = ORIENTED_EDGE('',*,*,#12022,.F.);
#12022 = EDGE_CURVE('',#12023,#5888,#12025,.T.);
#12023 = VERTEX_POINT('',#12024);
#12024 = CARTESIAN_POINT('',(36.4,43.4,8.4));
#12025 = SURFACE_CURVE('',#12026,(#12030,#12037),.PCURVE_S1.);
#12026 = LINE('',#12027,#12028);
#12027 = CARTESIAN_POINT('',(36.4,43.4,0.));
#12028 = VECTOR('',#12029,1.);
#12029 = DIRECTION('',(0.,0.,1.));
#12030 = PCURVE('',#5927,#12031);
#12031 = DEFINITIONAL_REPRESENTATION('',(#12032),#12036);
#12032 = LINE('',#12033,#12034);
#12033 = CARTESIAN_POINT('',(0.,0.));
#12034 = VECTOR('',#12035,1.);
#12035 = DIRECTION('',(0.,1.));
#12036 = ( GEOMETRIC_REPRESENTATION_CONTEXT(2) 
PARAMETRIC_REPRESENTATION_CONTEXT() REPRESENTATION_CONTEXT('2D SPACE',''
  ) );
#12037 = PCURVE('',#5684,#12038);
#12038 = DEFINITIONAL_REPRESENTATION('',(#12039),#12043);
#12039 = LINE('',#12040,#12041);
#12040 = CARTESIAN_POINT('',(0.,-89.8));
#12041 = VECTOR('',#12042,1.);
#12042 = DIRECTION('',(1.,0.));
#12043 = ( GEOMETRIC_REPRESENTATION_CONTEXT(2) 
PARAMETRIC_REPRESENTATION_CONTEXT() REPRESENTATION_CONTEXT('2D SPACE',''
  ) );
#12044 = ORIENTED_EDGE('',*,*,#12045,.F.);
#12045 = EDGE_CURVE('',#11883,#12023,#12046,.T.);
#12046 = SURFACE_CURVE('',#12047,(#12052,#12059),.PCURVE_S1.);
#12047 = CIRCLE('',#12048,3.);
#12048 = AXIS2_PLACEMENT_3D('',#12049,#12050,#12051);
#12049 = CARTESIAN_POINT('',(33.4,43.4,8.4));
#12050 = DIRECTION('',(0.,-0.,-1.));
#12051 = DIRECTION('',(1.691768418476E-15,1.,-0.));
#12052 = PCURVE('',#5927,#12053);
#12053 = DEFINITIONAL_REPRESENTATION('',(#12054),#12058);
#12054 = LINE('',#12055,#12056);
#12055 = CARTESIAN_POINT('',(1.570796326795,8.4));
#12056 = VECTOR('',#12057,1.);
#12057 = DIRECTION('',(-1.,0.));
#12058 = ( GEOMETRIC_REPRESENTATION_CONTEXT(2) 
PARAMETRIC_REPRESENTATION_CONTEXT() REPRESENTATION_CONTEXT('2D SPACE',''
  ) );
#12059 = PCURVE('',#12060,#12065);
#12060 = CONICAL_SURFACE('',#12061,4.2,0.785398163397);
#12061 = AXIS2_PLACEMENT_3D('',#12062,#12063,#12064);
#12062 = CARTESIAN_POINT('',(33.4,43.4,7.2));
#12063 = DIRECTION('',(-0.,-0.,-1.));
#12064 = DIRECTION('',(1.691768418476E-15,1.,-0.));
#12065 = DEFINITIONAL_REPRESENTATION('',(#12066),#12070);
#12066 = LINE('',#12067,#12068);
#12067 = CARTESIAN_POINT('',(0.,-1.2));
#12068 = VECTOR('',#12069,1.);
#12069 = DIRECTION('',(1.,-0.));
#12070 = ( GEOMETRIC_REPRESENTATION_CONTEXT(2) 
PARAMETRIC_REPRESENTATION_CONTEXT() REPRESENTATION_CONTEXT('2D SPACE',''
  ) );
#12071 = ORIENTED_EDGE('',*,*,#11998,.T.);
#12072 = ORIENTED_EDGE('',*,*,#5910,.F.);
#12073 = ADVANCED_FACE('',(#12074,#12477,#12577,#12677,#12777,#12877,
    #12977,#13077),#5684,.T.);
#12074 = FACE_BOUND('',#12075,.T.);
#12075 = EDGE_LOOP('',(#12076,#12099,#12125,#12126,#12127,#12150,#12176,
    #12202,#12228,#12254,#12280,#12301,#12302,#12325,#12351,#12377,
    #12403,#12429,#12455,#12476));
#12076 = ORIENTED_EDGE('',*,*,#12077,.F.);
#12077 = EDGE_CURVE('',#12078,#5636,#12080,.T.);
#12078 = VERTEX_POINT('',#12079);
#12079 = CARTESIAN_POINT('',(36.4,-43.4,8.4));
#12080 = SURFACE_CURVE('',#12081,(#12085,#12092),.PCURVE_S1.);
#12081 = LINE('',#12082,#12083);
#12082 = CARTESIAN_POINT('',(36.4,-43.4,0.));
#12083 = VECTOR('',#12084,1.);
#12084 = DIRECTION('',(0.,0.,1.));
#12085 = PCURVE('',#5684,#12086);
#12086 = DEFINITIONAL_REPRESENTATION('',(#12087),#12091);
#12087 = LINE('',#12088,#12089);
#12088 = CARTESIAN_POINT('',(0.,-3.));
#12089 = VECTOR('',#12090,1.);
#12090 = DIRECTION('',(1.,0.));
#12091 = ( GEOMETRIC_REPRESENTATION_CONTEXT(2) 
PARAMETRIC_REPRESENTATION_CONTEXT() REPRESENTATION_CONTEXT('2D SPACE',''
  ) );
#12092 = PCURVE('',#5656,#12093);
#12093 = DEFINITIONAL_REPRESENTATION('',(#12094),#12098);
#12094 = LINE('',#12095,#12096);
#12095 = CARTESIAN_POINT('',(-0.,0.));
#12096 = VECTOR('',#12097,1.);
#12097 = DIRECTION('',(-0.,1.));
#12098 = ( GEOMETRIC_REPRESENTATION_CONTEXT(2) 
PARAMETRIC_REPRESENTATION_CONTEXT() REPRESENTATION_CONTEXT('2D SPACE',''
  ) );
#12099 = ORIENTED_EDGE('',*,*,#12100,.F.);
#12100 = EDGE_CURVE('',#12023,#12078,#12101,.T.);
#12101 = SURFACE_CURVE('',#12102,(#12106,#12113),.PCURVE_S1.);
#12102 = LINE('',#12103,#12104);
#12103 = CARTESIAN_POINT('',(36.4,43.4,8.4));
#12104 = VECTOR('',#12105,1.);
#12105 = DIRECTION('',(0.,-1.,-0.));
#12106 = PCURVE('',#5684,#12107);
#12107 = DEFINITIONAL_REPRESENTATION('',(#12108),#12112);
#12108 = LINE('',#12109,#12110);
#12109 = CARTESIAN_POINT('',(8.4,-89.8));
#12110 = VECTOR('',#12111,1.);
#12111 = DIRECTION('',(0.,1.));
#12112 = ( GEOMETRIC_REPRESENTATION_CONTEXT(2) 
PARAMETRIC_REPRESENTATION_CONTEXT() REPRESENTATION_CONTEXT('2D SPACE',''
  ) );
#12113 = PCURVE('',#12114,#12119);
#12114 = PLANE('',#12115);
#12115 = AXIS2_PLACEMENT_3D('',#12116,#12117,#12118);
#12116 = CARTESIAN_POINT('',(37.,43.4,7.8));
#12117 = DIRECTION('',(0.707106781187,0.,0.707106781187));
#12118 = DIRECTION('',(-0.,1.,-0.));
#12119 = DEFINITIONAL_REPRESENTATION('',(#12120),#12124);
#12120 = LINE('',#12121,#12122);
#12121 = CARTESIAN_POINT('',(-0.,0.848528137424));
#12122 = VECTOR('',#12123,1.);
#12123 = DIRECTION('',(-1.,0.));
#12124 = ( GEOMETRIC_REPRESENTATION_CONTEXT(2) 
PARAMETRIC_REPRESENTATION_CONTEXT() REPRESENTATION_CONTEXT('2D SPACE',''
  ) );
#12125 = ORIENTED_EDGE('',*,*,#12022,.T.);
#12126 = ORIENTED_EDGE('',*,*,#5887,.F.);
#12127 = ORIENTED_EDGE('',*,*,#12128,.T.);
#12128 = EDGE_CURVE('',#5860,#12129,#12131,.T.);
#12129 = VERTEX_POINT('',#12130);
#12130 = CARTESIAN_POINT('',(36.4,42.4,15.));
#12131 = SURFACE_CURVE('',#12132,(#12136,#12143),.PCURVE_S1.);
#12132 = LINE('',#12133,#12134);
#12133 = CARTESIAN_POINT('',(36.4,42.4,32.));
#12134 = VECTOR('',#12135,1.);
#12135 = DIRECTION('',(0.,0.,-1.));
#12136 = PCURVE('',#5684,#12137);
#12137 = DEFINITIONAL_REPRESENTATION('',(#12138),#12142);
#12138 = LINE('',#12139,#12140);
#12139 = CARTESIAN_POINT('',(32.,-88.8));
#12140 = VECTOR('',#12141,1.);
#12141 = DIRECTION('',(-1.,0.));
#12142 = ( GEOMETRIC_REPRESENTATION_CONTEXT(2) 
PARAMETRIC_REPRESENTATION_CONTEXT() REPRESENTATION_CONTEXT('2D SPACE',''
  ) );
#12143 = PCURVE('',#5875,#12144);
#12144 = DEFINITIONAL_REPRESENTATION('',(#12145),#12149);
#12145 = LINE('',#12146,#12147);
#12146 = CARTESIAN_POINT('',(5.,0.3));
#12147 = VECTOR('',#12148,1.);
#12148 = DIRECTION('',(-1.,0.));
#12149 = ( GEOMETRIC_REPRESENTATION_CONTEXT(2) 
PARAMETRIC_REPRESENTATION_CONTEXT() REPRESENTATION_CONTEXT('2D SPACE',''
  ) );
#12150 = ORIENTED_EDGE('',*,*,#12151,.F.);
#12151 = EDGE_CURVE('',#12152,#12129,#12154,.T.);
#12152 = VERTEX_POINT('',#12153);
#12153 = CARTESIAN_POINT('',(36.4,40.,15.));
#12154 = SURFACE_CURVE('',#12155,(#12159,#12165),.PCURVE_S1.);
#12155 = LINE('',#12156,#12157);
#12156 = CARTESIAN_POINT('',(36.4,-2.6,15.));
#12157 = VECTOR('',#12158,1.);
#12158 = DIRECTION('',(0.,1.,0.));
#12159 = PCURVE('',#5684,#12160);
#12160 = DEFINITIONAL_REPRESENTATION('',(#12161),#12164);
#12161 = B_SPLINE_CURVE_WITH_KNOTS('',1,(#12162,#12163),.UNSPECIFIED.,
  .F.,.F.,(2,2),(42.6,45.),.PIECEWISE_BEZIER_KNOTS.);
#12162 = CARTESIAN_POINT('',(15.,-86.4));
#12163 = CARTESIAN_POINT('',(15.,-88.8));
#12164 = ( GEOMETRIC_REPRESENTATION_CONTEXT(2) 
PARAMETRIC_REPRESENTATION_CONTEXT() REPRESENTATION_CONTEXT('2D SPACE',''
  ) );
#12165 = PCURVE('',#12166,#12171);
#12166 = PLANE('',#12167);
#12167 = AXIS2_PLACEMENT_3D('',#12168,#12169,#12170);
#12168 = CARTESIAN_POINT('',(36.1,41.2,14.7));
#12169 = DIRECTION('',(0.707106781187,0.,-0.707106781187));
#12170 = DIRECTION('',(0.707106781187,0.,0.707106781187));
#12171 = DEFINITIONAL_REPRESENTATION('',(#12172),#12175);
#12172 = B_SPLINE_CURVE_WITH_KNOTS('',1,(#12173,#12174),.UNSPECIFIED.,
  .F.,.F.,(2,2),(42.6,45.),.PIECEWISE_BEZIER_KNOTS.);
#12173 = CARTESIAN_POINT('',(0.424264068712,1.2));
#12174 = CARTESIAN_POINT('',(0.424264068712,-1.2));
#12175 = ( GEOMETRIC_REPRESENTATION_CONTEXT(2) 
PARAMETRIC_REPRESENTATION_CONTEXT() REPRESENTATION_CONTEXT('2D SPACE',''
  ) );
#12176 = ORIENTED_EDGE('',*,*,#12177,.F.);
#12177 = EDGE_CURVE('',#12178,#12152,#12180,.T.);
#12178 = VERTEX_POINT('',#12179);
#12179 = CARTESIAN_POINT('',(36.4,40.,27.));
#12180 = SURFACE_CURVE('',#12181,(#12185,#12191),.PCURVE_S1.);
#12181 = LINE('',#12182,#12183);
#12182 = CARTESIAN_POINT('',(36.4,40.,11.325646647851));
#12183 = VECTOR('',#12184,1.);
#12184 = DIRECTION('',(0.,-0.,-1.));
#12185 = PCURVE('',#5684,#12186);
#12186 = DEFINITIONAL_REPRESENTATION('',(#12187),#12190);
#12187 = B_SPLINE_CURVE_WITH_KNOTS('',1,(#12188,#12189),.UNSPECIFIED.,
  .F.,.F.,(2,2),(-15.67435335214,-3.374353352149),
  .PIECEWISE_BEZIER_KNOTS.);
#12188 = CARTESIAN_POINT('',(27.,-86.4));
#12189 = CARTESIAN_POINT('',(14.7,-86.4));
#12190 = ( GEOMETRIC_REPRESENTATION_CONTEXT(2) 
PARAMETRIC_REPRESENTATION_CONTEXT() REPRESENTATION_CONTEXT('2D SPACE',''
  ) );
#12191 = PCURVE('',#12192,#12197);
#12192 = PLANE('',#12193);
#12193 = AXIS2_PLACEMENT_3D('',#12194,#12195,#12196);
#12194 = CARTESIAN_POINT('',(40.448706704297,40.,22.651293295703));
#12195 = DIRECTION('',(0.,-1.,0.));
#12196 = DIRECTION('',(1.,0.,0.));
#12197 = DEFINITIONAL_REPRESENTATION('',(#12198),#12201);
#12198 = B_SPLINE_CURVE_WITH_KNOTS('',1,(#12199,#12200),.UNSPECIFIED.,
  .F.,.F.,(2,2),(-15.67435335214,-3.374353352149),
  .PIECEWISE_BEZIER_KNOTS.);
#12199 = CARTESIAN_POINT('',(-4.048706704297,4.348706704297));
#12200 = CARTESIAN_POINT('',(-4.048706704297,-7.951293295703));
#12201 = ( GEOMETRIC_REPRESENTATION_CONTEXT(2) 
PARAMETRIC_REPRESENTATION_CONTEXT() REPRESENTATION_CONTEXT('2D SPACE',''
  ) );
#12202 = ORIENTED_EDGE('',*,*,#12203,.T.);
#12203 = EDGE_CURVE('',#12178,#12204,#12206,.T.);
#12204 = VERTEX_POINT('',#12205);
#12205 = CARTESIAN_POINT('',(36.4,30.8,27.));
#12206 = SURFACE_CURVE('',#12207,(#12211,#12217),.PCURVE_S1.);
#12207 = LINE('',#12208,#12209);
#12208 = CARTESIAN_POINT('',(36.4,-9.,27.));
#12209 = VECTOR('',#12210,1.);
#12210 = DIRECTION('',(0.,-1.,0.));
#12211 = PCURVE('',#5684,#12212);
#12212 = DEFINITIONAL_REPRESENTATION('',(#12213),#12216);
#12213 = B_SPLINE_CURVE_WITH_KNOTS('',1,(#12214,#12215),.UNSPECIFIED.,
  .F.,.F.,(2,2),(-51.4,-37.4),.PIECEWISE_BEZIER_KNOTS.);
#12214 = CARTESIAN_POINT('',(27.,-88.8));
#12215 = CARTESIAN_POINT('',(27.,-74.8));
#12216 = ( GEOMETRIC_REPRESENTATION_CONTEXT(2) 
PARAMETRIC_REPRESENTATION_CONTEXT() REPRESENTATION_CONTEXT('2D SPACE',''
  ) );
#12217 = PCURVE('',#12218,#12223);
#12218 = PLANE('',#12219);
#12219 = AXIS2_PLACEMENT_3D('',#12220,#12221,#12222);
#12220 = CARTESIAN_POINT('',(36.1,28.4,27.));
#12221 = DIRECTION('',(0.,0.,1.));
#12222 = DIRECTION('',(1.,0.,-0.));
#12223 = DEFINITIONAL_REPRESENTATION('',(#12224),#12227);
#12224 = B_SPLINE_CURVE_WITH_KNOTS('',1,(#12225,#12226),.UNSPECIFIED.,
  .F.,.F.,(2,2),(-51.4,-37.4),.PIECEWISE_BEZIER_KNOTS.);
#12225 = CARTESIAN_POINT('',(0.3,14.));
#12226 = CARTESIAN_POINT('',(0.3,0.));
#12227 = ( GEOMETRIC_REPRESENTATION_CONTEXT(2) 
PARAMETRIC_REPRESENTATION_CONTEXT() REPRESENTATION_CONTEXT('2D SPACE',''
  ) );
#12228 = ORIENTED_EDGE('',*,*,#12229,.T.);
#12229 = EDGE_CURVE('',#12204,#12230,#12232,.T.);
#12230 = VERTEX_POINT('',#12231);
#12231 = CARTESIAN_POINT('',(36.4,30.8,15.));
#12232 = SURFACE_CURVE('',#12233,(#12237,#12243),.PCURVE_S1.);
#12233 = LINE('',#12234,#12235);
#12234 = CARTESIAN_POINT('',(36.4,30.8,11.325646647851));
#12235 = VECTOR('',#12236,1.);
#12236 = DIRECTION('',(0.,-0.,-1.));
#12237 = PCURVE('',#5684,#12238);
#12238 = DEFINITIONAL_REPRESENTATION('',(#12239),#12242);
#12239 = B_SPLINE_CURVE_WITH_KNOTS('',1,(#12240,#12241),.UNSPECIFIED.,
  .F.,.F.,(2,2),(-15.67435335214,-3.374353352149),
  .PIECEWISE_BEZIER_KNOTS.);
#12240 = CARTESIAN_POINT('',(27.,-77.2));
#12241 = CARTESIAN_POINT('',(14.7,-77.2));
#12242 = ( GEOMETRIC_REPRESENTATION_CONTEXT(2) 
PARAMETRIC_REPRESENTATION_CONTEXT() REPRESENTATION_CONTEXT('2D SPACE',''
  ) );
#12243 = PCURVE('',#12244,#12249);
#12244 = PLANE('',#12245);
#12245 = AXIS2_PLACEMENT_3D('',#12246,#12247,#12248);
#12246 = CARTESIAN_POINT('',(40.448706704297,30.8,22.651293295703));
#12247 = DIRECTION('',(0.,-1.,0.));
#12248 = DIRECTION('',(1.,0.,0.));
#12249 = DEFINITIONAL_REPRESENTATION('',(#12250),#12253);
#12250 = B_SPLINE_CURVE_WITH_KNOTS('',1,(#12251,#12252),.UNSPECIFIED.,
  .F.,.F.,(2,2),(-15.67435335214,-3.374353352149),
  .PIECEWISE_BEZIER_KNOTS.);
#12251 = CARTESIAN_POINT('',(-4.048706704297,4.348706704297));
#12252 = CARTESIAN_POINT('',(-4.048706704297,-7.951293295703));
#12253 = ( GEOMETRIC_REPRESENTATION_CONTEXT(2) 
PARAMETRIC_REPRESENTATION_CONTEXT() REPRESENTATION_CONTEXT('2D SPACE',''
  ) );
#12254 = ORIENTED_EDGE('',*,*,#12255,.F.);
#12255 = EDGE_CURVE('',#12256,#12230,#12258,.T.);
#12256 = VERTEX_POINT('',#12257);
#12257 = CARTESIAN_POINT('',(36.4,28.4,15.));
#12258 = SURFACE_CURVE('',#12259,(#12263,#12269),.PCURVE_S1.);
#12259 = LINE('',#12260,#12261);
#12260 = CARTESIAN_POINT('',(36.4,-8.4,15.));
#12261 = VECTOR('',#12262,1.);
#12262 = DIRECTION('',(0.,1.,0.));
#12263 = PCURVE('',#5684,#12264);
#12264 = DEFINITIONAL_REPRESENTATION('',(#12265),#12268);
#12265 = B_SPLINE_CURVE_WITH_KNOTS('',1,(#12266,#12267),.UNSPECIFIED.,
  .F.,.F.,(2,2),(36.8,39.2),.PIECEWISE_BEZIER_KNOTS.);
#12266 = CARTESIAN_POINT('',(15.,-74.8));
#12267 = CARTESIAN_POINT('',(15.,-77.2));
#12268 = ( GEOMETRIC_REPRESENTATION_CONTEXT(2) 
PARAMETRIC_REPRESENTATION_CONTEXT() REPRESENTATION_CONTEXT('2D SPACE',''
  ) );
#12269 = PCURVE('',#12270,#12275);
#12270 = PLANE('',#12271);
#12271 = AXIS2_PLACEMENT_3D('',#12272,#12273,#12274);
#12272 = CARTESIAN_POINT('',(36.1,29.6,14.7));
#12273 = DIRECTION('',(0.707106781187,0.,-0.707106781187));
#12274 = DIRECTION('',(0.707106781187,0.,0.707106781187));
#12275 = DEFINITIONAL_REPRESENTATION('',(#12276),#12279);
#12276 = B_SPLINE_CURVE_WITH_KNOTS('',1,(#12277,#12278),.UNSPECIFIED.,
  .F.,.F.,(2,2),(36.8,39.2),.PIECEWISE_BEZIER_KNOTS.);
#12277 = CARTESIAN_POINT('',(0.424264068712,1.2));
#12278 = CARTESIAN_POINT('',(0.424264068712,-1.2));
#12279 = ( GEOMETRIC_REPRESENTATION_CONTEXT(2) 
PARAMETRIC_REPRESENTATION_CONTEXT() REPRESENTATION_CONTEXT('2D SPACE',''
  ) );
#12280 = ORIENTED_EDGE('',*,*,#12281,.T.);
#12281 = EDGE_CURVE('',#12256,#5781,#12282,.T.);
#12282 = SURFACE_CURVE('',#12283,(#12287,#12294),.PCURVE_S1.);
#12283 = LINE('',#12284,#12285);
#12284 = CARTESIAN_POINT('',(36.4,28.4,15.));
#12285 = VECTOR('',#12286,1.);
#12286 = DIRECTION('',(0.,0.,1.));
#12287 = PCURVE('',#5684,#12288);
#12288 = DEFINITIONAL_REPRESENTATION('',(#12289),#12293);
#12289 = LINE('',#12290,#12291);
#12290 = CARTESIAN_POINT('',(15.,-74.8));
#12291 = VECTOR('',#12292,1.);
#12292 = DIRECTION('',(1.,0.));
#12293 = ( GEOMETRIC_REPRESENTATION_CONTEXT(2) 
PARAMETRIC_REPRESENTATION_CONTEXT() REPRESENTATION_CONTEXT('2D SPACE',''
  ) );
#12294 = PCURVE('',#5819,#12295);
#12295 = DEFINITIONAL_REPRESENTATION('',(#12296),#12300);
#12296 = LINE('',#12297,#12298);
#12297 = CARTESIAN_POINT('',(-12.,0.3));
#12298 = VECTOR('',#12299,1.);
#12299 = DIRECTION('',(1.,0.));
#12300 = ( GEOMETRIC_REPRESENTATION_CONTEXT(2) 
PARAMETRIC_REPRESENTATION_CONTEXT() REPRESENTATION_CONTEXT('2D SPACE',''
  ) );
#12301 = ORIENTED_EDGE('',*,*,#5780,.F.);
#12302 = ORIENTED_EDGE('',*,*,#12303,.T.);
#12303 = EDGE_CURVE('',#5753,#12304,#12306,.T.);
#12304 = VERTEX_POINT('',#12305);
#12305 = CARTESIAN_POINT('',(36.4,-28.4,15.));
#12306 = SURFACE_CURVE('',#12307,(#12311,#12318),.PCURVE_S1.);
#12307 = LINE('',#12308,#12309);
#12308 = CARTESIAN_POINT('',(36.4,-28.4,32.));
#12309 = VECTOR('',#12310,1.);
#12310 = DIRECTION('',(0.,0.,-1.));
#12311 = PCURVE('',#5684,#12312);
#12312 = DEFINITIONAL_REPRESENTATION('',(#12313),#12317);
#12313 = LINE('',#12314,#12315);
#12314 = CARTESIAN_POINT('',(32.,-18.));
#12315 = VECTOR('',#12316,1.);
#12316 = DIRECTION('',(-1.,0.));
#12317 = ( GEOMETRIC_REPRESENTATION_CONTEXT(2) 
PARAMETRIC_REPRESENTATION_CONTEXT() REPRESENTATION_CONTEXT('2D SPACE',''
  ) );
#12318 = PCURVE('',#5768,#12319);
#12319 = DEFINITIONAL_REPRESENTATION('',(#12320),#12324);
#12320 = LINE('',#12321,#12322);
#12321 = CARTESIAN_POINT('',(5.,0.3));
#12322 = VECTOR('',#12323,1.);
#12323 = DIRECTION('',(-1.,0.));
#12324 = ( GEOMETRIC_REPRESENTATION_CONTEXT(2) 
PARAMETRIC_REPRESENTATION_CONTEXT() REPRESENTATION_CONTEXT('2D SPACE',''
  ) );
#12325 = ORIENTED_EDGE('',*,*,#12326,.F.);
#12326 = EDGE_CURVE('',#12327,#12304,#12329,.T.);
#12327 = VERTEX_POINT('',#12328);
#12328 = CARTESIAN_POINT('',(36.4,-30.8,15.));
#12329 = SURFACE_CURVE('',#12330,(#12334,#12340),.PCURVE_S1.);
#12330 = LINE('',#12331,#12332);
#12331 = CARTESIAN_POINT('',(36.4,-38.,15.));
#12332 = VECTOR('',#12333,1.);
#12333 = DIRECTION('',(0.,1.,0.));
#12334 = PCURVE('',#5684,#12335);
#12335 = DEFINITIONAL_REPRESENTATION('',(#12336),#12339);
#12336 = B_SPLINE_CURVE_WITH_KNOTS('',1,(#12337,#12338),.UNSPECIFIED.,
  .F.,.F.,(2,2),(7.2,9.6),.PIECEWISE_BEZIER_KNOTS.);
#12337 = CARTESIAN_POINT('',(15.,-15.6));
#12338 = CARTESIAN_POINT('',(15.,-18.));
#12339 = ( GEOMETRIC_REPRESENTATION_CONTEXT(2) 
PARAMETRIC_REPRESENTATION_CONTEXT() REPRESENTATION_CONTEXT('2D SPACE',''
  ) );
#12340 = PCURVE('',#12341,#12346);
#12341 = PLANE('',#12342);
#12342 = AXIS2_PLACEMENT_3D('',#12343,#12344,#12345);
#12343 = CARTESIAN_POINT('',(36.1,-29.6,14.7));
#12344 = DIRECTION('',(0.707106781187,0.,-0.707106781187));
#12345 = DIRECTION('',(0.707106781187,0.,0.707106781187));
#12346 = DEFINITIONAL_REPRESENTATION('',(#12347),#12350);
#12347 = B_SPLINE_CURVE_WITH_KNOTS('',1,(#12348,#12349),.UNSPECIFIED.,
  .F.,.F.,(2,2),(7.2,9.6),.PIECEWISE_BEZIER_KNOTS.);
#12348 = CARTESIAN_POINT('',(0.424264068712,1.2));
#12349 = CARTESIAN_POINT('',(0.424264068712,-1.2));
#12350 = ( GEOMETRIC_REPRESENTATION_CONTEXT(2) 
PARAMETRIC_REPRESENTATION_CONTEXT() REPRESENTATION_CONTEXT('2D SPACE',''
  ) );
#12351 = ORIENTED_EDGE('',*,*,#12352,.F.);
#12352 = EDGE_CURVE('',#12353,#12327,#12355,.T.);
#12353 = VERTEX_POINT('',#12354);
#12354 = CARTESIAN_POINT('',(36.4,-30.8,27.));
#12355 = SURFACE_CURVE('',#12356,(#12360,#12366),.PCURVE_S1.);
#12356 = LINE('',#12357,#12358);
#12357 = CARTESIAN_POINT('',(36.4,-30.8,11.325646647851));
#12358 = VECTOR('',#12359,1.);
#12359 = DIRECTION('',(0.,-0.,-1.));
#12360 = PCURVE('',#5684,#12361);
#12361 = DEFINITIONAL_REPRESENTATION('',(#12362),#12365);
#12362 = B_SPLINE_CURVE_WITH_KNOTS('',1,(#12363,#12364),.UNSPECIFIED.,
  .F.,.F.,(2,2),(-15.67435335214,-3.374353352149),
  .PIECEWISE_BEZIER_KNOTS.);
#12363 = CARTESIAN_POINT('',(27.,-15.6));
#12364 = CARTESIAN_POINT('',(14.7,-15.6));
#12365 = ( GEOMETRIC_REPRESENTATION_CONTEXT(2) 
PARAMETRIC_REPRESENTATION_CONTEXT() REPRESENTATION_CONTEXT('2D SPACE',''
  ) );
#12366 = PCURVE('',#12367,#12372);
#12367 = PLANE('',#12368);
#12368 = AXIS2_PLACEMENT_3D('',#12369,#12370,#12371);
#12369 = CARTESIAN_POINT('',(40.448706704297,-30.8,22.651293295703));
#12370 = DIRECTION('',(0.,-1.,0.));
#12371 = DIRECTION('',(1.,0.,0.));
#12372 = DEFINITIONAL_REPRESENTATION('',(#12373),#12376);
#12373 = B_SPLINE_CURVE_WITH_KNOTS('',1,(#12374,#12375),.UNSPECIFIED.,
  .F.,.F.,(2,2),(-15.67435335214,-3.374353352149),
  .PIECEWISE_BEZIER_KNOTS.);
#12374 = CARTESIAN_POINT('',(-4.048706704297,4.348706704297));
#12375 = CARTESIAN_POINT('',(-4.048706704297,-7.951293295703));
#12376 = ( GEOMETRIC_REPRESENTATION_CONTEXT(2) 
PARAMETRIC_REPRESENTATION_CONTEXT() REPRESENTATION_CONTEXT('2D SPACE',''
  ) );
#12377 = ORIENTED_EDGE('',*,*,#12378,.T.);
#12378 = EDGE_CURVE('',#12353,#12379,#12381,.T.);
#12379 = VERTEX_POINT('',#12380);
#12380 = CARTESIAN_POINT('',(36.4,-40.,27.));
#12381 = SURFACE_CURVE('',#12382,(#12386,#12392),.PCURVE_S1.);
#12382 = LINE('',#12383,#12384);
#12383 = CARTESIAN_POINT('',(36.4,-44.4,27.));
#12384 = VECTOR('',#12385,1.);
#12385 = DIRECTION('',(0.,-1.,0.));
#12386 = PCURVE('',#5684,#12387);
#12387 = DEFINITIONAL_REPRESENTATION('',(#12388),#12391);
#12388 = B_SPLINE_CURVE_WITH_KNOTS('',1,(#12389,#12390),.UNSPECIFIED.,
  .F.,.F.,(2,2),(-16.,-2.),.PIECEWISE_BEZIER_KNOTS.);
#12389 = CARTESIAN_POINT('',(27.,-18.));
#12390 = CARTESIAN_POINT('',(27.,-4.));
#12391 = ( GEOMETRIC_REPRESENTATION_CONTEXT(2) 
PARAMETRIC_REPRESENTATION_CONTEXT() REPRESENTATION_CONTEXT('2D SPACE',''
  ) );
#12392 = PCURVE('',#12393,#12398);
#12393 = PLANE('',#12394);
#12394 = AXIS2_PLACEMENT_3D('',#12395,#12396,#12397);
#12395 = CARTESIAN_POINT('',(36.1,-42.4,27.));
#12396 = DIRECTION('',(0.,0.,1.));
#12397 = DIRECTION('',(1.,0.,-0.));
#12398 = DEFINITIONAL_REPRESENTATION('',(#12399),#12402);
#12399 = B_SPLINE_CURVE_WITH_KNOTS('',1,(#12400,#12401),.UNSPECIFIED.,
  .F.,.F.,(2,2),(-16.,-2.),.PIECEWISE_BEZIER_KNOTS.);
#12400 = CARTESIAN_POINT('',(0.3,14.));
#12401 = CARTESIAN_POINT('',(0.3,0.));
#12402 = ( GEOMETRIC_REPRESENTATION_CONTEXT(2) 
PARAMETRIC_REPRESENTATION_CONTEXT() REPRESENTATION_CONTEXT('2D SPACE',''
  ) );
#12403 = ORIENTED_EDGE('',*,*,#12404,.T.);
#12404 = EDGE_CURVE('',#12379,#12405,#12407,.T.);
#12405 = VERTEX_POINT('',#12406);
#12406 = CARTESIAN_POINT('',(36.4,-40.,15.));
#12407 = SURFACE_CURVE('',#12408,(#12412,#12418),.PCURVE_S1.);
#12408 = LINE('',#12409,#12410);
#12409 = CARTESIAN_POINT('',(36.4,-40.,11.325646647851));
#12410 = VECTOR('',#12411,1.);
#12411 = DIRECTION('',(0.,-0.,-1.));
#12412 = PCURVE('',#5684,#12413);
#12413 = DEFINITIONAL_REPRESENTATION('',(#12414),#12417);
#12414 = B_SPLINE_CURVE_WITH_KNOTS('',1,(#12415,#12416),.UNSPECIFIED.,
  .F.,.F.,(2,2),(-15.67435335214,-3.374353352149),
  .PIECEWISE_BEZIER_KNOTS.);
#12415 = CARTESIAN_POINT('',(27.,-6.4));
#12416 = CARTESIAN_POINT('',(14.7,-6.4));
#12417 = ( GEOMETRIC_REPRESENTATION_CONTEXT(2) 
PARAMETRIC_REPRESENTATION_CONTEXT() REPRESENTATION_CONTEXT('2D SPACE',''
  ) );
#12418 = PCURVE('',#12419,#12424);
#12419 = PLANE('',#12420);
#12420 = AXIS2_PLACEMENT_3D('',#12421,#12422,#12423);
#12421 = CARTESIAN_POINT('',(40.448706704297,-40.,22.651293295703));
#12422 = DIRECTION('',(0.,-1.,0.));
#12423 = DIRECTION('',(1.,0.,0.));
#12424 = DEFINITIONAL_REPRESENTATION('',(#12425),#12428);
#12425 = B_SPLINE_CURVE_WITH_KNOTS('',1,(#12426,#12427),.UNSPECIFIED.,
  .F.,.F.,(2,2),(-15.67435335214,-3.374353352149),
  .PIECEWISE_BEZIER_KNOTS.);
#12426 = CARTESIAN_POINT('',(-4.048706704297,4.348706704297));
#12427 = CARTESIAN_POINT('',(-4.048706704297,-7.951293295703));
#12428 = ( GEOMETRIC_REPRESENTATION_CONTEXT(2) 
PARAMETRIC_REPRESENTATION_CONTEXT() REPRESENTATION_CONTEXT('2D SPACE',''
  ) );
#12429 = ORIENTED_EDGE('',*,*,#12430,.F.);
#12430 = EDGE_CURVE('',#12431,#12405,#12433,.T.);
#12431 = VERTEX_POINT('',#12432);
#12432 = CARTESIAN_POINT('',(36.4,-42.4,15.));
#12433 = SURFACE_CURVE('',#12434,(#12438,#12444),.PCURVE_S1.);
#12434 = LINE('',#12435,#12436);
#12435 = CARTESIAN_POINT('',(36.4,-43.8,15.));
#12436 = VECTOR('',#12437,1.);
#12437 = DIRECTION('',(0.,1.,0.));
#12438 = PCURVE('',#5684,#12439);
#12439 = DEFINITIONAL_REPRESENTATION('',(#12440),#12443);
#12440 = B_SPLINE_CURVE_WITH_KNOTS('',1,(#12441,#12442),.UNSPECIFIED.,
  .F.,.F.,(2,2),(1.4,3.8),.PIECEWISE_BEZIER_KNOTS.);
#12441 = CARTESIAN_POINT('',(15.,-4.));
#12442 = CARTESIAN_POINT('',(15.,-6.4));
#12443 = ( GEOMETRIC_REPRESENTATION_CONTEXT(2) 
PARAMETRIC_REPRESENTATION_CONTEXT() REPRESENTATION_CONTEXT('2D SPACE',''
  ) );
#12444 = PCURVE('',#12445,#12450);
#12445 = PLANE('',#12446);
#12446 = AXIS2_PLACEMENT_3D('',#12447,#12448,#12449);
#12447 = CARTESIAN_POINT('',(36.1,-41.2,14.7));
#12448 = DIRECTION('',(0.707106781187,0.,-0.707106781187));
#12449 = DIRECTION('',(0.707106781187,0.,0.707106781187));
#12450 = DEFINITIONAL_REPRESENTATION('',(#12451),#12454);
#12451 = B_SPLINE_CURVE_WITH_KNOTS('',1,(#12452,#12453),.UNSPECIFIED.,
  .F.,.F.,(2,2),(1.4,3.8),.PIECEWISE_BEZIER_KNOTS.);
#12452 = CARTESIAN_POINT('',(0.424264068712,1.2));
#12453 = CARTESIAN_POINT('',(0.424264068712,-1.2));
#12454 = ( GEOMETRIC_REPRESENTATION_CONTEXT(2) 
PARAMETRIC_REPRESENTATION_CONTEXT() REPRESENTATION_CONTEXT('2D SPACE',''
  ) );
#12455 = ORIENTED_EDGE('',*,*,#12456,.T.);
#12456 = EDGE_CURVE('',#12431,#5669,#12457,.T.);
#12457 = SURFACE_CURVE('',#12458,(#12462,#12469),.PCURVE_S1.);
#12458 = LINE('',#12459,#12460);
#12459 = CARTESIAN_POINT('',(36.4,-42.4,15.));
#12460 = VECTOR('',#12461,1.);
#12461 = DIRECTION('',(0.,0.,1.));
#12462 = PCURVE('',#5684,#12463);
#12463 = DEFINITIONAL_REPRESENTATION('',(#12464),#12468);
#12464 = LINE('',#12465,#12466);
#12465 = CARTESIAN_POINT('',(15.,-4.));
#12466 = VECTOR('',#12467,1.);
#12467 = DIRECTION('',(1.,0.));
#12468 = ( GEOMETRIC_REPRESENTATION_CONTEXT(2) 
PARAMETRIC_REPRESENTATION_CONTEXT() REPRESENTATION_CONTEXT('2D SPACE',''
  ) );
#12469 = PCURVE('',#5712,#12470);
#12470 = DEFINITIONAL_REPRESENTATION('',(#12471),#12475);
#12471 = LINE('',#12472,#12473);
#12472 = CARTESIAN_POINT('',(-12.,0.3));
#12473 = VECTOR('',#12474,1.);
#12474 = DIRECTION('',(1.,0.));
#12475 = ( GEOMETRIC_REPRESENTATION_CONTEXT(2) 
PARAMETRIC_REPRESENTATION_CONTEXT() REPRESENTATION_CONTEXT('2D SPACE',''
  ) );
#12476 = ORIENTED_EDGE('',*,*,#5668,.F.);
#12477 = FACE_BOUND('',#12478,.T.);
#12478 = EDGE_LOOP('',(#12479,#12502,#12530,#12551));
#12479 = ORIENTED_EDGE('',*,*,#12480,.F.);
#12480 = EDGE_CURVE('',#12481,#12483,#12485,.T.);
#12481 = VERTEX_POINT('',#12482);
#12482 = CARTESIAN_POINT('',(36.4,17.7070709193,23.99795761131));
#12483 = VERTEX_POINT('',#12484);
#12484 = CARTESIAN_POINT('',(36.4,14.917790391812,18.016326216868));
#12485 = SURFACE_CURVE('',#12486,(#12490,#12496),.PCURVE_S1.);
#12486 = LINE('',#12487,#12488);
#12487 = CARTESIAN_POINT('',(36.4,5.991595127199,-1.125961301913));
#12488 = VECTOR('',#12489,1.);
#12489 = DIRECTION('',(0.,-0.422618261741,-0.906307787037));
#12490 = PCURVE('',#5684,#12491);
#12491 = DEFINITIONAL_REPRESENTATION('',(#12492),#12495);
#12492 = B_SPLINE_CURVE_WITH_KNOTS('',1,(#12493,#12494),.UNSPECIFIED.,
  .F.,.F.,(2,2),(-27.72117736665,-21.12117736665),
  .PIECEWISE_BEZIER_KNOTS.);
#12493 = CARTESIAN_POINT('',(23.99795761131,-64.1070709193));
#12494 = CARTESIAN_POINT('',(18.016326216868,-61.31779039181));
#12495 = ( GEOMETRIC_REPRESENTATION_CONTEXT(2) 
PARAMETRIC_REPRESENTATION_CONTEXT() REPRESENTATION_CONTEXT('2D SPACE',''
  ) );
#12496 = PCURVE('',#10864,#12497);
#12497 = DEFINITIONAL_REPRESENTATION('',(#12498),#12501);
#12498 = B_SPLINE_CURVE_WITH_KNOTS('',1,(#12499,#12500),.UNSPECIFIED.,
  .F.,.F.,(2,2),(-27.72117736665,-21.12117736665),
  .PIECEWISE_BEZIER_KNOTS.);
#12499 = CARTESIAN_POINT('',(6.6,-2.9));
#12500 = CARTESIAN_POINT('',(0.,-2.9));
#12501 = ( GEOMETRIC_REPRESENTATION_CONTEXT(2) 
PARAMETRIC_REPRESENTATION_CONTEXT() REPRESENTATION_CONTEXT('2D SPACE',''
  ) );
#12502 = ORIENTED_EDGE('',*,*,#12503,.T.);
#12503 = EDGE_CURVE('',#12481,#12504,#12506,.T.);
#12504 = VERTEX_POINT('',#12505);
#12505 = CARTESIAN_POINT('',(36.4,19.882209608188,22.983673783132));
#12506 = SURFACE_CURVE('',#12507,(#12512,#12523),.PCURVE_S1.);
#12507 = CIRCLE('',#12508,1.2);
#12508 = AXIS2_PLACEMENT_3D('',#12509,#12510,#12511);
#12509 = CARTESIAN_POINT('',(36.4,18.794640263744,23.490815697221));
#12510 = DIRECTION('',(-1.,-0.,0.));
#12511 = DIRECTION('',(0.,-0.422618261741,-0.906307787037));
#12512 = PCURVE('',#5684,#12513);
#12513 = DEFINITIONAL_REPRESENTATION('',(#12514),#12522);
#12514 = ( BOUNDED_CURVE() B_SPLINE_CURVE(2,(#12515,#12516,#12517,#12518
    ,#12519,#12520,#12521),.UNSPECIFIED.,.T.,.F.) 
B_SPLINE_CURVE_WITH_KNOTS((1,2,2,2,2,1),(-2.094395102393,0.,
    2.094395102393,4.188790204786,6.28318530718,8.377580409573),
.UNSPECIFIED.) CURVE() GEOMETRIC_REPRESENTATION_ITEM() 
RATIONAL_B_SPLINE_CURVE((1.,0.5,1.,0.5,1.,0.5,1.)) REPRESENTATION_ITEM(
  '') );
#12515 = CARTESIAN_POINT('',(22.403246352777,-64.68749834965));
#12516 = CARTESIAN_POINT('',(23.281641914627,-62.80377298832));
#12517 = CARTESIAN_POINT('',(24.473798150368,-64.50634854012));
#12518 = CARTESIAN_POINT('',(25.665954386109,-66.20892409192));
#12519 = CARTESIAN_POINT('',(23.595402588518,-66.39007390145));
#12520 = CARTESIAN_POINT('',(21.524850790927,-66.57122371098));
#12521 = CARTESIAN_POINT('',(22.403246352777,-64.68749834965));
#12522 = ( GEOMETRIC_REPRESENTATION_CONTEXT(2) 
PARAMETRIC_REPRESENTATION_CONTEXT() REPRESENTATION_CONTEXT('2D SPACE',''
  ) );
#12523 = PCURVE('',#10896,#12524);
#12524 = DEFINITIONAL_REPRESENTATION('',(#12525),#12529);
#12525 = LINE('',#12526,#12527);
#12526 = CARTESIAN_POINT('',(0.,-2.9));
#12527 = VECTOR('',#12528,1.);
#12528 = DIRECTION('',(1.,0.));
#12529 = ( GEOMETRIC_REPRESENTATION_CONTEXT(2) 
PARAMETRIC_REPRESENTATION_CONTEXT() REPRESENTATION_CONTEXT('2D SPACE',''
  ) );
#12530 = ORIENTED_EDGE('',*,*,#12531,.T.);
#12531 = EDGE_CURVE('',#12504,#12532,#12534,.T.);
#12532 = VERTEX_POINT('',#12533);
#12533 = CARTESIAN_POINT('',(36.4,17.0929290807,17.00204238869));
#12534 = SURFACE_CURVE('',#12535,(#12539,#12545),.PCURVE_S1.);
#12535 = LINE('',#12536,#12537);
#12536 = CARTESIAN_POINT('',(36.4,8.86405394796,-0.64483728148));
#12537 = VECTOR('',#12538,1.);
#12538 = DIRECTION('',(0.,-0.422618261741,-0.906307787037));
#12539 = PCURVE('',#5684,#12540);
#12540 = DEFINITIONAL_REPRESENTATION('',(#12541),#12544);
#12541 = B_SPLINE_CURVE_WITH_KNOTS('',1,(#12542,#12543),.UNSPECIFIED.,
  .F.,.F.,(2,2),(-26.07117736665,-19.47117736665),
  .PIECEWISE_BEZIER_KNOTS.);
#12542 = CARTESIAN_POINT('',(22.983673783132,-66.28220960818));
#12543 = CARTESIAN_POINT('',(17.00204238869,-63.4929290807));
#12544 = ( GEOMETRIC_REPRESENTATION_CONTEXT(2) 
PARAMETRIC_REPRESENTATION_CONTEXT() REPRESENTATION_CONTEXT('2D SPACE',''
  ) );
#12545 = PCURVE('',#10923,#12546);
#12546 = DEFINITIONAL_REPRESENTATION('',(#12547),#12550);
#12547 = B_SPLINE_CURVE_WITH_KNOTS('',1,(#12548,#12549),.UNSPECIFIED.,
  .F.,.F.,(2,2),(-26.07117736665,-19.47117736665),
  .PIECEWISE_BEZIER_KNOTS.);
#12548 = CARTESIAN_POINT('',(3.3,-2.9));
#12549 = CARTESIAN_POINT('',(-3.3,-2.9));
#12550 = ( GEOMETRIC_REPRESENTATION_CONTEXT(2) 
PARAMETRIC_REPRESENTATION_CONTEXT() REPRESENTATION_CONTEXT('2D SPACE',''
  ) );
#12551 = ORIENTED_EDGE('',*,*,#12552,.T.);
#12552 = EDGE_CURVE('',#12532,#12483,#12553,.T.);
#12553 = SURFACE_CURVE('',#12554,(#12559,#12570),.PCURVE_S1.);
#12554 = CIRCLE('',#12555,1.2);
#12555 = AXIS2_PLACEMENT_3D('',#12556,#12557,#12558);
#12556 = CARTESIAN_POINT('',(36.4,16.005359736256,17.509184302779));
#12557 = DIRECTION('',(-1.,0.,0.));
#12558 = DIRECTION('',(0.,0.422618261741,0.906307787037));
#12559 = PCURVE('',#5684,#12560);
#12560 = DEFINITIONAL_REPRESENTATION('',(#12561),#12569);
#12561 = ( BOUNDED_CURVE() B_SPLINE_CURVE(2,(#12562,#12563,#12564,#12565
    ,#12566,#12567,#12568),.UNSPECIFIED.,.T.,.F.) 
B_SPLINE_CURVE_WITH_KNOTS((1,2,2,2,2,1),(-2.094395102393,0.,
    2.094395102393,4.188790204786,6.28318530718,8.377580409573),
.UNSPECIFIED.) CURVE() GEOMETRIC_REPRESENTATION_ITEM() 
RATIONAL_B_SPLINE_CURVE((1.,0.5,1.,0.5,1.,0.5,1.)) REPRESENTATION_ITEM(
  '') );
#12562 = CARTESIAN_POINT('',(18.596753647223,-62.91250165034));
#12563 = CARTESIAN_POINT('',(17.718358085373,-64.79622701167));
#12564 = CARTESIAN_POINT('',(16.526201849632,-63.09365145987));
#12565 = CARTESIAN_POINT('',(15.334045613891,-61.39107590807));
#12566 = CARTESIAN_POINT('',(17.404597411482,-61.20992609854));
#12567 = CARTESIAN_POINT('',(19.475149209073,-61.02877628901));
#12568 = CARTESIAN_POINT('',(18.596753647223,-62.91250165034));
#12569 = ( GEOMETRIC_REPRESENTATION_CONTEXT(2) 
PARAMETRIC_REPRESENTATION_CONTEXT() REPRESENTATION_CONTEXT('2D SPACE',''
  ) );
#12570 = PCURVE('',#10953,#12571);
#12571 = DEFINITIONAL_REPRESENTATION('',(#12572),#12576);
#12572 = LINE('',#12573,#12574);
#12573 = CARTESIAN_POINT('',(0.,-2.9));
#12574 = VECTOR('',#12575,1.);
#12575 = DIRECTION('',(1.,0.));
#12576 = ( GEOMETRIC_REPRESENTATION_CONTEXT(2) 
PARAMETRIC_REPRESENTATION_CONTEXT() REPRESENTATION_CONTEXT('2D SPACE',''
  ) );
#12577 = FACE_BOUND('',#12578,.T.);
#12578 = EDGE_LOOP('',(#12579,#12602,#12630,#12651));
#12579 = ORIENTED_EDGE('',*,*,#12580,.F.);
#12580 = EDGE_CURVE('',#12581,#12583,#12585,.T.);
#12581 = VERTEX_POINT('',#12582);
#12582 = CARTESIAN_POINT('',(36.4,11.9070709193,23.99795761131));
#12583 = VERTEX_POINT('',#12584);
#12584 = CARTESIAN_POINT('',(36.4,9.117790391812,18.016326216868));
#12585 = SURFACE_CURVE('',#12586,(#12590,#12596),.PCURVE_S1.);
#12586 = LINE('',#12587,#12588);
#12587 = CARTESIAN_POINT('',(36.4,0.709553093154,-1.519685939033E-02));
#12588 = VECTOR('',#12589,1.);
#12589 = DIRECTION('',(0.,-0.422618261741,-0.906307787037));
#12590 = PCURVE('',#5684,#12591);
#12591 = DEFINITIONAL_REPRESENTATION('',(#12592),#12595);
#12592 = B_SPLINE_CURVE_WITH_KNOTS('',1,(#12593,#12594),.UNSPECIFIED.,
  .F.,.F.,(2,2),(-26.4955844076,-19.8955844076),
  .PIECEWISE_BEZIER_KNOTS.);
#12593 = CARTESIAN_POINT('',(23.99795761131,-58.3070709193));
#12594 = CARTESIAN_POINT('',(18.016326216868,-55.51779039181));
#12595 = ( GEOMETRIC_REPRESENTATION_CONTEXT(2) 
PARAMETRIC_REPRESENTATION_CONTEXT() REPRESENTATION_CONTEXT('2D SPACE',''
  ) );
#12596 = PCURVE('',#10984,#12597);
#12597 = DEFINITIONAL_REPRESENTATION('',(#12598),#12601);
#12598 = B_SPLINE_CURVE_WITH_KNOTS('',1,(#12599,#12600),.UNSPECIFIED.,
  .F.,.F.,(2,2),(-26.4955844076,-19.8955844076),
  .PIECEWISE_BEZIER_KNOTS.);
#12599 = CARTESIAN_POINT('',(6.6,-2.9));
#12600 = CARTESIAN_POINT('',(0.,-2.9));
#12601 = ( GEOMETRIC_REPRESENTATION_CONTEXT(2) 
PARAMETRIC_REPRESENTATION_CONTEXT() REPRESENTATION_CONTEXT('2D SPACE',''
  ) );
#12602 = ORIENTED_EDGE('',*,*,#12603,.T.);
#12603 = EDGE_CURVE('',#12581,#12604,#12606,.T.);
#12604 = VERTEX_POINT('',#12605);
#12605 = CARTESIAN_POINT('',(36.4,14.082209608188,22.983673783132));
#12606 = SURFACE_CURVE('',#12607,(#12612,#12623),.PCURVE_S1.);
#12607 = CIRCLE('',#12608,1.2);
#12608 = AXIS2_PLACEMENT_3D('',#12609,#12610,#12611);
#12609 = CARTESIAN_POINT('',(36.4,12.994640263744,23.490815697221));
#12610 = DIRECTION('',(-1.,-0.,0.));
#12611 = DIRECTION('',(0.,-0.422618261741,-0.906307787037));
#12612 = PCURVE('',#5684,#12613);
#12613 = DEFINITIONAL_REPRESENTATION('',(#12614),#12622);
#12614 = ( BOUNDED_CURVE() B_SPLINE_CURVE(2,(#12615,#12616,#12617,#12618
    ,#12619,#12620,#12621),.UNSPECIFIED.,.T.,.F.) 
B_SPLINE_CURVE_WITH_KNOTS((1,2,2,2,2,1),(-2.094395102393,0.,
    2.094395102393,4.188790204786,6.28318530718,8.377580409573),
.UNSPECIFIED.) CURVE() GEOMETRIC_REPRESENTATION_ITEM() 
RATIONAL_B_SPLINE_CURVE((1.,0.5,1.,0.5,1.,0.5,1.)) REPRESENTATION_ITEM(
  '') );
#12615 = CARTESIAN_POINT('',(22.403246352777,-58.88749834965));
#12616 = CARTESIAN_POINT('',(23.281641914627,-57.00377298832));
#12617 = CARTESIAN_POINT('',(24.473798150368,-58.70634854012));
#12618 = CARTESIAN_POINT('',(25.665954386109,-60.40892409192));
#12619 = CARTESIAN_POINT('',(23.595402588518,-60.59007390145));
#12620 = CARTESIAN_POINT('',(21.524850790927,-60.77122371098));
#12621 = CARTESIAN_POINT('',(22.403246352777,-58.88749834965));
#12622 = ( GEOMETRIC_REPRESENTATION_CONTEXT(2) 
PARAMETRIC_REPRESENTATION_CONTEXT() REPRESENTATION_CONTEXT('2D SPACE',''
  ) );
#12623 = PCURVE('',#11016,#12624);
#12624 = DEFINITIONAL_REPRESENTATION('',(#12625),#12629);
#12625 = LINE('',#12626,#12627);
#12626 = CARTESIAN_POINT('',(0.,-2.9));
#12627 = VECTOR('',#12628,1.);
#12628 = DIRECTION('',(1.,0.));
#12629 = ( GEOMETRIC_REPRESENTATION_CONTEXT(2) 
PARAMETRIC_REPRESENTATION_CONTEXT() REPRESENTATION_CONTEXT('2D SPACE',''
  ) );
#12630 = ORIENTED_EDGE('',*,*,#12631,.T.);
#12631 = EDGE_CURVE('',#12604,#12632,#12634,.T.);
#12632 = VERTEX_POINT('',#12633);
#12633 = CARTESIAN_POINT('',(36.4,11.2929290807,17.00204238869));
#12634 = SURFACE_CURVE('',#12635,(#12639,#12645),.PCURVE_S1.);
#12635 = LINE('',#12636,#12637);
#12636 = CARTESIAN_POINT('',(36.4,3.582011913914,0.465927161042));
#12637 = VECTOR('',#12638,1.);
#12638 = DIRECTION('',(0.,-0.422618261741,-0.906307787037));
#12639 = PCURVE('',#5684,#12640);
#12640 = DEFINITIONAL_REPRESENTATION('',(#12641),#12644);
#12641 = B_SPLINE_CURVE_WITH_KNOTS('',1,(#12642,#12643),.UNSPECIFIED.,
  .F.,.F.,(2,2),(-24.8455844076,-18.2455844076),
  .PIECEWISE_BEZIER_KNOTS.);
#12642 = CARTESIAN_POINT('',(22.983673783132,-60.48220960818));
#12643 = CARTESIAN_POINT('',(17.00204238869,-57.6929290807));
#12644 = ( GEOMETRIC_REPRESENTATION_CONTEXT(2) 
PARAMETRIC_REPRESENTATION_CONTEXT() REPRESENTATION_CONTEXT('2D SPACE',''
  ) );
#12645 = PCURVE('',#11043,#12646);
#12646 = DEFINITIONAL_REPRESENTATION('',(#12647),#12650);
#12647 = B_SPLINE_CURVE_WITH_KNOTS('',1,(#12648,#12649),.UNSPECIFIED.,
  .F.,.F.,(2,2),(-24.8455844076,-18.2455844076),
  .PIECEWISE_BEZIER_KNOTS.);
#12648 = CARTESIAN_POINT('',(3.3,-2.9));
#12649 = CARTESIAN_POINT('',(-3.3,-2.9));
#12650 = ( GEOMETRIC_REPRESENTATION_CONTEXT(2) 
PARAMETRIC_REPRESENTATION_CONTEXT() REPRESENTATION_CONTEXT('2D SPACE',''
  ) );
#12651 = ORIENTED_EDGE('',*,*,#12652,.T.);
#12652 = EDGE_CURVE('',#12632,#12583,#12653,.T.);
#12653 = SURFACE_CURVE('',#12654,(#12659,#12670),.PCURVE_S1.);
#12654 = CIRCLE('',#12655,1.2);
#12655 = AXIS2_PLACEMENT_3D('',#12656,#12657,#12658);
#12656 = CARTESIAN_POINT('',(36.4,10.205359736256,17.509184302779));
#12657 = DIRECTION('',(-1.,0.,0.));
#12658 = DIRECTION('',(0.,0.422618261741,0.906307787037));
#12659 = PCURVE('',#5684,#12660);
#12660 = DEFINITIONAL_REPRESENTATION('',(#12661),#12669);
#12661 = ( BOUNDED_CURVE() B_SPLINE_CURVE(2,(#12662,#12663,#12664,#12665
    ,#12666,#12667,#12668),.UNSPECIFIED.,.T.,.F.) 
B_SPLINE_CURVE_WITH_KNOTS((1,2,2,2,2,1),(-2.094395102393,0.,
    2.094395102393,4.188790204786,6.28318530718,8.377580409573),
.UNSPECIFIED.) CURVE() GEOMETRIC_REPRESENTATION_ITEM() 
RATIONAL_B_SPLINE_CURVE((1.,0.5,1.,0.5,1.,0.5,1.)) REPRESENTATION_ITEM(
  '') );
#12662 = CARTESIAN_POINT('',(18.596753647223,-57.11250165034));
#12663 = CARTESIAN_POINT('',(17.718358085373,-58.99622701167));
#12664 = CARTESIAN_POINT('',(16.526201849632,-57.29365145987));
#12665 = CARTESIAN_POINT('',(15.334045613891,-55.59107590807));
#12666 = CARTESIAN_POINT('',(17.404597411482,-55.40992609854));
#12667 = CARTESIAN_POINT('',(19.475149209073,-55.22877628901));
#12668 = CARTESIAN_POINT('',(18.596753647223,-57.11250165034));
#12669 = ( GEOMETRIC_REPRESENTATION_CONTEXT(2) 
PARAMETRIC_REPRESENTATION_CONTEXT() REPRESENTATION_CONTEXT('2D SPACE',''
  ) );
#12670 = PCURVE('',#11073,#12671);
#12671 = DEFINITIONAL_REPRESENTATION('',(#12672),#12676);
#12672 = LINE('',#12673,#12674);
#12673 = CARTESIAN_POINT('',(0.,-2.9));
#12674 = VECTOR('',#12675,1.);
#12675 = DIRECTION('',(1.,0.));
#12676 = ( GEOMETRIC_REPRESENTATION_CONTEXT(2) 
PARAMETRIC_REPRESENTATION_CONTEXT() REPRESENTATION_CONTEXT('2D SPACE',''
  ) );
#12677 = FACE_BOUND('',#12678,.T.);
#12678 = EDGE_LOOP('',(#12679,#12702,#12730,#12751));
#12679 = ORIENTED_EDGE('',*,*,#12680,.F.);
#12680 = EDGE_CURVE('',#12681,#12683,#12685,.T.);
#12681 = VERTEX_POINT('',#12682);
#12682 = CARTESIAN_POINT('',(36.4,6.1070709193,23.99795761131));
#12683 = VERTEX_POINT('',#12684);
#12684 = CARTESIAN_POINT('',(36.4,3.317790391812,18.016326216868));
#12685 = SURFACE_CURVE('',#12686,(#12690,#12696),.PCURVE_S1.);
#12686 = LINE('',#12687,#12688);
#12687 = CARTESIAN_POINT('',(36.4,-4.572488940892,1.095567583132));
#12688 = VECTOR('',#12689,1.);
#12689 = DIRECTION('',(0.,-0.422618261741,-0.906307787037));
#12690 = PCURVE('',#5684,#12691);
#12691 = DEFINITIONAL_REPRESENTATION('',(#12692),#12695);
#12692 = B_SPLINE_CURVE_WITH_KNOTS('',1,(#12693,#12694),.UNSPECIFIED.,
  .F.,.F.,(2,2),(-25.26999144855,-18.66999144855),
  .PIECEWISE_BEZIER_KNOTS.);
#12693 = CARTESIAN_POINT('',(23.99795761131,-52.5070709193));
#12694 = CARTESIAN_POINT('',(18.016326216868,-49.71779039181));
#12695 = ( GEOMETRIC_REPRESENTATION_CONTEXT(2) 
PARAMETRIC_REPRESENTATION_CONTEXT() REPRESENTATION_CONTEXT('2D SPACE',''
  ) );
#12696 = PCURVE('',#11104,#12697);
#12697 = DEFINITIONAL_REPRESENTATION('',(#12698),#12701);
#12698 = B_SPLINE_CURVE_WITH_KNOTS('',1,(#12699,#12700),.UNSPECIFIED.,
  .F.,.F.,(2,2),(-25.26999144855,-18.66999144855),
  .PIECEWISE_BEZIER_KNOTS.);
#12699 = CARTESIAN_POINT('',(6.6,-2.9));
#12700 = CARTESIAN_POINT('',(0.,-2.9));
#12701 = ( GEOMETRIC_REPRESENTATION_CONTEXT(2) 
PARAMETRIC_REPRESENTATION_CONTEXT() REPRESENTATION_CONTEXT('2D SPACE',''
  ) );
#12702 = ORIENTED_EDGE('',*,*,#12703,.T.);
#12703 = EDGE_CURVE('',#12681,#12704,#12706,.T.);
#12704 = VERTEX_POINT('',#12705);
#12705 = CARTESIAN_POINT('',(36.4,8.282209608188,22.983673783132));
#12706 = SURFACE_CURVE('',#12707,(#12712,#12723),.PCURVE_S1.);
#12707 = CIRCLE('',#12708,1.2);
#12708 = AXIS2_PLACEMENT_3D('',#12709,#12710,#12711);
#12709 = CARTESIAN_POINT('',(36.4,7.194640263744,23.490815697221));
#12710 = DIRECTION('',(-1.,-0.,0.));
#12711 = DIRECTION('',(0.,-0.422618261741,-0.906307787037));
#12712 = PCURVE('',#5684,#12713);
#12713 = DEFINITIONAL_REPRESENTATION('',(#12714),#12722);
#12714 = ( BOUNDED_CURVE() B_SPLINE_CURVE(2,(#12715,#12716,#12717,#12718
    ,#12719,#12720,#12721),.UNSPECIFIED.,.T.,.F.) 
B_SPLINE_CURVE_WITH_KNOTS((1,2,2,2,2,1),(-2.094395102393,0.,
    2.094395102393,4.188790204786,6.28318530718,8.377580409573),
.UNSPECIFIED.) CURVE() GEOMETRIC_REPRESENTATION_ITEM() 
RATIONAL_B_SPLINE_CURVE((1.,0.5,1.,0.5,1.,0.5,1.)) REPRESENTATION_ITEM(
  '') );
#12715 = CARTESIAN_POINT('',(22.403246352777,-53.08749834965));
#12716 = CARTESIAN_POINT('',(23.281641914627,-51.20377298832));
#12717 = CARTESIAN_POINT('',(24.473798150368,-52.90634854012));
#12718 = CARTESIAN_POINT('',(25.665954386109,-54.60892409192));
#12719 = CARTESIAN_POINT('',(23.595402588518,-54.79007390145));
#12720 = CARTESIAN_POINT('',(21.524850790927,-54.97122371098));
#12721 = CARTESIAN_POINT('',(22.403246352777,-53.08749834965));
#12722 = ( GEOMETRIC_REPRESENTATION_CONTEXT(2) 
PARAMETRIC_REPRESENTATION_CONTEXT() REPRESENTATION_CONTEXT('2D SPACE',''
  ) );
#12723 = PCURVE('',#11136,#12724);
#12724 = DEFINITIONAL_REPRESENTATION('',(#12725),#12729);
#12725 = LINE('',#12726,#12727);
#12726 = CARTESIAN_POINT('',(0.,-2.9));
#12727 = VECTOR('',#12728,1.);
#12728 = DIRECTION('',(1.,0.));
#12729 = ( GEOMETRIC_REPRESENTATION_CONTEXT(2) 
PARAMETRIC_REPRESENTATION_CONTEXT() REPRESENTATION_CONTEXT('2D SPACE',''
  ) );
#12730 = ORIENTED_EDGE('',*,*,#12731,.T.);
#12731 = EDGE_CURVE('',#12704,#12732,#12734,.T.);
#12732 = VERTEX_POINT('',#12733);
#12733 = CARTESIAN_POINT('',(36.4,5.4929290807,17.00204238869));
#12734 = SURFACE_CURVE('',#12735,(#12739,#12745),.PCURVE_S1.);
#12735 = LINE('',#12736,#12737);
#12736 = CARTESIAN_POINT('',(36.4,-1.700030120131,1.576691603565));
#12737 = VECTOR('',#12738,1.);
#12738 = DIRECTION('',(0.,-0.422618261741,-0.906307787037));
#12739 = PCURVE('',#5684,#12740);
#12740 = DEFINITIONAL_REPRESENTATION('',(#12741),#12744);
#12741 = B_SPLINE_CURVE_WITH_KNOTS('',1,(#12742,#12743),.UNSPECIFIED.,
  .F.,.F.,(2,2),(-23.61999144855,-17.01999144855),
  .PIECEWISE_BEZIER_KNOTS.);
#12742 = CARTESIAN_POINT('',(22.983673783132,-54.68220960818));
#12743 = CARTESIAN_POINT('',(17.00204238869,-51.8929290807));
#12744 = ( GEOMETRIC_REPRESENTATION_CONTEXT(2) 
PARAMETRIC_REPRESENTATION_CONTEXT() REPRESENTATION_CONTEXT('2D SPACE',''
  ) );
#12745 = PCURVE('',#11163,#12746);
#12746 = DEFINITIONAL_REPRESENTATION('',(#12747),#12750);
#12747 = B_SPLINE_CURVE_WITH_KNOTS('',1,(#12748,#12749),.UNSPECIFIED.,
  .F.,.F.,(2,2),(-23.61999144855,-17.01999144855),
  .PIECEWISE_BEZIER_KNOTS.);
#12748 = CARTESIAN_POINT('',(3.3,-2.9));
#12749 = CARTESIAN_POINT('',(-3.3,-2.9));
#12750 = ( GEOMETRIC_REPRESENTATION_CONTEXT(2) 
PARAMETRIC_REPRESENTATION_CONTEXT() REPRESENTATION_CONTEXT('2D SPACE',''
  ) );
#12751 = ORIENTED_EDGE('',*,*,#12752,.T.);
#12752 = EDGE_CURVE('',#12732,#12683,#12753,.T.);
#12753 = SURFACE_CURVE('',#12754,(#12759,#12770),.PCURVE_S1.);
#12754 = CIRCLE('',#12755,1.2);
#12755 = AXIS2_PLACEMENT_3D('',#12756,#12757,#12758);
#12756 = CARTESIAN_POINT('',(36.4,4.405359736256,17.509184302779));
#12757 = DIRECTION('',(-1.,0.,0.));
#12758 = DIRECTION('',(0.,0.422618261741,0.906307787037));
#12759 = PCURVE('',#5684,#12760);
#12760 = DEFINITIONAL_REPRESENTATION('',(#12761),#12769);
#12761 = ( BOUNDED_CURVE() B_SPLINE_CURVE(2,(#12762,#12763,#12764,#12765
    ,#12766,#12767,#12768),.UNSPECIFIED.,.T.,.F.) 
B_SPLINE_CURVE_WITH_KNOTS((1,2,2,2,2,1),(-2.094395102393,0.,
    2.094395102393,4.188790204786,6.28318530718,8.377580409573),
.UNSPECIFIED.) CURVE() GEOMETRIC_REPRESENTATION_ITEM() 
RATIONAL_B_SPLINE_CURVE((1.,0.5,1.,0.5,1.,0.5,1.)) REPRESENTATION_ITEM(
  '') );
#12762 = CARTESIAN_POINT('',(18.596753647223,-51.31250165034));
#12763 = CARTESIAN_POINT('',(17.718358085373,-53.19622701167));
#12764 = CARTESIAN_POINT('',(16.526201849632,-51.49365145987));
#12765 = CARTESIAN_POINT('',(15.334045613891,-49.79107590807));
#12766 = CARTESIAN_POINT('',(17.404597411482,-49.60992609854));
#12767 = CARTESIAN_POINT('',(19.475149209073,-49.42877628901));
#12768 = CARTESIAN_POINT('',(18.596753647223,-51.31250165034));
#12769 = ( GEOMETRIC_REPRESENTATION_CONTEXT(2) 
PARAMETRIC_REPRESENTATION_CONTEXT() REPRESENTATION_CONTEXT('2D SPACE',''
  ) );
#12770 = PCURVE('',#11193,#12771);
#12771 = DEFINITIONAL_REPRESENTATION('',(#12772),#12776);
#12772 = LINE('',#12773,#12774);
#12773 = CARTESIAN_POINT('',(0.,-2.9));
#12774 = VECTOR('',#12775,1.);
#12775 = DIRECTION('',(1.,0.));
#12776 = ( GEOMETRIC_REPRESENTATION_CONTEXT(2) 
PARAMETRIC_REPRESENTATION_CONTEXT() REPRESENTATION_CONTEXT('2D SPACE',''
  ) );
#12777 = FACE_BOUND('',#12778,.T.);
#12778 = EDGE_LOOP('',(#12779,#12802,#12830,#12851));
#12779 = ORIENTED_EDGE('',*,*,#12780,.F.);
#12780 = EDGE_CURVE('',#12781,#12783,#12785,.T.);
#12781 = VERTEX_POINT('',#12782);
#12782 = CARTESIAN_POINT('',(36.4,0.3070709193,23.99795761131));
#12783 = VERTEX_POINT('',#12784);
#12784 = CARTESIAN_POINT('',(36.4,-2.482209608188,18.016326216868));
#12785 = SURFACE_CURVE('',#12786,(#12790,#12796),.PCURVE_S1.);
#12786 = LINE('',#12787,#12788);
#12787 = CARTESIAN_POINT('',(36.4,-9.854530974937,2.206332025655));
#12788 = VECTOR('',#12789,1.);
#12789 = DIRECTION('',(0.,-0.422618261741,-0.906307787037));
#12790 = PCURVE('',#5684,#12791);
#12791 = DEFINITIONAL_REPRESENTATION('',(#12792),#12795);
#12792 = B_SPLINE_CURVE_WITH_KNOTS('',1,(#12793,#12794),.UNSPECIFIED.,
  .F.,.F.,(2,2),(-24.04439848951,-17.44439848951),
  .PIECEWISE_BEZIER_KNOTS.);
#12793 = CARTESIAN_POINT('',(23.99795761131,-46.7070709193));
#12794 = CARTESIAN_POINT('',(18.016326216868,-43.91779039181));
#12795 = ( GEOMETRIC_REPRESENTATION_CONTEXT(2) 
PARAMETRIC_REPRESENTATION_CONTEXT() REPRESENTATION_CONTEXT('2D SPACE',''
  ) );
#12796 = PCURVE('',#11224,#12797);
#12797 = DEFINITIONAL_REPRESENTATION('',(#12798),#12801);
#12798 = B_SPLINE_CURVE_WITH_KNOTS('',1,(#12799,#12800),.UNSPECIFIED.,
  .F.,.F.,(2,2),(-24.04439848951,-17.44439848951),
  .PIECEWISE_BEZIER_KNOTS.);
#12799 = CARTESIAN_POINT('',(6.6,-2.9));
#12800 = CARTESIAN_POINT('',(0.,-2.9));
#12801 = ( GEOMETRIC_REPRESENTATION_CONTEXT(2) 
PARAMETRIC_REPRESENTATION_CONTEXT() REPRESENTATION_CONTEXT('2D SPACE',''
  ) );
#12802 = ORIENTED_EDGE('',*,*,#12803,.T.);
#12803 = EDGE_CURVE('',#12781,#12804,#12806,.T.);
#12804 = VERTEX_POINT('',#12805);
#12805 = CARTESIAN_POINT('',(36.4,2.482209608188,22.983673783132));
#12806 = SURFACE_CURVE('',#12807,(#12812,#12823),.PCURVE_S1.);
#12807 = CIRCLE('',#12808,1.2);
#12808 = AXIS2_PLACEMENT_3D('',#12809,#12810,#12811);
#12809 = CARTESIAN_POINT('',(36.4,1.394640263744,23.490815697221));
#12810 = DIRECTION('',(-1.,-0.,0.));
#12811 = DIRECTION('',(0.,-0.422618261741,-0.906307787037));
#12812 = PCURVE('',#5684,#12813);
#12813 = DEFINITIONAL_REPRESENTATION('',(#12814),#12822);
#12814 = ( BOUNDED_CURVE() B_SPLINE_CURVE(2,(#12815,#12816,#12817,#12818
    ,#12819,#12820,#12821),.UNSPECIFIED.,.T.,.F.) 
B_SPLINE_CURVE_WITH_KNOTS((1,2,2,2,2,1),(-2.094395102393,0.,
    2.094395102393,4.188790204786,6.28318530718,8.377580409573),
.UNSPECIFIED.) CURVE() GEOMETRIC_REPRESENTATION_ITEM() 
RATIONAL_B_SPLINE_CURVE((1.,0.5,1.,0.5,1.,0.5,1.)) REPRESENTATION_ITEM(
  '') );
#12815 = CARTESIAN_POINT('',(22.403246352777,-47.28749834965));
#12816 = CARTESIAN_POINT('',(23.281641914627,-45.40377298832));
#12817 = CARTESIAN_POINT('',(24.473798150368,-47.10634854012));
#12818 = CARTESIAN_POINT('',(25.665954386109,-48.80892409192));
#12819 = CARTESIAN_POINT('',(23.595402588518,-48.99007390145));
#12820 = CARTESIAN_POINT('',(21.524850790927,-49.17122371098));
#12821 = CARTESIAN_POINT('',(22.403246352777,-47.28749834965));
#12822 = ( GEOMETRIC_REPRESENTATION_CONTEXT(2) 
PARAMETRIC_REPRESENTATION_CONTEXT() REPRESENTATION_CONTEXT('2D SPACE',''
  ) );
#12823 = PCURVE('',#11256,#12824);
#12824 = DEFINITIONAL_REPRESENTATION('',(#12825),#12829);
#12825 = LINE('',#12826,#12827);
#12826 = CARTESIAN_POINT('',(0.,-2.9));
#12827 = VECTOR('',#12828,1.);
#12828 = DIRECTION('',(1.,0.));
#12829 = ( GEOMETRIC_REPRESENTATION_CONTEXT(2) 
PARAMETRIC_REPRESENTATION_CONTEXT() REPRESENTATION_CONTEXT('2D SPACE',''
  ) );
#12830 = ORIENTED_EDGE('',*,*,#12831,.T.);
#12831 = EDGE_CURVE('',#12804,#12832,#12834,.T.);
#12832 = VERTEX_POINT('',#12833);
#12833 = CARTESIAN_POINT('',(36.4,-0.3070709193,17.00204238869));
#12834 = SURFACE_CURVE('',#12835,(#12839,#12845),.PCURVE_S1.);
#12835 = LINE('',#12836,#12837);
#12836 = CARTESIAN_POINT('',(36.4,-6.982072154177,2.687456046088));
#12837 = VECTOR('',#12838,1.);
#12838 = DIRECTION('',(0.,-0.422618261741,-0.906307787037));
#12839 = PCURVE('',#5684,#12840);
#12840 = DEFINITIONAL_REPRESENTATION('',(#12841),#12844);
#12841 = B_SPLINE_CURVE_WITH_KNOTS('',1,(#12842,#12843),.UNSPECIFIED.,
  .F.,.F.,(2,2),(-22.39439848951,-15.79439848951),
  .PIECEWISE_BEZIER_KNOTS.);
#12842 = CARTESIAN_POINT('',(22.983673783132,-48.88220960818));
#12843 = CARTESIAN_POINT('',(17.00204238869,-46.0929290807));
#12844 = ( GEOMETRIC_REPRESENTATION_CONTEXT(2) 
PARAMETRIC_REPRESENTATION_CONTEXT() REPRESENTATION_CONTEXT('2D SPACE',''
  ) );
#12845 = PCURVE('',#11283,#12846);
#12846 = DEFINITIONAL_REPRESENTATION('',(#12847),#12850);
#12847 = B_SPLINE_CURVE_WITH_KNOTS('',1,(#12848,#12849),.UNSPECIFIED.,
  .F.,.F.,(2,2),(-22.39439848951,-15.79439848951),
  .PIECEWISE_BEZIER_KNOTS.);
#12848 = CARTESIAN_POINT('',(3.3,-2.9));
#12849 = CARTESIAN_POINT('',(-3.3,-2.9));
#12850 = ( GEOMETRIC_REPRESENTATION_CONTEXT(2) 
PARAMETRIC_REPRESENTATION_CONTEXT() REPRESENTATION_CONTEXT('2D SPACE',''
  ) );
#12851 = ORIENTED_EDGE('',*,*,#12852,.T.);
#12852 = EDGE_CURVE('',#12832,#12783,#12853,.T.);
#12853 = SURFACE_CURVE('',#12854,(#12859,#12870),.PCURVE_S1.);
#12854 = CIRCLE('',#12855,1.2);
#12855 = AXIS2_PLACEMENT_3D('',#12856,#12857,#12858);
#12856 = CARTESIAN_POINT('',(36.4,-1.394640263744,17.509184302779));
#12857 = DIRECTION('',(-1.,0.,0.));
#12858 = DIRECTION('',(0.,0.422618261741,0.906307787037));
#12859 = PCURVE('',#5684,#12860);
#12860 = DEFINITIONAL_REPRESENTATION('',(#12861),#12869);
#12861 = ( BOUNDED_CURVE() B_SPLINE_CURVE(2,(#12862,#12863,#12864,#12865
    ,#12866,#12867,#12868),.UNSPECIFIED.,.T.,.F.) 
B_SPLINE_CURVE_WITH_KNOTS((1,2,2,2,2,1),(-2.094395102393,0.,
    2.094395102393,4.188790204786,6.28318530718,8.377580409573),
.UNSPECIFIED.) CURVE() GEOMETRIC_REPRESENTATION_ITEM() 
RATIONAL_B_SPLINE_CURVE((1.,0.5,1.,0.5,1.,0.5,1.)) REPRESENTATION_ITEM(
  '') );
#12862 = CARTESIAN_POINT('',(18.596753647223,-45.51250165034));
#12863 = CARTESIAN_POINT('',(17.718358085373,-47.39622701167));
#12864 = CARTESIAN_POINT('',(16.526201849632,-45.69365145987));
#12865 = CARTESIAN_POINT('',(15.334045613891,-43.99107590807));
#12866 = CARTESIAN_POINT('',(17.404597411482,-43.80992609854));
#12867 = CARTESIAN_POINT('',(19.475149209073,-43.62877628901));
#12868 = CARTESIAN_POINT('',(18.596753647223,-45.51250165034));
#12869 = ( GEOMETRIC_REPRESENTATION_CONTEXT(2) 
PARAMETRIC_REPRESENTATION_CONTEXT() REPRESENTATION_CONTEXT('2D SPACE',''
  ) );
#12870 = PCURVE('',#11313,#12871);
#12871 = DEFINITIONAL_REPRESENTATION('',(#12872),#12876);
#12872 = LINE('',#12873,#12874);
#12873 = CARTESIAN_POINT('',(0.,-2.9));
#12874 = VECTOR('',#12875,1.);
#12875 = DIRECTION('',(1.,0.));
#12876 = ( GEOMETRIC_REPRESENTATION_CONTEXT(2) 
PARAMETRIC_REPRESENTATION_CONTEXT() REPRESENTATION_CONTEXT('2D SPACE',''
  ) );
#12877 = FACE_BOUND('',#12878,.T.);
#12878 = EDGE_LOOP('',(#12879,#12902,#12930,#12951));
#12879 = ORIENTED_EDGE('',*,*,#12880,.F.);
#12880 = EDGE_CURVE('',#12881,#12883,#12885,.T.);
#12881 = VERTEX_POINT('',#12882);
#12882 = CARTESIAN_POINT('',(36.4,-5.4929290807,23.99795761131));
#12883 = VERTEX_POINT('',#12884);
#12884 = CARTESIAN_POINT('',(36.4,-8.282209608188,18.016326216868));
#12885 = SURFACE_CURVE('',#12886,(#12890,#12896),.PCURVE_S1.);
#12886 = LINE('',#12887,#12888);
#12887 = CARTESIAN_POINT('',(36.4,-15.13657300898,3.317096468177));
#12888 = VECTOR('',#12889,1.);
#12889 = DIRECTION('',(0.,-0.422618261741,-0.906307787037));
#12890 = PCURVE('',#5684,#12891);
#12891 = DEFINITIONAL_REPRESENTATION('',(#12892),#12895);
#12892 = B_SPLINE_CURVE_WITH_KNOTS('',1,(#12893,#12894),.UNSPECIFIED.,
  .F.,.F.,(2,2),(-22.81880553046,-16.21880553046),
  .PIECEWISE_BEZIER_KNOTS.);
#12893 = CARTESIAN_POINT('',(23.99795761131,-40.9070709193));
#12894 = CARTESIAN_POINT('',(18.016326216868,-38.11779039181));
#12895 = ( GEOMETRIC_REPRESENTATION_CONTEXT(2) 
PARAMETRIC_REPRESENTATION_CONTEXT() REPRESENTATION_CONTEXT('2D SPACE',''
  ) );
#12896 = PCURVE('',#11344,#12897);
#12897 = DEFINITIONAL_REPRESENTATION('',(#12898),#12901);
#12898 = B_SPLINE_CURVE_WITH_KNOTS('',1,(#12899,#12900),.UNSPECIFIED.,
  .F.,.F.,(2,2),(-22.81880553046,-16.21880553046),
  .PIECEWISE_BEZIER_KNOTS.);
#12899 = CARTESIAN_POINT('',(6.6,-2.9));
#12900 = CARTESIAN_POINT('',(0.,-2.9));
#12901 = ( GEOMETRIC_REPRESENTATION_CONTEXT(2) 
PARAMETRIC_REPRESENTATION_CONTEXT() REPRESENTATION_CONTEXT('2D SPACE',''
  ) );
#12902 = ORIENTED_EDGE('',*,*,#12903,.T.);
#12903 = EDGE_CURVE('',#12881,#12904,#12906,.T.);
#12904 = VERTEX_POINT('',#12905);
#12905 = CARTESIAN_POINT('',(36.4,-3.317790391812,22.983673783132));
#12906 = SURFACE_CURVE('',#12907,(#12912,#12923),.PCURVE_S1.);
#12907 = CIRCLE('',#12908,1.2);
#12908 = AXIS2_PLACEMENT_3D('',#12909,#12910,#12911);
#12909 = CARTESIAN_POINT('',(36.4,-4.405359736256,23.490815697221));
#12910 = DIRECTION('',(-1.,-0.,0.));
#12911 = DIRECTION('',(0.,-0.422618261741,-0.906307787037));
#12912 = PCURVE('',#5684,#12913);
#12913 = DEFINITIONAL_REPRESENTATION('',(#12914),#12922);
#12914 = ( BOUNDED_CURVE() B_SPLINE_CURVE(2,(#12915,#12916,#12917,#12918
    ,#12919,#12920,#12921),.UNSPECIFIED.,.T.,.F.) 
B_SPLINE_CURVE_WITH_KNOTS((1,2,2,2,2,1),(-2.094395102393,0.,
    2.094395102393,4.188790204786,6.28318530718,8.377580409573),
.UNSPECIFIED.) CURVE() GEOMETRIC_REPRESENTATION_ITEM() 
RATIONAL_B_SPLINE_CURVE((1.,0.5,1.,0.5,1.,0.5,1.)) REPRESENTATION_ITEM(
  '') );
#12915 = CARTESIAN_POINT('',(22.403246352777,-41.48749834965));
#12916 = CARTESIAN_POINT('',(23.281641914627,-39.60377298832));
#12917 = CARTESIAN_POINT('',(24.473798150368,-41.30634854012));
#12918 = CARTESIAN_POINT('',(25.665954386109,-43.00892409192));
#12919 = CARTESIAN_POINT('',(23.595402588518,-43.19007390145));
#12920 = CARTESIAN_POINT('',(21.524850790927,-43.37122371098));
#12921 = CARTESIAN_POINT('',(22.403246352777,-41.48749834965));
#12922 = ( GEOMETRIC_REPRESENTATION_CONTEXT(2) 
PARAMETRIC_REPRESENTATION_CONTEXT() REPRESENTATION_CONTEXT('2D SPACE',''
  ) );
#12923 = PCURVE('',#11376,#12924);
#12924 = DEFINITIONAL_REPRESENTATION('',(#12925),#12929);
#12925 = LINE('',#12926,#12927);
#12926 = CARTESIAN_POINT('',(0.,-2.9));
#12927 = VECTOR('',#12928,1.);
#12928 = DIRECTION('',(1.,0.));
#12929 = ( GEOMETRIC_REPRESENTATION_CONTEXT(2) 
PARAMETRIC_REPRESENTATION_CONTEXT() REPRESENTATION_CONTEXT('2D SPACE',''
  ) );
#12930 = ORIENTED_EDGE('',*,*,#12931,.T.);
#12931 = EDGE_CURVE('',#12904,#12932,#12934,.T.);
#12932 = VERTEX_POINT('',#12933);
#12933 = CARTESIAN_POINT('',(36.4,-6.1070709193,17.00204238869));
#12934 = SURFACE_CURVE('',#12935,(#12939,#12945),.PCURVE_S1.);
#12935 = LINE('',#12936,#12937);
#12936 = CARTESIAN_POINT('',(36.4,-12.26411418822,3.79822048861));
#12937 = VECTOR('',#12938,1.);
#12938 = DIRECTION('',(0.,-0.422618261741,-0.906307787037));
#12939 = PCURVE('',#5684,#12940);
#12940 = DEFINITIONAL_REPRESENTATION('',(#12941),#12944);
#12941 = B_SPLINE_CURVE_WITH_KNOTS('',1,(#12942,#12943),.UNSPECIFIED.,
  .F.,.F.,(2,2),(-21.16880553046,-14.56880553046),
  .PIECEWISE_BEZIER_KNOTS.);
#12942 = CARTESIAN_POINT('',(22.983673783132,-43.08220960818));
#12943 = CARTESIAN_POINT('',(17.00204238869,-40.2929290807));
#12944 = ( GEOMETRIC_REPRESENTATION_CONTEXT(2) 
PARAMETRIC_REPRESENTATION_CONTEXT() REPRESENTATION_CONTEXT('2D SPACE',''
  ) );
#12945 = PCURVE('',#11403,#12946);
#12946 = DEFINITIONAL_REPRESENTATION('',(#12947),#12950);
#12947 = B_SPLINE_CURVE_WITH_KNOTS('',1,(#12948,#12949),.UNSPECIFIED.,
  .F.,.F.,(2,2),(-21.16880553046,-14.56880553046),
  .PIECEWISE_BEZIER_KNOTS.);
#12948 = CARTESIAN_POINT('',(3.3,-2.9));
#12949 = CARTESIAN_POINT('',(-3.3,-2.9));
#12950 = ( GEOMETRIC_REPRESENTATION_CONTEXT(2) 
PARAMETRIC_REPRESENTATION_CONTEXT() REPRESENTATION_CONTEXT('2D SPACE',''
  ) );
#12951 = ORIENTED_EDGE('',*,*,#12952,.T.);
#12952 = EDGE_CURVE('',#12932,#12883,#12953,.T.);
#12953 = SURFACE_CURVE('',#12954,(#12959,#12970),.PCURVE_S1.);
#12954 = CIRCLE('',#12955,1.2);
#12955 = AXIS2_PLACEMENT_3D('',#12956,#12957,#12958);
#12956 = CARTESIAN_POINT('',(36.4,-7.194640263744,17.509184302779));
#12957 = DIRECTION('',(-1.,0.,0.));
#12958 = DIRECTION('',(0.,0.422618261741,0.906307787037));
#12959 = PCURVE('',#5684,#12960);
#12960 = DEFINITIONAL_REPRESENTATION('',(#12961),#12969);
#12961 = ( BOUNDED_CURVE() B_SPLINE_CURVE(2,(#12962,#12963,#12964,#12965
    ,#12966,#12967,#12968),.UNSPECIFIED.,.T.,.F.) 
B_SPLINE_CURVE_WITH_KNOTS((1,2,2,2,2,1),(-2.094395102393,0.,
    2.094395102393,4.188790204786,6.28318530718,8.377580409573),
.UNSPECIFIED.) CURVE() GEOMETRIC_REPRESENTATION_ITEM() 
RATIONAL_B_SPLINE_CURVE((1.,0.5,1.,0.5,1.,0.5,1.)) REPRESENTATION_ITEM(
  '') );
#12962 = CARTESIAN_POINT('',(18.596753647223,-39.71250165034));
#12963 = CARTESIAN_POINT('',(17.718358085373,-41.59622701167));
#12964 = CARTESIAN_POINT('',(16.526201849632,-39.89365145987));
#12965 = CARTESIAN_POINT('',(15.334045613891,-38.19107590807));
#12966 = CARTESIAN_POINT('',(17.404597411482,-38.00992609854));
#12967 = CARTESIAN_POINT('',(19.475149209073,-37.82877628901));
#12968 = CARTESIAN_POINT('',(18.596753647223,-39.71250165034));
#12969 = ( GEOMETRIC_REPRESENTATION_CONTEXT(2) 
PARAMETRIC_REPRESENTATION_CONTEXT() REPRESENTATION_CONTEXT('2D SPACE',''
  ) );
#12970 = PCURVE('',#11433,#12971);
#12971 = DEFINITIONAL_REPRESENTATION('',(#12972),#12976);
#12972 = LINE('',#12973,#12974);
#12973 = CARTESIAN_POINT('',(0.,-2.9));
#12974 = VECTOR('',#12975,1.);
#12975 = DIRECTION('',(1.,0.));
#12976 = ( GEOMETRIC_REPRESENTATION_CONTEXT(2) 
PARAMETRIC_REPRESENTATION_CONTEXT() REPRESENTATION_CONTEXT('2D SPACE',''
  ) );
#12977 = FACE_BOUND('',#12978,.T.);
#12978 = EDGE_LOOP('',(#12979,#13002,#13030,#13051));
#12979 = ORIENTED_EDGE('',*,*,#12980,.F.);
#12980 = EDGE_CURVE('',#12981,#12983,#12985,.T.);
#12981 = VERTEX_POINT('',#12982);
#12982 = CARTESIAN_POINT('',(36.4,-11.2929290807,23.99795761131));
#12983 = VERTEX_POINT('',#12984);
#12984 = CARTESIAN_POINT('',(36.4,-14.08220960818,18.016326216868));
#12985 = SURFACE_CURVE('',#12986,(#12990,#12996),.PCURVE_S1.);
#12986 = LINE('',#12987,#12988);
#12987 = CARTESIAN_POINT('',(36.4,-20.41861504302,4.4278609107));
#12988 = VECTOR('',#12989,1.);
#12989 = DIRECTION('',(0.,-0.422618261741,-0.906307787037));
#12990 = PCURVE('',#5684,#12991);
#12991 = DEFINITIONAL_REPRESENTATION('',(#12992),#12995);
#12992 = B_SPLINE_CURVE_WITH_KNOTS('',1,(#12993,#12994),.UNSPECIFIED.,
  .F.,.F.,(2,2),(-21.59321257141,-14.99321257141),
  .PIECEWISE_BEZIER_KNOTS.);
#12993 = CARTESIAN_POINT('',(23.99795761131,-35.1070709193));
#12994 = CARTESIAN_POINT('',(18.016326216868,-32.31779039181));
#12995 = ( GEOMETRIC_REPRESENTATION_CONTEXT(2) 
PARAMETRIC_REPRESENTATION_CONTEXT() REPRESENTATION_CONTEXT('2D SPACE',''
  ) );
#12996 = PCURVE('',#11464,#12997);
#12997 = DEFINITIONAL_REPRESENTATION('',(#12998),#13001);
#12998 = B_SPLINE_CURVE_WITH_KNOTS('',1,(#12999,#13000),.UNSPECIFIED.,
  .F.,.F.,(2,2),(-21.59321257141,-14.99321257141),
  .PIECEWISE_BEZIER_KNOTS.);
#12999 = CARTESIAN_POINT('',(6.6,-2.9));
#13000 = CARTESIAN_POINT('',(0.,-2.9));
#13001 = ( GEOMETRIC_REPRESENTATION_CONTEXT(2) 
PARAMETRIC_REPRESENTATION_CONTEXT() REPRESENTATION_CONTEXT('2D SPACE',''
  ) );
#13002 = ORIENTED_EDGE('',*,*,#13003,.T.);
#13003 = EDGE_CURVE('',#12981,#13004,#13006,.T.);
#13004 = VERTEX_POINT('',#13005);
#13005 = CARTESIAN_POINT('',(36.4,-9.117790391812,22.983673783132));
#13006 = SURFACE_CURVE('',#13007,(#13012,#13023),.PCURVE_S1.);
#13007 = CIRCLE('',#13008,1.2);
#13008 = AXIS2_PLACEMENT_3D('',#13009,#13010,#13011);
#13009 = CARTESIAN_POINT('',(36.4,-10.20535973625,23.490815697221));
#13010 = DIRECTION('',(-1.,-0.,0.));
#13011 = DIRECTION('',(0.,-0.422618261741,-0.906307787037));
#13012 = PCURVE('',#5684,#13013);
#13013 = DEFINITIONAL_REPRESENTATION('',(#13014),#13022);
#13014 = ( BOUNDED_CURVE() B_SPLINE_CURVE(2,(#13015,#13016,#13017,#13018
    ,#13019,#13020,#13021),.UNSPECIFIED.,.T.,.F.) 
B_SPLINE_CURVE_WITH_KNOTS((1,2,2,2,2,1),(-2.094395102393,0.,
    2.094395102393,4.188790204786,6.28318530718,8.377580409573),
.UNSPECIFIED.) CURVE() GEOMETRIC_REPRESENTATION_ITEM() 
RATIONAL_B_SPLINE_CURVE((1.,0.5,1.,0.5,1.,0.5,1.)) REPRESENTATION_ITEM(
  '') );
#13015 = CARTESIAN_POINT('',(22.403246352777,-35.68749834965));
#13016 = CARTESIAN_POINT('',(23.281641914627,-33.80377298832));
#13017 = CARTESIAN_POINT('',(24.473798150368,-35.50634854012));
#13018 = CARTESIAN_POINT('',(25.665954386109,-37.20892409192));
#13019 = CARTESIAN_POINT('',(23.595402588518,-37.39007390145));
#13020 = CARTESIAN_POINT('',(21.524850790927,-37.57122371098));
#13021 = CARTESIAN_POINT('',(22.403246352777,-35.68749834965));
#13022 = ( GEOMETRIC_REPRESENTATION_CONTEXT(2) 
PARAMETRIC_REPRESENTATION_CONTEXT() REPRESENTATION_CONTEXT('2D SPACE',''
  ) );
#13023 = PCURVE('',#11496,#13024);
#13024 = DEFINITIONAL_REPRESENTATION('',(#13025),#13029);
#13025 = LINE('',#13026,#13027);
#13026 = CARTESIAN_POINT('',(0.,-2.9));
#13027 = VECTOR('',#13028,1.);
#13028 = DIRECTION('',(1.,0.));
#13029 = ( GEOMETRIC_REPRESENTATION_CONTEXT(2) 
PARAMETRIC_REPRESENTATION_CONTEXT() REPRESENTATION_CONTEXT('2D SPACE',''
  ) );
#13030 = ORIENTED_EDGE('',*,*,#13031,.T.);
#13031 = EDGE_CURVE('',#13004,#13032,#13034,.T.);
#13032 = VERTEX_POINT('',#13033);
#13033 = CARTESIAN_POINT('',(36.4,-11.9070709193,17.00204238869));
#13034 = SURFACE_CURVE('',#13035,(#13039,#13045),.PCURVE_S1.);
#13035 = LINE('',#13036,#13037);
#13036 = CARTESIAN_POINT('',(36.4,-17.54615622226,4.908984931133));
#13037 = VECTOR('',#13038,1.);
#13038 = DIRECTION('',(0.,-0.422618261741,-0.906307787037));
#13039 = PCURVE('',#5684,#13040);
#13040 = DEFINITIONAL_REPRESENTATION('',(#13041),#13044);
#13041 = B_SPLINE_CURVE_WITH_KNOTS('',1,(#13042,#13043),.UNSPECIFIED.,
  .F.,.F.,(2,2),(-19.94321257141,-13.34321257141),
  .PIECEWISE_BEZIER_KNOTS.);
#13042 = CARTESIAN_POINT('',(22.983673783132,-37.28220960818));
#13043 = CARTESIAN_POINT('',(17.00204238869,-34.4929290807));
#13044 = ( GEOMETRIC_REPRESENTATION_CONTEXT(2) 
PARAMETRIC_REPRESENTATION_CONTEXT() REPRESENTATION_CONTEXT('2D SPACE',''
  ) );
#13045 = PCURVE('',#11523,#13046);
#13046 = DEFINITIONAL_REPRESENTATION('',(#13047),#13050);
#13047 = B_SPLINE_CURVE_WITH_KNOTS('',1,(#13048,#13049),.UNSPECIFIED.,
  .F.,.F.,(2,2),(-19.94321257141,-13.34321257141),
  .PIECEWISE_BEZIER_KNOTS.);
#13048 = CARTESIAN_POINT('',(3.3,-2.9));
#13049 = CARTESIAN_POINT('',(-3.3,-2.9));
#13050 = ( GEOMETRIC_REPRESENTATION_CONTEXT(2) 
PARAMETRIC_REPRESENTATION_CONTEXT() REPRESENTATION_CONTEXT('2D SPACE',''
  ) );
#13051 = ORIENTED_EDGE('',*,*,#13052,.T.);
#13052 = EDGE_CURVE('',#13032,#12983,#13053,.T.);
#13053 = SURFACE_CURVE('',#13054,(#13059,#13070),.PCURVE_S1.);
#13054 = CIRCLE('',#13055,1.2);
#13055 = AXIS2_PLACEMENT_3D('',#13056,#13057,#13058);
#13056 = CARTESIAN_POINT('',(36.4,-12.99464026374,17.509184302779));
#13057 = DIRECTION('',(-1.,0.,0.));
#13058 = DIRECTION('',(0.,0.422618261741,0.906307787037));
#13059 = PCURVE('',#5684,#13060);
#13060 = DEFINITIONAL_REPRESENTATION('',(#13061),#13069);
#13061 = ( BOUNDED_CURVE() B_SPLINE_CURVE(2,(#13062,#13063,#13064,#13065
    ,#13066,#13067,#13068),.UNSPECIFIED.,.T.,.F.) 
B_SPLINE_CURVE_WITH_KNOTS((1,2,2,2,2,1),(-2.094395102393,0.,
    2.094395102393,4.188790204786,6.28318530718,8.377580409573),
.UNSPECIFIED.) CURVE() GEOMETRIC_REPRESENTATION_ITEM() 
RATIONAL_B_SPLINE_CURVE((1.,0.5,1.,0.5,1.,0.5,1.)) REPRESENTATION_ITEM(
  '') );
#13062 = CARTESIAN_POINT('',(18.596753647223,-33.91250165034));
#13063 = CARTESIAN_POINT('',(17.718358085373,-35.79622701167));
#13064 = CARTESIAN_POINT('',(16.526201849632,-34.09365145987));
#13065 = CARTESIAN_POINT('',(15.334045613891,-32.39107590807));
#13066 = CARTESIAN_POINT('',(17.404597411482,-32.20992609854));
#13067 = CARTESIAN_POINT('',(19.475149209073,-32.02877628901));
#13068 = CARTESIAN_POINT('',(18.596753647223,-33.91250165034));
#13069 = ( GEOMETRIC_REPRESENTATION_CONTEXT(2) 
PARAMETRIC_REPRESENTATION_CONTEXT() REPRESENTATION_CONTEXT('2D SPACE',''
  ) );
#13070 = PCURVE('',#11553,#13071);
#13071 = DEFINITIONAL_REPRESENTATION('',(#13072),#13076);
#13072 = LINE('',#13073,#13074);
#13073 = CARTESIAN_POINT('',(0.,-2.9));
#13074 = VECTOR('',#13075,1.);
#13075 = DIRECTION('',(1.,0.));
#13076 = ( GEOMETRIC_REPRESENTATION_CONTEXT(2) 
PARAMETRIC_REPRESENTATION_CONTEXT() REPRESENTATION_CONTEXT('2D SPACE',''
  ) );
#13077 = FACE_BOUND('',#13078,.T.);
#13078 = EDGE_LOOP('',(#13079,#13102,#13130,#13151));
#13079 = ORIENTED_EDGE('',*,*,#13080,.F.);
#13080 = EDGE_CURVE('',#13081,#13083,#13085,.T.);
#13081 = VERTEX_POINT('',#13082);
#13082 = CARTESIAN_POINT('',(36.4,-17.0929290807,23.99795761131));
#13083 = VERTEX_POINT('',#13084);
#13084 = CARTESIAN_POINT('',(36.4,-19.88220960818,18.016326216868));
#13085 = SURFACE_CURVE('',#13086,(#13090,#13096),.PCURVE_S1.);
#13086 = LINE('',#13087,#13088);
#13087 = CARTESIAN_POINT('',(36.4,-25.70065707707,5.538625353222));
#13088 = VECTOR('',#13089,1.);
#13089 = DIRECTION('',(0.,-0.422618261741,-0.906307787037));
#13090 = PCURVE('',#5684,#13091);
#13091 = DEFINITIONAL_REPRESENTATION('',(#13092),#13095);
#13092 = B_SPLINE_CURVE_WITH_KNOTS('',1,(#13093,#13094),.UNSPECIFIED.,
  .F.,.F.,(2,2),(-20.36761961236,-13.76761961236),
  .PIECEWISE_BEZIER_KNOTS.);
#13093 = CARTESIAN_POINT('',(23.99795761131,-29.3070709193));
#13094 = CARTESIAN_POINT('',(18.016326216868,-26.51779039181));
#13095 = ( GEOMETRIC_REPRESENTATION_CONTEXT(2) 
PARAMETRIC_REPRESENTATION_CONTEXT() REPRESENTATION_CONTEXT('2D SPACE',''
  ) );
#13096 = PCURVE('',#11584,#13097);
#13097 = DEFINITIONAL_REPRESENTATION('',(#13098),#13101);
#13098 = B_SPLINE_CURVE_WITH_KNOTS('',1,(#13099,#13100),.UNSPECIFIED.,
  .F.,.F.,(2,2),(-20.36761961236,-13.76761961236),
  .PIECEWISE_BEZIER_KNOTS.);
#13099 = CARTESIAN_POINT('',(6.6,-2.9));
#13100 = CARTESIAN_POINT('',(0.,-2.9));
#13101 = ( GEOMETRIC_REPRESENTATION_CONTEXT(2) 
PARAMETRIC_REPRESENTATION_CONTEXT() REPRESENTATION_CONTEXT('2D SPACE',''
  ) );
#13102 = ORIENTED_EDGE('',*,*,#13103,.T.);
#13103 = EDGE_CURVE('',#13081,#13104,#13106,.T.);
#13104 = VERTEX_POINT('',#13105);
#13105 = CARTESIAN_POINT('',(36.4,-14.91779039181,22.983673783132));
#13106 = SURFACE_CURVE('',#13107,(#13112,#13123),.PCURVE_S1.);
#13107 = CIRCLE('',#13108,1.2);
#13108 = AXIS2_PLACEMENT_3D('',#13109,#13110,#13111);
#13109 = CARTESIAN_POINT('',(36.4,-16.00535973625,23.490815697221));
#13110 = DIRECTION('',(-1.,-0.,0.));
#13111 = DIRECTION('',(0.,-0.422618261741,-0.906307787037));
#13112 = PCURVE('',#5684,#13113);
#13113 = DEFINITIONAL_REPRESENTATION('',(#13114),#13122);
#13114 = ( BOUNDED_CURVE() B_SPLINE_CURVE(2,(#13115,#13116,#13117,#13118
    ,#13119,#13120,#13121),.UNSPECIFIED.,.T.,.F.) 
B_SPLINE_CURVE_WITH_KNOTS((1,2,2,2,2,1),(-2.094395102393,0.,
    2.094395102393,4.188790204786,6.28318530718,8.377580409573),
.UNSPECIFIED.) CURVE() GEOMETRIC_REPRESENTATION_ITEM() 
RATIONAL_B_SPLINE_CURVE((1.,0.5,1.,0.5,1.,0.5,1.)) REPRESENTATION_ITEM(
  '') );
#13115 = CARTESIAN_POINT('',(22.403246352777,-29.88749834965));
#13116 = CARTESIAN_POINT('',(23.281641914627,-28.00377298832));
#13117 = CARTESIAN_POINT('',(24.473798150368,-29.70634854012));
#13118 = CARTESIAN_POINT('',(25.665954386109,-31.40892409192));
#13119 = CARTESIAN_POINT('',(23.595402588518,-31.59007390145));
#13120 = CARTESIAN_POINT('',(21.524850790927,-31.77122371098));
#13121 = CARTESIAN_POINT('',(22.403246352777,-29.88749834965));
#13122 = ( GEOMETRIC_REPRESENTATION_CONTEXT(2) 
PARAMETRIC_REPRESENTATION_CONTEXT() REPRESENTATION_CONTEXT('2D SPACE',''
  ) );
#13123 = PCURVE('',#11616,#13124);
#13124 = DEFINITIONAL_REPRESENTATION('',(#13125),#13129);
#13125 = LINE('',#13126,#13127);
#13126 = CARTESIAN_POINT('',(0.,-2.9));
#13127 = VECTOR('',#13128,1.);
#13128 = DIRECTION('',(1.,0.));
#13129 = ( GEOMETRIC_REPRESENTATION_CONTEXT(2) 
PARAMETRIC_REPRESENTATION_CONTEXT() REPRESENTATION_CONTEXT('2D SPACE',''
  ) );
#13130 = ORIENTED_EDGE('',*,*,#13131,.T.);
#13131 = EDGE_CURVE('',#13104,#13132,#13134,.T.);
#13132 = VERTEX_POINT('',#13133);
#13133 = CARTESIAN_POINT('',(36.4,-17.7070709193,17.00204238869));
#13134 = SURFACE_CURVE('',#13135,(#13139,#13145),.PCURVE_S1.);
#13135 = LINE('',#13136,#13137);
#13136 = CARTESIAN_POINT('',(36.4,-22.82819825631,6.019749373655));
#13137 = VECTOR('',#13138,1.);
#13138 = DIRECTION('',(0.,-0.422618261741,-0.906307787037));
#13139 = PCURVE('',#5684,#13140);
#13140 = DEFINITIONAL_REPRESENTATION('',(#13141),#13144);
#13141 = B_SPLINE_CURVE_WITH_KNOTS('',1,(#13142,#13143),.UNSPECIFIED.,
  .F.,.F.,(2,2),(-18.71761961236,-12.11761961236),
  .PIECEWISE_BEZIER_KNOTS.);
#13142 = CARTESIAN_POINT('',(22.983673783132,-31.48220960818));
#13143 = CARTESIAN_POINT('',(17.00204238869,-28.6929290807));
#13144 = ( GEOMETRIC_REPRESENTATION_CONTEXT(2) 
PARAMETRIC_REPRESENTATION_CONTEXT() REPRESENTATION_CONTEXT('2D SPACE',''
  ) );
#13145 = PCURVE('',#11643,#13146);
#13146 = DEFINITIONAL_REPRESENTATION('',(#13147),#13150);
#13147 = B_SPLINE_CURVE_WITH_KNOTS('',1,(#13148,#13149),.UNSPECIFIED.,
  .F.,.F.,(2,2),(-18.71761961236,-12.11761961236),
  .PIECEWISE_BEZIER_KNOTS.);
#13148 = CARTESIAN_POINT('',(3.3,-2.9));
#13149 = CARTESIAN_POINT('',(-3.3,-2.9));
#13150 = ( GEOMETRIC_REPRESENTATION_CONTEXT(2) 
PARAMETRIC_REPRESENTATION_CONTEXT() REPRESENTATION_CONTEXT('2D SPACE',''
  ) );
#13151 = ORIENTED_EDGE('',*,*,#13152,.T.);
#13152 = EDGE_CURVE('',#13132,#13083,#13153,.T.);
#13153 = SURFACE_CURVE('',#13154,(#13159,#13170),.PCURVE_S1.);
#13154 = CIRCLE('',#13155,1.2);
#13155 = AXIS2_PLACEMENT_3D('',#13156,#13157,#13158);
#13156 = CARTESIAN_POINT('',(36.4,-18.79464026374,17.509184302779));
#13157 = DIRECTION('',(-1.,0.,0.));
#13158 = DIRECTION('',(0.,0.422618261741,0.906307787037));
#13159 = PCURVE('',#5684,#13160);
#13160 = DEFINITIONAL_REPRESENTATION('',(#13161),#13169);
#13161 = ( BOUNDED_CURVE() B_SPLINE_CURVE(2,(#13162,#13163,#13164,#13165
    ,#13166,#13167,#13168),.UNSPECIFIED.,.T.,.F.) 
B_SPLINE_CURVE_WITH_KNOTS((1,2,2,2,2,1),(-2.094395102393,0.,
    2.094395102393,4.188790204786,6.28318530718,8.377580409573),
.UNSPECIFIED.) CURVE() GEOMETRIC_REPRESENTATION_ITEM() 
RATIONAL_B_SPLINE_CURVE((1.,0.5,1.,0.5,1.,0.5,1.)) REPRESENTATION_ITEM(
  '') );
#13162 = CARTESIAN_POINT('',(18.596753647223,-28.11250165034));
#13163 = CARTESIAN_POINT('',(17.718358085373,-29.99622701167));
#13164 = CARTESIAN_POINT('',(16.526201849632,-28.29365145987));
#13165 = CARTESIAN_POINT('',(15.334045613891,-26.59107590807));
#13166 = CARTESIAN_POINT('',(17.404597411482,-26.40992609854));
#13167 = CARTESIAN_POINT('',(19.475149209073,-26.22877628901));
#13168 = CARTESIAN_POINT('',(18.596753647223,-28.11250165034));
#13169 = ( GEOMETRIC_REPRESENTATION_CONTEXT(2) 
PARAMETRIC_REPRESENTATION_CONTEXT() REPRESENTATION_CONTEXT('2D SPACE',''
  ) );
#13170 = PCURVE('',#11673,#13171);
#13171 = DEFINITIONAL_REPRESENTATION('',(#13172),#13176);
#13172 = LINE('',#13173,#13174);
#13173 = CARTESIAN_POINT('',(0.,-2.9));
#13174 = VECTOR('',#13175,1.);
#13175 = DIRECTION('',(1.,0.));
#13176 = ( GEOMETRIC_REPRESENTATION_CONTEXT(2) 
PARAMETRIC_REPRESENTATION_CONTEXT() REPRESENTATION_CONTEXT('2D SPACE',''
  ) );
#13177 = ADVANCED_FACE('',(#13178),#5875,.T.);
#13178 = FACE_BOUND('',#13179,.T.);
#13179 = EDGE_LOOP('',(#13180,#13203,#13224,#13225));
#13180 = ORIENTED_EDGE('',*,*,#13181,.F.);
#13181 = EDGE_CURVE('',#13182,#5832,#13184,.T.);
#13182 = VERTEX_POINT('',#13183);
#13183 = CARTESIAN_POINT('',(48.4,42.4,27.));
#13184 = SURFACE_CURVE('',#13185,(#13189,#13196),.PCURVE_S1.);
#13185 = LINE('',#13186,#13187);
#13186 = CARTESIAN_POINT('',(48.4,42.4,27.));
#13187 = VECTOR('',#13188,1.);
#13188 = DIRECTION('',(0.,0.,1.));
#13189 = PCURVE('',#5875,#13190);
#13190 = DEFINITIONAL_REPRESENTATION('',(#13191),#13195);
#13191 = LINE('',#13192,#13193);
#13192 = CARTESIAN_POINT('',(0.,12.3));
#13193 = VECTOR('',#13194,1.);
#13194 = DIRECTION('',(1.,0.));
#13195 = ( GEOMETRIC_REPRESENTATION_CONTEXT(2) 
PARAMETRIC_REPRESENTATION_CONTEXT() REPRESENTATION_CONTEXT('2D SPACE',''
  ) );
#13196 = PCURVE('',#5847,#13197);
#13197 = DEFINITIONAL_REPRESENTATION('',(#13198),#13202);
#13198 = LINE('',#13199,#13200);
#13199 = CARTESIAN_POINT('',(0.,-14.));
#13200 = VECTOR('',#13201,1.);
#13201 = DIRECTION('',(1.,0.));
#13202 = ( GEOMETRIC_REPRESENTATION_CONTEXT(2) 
PARAMETRIC_REPRESENTATION_CONTEXT() REPRESENTATION_CONTEXT('2D SPACE',''
  ) );
#13203 = ORIENTED_EDGE('',*,*,#13204,.F.);
#13204 = EDGE_CURVE('',#12129,#13182,#13205,.T.);
#13205 = SURFACE_CURVE('',#13206,(#13210,#13217),.PCURVE_S1.);
#13206 = LINE('',#13207,#13208);
#13207 = CARTESIAN_POINT('',(36.1,42.4,14.7));
#13208 = VECTOR('',#13209,1.);
#13209 = DIRECTION('',(0.707106781187,0.,0.707106781187));
#13210 = PCURVE('',#5875,#13211);
#13211 = DEFINITIONAL_REPRESENTATION('',(#13212),#13216);
#13212 = LINE('',#13213,#13214);
#13213 = CARTESIAN_POINT('',(-12.3,0.));
#13214 = VECTOR('',#13215,1.);
#13215 = DIRECTION('',(0.707106781187,0.707106781187));
#13216 = ( GEOMETRIC_REPRESENTATION_CONTEXT(2) 
PARAMETRIC_REPRESENTATION_CONTEXT() REPRESENTATION_CONTEXT('2D SPACE',''
  ) );
#13217 = PCURVE('',#12166,#13218);
#13218 = DEFINITIONAL_REPRESENTATION('',(#13219),#13223);
#13219 = LINE('',#13220,#13221);
#13220 = CARTESIAN_POINT('',(0.,-1.2));
#13221 = VECTOR('',#13222,1.);
#13222 = DIRECTION('',(1.,0.));
#13223 = ( GEOMETRIC_REPRESENTATION_CONTEXT(2) 
PARAMETRIC_REPRESENTATION_CONTEXT() REPRESENTATION_CONTEXT('2D SPACE',''
  ) );
#13224 = ORIENTED_EDGE('',*,*,#12128,.F.);
#13225 = ORIENTED_EDGE('',*,*,#5859,.T.);
#13226 = ADVANCED_FACE('',(#13227),#5847,.T.);
#13227 = FACE_BOUND('',#13228,.T.);
#13228 = EDGE_LOOP('',(#13229,#13252,#13275,#13298,#13319,#13320));
#13229 = ORIENTED_EDGE('',*,*,#13230,.F.);
#13230 = EDGE_CURVE('',#13231,#5804,#13233,.T.);
#13231 = VERTEX_POINT('',#13232);
#13232 = CARTESIAN_POINT('',(48.4,28.4,27.));
#13233 = SURFACE_CURVE('',#13234,(#13238,#13245),.PCURVE_S1.);
#13234 = LINE('',#13235,#13236);
#13235 = CARTESIAN_POINT('',(48.4,28.4,27.));
#13236 = VECTOR('',#13237,1.);
#13237 = DIRECTION('',(0.,0.,1.));
#13238 = PCURVE('',#5847,#13239);
#13239 = DEFINITIONAL_REPRESENTATION('',(#13240),#13244);
#13240 = LINE('',#13241,#13242);
#13241 = CARTESIAN_POINT('',(0.,0.));
#13242 = VECTOR('',#13243,1.);
#13243 = DIRECTION('',(1.,0.));
#13244 = ( GEOMETRIC_REPRESENTATION_CONTEXT(2) 
PARAMETRIC_REPRESENTATION_CONTEXT() REPRESENTATION_CONTEXT('2D SPACE',''
  ) );
#13245 = PCURVE('',#5819,#13246);
#13246 = DEFINITIONAL_REPRESENTATION('',(#13247),#13251);
#13247 = LINE('',#13248,#13249);
#13248 = CARTESIAN_POINT('',(0.,12.3));
#13249 = VECTOR('',#13250,1.);
#13250 = DIRECTION('',(1.,0.));
#13251 = ( GEOMETRIC_REPRESENTATION_CONTEXT(2) 
PARAMETRIC_REPRESENTATION_CONTEXT() REPRESENTATION_CONTEXT('2D SPACE',''
  ) );
#13252 = ORIENTED_EDGE('',*,*,#13253,.T.);
#13253 = EDGE_CURVE('',#13231,#13254,#13256,.T.);
#13254 = VERTEX_POINT('',#13255);
#13255 = CARTESIAN_POINT('',(48.4,30.8,27.));
#13256 = SURFACE_CURVE('',#13257,(#13261,#13268),.PCURVE_S1.);
#13257 = LINE('',#13258,#13259);
#13258 = CARTESIAN_POINT('',(48.4,28.4,27.));
#13259 = VECTOR('',#13260,1.);
#13260 = DIRECTION('',(-0.,1.,0.));
#13261 = PCURVE('',#5847,#13262);
#13262 = DEFINITIONAL_REPRESENTATION('',(#13263),#13267);
#13263 = LINE('',#13264,#13265);
#13264 = CARTESIAN_POINT('',(0.,0.));
#13265 = VECTOR('',#13266,1.);
#13266 = DIRECTION('',(0.,-1.));
#13267 = ( GEOMETRIC_REPRESENTATION_CONTEXT(2) 
PARAMETRIC_REPRESENTATION_CONTEXT() REPRESENTATION_CONTEXT('2D SPACE',''
  ) );
#13268 = PCURVE('',#12270,#13269);
#13269 = DEFINITIONAL_REPRESENTATION('',(#13270),#13274);
#13270 = LINE('',#13271,#13272);
#13271 = CARTESIAN_POINT('',(17.394826817189,1.2));
#13272 = VECTOR('',#13273,1.);
#13273 = DIRECTION('',(0.,-1.));
#13274 = ( GEOMETRIC_REPRESENTATION_CONTEXT(2) 
PARAMETRIC_REPRESENTATION_CONTEXT() REPRESENTATION_CONTEXT('2D SPACE',''
  ) );
#13275 = ORIENTED_EDGE('',*,*,#13276,.T.);
#13276 = EDGE_CURVE('',#13254,#13277,#13279,.T.);
#13277 = VERTEX_POINT('',#13278);
#13278 = CARTESIAN_POINT('',(48.4,40.,27.));
#13279 = SURFACE_CURVE('',#13280,(#13284,#13291),.PCURVE_S1.);
#13280 = LINE('',#13281,#13282);
#13281 = CARTESIAN_POINT('',(48.4,28.4,27.));
#13282 = VECTOR('',#13283,1.);
#13283 = DIRECTION('',(-0.,1.,0.));
#13284 = PCURVE('',#5847,#13285);
#13285 = DEFINITIONAL_REPRESENTATION('',(#13286),#13290);
#13286 = LINE('',#13287,#13288);
#13287 = CARTESIAN_POINT('',(0.,0.));
#13288 = VECTOR('',#13289,1.);
#13289 = DIRECTION('',(0.,-1.));
#13290 = ( GEOMETRIC_REPRESENTATION_CONTEXT(2) 
PARAMETRIC_REPRESENTATION_CONTEXT() REPRESENTATION_CONTEXT('2D SPACE',''
  ) );
#13291 = PCURVE('',#12218,#13292);
#13292 = DEFINITIONAL_REPRESENTATION('',(#13293),#13297);
#13293 = LINE('',#13294,#13295);
#13294 = CARTESIAN_POINT('',(12.3,0.));
#13295 = VECTOR('',#13296,1.);
#13296 = DIRECTION('',(0.,1.));
#13297 = ( GEOMETRIC_REPRESENTATION_CONTEXT(2) 
PARAMETRIC_REPRESENTATION_CONTEXT() REPRESENTATION_CONTEXT('2D SPACE',''
  ) );
#13298 = ORIENTED_EDGE('',*,*,#13299,.T.);
#13299 = EDGE_CURVE('',#13277,#13182,#13300,.T.);
#13300 = SURFACE_CURVE('',#13301,(#13305,#13312),.PCURVE_S1.);
#13301 = LINE('',#13302,#13303);
#13302 = CARTESIAN_POINT('',(48.4,28.4,27.));
#13303 = VECTOR('',#13304,1.);
#13304 = DIRECTION('',(-0.,1.,0.));
#13305 = PCURVE('',#5847,#13306);
#13306 = DEFINITIONAL_REPRESENTATION('',(#13307),#13311);
#13307 = LINE('',#13308,#13309);
#13308 = CARTESIAN_POINT('',(0.,0.));
#13309 = VECTOR('',#13310,1.);
#13310 = DIRECTION('',(0.,-1.));
#13311 = ( GEOMETRIC_REPRESENTATION_CONTEXT(2) 
PARAMETRIC_REPRESENTATION_CONTEXT() REPRESENTATION_CONTEXT('2D SPACE',''
  ) );
#13312 = PCURVE('',#12166,#13313);
#13313 = DEFINITIONAL_REPRESENTATION('',(#13314),#13318);
#13314 = LINE('',#13315,#13316);
#13315 = CARTESIAN_POINT('',(17.394826817189,12.8));
#13316 = VECTOR('',#13317,1.);
#13317 = DIRECTION('',(0.,-1.));
#13318 = ( GEOMETRIC_REPRESENTATION_CONTEXT(2) 
PARAMETRIC_REPRESENTATION_CONTEXT() REPRESENTATION_CONTEXT('2D SPACE',''
  ) );
#13319 = ORIENTED_EDGE('',*,*,#13181,.T.);
#13320 = ORIENTED_EDGE('',*,*,#5831,.F.);
#13321 = ADVANCED_FACE('',(#13322),#5819,.F.);
#13322 = FACE_BOUND('',#13323,.F.);
#13323 = EDGE_LOOP('',(#13324,#13325,#13346,#13347));
#13324 = ORIENTED_EDGE('',*,*,#13230,.F.);
#13325 = ORIENTED_EDGE('',*,*,#13326,.F.);
#13326 = EDGE_CURVE('',#12256,#13231,#13327,.T.);
#13327 = SURFACE_CURVE('',#13328,(#13332,#13339),.PCURVE_S1.);
#13328 = LINE('',#13329,#13330);
#13329 = CARTESIAN_POINT('',(36.1,28.4,14.7));
#13330 = VECTOR('',#13331,1.);
#13331 = DIRECTION('',(0.707106781187,0.,0.707106781187));
#13332 = PCURVE('',#5819,#13333);
#13333 = DEFINITIONAL_REPRESENTATION('',(#13334),#13338);
#13334 = LINE('',#13335,#13336);
#13335 = CARTESIAN_POINT('',(-12.3,0.));
#13336 = VECTOR('',#13337,1.);
#13337 = DIRECTION('',(0.707106781187,0.707106781187));
#13338 = ( GEOMETRIC_REPRESENTATION_CONTEXT(2) 
PARAMETRIC_REPRESENTATION_CONTEXT() REPRESENTATION_CONTEXT('2D SPACE',''
  ) );
#13339 = PCURVE('',#12270,#13340);
#13340 = DEFINITIONAL_REPRESENTATION('',(#13341),#13345);
#13341 = LINE('',#13342,#13343);
#13342 = CARTESIAN_POINT('',(0.,1.2));
#13343 = VECTOR('',#13344,1.);
#13344 = DIRECTION('',(1.,0.));
#13345 = ( GEOMETRIC_REPRESENTATION_CONTEXT(2) 
PARAMETRIC_REPRESENTATION_CONTEXT() REPRESENTATION_CONTEXT('2D SPACE',''
  ) );
#13346 = ORIENTED_EDGE('',*,*,#12281,.T.);
#13347 = ORIENTED_EDGE('',*,*,#5803,.T.);
#13348 = ADVANCED_FACE('',(#13349),#5768,.T.);
#13349 = FACE_BOUND('',#13350,.T.);
#13350 = EDGE_LOOP('',(#13351,#13374,#13395,#13396));
#13351 = ORIENTED_EDGE('',*,*,#13352,.F.);
#13352 = EDGE_CURVE('',#13353,#5725,#13355,.T.);
#13353 = VERTEX_POINT('',#13354);
#13354 = CARTESIAN_POINT('',(48.4,-28.4,27.));
#13355 = SURFACE_CURVE('',#13356,(#13360,#13367),.PCURVE_S1.);
#13356 = LINE('',#13357,#13358);
#13357 = CARTESIAN_POINT('',(48.4,-28.4,27.));
#13358 = VECTOR('',#13359,1.);
#13359 = DIRECTION('',(0.,0.,1.));
#13360 = PCURVE('',#5768,#13361);
#13361 = DEFINITIONAL_REPRESENTATION('',(#13362),#13366);
#13362 = LINE('',#13363,#13364);
#13363 = CARTESIAN_POINT('',(0.,12.3));
#13364 = VECTOR('',#13365,1.);
#13365 = DIRECTION('',(1.,0.));
#13366 = ( GEOMETRIC_REPRESENTATION_CONTEXT(2) 
PARAMETRIC_REPRESENTATION_CONTEXT() REPRESENTATION_CONTEXT('2D SPACE',''
  ) );
#13367 = PCURVE('',#5740,#13368);
#13368 = DEFINITIONAL_REPRESENTATION('',(#13369),#13373);
#13369 = LINE('',#13370,#13371);
#13370 = CARTESIAN_POINT('',(0.,-14.));
#13371 = VECTOR('',#13372,1.);
#13372 = DIRECTION('',(1.,0.));
#13373 = ( GEOMETRIC_REPRESENTATION_CONTEXT(2) 
PARAMETRIC_REPRESENTATION_CONTEXT() REPRESENTATION_CONTEXT('2D SPACE',''
  ) );
#13374 = ORIENTED_EDGE('',*,*,#13375,.F.);
#13375 = EDGE_CURVE('',#12304,#13353,#13376,.T.);
#13376 = SURFACE_CURVE('',#13377,(#13381,#13388),.PCURVE_S1.);
#13377 = LINE('',#13378,#13379);
#13378 = CARTESIAN_POINT('',(36.1,-28.4,14.7));
#13379 = VECTOR('',#13380,1.);
#13380 = DIRECTION('',(0.707106781187,0.,0.707106781187));
#13381 = PCURVE('',#5768,#13382);
#13382 = DEFINITIONAL_REPRESENTATION('',(#13383),#13387);
#13383 = LINE('',#13384,#13385);
#13384 = CARTESIAN_POINT('',(-12.3,0.));
#13385 = VECTOR('',#13386,1.);
#13386 = DIRECTION('',(0.707106781187,0.707106781187));
#13387 = ( GEOMETRIC_REPRESENTATION_CONTEXT(2) 
PARAMETRIC_REPRESENTATION_CONTEXT() REPRESENTATION_CONTEXT('2D SPACE',''
  ) );
#13388 = PCURVE('',#12341,#13389);
#13389 = DEFINITIONAL_REPRESENTATION('',(#13390),#13394);
#13390 = LINE('',#13391,#13392);
#13391 = CARTESIAN_POINT('',(0.,-1.2));
#13392 = VECTOR('',#13393,1.);
#13393 = DIRECTION('',(1.,0.));
#13394 = ( GEOMETRIC_REPRESENTATION_CONTEXT(2) 
PARAMETRIC_REPRESENTATION_CONTEXT() REPRESENTATION_CONTEXT('2D SPACE',''
  ) );
#13395 = ORIENTED_EDGE('',*,*,#12303,.F.);
#13396 = ORIENTED_EDGE('',*,*,#5752,.T.);
#13397 = ADVANCED_FACE('',(#13398),#5740,.T.);
#13398 = FACE_BOUND('',#13399,.T.);
#13399 = EDGE_LOOP('',(#13400,#13423,#13446,#13469,#13490,#13491));
#13400 = ORIENTED_EDGE('',*,*,#13401,.F.);
#13401 = EDGE_CURVE('',#13402,#5697,#13404,.T.);
#13402 = VERTEX_POINT('',#13403);
#13403 = CARTESIAN_POINT('',(48.4,-42.4,27.));
#13404 = SURFACE_CURVE('',#13405,(#13409,#13416),.PCURVE_S1.);
#13405 = LINE('',#13406,#13407);
#13406 = CARTESIAN_POINT('',(48.4,-42.4,27.));
#13407 = VECTOR('',#13408,1.);
#13408 = DIRECTION('',(0.,0.,1.));
#13409 = PCURVE('',#5740,#13410);
#13410 = DEFINITIONAL_REPRESENTATION('',(#13411),#13415);
#13411 = LINE('',#13412,#13413);
#13412 = CARTESIAN_POINT('',(0.,0.));
#13413 = VECTOR('',#13414,1.);
#13414 = DIRECTION('',(1.,0.));
#13415 = ( GEOMETRIC_REPRESENTATION_CONTEXT(2) 
PARAMETRIC_REPRESENTATION_CONTEXT() REPRESENTATION_CONTEXT('2D SPACE',''
  ) );
#13416 = PCURVE('',#5712,#13417);
#13417 = DEFINITIONAL_REPRESENTATION('',(#13418),#13422);
#13418 = LINE('',#13419,#13420);
#13419 = CARTESIAN_POINT('',(0.,12.3));
#13420 = VECTOR('',#13421,1.);
#13421 = DIRECTION('',(1.,0.));
#13422 = ( GEOMETRIC_REPRESENTATION_CONTEXT(2) 
PARAMETRIC_REPRESENTATION_CONTEXT() REPRESENTATION_CONTEXT('2D SPACE',''
  ) );
#13423 = ORIENTED_EDGE('',*,*,#13424,.T.);
#13424 = EDGE_CURVE('',#13402,#13425,#13427,.T.);
#13425 = VERTEX_POINT('',#13426);
#13426 = CARTESIAN_POINT('',(48.4,-40.,27.));
#13427 = SURFACE_CURVE('',#13428,(#13432,#13439),.PCURVE_S1.);
#13428 = LINE('',#13429,#13430);
#13429 = CARTESIAN_POINT('',(48.4,-42.4,27.));
#13430 = VECTOR('',#13431,1.);
#13431 = DIRECTION('',(-0.,1.,0.));
#13432 = PCURVE('',#5740,#13433);
#13433 = DEFINITIONAL_REPRESENTATION('',(#13434),#13438);
#13434 = LINE('',#13435,#13436);
#13435 = CARTESIAN_POINT('',(0.,0.));
#13436 = VECTOR('',#13437,1.);
#13437 = DIRECTION('',(0.,-1.));
#13438 = ( GEOMETRIC_REPRESENTATION_CONTEXT(2) 
PARAMETRIC_REPRESENTATION_CONTEXT() REPRESENTATION_CONTEXT('2D SPACE',''
  ) );
#13439 = PCURVE('',#12445,#13440);
#13440 = DEFINITIONAL_REPRESENTATION('',(#13441),#13445);
#13441 = LINE('',#13442,#13443);
#13442 = CARTESIAN_POINT('',(17.394826817189,1.2));
#13443 = VECTOR('',#13444,1.);
#13444 = DIRECTION('',(0.,-1.));
#13445 = ( GEOMETRIC_REPRESENTATION_CONTEXT(2) 
PARAMETRIC_REPRESENTATION_CONTEXT() REPRESENTATION_CONTEXT('2D SPACE',''
  ) );
#13446 = ORIENTED_EDGE('',*,*,#13447,.T.);
#13447 = EDGE_CURVE('',#13425,#13448,#13450,.T.);
#13448 = VERTEX_POINT('',#13449);
#13449 = CARTESIAN_POINT('',(48.4,-30.8,27.));
#13450 = SURFACE_CURVE('',#13451,(#13455,#13462),.PCURVE_S1.);
#13451 = LINE('',#13452,#13453);
#13452 = CARTESIAN_POINT('',(48.4,-42.4,27.));
#13453 = VECTOR('',#13454,1.);
#13454 = DIRECTION('',(-0.,1.,0.));
#13455 = PCURVE('',#5740,#13456);
#13456 = DEFINITIONAL_REPRESENTATION('',(#13457),#13461);
#13457 = LINE('',#13458,#13459);
#13458 = CARTESIAN_POINT('',(0.,0.));
#13459 = VECTOR('',#13460,1.);
#13460 = DIRECTION('',(0.,-1.));
#13461 = ( GEOMETRIC_REPRESENTATION_CONTEXT(2) 
PARAMETRIC_REPRESENTATION_CONTEXT() REPRESENTATION_CONTEXT('2D SPACE',''
  ) );
#13462 = PCURVE('',#12393,#13463);
#13463 = DEFINITIONAL_REPRESENTATION('',(#13464),#13468);
#13464 = LINE('',#13465,#13466);
#13465 = CARTESIAN_POINT('',(12.3,0.));
#13466 = VECTOR('',#13467,1.);
#13467 = DIRECTION('',(0.,1.));
#13468 = ( GEOMETRIC_REPRESENTATION_CONTEXT(2) 
PARAMETRIC_REPRESENTATION_CONTEXT() REPRESENTATION_CONTEXT('2D SPACE',''
  ) );
#13469 = ORIENTED_EDGE('',*,*,#13470,.T.);
#13470 = EDGE_CURVE('',#13448,#13353,#13471,.T.);
#13471 = SURFACE_CURVE('',#13472,(#13476,#13483),.PCURVE_S1.);
#13472 = LINE('',#13473,#13474);
#13473 = CARTESIAN_POINT('',(48.4,-42.4,27.));
#13474 = VECTOR('',#13475,1.);
#13475 = DIRECTION('',(-0.,1.,0.));
#13476 = PCURVE('',#5740,#13477);
#13477 = DEFINITIONAL_REPRESENTATION('',(#13478),#13482);
#13478 = LINE('',#13479,#13480);
#13479 = CARTESIAN_POINT('',(0.,0.));
#13480 = VECTOR('',#13481,1.);
#13481 = DIRECTION('',(0.,-1.));
#13482 = ( GEOMETRIC_REPRESENTATION_CONTEXT(2) 
PARAMETRIC_REPRESENTATION_CONTEXT() REPRESENTATION_CONTEXT('2D SPACE',''
  ) );
#13483 = PCURVE('',#12341,#13484);
#13484 = DEFINITIONAL_REPRESENTATION('',(#13485),#13489);
#13485 = LINE('',#13486,#13487);
#13486 = CARTESIAN_POINT('',(17.394826817189,12.8));
#13487 = VECTOR('',#13488,1.);
#13488 = DIRECTION('',(0.,-1.));
#13489 = ( GEOMETRIC_REPRESENTATION_CONTEXT(2) 
PARAMETRIC_REPRESENTATION_CONTEXT() REPRESENTATION_CONTEXT('2D SPACE',''
  ) );
#13490 = ORIENTED_EDGE('',*,*,#13352,.T.);
#13491 = ORIENTED_EDGE('',*,*,#5724,.F.);
#13492 = ADVANCED_FACE('',(#13493),#5712,.F.);
#13493 = FACE_BOUND('',#13494,.F.);
#13494 = EDGE_LOOP('',(#13495,#13496,#13517,#13518));
#13495 = ORIENTED_EDGE('',*,*,#13401,.F.);
#13496 = ORIENTED_EDGE('',*,*,#13497,.F.);
#13497 = EDGE_CURVE('',#12431,#13402,#13498,.T.);
#13498 = SURFACE_CURVE('',#13499,(#13503,#13510),.PCURVE_S1.);
#13499 = LINE('',#13500,#13501);
#13500 = CARTESIAN_POINT('',(36.1,-42.4,14.7));
#13501 = VECTOR('',#13502,1.);
#13502 = DIRECTION('',(0.707106781187,0.,0.707106781187));
#13503 = PCURVE('',#5712,#13504);
#13504 = DEFINITIONAL_REPRESENTATION('',(#13505),#13509);
#13505 = LINE('',#13506,#13507);
#13506 = CARTESIAN_POINT('',(-12.3,0.));
#13507 = VECTOR('',#13508,1.);
#13508 = DIRECTION('',(0.707106781187,0.707106781187));
#13509 = ( GEOMETRIC_REPRESENTATION_CONTEXT(2) 
PARAMETRIC_REPRESENTATION_CONTEXT() REPRESENTATION_CONTEXT('2D SPACE',''
  ) );
#13510 = PCURVE('',#12445,#13511);
#13511 = DEFINITIONAL_REPRESENTATION('',(#13512),#13516);
#13512 = LINE('',#13513,#13514);
#13513 = CARTESIAN_POINT('',(0.,1.2));
#13514 = VECTOR('',#13515,1.);
#13515 = DIRECTION('',(1.,0.));
#13516 = ( GEOMETRIC_REPRESENTATION_CONTEXT(2) 
PARAMETRIC_REPRESENTATION_CONTEXT() REPRESENTATION_CONTEXT('2D SPACE',''
  ) );
#13517 = ORIENTED_EDGE('',*,*,#12456,.T.);
#13518 = ORIENTED_EDGE('',*,*,#5696,.T.);
#13519 = ADVANCED_FACE('',(#13520),#5656,.T.);
#13520 = FACE_BOUND('',#13521,.F.);
#13521 = EDGE_LOOP('',(#13522,#13523,#13545,#13546));
#13522 = ORIENTED_EDGE('',*,*,#12077,.F.);
#13523 = ORIENTED_EDGE('',*,*,#13524,.T.);
#13524 = EDGE_CURVE('',#12078,#10463,#13525,.T.);
#13525 = SURFACE_CURVE('',#13526,(#13531,#13538),.PCURVE_S1.);
#13526 = CIRCLE('',#13527,3.);
#13527 = AXIS2_PLACEMENT_3D('',#13528,#13529,#13530);
#13528 = CARTESIAN_POINT('',(33.4,-43.4,8.4));
#13529 = DIRECTION('',(0.,0.,-1.));
#13530 = DIRECTION('',(1.,0.,0.));
#13531 = PCURVE('',#5656,#13532);
#13532 = DEFINITIONAL_REPRESENTATION('',(#13533),#13537);
#13533 = LINE('',#13534,#13535);
#13534 = CARTESIAN_POINT('',(-0.,8.4));
#13535 = VECTOR('',#13536,1.);
#13536 = DIRECTION('',(-1.,0.));
#13537 = ( GEOMETRIC_REPRESENTATION_CONTEXT(2) 
PARAMETRIC_REPRESENTATION_CONTEXT() REPRESENTATION_CONTEXT('2D SPACE',''
  ) );
#13538 = PCURVE('',#10477,#13539);
#13539 = DEFINITIONAL_REPRESENTATION('',(#13540),#13544);
#13540 = LINE('',#13541,#13542);
#13541 = CARTESIAN_POINT('',(0.,-1.2));
#13542 = VECTOR('',#13543,1.);
#13543 = DIRECTION('',(1.,-0.));
#13544 = ( GEOMETRIC_REPRESENTATION_CONTEXT(2) 
PARAMETRIC_REPRESENTATION_CONTEXT() REPRESENTATION_CONTEXT('2D SPACE',''
  ) );
#13545 = ORIENTED_EDGE('',*,*,#10517,.T.);
#13546 = ORIENTED_EDGE('',*,*,#5635,.F.);
#13547 = ADVANCED_FACE('',(#13548),#6326,.F.);
#13548 = FACE_BOUND('',#13549,.F.);
#13549 = EDGE_LOOP('',(#13550,#13551,#13572,#13573));
#13550 = ORIENTED_EDGE('',*,*,#6309,.F.);
#13551 = ORIENTED_EDGE('',*,*,#13552,.F.);
#13552 = EDGE_CURVE('',#6924,#6310,#13553,.T.);
#13553 = SEAM_CURVE('',#13554,(#13558,#13565),.PCURVE_S1.);
#13554 = LINE('',#13555,#13556);
#13555 = CARTESIAN_POINT('',(-40.7,-35.4,26.5));
#13556 = VECTOR('',#13557,1.);
#13557 = DIRECTION('',(0.,0.,1.));
#13558 = PCURVE('',#6326,#13559);
#13559 = DEFINITIONAL_REPRESENTATION('',(#13560),#13564);
#13560 = LINE('',#13561,#13562);
#13561 = CARTESIAN_POINT('',(6.28318530718,-0.));
#13562 = VECTOR('',#13563,1.);
#13563 = DIRECTION('',(0.,1.));
#13564 = ( GEOMETRIC_REPRESENTATION_CONTEXT(2) 
PARAMETRIC_REPRESENTATION_CONTEXT() REPRESENTATION_CONTEXT('2D SPACE',''
  ) );
#13565 = PCURVE('',#6326,#13566);
#13566 = DEFINITIONAL_REPRESENTATION('',(#13567),#13571);
#13567 = LINE('',#13568,#13569);
#13568 = CARTESIAN_POINT('',(0.,-0.));
#13569 = VECTOR('',#13570,1.);
#13570 = DIRECTION('',(0.,1.));
#13571 = ( GEOMETRIC_REPRESENTATION_CONTEXT(2) 
PARAMETRIC_REPRESENTATION_CONTEXT() REPRESENTATION_CONTEXT('2D SPACE',''
  ) );
#13572 = ORIENTED_EDGE('',*,*,#6923,.T.);
#13573 = ORIENTED_EDGE('',*,*,#13552,.T.);
#13574 = ADVANCED_FACE('',(#13575),#6358,.T.);
#13575 = FACE_BOUND('',#13576,.T.);
#13576 = EDGE_LOOP('',(#13577,#13600,#13628,#13647));
#13577 = ORIENTED_EDGE('',*,*,#13578,.F.);
#13578 = EDGE_CURVE('',#13579,#6341,#13581,.T.);
#13579 = VERTEX_POINT('',#13580);
#13580 = CARTESIAN_POINT('',(-34.,-44.,2.4));
#13581 = SURFACE_CURVE('',#13582,(#13586,#13593),.PCURVE_S1.);
#13582 = LINE('',#13583,#13584);
#13583 = CARTESIAN_POINT('',(-34.,-44.,2.4));
#13584 = VECTOR('',#13585,1.);
#13585 = DIRECTION('',(0.,0.,1.));
#13586 = PCURVE('',#6358,#13587);
#13587 = DEFINITIONAL_REPRESENTATION('',(#13588),#13592);
#13588 = LINE('',#13589,#13590);
#13589 = CARTESIAN_POINT('',(0.,0.));
#13590 = VECTOR('',#13591,1.);
#13591 = DIRECTION('',(1.,0.));
#13592 = ( GEOMETRIC_REPRESENTATION_CONTEXT(2) 
PARAMETRIC_REPRESENTATION_CONTEXT() REPRESENTATION_CONTEXT('2D SPACE',''
  ) );
#13593 = PCURVE('',#6412,#13594);
#13594 = DEFINITIONAL_REPRESENTATION('',(#13595),#13599);
#13595 = LINE('',#13596,#13597);
#13596 = CARTESIAN_POINT('',(0.,0.));
#13597 = VECTOR('',#13598,1.);
#13598 = DIRECTION('',(1.,0.));
#13599 = ( GEOMETRIC_REPRESENTATION_CONTEXT(2) 
PARAMETRIC_REPRESENTATION_CONTEXT() REPRESENTATION_CONTEXT('2D SPACE',''
  ) );
#13600 = ORIENTED_EDGE('',*,*,#13601,.T.);
#13601 = EDGE_CURVE('',#13579,#13602,#13604,.T.);
#13602 = VERTEX_POINT('',#13603);
#13603 = CARTESIAN_POINT('',(-34.,-41.83303027798,2.4));
#13604 = SURFACE_CURVE('',#13605,(#13609,#13616),.PCURVE_S1.);
#13605 = LINE('',#13606,#13607);
#13606 = CARTESIAN_POINT('',(-34.,-44.,2.4));
#13607 = VECTOR('',#13608,1.);
#13608 = DIRECTION('',(-0.,1.,0.));
#13609 = PCURVE('',#6358,#13610);
#13610 = DEFINITIONAL_REPRESENTATION('',(#13611),#13615);
#13611 = LINE('',#13612,#13613);
#13612 = CARTESIAN_POINT('',(0.,0.));
#13613 = VECTOR('',#13614,1.);
#13614 = DIRECTION('',(0.,-1.));
#13615 = ( GEOMETRIC_REPRESENTATION_CONTEXT(2) 
PARAMETRIC_REPRESENTATION_CONTEXT() REPRESENTATION_CONTEXT('2D SPACE',''
  ) );
#13616 = PCURVE('',#13617,#13622);
#13617 = PLANE('',#13618);
#13618 = AXIS2_PLACEMENT_3D('',#13619,#13620,#13621);
#13619 = CARTESIAN_POINT('',(-34.,-44.,2.4));
#13620 = DIRECTION('',(0.,0.,1.));
#13621 = DIRECTION('',(1.,0.,-0.));
#13622 = DEFINITIONAL_REPRESENTATION('',(#13623),#13627);
#13623 = LINE('',#13624,#13625);
#13624 = CARTESIAN_POINT('',(0.,0.));
#13625 = VECTOR('',#13626,1.);
#13626 = DIRECTION('',(0.,1.));
#13627 = ( GEOMETRIC_REPRESENTATION_CONTEXT(2) 
PARAMETRIC_REPRESENTATION_CONTEXT() REPRESENTATION_CONTEXT('2D SPACE',''
  ) );
#13628 = ORIENTED_EDGE('',*,*,#13629,.T.);
#13629 = EDGE_CURVE('',#13602,#6343,#13630,.T.);
#13630 = SURFACE_CURVE('',#13631,(#13635,#13641),.PCURVE_S1.);
#13631 = LINE('',#13632,#13633);
#13632 = CARTESIAN_POINT('',(-34.,-41.83303027798,2.4));
#13633 = VECTOR('',#13634,1.);
#13634 = DIRECTION('',(0.,0.,1.));
#13635 = PCURVE('',#6358,#13636);
#13636 = DEFINITIONAL_REPRESENTATION('',(#13637),#13640);
#13637 = B_SPLINE_CURVE_WITH_KNOTS('',1,(#13638,#13639),.UNSPECIFIED.,
  .F.,.F.,(2,2),(-2.400000000069E-06,29.6000024),
  .PIECEWISE_BEZIER_KNOTS.);
#13638 = CARTESIAN_POINT('',(-2.400000000069E-06,-2.166969722018));
#13639 = CARTESIAN_POINT('',(29.6000024,-2.166969722018));
#13640 = ( GEOMETRIC_REPRESENTATION_CONTEXT(2) 
PARAMETRIC_REPRESENTATION_CONTEXT() REPRESENTATION_CONTEXT('2D SPACE',''
  ) );
#13641 = PCURVE('',#6386,#13642);
#13642 = DEFINITIONAL_REPRESENTATION('',(#13643),#13646);
#13643 = B_SPLINE_CURVE_WITH_KNOTS('',1,(#13644,#13645),.UNSPECIFIED.,
  .F.,.F.,(2,2),(-2.400000000069E-06,29.6000024),
  .PIECEWISE_BEZIER_KNOTS.);
#13644 = CARTESIAN_POINT('',(3.571292319741,-2.400000000069E-06));
#13645 = CARTESIAN_POINT('',(3.571292319741,29.6000024));
#13646 = ( GEOMETRIC_REPRESENTATION_CONTEXT(2) 
PARAMETRIC_REPRESENTATION_CONTEXT() REPRESENTATION_CONTEXT('2D SPACE',''
  ) );
#13647 = ORIENTED_EDGE('',*,*,#6340,.F.);
#13648 = ADVANCED_FACE('',(#13649),#6412,.T.);
#13649 = FACE_BOUND('',#13650,.T.);
#13650 = EDGE_LOOP('',(#13651,#13672,#13693,#13694));
#13651 = ORIENTED_EDGE('',*,*,#13652,.F.);
#13652 = EDGE_CURVE('',#13653,#6370,#13655,.T.);
#13653 = VERTEX_POINT('',#13654);
#13654 = CARTESIAN_POINT('',(-31.83303027798,-44.,2.4));
#13655 = SURFACE_CURVE('',#13656,(#13660,#13666),.PCURVE_S1.);
#13656 = LINE('',#13657,#13658);
#13657 = CARTESIAN_POINT('',(-31.83303027798,-44.,2.4));
#13658 = VECTOR('',#13659,1.);
#13659 = DIRECTION('',(0.,0.,1.));
#13660 = PCURVE('',#6412,#13661);
#13661 = DEFINITIONAL_REPRESENTATION('',(#13662),#13665);
#13662 = B_SPLINE_CURVE_WITH_KNOTS('',1,(#13663,#13664),.UNSPECIFIED.,
  .F.,.F.,(2,2),(-2.400000000069E-06,29.6000024),
  .PIECEWISE_BEZIER_KNOTS.);
#13663 = CARTESIAN_POINT('',(-2.400000000069E-06,2.166969722018));
#13664 = CARTESIAN_POINT('',(29.6000024,2.166969722018));
#13665 = ( GEOMETRIC_REPRESENTATION_CONTEXT(2) 
PARAMETRIC_REPRESENTATION_CONTEXT() REPRESENTATION_CONTEXT('2D SPACE',''
  ) );
#13666 = PCURVE('',#6386,#13667);
#13667 = DEFINITIONAL_REPRESENTATION('',(#13668),#13671);
#13668 = B_SPLINE_CURVE_WITH_KNOTS('',1,(#13669,#13670),.UNSPECIFIED.,
  .F.,.F.,(2,2),(-2.400000000069E-06,29.6000024),
  .PIECEWISE_BEZIER_KNOTS.);
#13669 = CARTESIAN_POINT('',(4.282689314233,-2.400000000069E-06));
#13670 = CARTESIAN_POINT('',(4.282689314233,29.6000024));
#13671 = ( GEOMETRIC_REPRESENTATION_CONTEXT(2) 
PARAMETRIC_REPRESENTATION_CONTEXT() REPRESENTATION_CONTEXT('2D SPACE',''
  ) );
#13672 = ORIENTED_EDGE('',*,*,#13673,.F.);
#13673 = EDGE_CURVE('',#13579,#13653,#13674,.T.);
#13674 = SURFACE_CURVE('',#13675,(#13679,#13686),.PCURVE_S1.);
#13675 = LINE('',#13676,#13677);
#13676 = CARTESIAN_POINT('',(-34.,-44.,2.4));
#13677 = VECTOR('',#13678,1.);
#13678 = DIRECTION('',(1.,0.,-0.));
#13679 = PCURVE('',#6412,#13680);
#13680 = DEFINITIONAL_REPRESENTATION('',(#13681),#13685);
#13681 = LINE('',#13682,#13683);
#13682 = CARTESIAN_POINT('',(0.,0.));
#13683 = VECTOR('',#13684,1.);
#13684 = DIRECTION('',(0.,1.));
#13685 = ( GEOMETRIC_REPRESENTATION_CONTEXT(2) 
PARAMETRIC_REPRESENTATION_CONTEXT() REPRESENTATION_CONTEXT('2D SPACE',''
  ) );
#13686 = PCURVE('',#13617,#13687);
#13687 = DEFINITIONAL_REPRESENTATION('',(#13688),#13692);
#13688 = LINE('',#13689,#13690);
#13689 = CARTESIAN_POINT('',(0.,0.));
#13690 = VECTOR('',#13691,1.);
#13691 = DIRECTION('',(1.,0.));
#13692 = ( GEOMETRIC_REPRESENTATION_CONTEXT(2) 
PARAMETRIC_REPRESENTATION_CONTEXT() REPRESENTATION_CONTEXT('2D SPACE',''
  ) );
#13693 = ORIENTED_EDGE('',*,*,#13578,.T.);
#13694 = ORIENTED_EDGE('',*,*,#6398,.F.);
#13695 = ADVANCED_FACE('',(#13696),#6386,.T.);
#13696 = FACE_BOUND('',#13697,.T.);
#13697 = EDGE_LOOP('',(#13698,#13699,#13700,#13722));
#13698 = ORIENTED_EDGE('',*,*,#6369,.F.);
#13699 = ORIENTED_EDGE('',*,*,#13629,.F.);
#13700 = ORIENTED_EDGE('',*,*,#13701,.T.);
#13701 = EDGE_CURVE('',#13602,#13653,#13702,.T.);
#13702 = SURFACE_CURVE('',#13703,(#13708,#13715),.PCURVE_S1.);
#13703 = CIRCLE('',#13704,4.4);
#13704 = AXIS2_PLACEMENT_3D('',#13705,#13706,#13707);
#13705 = CARTESIAN_POINT('',(-30.,-40.,2.4));
#13706 = DIRECTION('',(0.,0.,1.));
#13707 = DIRECTION('',(1.,0.,-0.));
#13708 = PCURVE('',#6386,#13709);
#13709 = DEFINITIONAL_REPRESENTATION('',(#13710),#13714);
#13710 = LINE('',#13711,#13712);
#13711 = CARTESIAN_POINT('',(0.,0.));
#13712 = VECTOR('',#13713,1.);
#13713 = DIRECTION('',(1.,0.));
#13714 = ( GEOMETRIC_REPRESENTATION_CONTEXT(2) 
PARAMETRIC_REPRESENTATION_CONTEXT() REPRESENTATION_CONTEXT('2D SPACE',''
  ) );
#13715 = PCURVE('',#13617,#13716);
#13716 = DEFINITIONAL_REPRESENTATION('',(#13717),#13721);
#13717 = CIRCLE('',#13718,4.4);
#13718 = AXIS2_PLACEMENT_2D('',#13719,#13720);
#13719 = CARTESIAN_POINT('',(4.,4.));
#13720 = DIRECTION('',(1.,0.));
#13721 = ( GEOMETRIC_REPRESENTATION_CONTEXT(2) 
PARAMETRIC_REPRESENTATION_CONTEXT() REPRESENTATION_CONTEXT('2D SPACE',''
  ) );
#13722 = ORIENTED_EDGE('',*,*,#13652,.T.);
#13723 = ADVANCED_FACE('',(#13724),#6442,.F.);
#13724 = FACE_BOUND('',#13725,.F.);
#13725 = EDGE_LOOP('',(#13726,#13727,#13750,#13777));
#13726 = ORIENTED_EDGE('',*,*,#6425,.F.);
#13727 = ORIENTED_EDGE('',*,*,#13728,.F.);
#13728 = EDGE_CURVE('',#13729,#6426,#13731,.T.);
#13729 = VERTEX_POINT('',#13730);
#13730 = CARTESIAN_POINT('',(-28.,-40.,26.));
#13731 = SEAM_CURVE('',#13732,(#13736,#13743),.PCURVE_S1.);
#13732 = LINE('',#13733,#13734);
#13733 = CARTESIAN_POINT('',(-28.,-40.,26.));
#13734 = VECTOR('',#13735,1.);
#13735 = DIRECTION('',(0.,0.,1.));
#13736 = PCURVE('',#6442,#13737);
#13737 = DEFINITIONAL_REPRESENTATION('',(#13738),#13742);
#13738 = LINE('',#13739,#13740);
#13739 = CARTESIAN_POINT('',(6.28318530718,-0.));
#13740 = VECTOR('',#13741,1.);
#13741 = DIRECTION('',(0.,1.));
#13742 = ( GEOMETRIC_REPRESENTATION_CONTEXT(2) 
PARAMETRIC_REPRESENTATION_CONTEXT() REPRESENTATION_CONTEXT('2D SPACE',''
  ) );
#13743 = PCURVE('',#6442,#13744);
#13744 = DEFINITIONAL_REPRESENTATION('',(#13745),#13749);
#13745 = LINE('',#13746,#13747);
#13746 = CARTESIAN_POINT('',(0.,-0.));
#13747 = VECTOR('',#13748,1.);
#13748 = DIRECTION('',(0.,1.));
#13749 = ( GEOMETRIC_REPRESENTATION_CONTEXT(2) 
PARAMETRIC_REPRESENTATION_CONTEXT() REPRESENTATION_CONTEXT('2D SPACE',''
  ) );
#13750 = ORIENTED_EDGE('',*,*,#13751,.T.);
#13751 = EDGE_CURVE('',#13729,#13729,#13752,.T.);
#13752 = SURFACE_CURVE('',#13753,(#13758,#13765),.PCURVE_S1.);
#13753 = CIRCLE('',#13754,2.);
#13754 = AXIS2_PLACEMENT_3D('',#13755,#13756,#13757);
#13755 = CARTESIAN_POINT('',(-30.,-40.,26.));
#13756 = DIRECTION('',(0.,0.,1.));
#13757 = DIRECTION('',(1.,0.,-0.));
#13758 = PCURVE('',#6442,#13759);
#13759 = DEFINITIONAL_REPRESENTATION('',(#13760),#13764);
#13760 = LINE('',#13761,#13762);
#13761 = CARTESIAN_POINT('',(0.,0.));
#13762 = VECTOR('',#13763,1.);
#13763 = DIRECTION('',(1.,0.));
#13764 = ( GEOMETRIC_REPRESENTATION_CONTEXT(2) 
PARAMETRIC_REPRESENTATION_CONTEXT() REPRESENTATION_CONTEXT('2D SPACE',''
  ) );
#13765 = PCURVE('',#13766,#13771);
#13766 = PLANE('',#13767);
#13767 = AXIS2_PLACEMENT_3D('',#13768,#13769,#13770);
#13768 = CARTESIAN_POINT('',(-30.,-40.,26.));
#13769 = DIRECTION('',(0.,0.,1.));
#13770 = DIRECTION('',(1.,0.,-0.));
#13771 = DEFINITIONAL_REPRESENTATION('',(#13772),#13776);
#13772 = CIRCLE('',#13773,2.);
#13773 = AXIS2_PLACEMENT_2D('',#13774,#13775);
#13774 = CARTESIAN_POINT('',(0.,0.));
#13775 = DIRECTION('',(1.,0.));
#13776 = ( GEOMETRIC_REPRESENTATION_CONTEXT(2) 
PARAMETRIC_REPRESENTATION_CONTEXT() REPRESENTATION_CONTEXT('2D SPACE',''
  ) );
#13777 = ORIENTED_EDGE('',*,*,#13728,.T.);
#13778 = ADVANCED_FACE('',(#13779),#6474,.F.);
#13779 = FACE_BOUND('',#13780,.F.);
#13780 = EDGE_LOOP('',(#13781,#13804,#13832,#13851));
#13781 = ORIENTED_EDGE('',*,*,#13782,.F.);
#13782 = EDGE_CURVE('',#13783,#6457,#13785,.T.);
#13783 = VERTEX_POINT('',#13784);
#13784 = CARTESIAN_POINT('',(34.,-44.,2.4));
#13785 = SURFACE_CURVE('',#13786,(#13790,#13797),.PCURVE_S1.);
#13786 = LINE('',#13787,#13788);
#13787 = CARTESIAN_POINT('',(34.,-44.,2.4));
#13788 = VECTOR('',#13789,1.);
#13789 = DIRECTION('',(0.,0.,1.));
#13790 = PCURVE('',#6474,#13791);
#13791 = DEFINITIONAL_REPRESENTATION('',(#13792),#13796);
#13792 = LINE('',#13793,#13794);
#13793 = CARTESIAN_POINT('',(0.,0.));
#13794 = VECTOR('',#13795,1.);
#13795 = DIRECTION('',(1.,0.));
#13796 = ( GEOMETRIC_REPRESENTATION_CONTEXT(2) 
PARAMETRIC_REPRESENTATION_CONTEXT() REPRESENTATION_CONTEXT('2D SPACE',''
  ) );
#13797 = PCURVE('',#6501,#13798);
#13798 = DEFINITIONAL_REPRESENTATION('',(#13799),#13803);
#13799 = LINE('',#13800,#13801);
#13800 = CARTESIAN_POINT('',(0.,68.));
#13801 = VECTOR('',#13802,1.);
#13802 = DIRECTION('',(1.,0.));
#13803 = ( GEOMETRIC_REPRESENTATION_CONTEXT(2) 
PARAMETRIC_REPRESENTATION_CONTEXT() REPRESENTATION_CONTEXT('2D SPACE',''
  ) );
#13804 = ORIENTED_EDGE('',*,*,#13805,.T.);
#13805 = EDGE_CURVE('',#13783,#13806,#13808,.T.);
#13806 = VERTEX_POINT('',#13807);
#13807 = CARTESIAN_POINT('',(34.,-41.83303027798,2.4));
#13808 = SURFACE_CURVE('',#13809,(#13813,#13820),.PCURVE_S1.);
#13809 = LINE('',#13810,#13811);
#13810 = CARTESIAN_POINT('',(34.,-44.,2.4));
#13811 = VECTOR('',#13812,1.);
#13812 = DIRECTION('',(-0.,1.,0.));
#13813 = PCURVE('',#6474,#13814);
#13814 = DEFINITIONAL_REPRESENTATION('',(#13815),#13819);
#13815 = LINE('',#13816,#13817);
#13816 = CARTESIAN_POINT('',(0.,0.));
#13817 = VECTOR('',#13818,1.);
#13818 = DIRECTION('',(0.,-1.));
#13819 = ( GEOMETRIC_REPRESENTATION_CONTEXT(2) 
PARAMETRIC_REPRESENTATION_CONTEXT() REPRESENTATION_CONTEXT('2D SPACE',''
  ) );
#13820 = PCURVE('',#13821,#13826);
#13821 = PLANE('',#13822);
#13822 = AXIS2_PLACEMENT_3D('',#13823,#13824,#13825);
#13823 = CARTESIAN_POINT('',(-34.,-44.,2.4));
#13824 = DIRECTION('',(0.,0.,1.));
#13825 = DIRECTION('',(1.,0.,-0.));
#13826 = DEFINITIONAL_REPRESENTATION('',(#13827),#13831);
#13827 = LINE('',#13828,#13829);
#13828 = CARTESIAN_POINT('',(68.,0.));
#13829 = VECTOR('',#13830,1.);
#13830 = DIRECTION('',(0.,1.));
#13831 = ( GEOMETRIC_REPRESENTATION_CONTEXT(2) 
PARAMETRIC_REPRESENTATION_CONTEXT() REPRESENTATION_CONTEXT('2D SPACE',''
  ) );
#13832 = ORIENTED_EDGE('',*,*,#13833,.T.);
#13833 = EDGE_CURVE('',#13806,#6459,#13834,.T.);
#13834 = SURFACE_CURVE('',#13835,(#13839,#13845),.PCURVE_S1.);
#13835 = LINE('',#13836,#13837);
#13836 = CARTESIAN_POINT('',(34.,-41.83303027798,2.4));
#13837 = VECTOR('',#13838,1.);
#13838 = DIRECTION('',(0.,0.,1.));
#13839 = PCURVE('',#6474,#13840);
#13840 = DEFINITIONAL_REPRESENTATION('',(#13841),#13844);
#13841 = B_SPLINE_CURVE_WITH_KNOTS('',1,(#13842,#13843),.UNSPECIFIED.,
  .F.,.F.,(2,2),(-2.400000000069E-06,29.6000024),
  .PIECEWISE_BEZIER_KNOTS.);
#13842 = CARTESIAN_POINT('',(-2.400000000069E-06,-2.166969722018));
#13843 = CARTESIAN_POINT('',(29.6000024,-2.166969722018));
#13844 = ( GEOMETRIC_REPRESENTATION_CONTEXT(2) 
PARAMETRIC_REPRESENTATION_CONTEXT() REPRESENTATION_CONTEXT('2D SPACE',''
  ) );
#13845 = PCURVE('',#6527,#13846);
#13846 = DEFINITIONAL_REPRESENTATION('',(#13847),#13850);
#13847 = B_SPLINE_CURVE_WITH_KNOTS('',1,(#13848,#13849),.UNSPECIFIED.,
  .F.,.F.,(2,2),(-2.400000000069E-06,29.6000024),
  .PIECEWISE_BEZIER_KNOTS.);
#13848 = CARTESIAN_POINT('',(5.853485641028,-2.400000000069E-06));
#13849 = CARTESIAN_POINT('',(5.853485641028,29.6000024));
#13850 = ( GEOMETRIC_REPRESENTATION_CONTEXT(2) 
PARAMETRIC_REPRESENTATION_CONTEXT() REPRESENTATION_CONTEXT('2D SPACE',''
  ) );
#13851 = ORIENTED_EDGE('',*,*,#6456,.F.);
#13852 = ADVANCED_FACE('',(#13853),#6501,.T.);
#13853 = FACE_BOUND('',#13854,.T.);
#13854 = EDGE_LOOP('',(#13855,#13856,#13879,#13898));
#13855 = ORIENTED_EDGE('',*,*,#13782,.F.);
#13856 = ORIENTED_EDGE('',*,*,#13857,.F.);
#13857 = EDGE_CURVE('',#13858,#13783,#13860,.T.);
#13858 = VERTEX_POINT('',#13859);
#13859 = CARTESIAN_POINT('',(31.833030277982,-44.,2.4));
#13860 = SURFACE_CURVE('',#13861,(#13865,#13872),.PCURVE_S1.);
#13861 = LINE('',#13862,#13863);
#13862 = CARTESIAN_POINT('',(-34.,-44.,2.4));
#13863 = VECTOR('',#13864,1.);
#13864 = DIRECTION('',(1.,0.,-0.));
#13865 = PCURVE('',#6501,#13866);
#13866 = DEFINITIONAL_REPRESENTATION('',(#13867),#13871);
#13867 = LINE('',#13868,#13869);
#13868 = CARTESIAN_POINT('',(0.,0.));
#13869 = VECTOR('',#13870,1.);
#13870 = DIRECTION('',(0.,1.));
#13871 = ( GEOMETRIC_REPRESENTATION_CONTEXT(2) 
PARAMETRIC_REPRESENTATION_CONTEXT() REPRESENTATION_CONTEXT('2D SPACE',''
  ) );
#13872 = PCURVE('',#13821,#13873);
#13873 = DEFINITIONAL_REPRESENTATION('',(#13874),#13878);
#13874 = LINE('',#13875,#13876);
#13875 = CARTESIAN_POINT('',(0.,0.));
#13876 = VECTOR('',#13877,1.);
#13877 = DIRECTION('',(1.,0.));
#13878 = ( GEOMETRIC_REPRESENTATION_CONTEXT(2) 
PARAMETRIC_REPRESENTATION_CONTEXT() REPRESENTATION_CONTEXT('2D SPACE',''
  ) );
#13879 = ORIENTED_EDGE('',*,*,#13880,.T.);
#13880 = EDGE_CURVE('',#13858,#6486,#13881,.T.);
#13881 = SURFACE_CURVE('',#13882,(#13886,#13892),.PCURVE_S1.);
#13882 = LINE('',#13883,#13884);
#13883 = CARTESIAN_POINT('',(31.833030277982,-44.,2.4));
#13884 = VECTOR('',#13885,1.);
#13885 = DIRECTION('',(0.,0.,1.));
#13886 = PCURVE('',#6501,#13887);
#13887 = DEFINITIONAL_REPRESENTATION('',(#13888),#13891);
#13888 = B_SPLINE_CURVE_WITH_KNOTS('',1,(#13889,#13890),.UNSPECIFIED.,
  .F.,.F.,(2,2),(-2.400000000069E-06,29.6000024),
  .PIECEWISE_BEZIER_KNOTS.);
#13889 = CARTESIAN_POINT('',(-2.400000000069E-06,65.833030277982));
#13890 = CARTESIAN_POINT('',(29.6000024,65.833030277982));
#13891 = ( GEOMETRIC_REPRESENTATION_CONTEXT(2) 
PARAMETRIC_REPRESENTATION_CONTEXT() REPRESENTATION_CONTEXT('2D SPACE',''
  ) );
#13892 = PCURVE('',#6527,#13893);
#13893 = DEFINITIONAL_REPRESENTATION('',(#13894),#13897);
#13894 = B_SPLINE_CURVE_WITH_KNOTS('',1,(#13895,#13896),.UNSPECIFIED.,
  .F.,.F.,(2,2),(-2.400000000069E-06,29.6000024),
  .PIECEWISE_BEZIER_KNOTS.);
#13895 = CARTESIAN_POINT('',(5.142088646536,-2.400000000069E-06));
#13896 = CARTESIAN_POINT('',(5.142088646536,29.6000024));
#13897 = ( GEOMETRIC_REPRESENTATION_CONTEXT(2) 
PARAMETRIC_REPRESENTATION_CONTEXT() REPRESENTATION_CONTEXT('2D SPACE',''
  ) );
#13898 = ORIENTED_EDGE('',*,*,#6485,.F.);
#13899 = ADVANCED_FACE('',(#13900),#6527,.T.);
#13900 = FACE_BOUND('',#13901,.T.);
#13901 = EDGE_LOOP('',(#13902,#13903,#13904,#13905));
#13902 = ORIENTED_EDGE('',*,*,#13833,.T.);
#13903 = ORIENTED_EDGE('',*,*,#6512,.F.);
#13904 = ORIENTED_EDGE('',*,*,#13880,.F.);
#13905 = ORIENTED_EDGE('',*,*,#13906,.T.);
#13906 = EDGE_CURVE('',#13858,#13806,#13907,.T.);
#13907 = SURFACE_CURVE('',#13908,(#13913,#13920),.PCURVE_S1.);
#13908 = CIRCLE('',#13909,4.4);
#13909 = AXIS2_PLACEMENT_3D('',#13910,#13911,#13912);
#13910 = CARTESIAN_POINT('',(30.,-40.,2.4));
#13911 = DIRECTION('',(0.,0.,1.));
#13912 = DIRECTION('',(1.,0.,-0.));
#13913 = PCURVE('',#6527,#13914);
#13914 = DEFINITIONAL_REPRESENTATION('',(#13915),#13919);
#13915 = LINE('',#13916,#13917);
#13916 = CARTESIAN_POINT('',(0.,0.));
#13917 = VECTOR('',#13918,1.);
#13918 = DIRECTION('',(1.,0.));
#13919 = ( GEOMETRIC_REPRESENTATION_CONTEXT(2) 
PARAMETRIC_REPRESENTATION_CONTEXT() REPRESENTATION_CONTEXT('2D SPACE',''
  ) );
#13920 = PCURVE('',#13821,#13921);
#13921 = DEFINITIONAL_REPRESENTATION('',(#13922),#13926);
#13922 = CIRCLE('',#13923,4.4);
#13923 = AXIS2_PLACEMENT_2D('',#13924,#13925);
#13924 = CARTESIAN_POINT('',(64.,4.));
#13925 = DIRECTION('',(1.,0.));
#13926 = ( GEOMETRIC_REPRESENTATION_CONTEXT(2) 
PARAMETRIC_REPRESENTATION_CONTEXT() REPRESENTATION_CONTEXT('2D SPACE',''
  ) );
#13927 = ADVANCED_FACE('',(#13928),#6558,.F.);
#13928 = FACE_BOUND('',#13929,.F.);
#13929 = EDGE_LOOP('',(#13930,#13931,#13954,#13981));
#13930 = ORIENTED_EDGE('',*,*,#6541,.F.);
#13931 = ORIENTED_EDGE('',*,*,#13932,.F.);
#13932 = EDGE_CURVE('',#13933,#6542,#13935,.T.);
#13933 = VERTEX_POINT('',#13934);
#13934 = CARTESIAN_POINT('',(32.,-40.,26.));
#13935 = SEAM_CURVE('',#13936,(#13940,#13947),.PCURVE_S1.);
#13936 = LINE('',#13937,#13938);
#13937 = CARTESIAN_POINT('',(32.,-40.,26.));
#13938 = VECTOR('',#13939,1.);
#13939 = DIRECTION('',(0.,0.,1.));
#13940 = PCURVE('',#6558,#13941);
#13941 = DEFINITIONAL_REPRESENTATION('',(#13942),#13946);
#13942 = LINE('',#13943,#13944);
#13943 = CARTESIAN_POINT('',(6.28318530718,-0.));
#13944 = VECTOR('',#13945,1.);
#13945 = DIRECTION('',(0.,1.));
#13946 = ( GEOMETRIC_REPRESENTATION_CONTEXT(2) 
PARAMETRIC_REPRESENTATION_CONTEXT() REPRESENTATION_CONTEXT('2D SPACE',''
  ) );
#13947 = PCURVE('',#6558,#13948);
#13948 = DEFINITIONAL_REPRESENTATION('',(#13949),#13953);
#13949 = LINE('',#13950,#13951);
#13950 = CARTESIAN_POINT('',(0.,-0.));
#13951 = VECTOR('',#13952,1.);
#13952 = DIRECTION('',(0.,1.));
#13953 = ( GEOMETRIC_REPRESENTATION_CONTEXT(2) 
PARAMETRIC_REPRESENTATION_CONTEXT() REPRESENTATION_CONTEXT('2D SPACE',''
  ) );
#13954 = ORIENTED_EDGE('',*,*,#13955,.T.);
#13955 = EDGE_CURVE('',#13933,#13933,#13956,.T.);
#13956 = SURFACE_CURVE('',#13957,(#13962,#13969),.PCURVE_S1.);
#13957 = CIRCLE('',#13958,2.);
#13958 = AXIS2_PLACEMENT_3D('',#13959,#13960,#13961);
#13959 = CARTESIAN_POINT('',(30.,-40.,26.));
#13960 = DIRECTION('',(0.,0.,1.));
#13961 = DIRECTION('',(1.,0.,-0.));
#13962 = PCURVE('',#6558,#13963);
#13963 = DEFINITIONAL_REPRESENTATION('',(#13964),#13968);
#13964 = LINE('',#13965,#13966);
#13965 = CARTESIAN_POINT('',(0.,0.));
#13966 = VECTOR('',#13967,1.);
#13967 = DIRECTION('',(1.,0.));
#13968 = ( GEOMETRIC_REPRESENTATION_CONTEXT(2) 
PARAMETRIC_REPRESENTATION_CONTEXT() REPRESENTATION_CONTEXT('2D SPACE',''
  ) );
#13969 = PCURVE('',#13970,#13975);
#13970 = PLANE('',#13971);
#13971 = AXIS2_PLACEMENT_3D('',#13972,#13973,#13974);
#13972 = CARTESIAN_POINT('',(30.,-40.,26.));
#13973 = DIRECTION('',(0.,0.,1.));
#13974 = DIRECTION('',(1.,0.,-0.));
#13975 = DEFINITIONAL_REPRESENTATION('',(#13976),#13980);
#13976 = CIRCLE('',#13977,2.);
#13977 = AXIS2_PLACEMENT_2D('',#13978,#13979);
#13978 = CARTESIAN_POINT('',(0.,0.));
#13979 = DIRECTION('',(1.,0.));
#13980 = ( GEOMETRIC_REPRESENTATION_CONTEXT(2) 
PARAMETRIC_REPRESENTATION_CONTEXT() REPRESENTATION_CONTEXT('2D SPACE',''
  ) );
#13981 = ORIENTED_EDGE('',*,*,#13932,.T.);
#13982 = ADVANCED_FACE('',(#13983),#6589,.F.);
#13983 = FACE_BOUND('',#13984,.F.);
#13984 = EDGE_LOOP('',(#13985,#13986,#14009,#14031));
#13985 = ORIENTED_EDGE('',*,*,#6572,.F.);
#13986 = ORIENTED_EDGE('',*,*,#13987,.F.);
#13987 = EDGE_CURVE('',#13988,#6573,#13990,.T.);
#13988 = VERTEX_POINT('',#13989);
#13989 = CARTESIAN_POINT('',(44.1,-35.4,27.));
#13990 = SEAM_CURVE('',#13991,(#13995,#14002),.PCURVE_S1.);
#13991 = LINE('',#13992,#13993);
#13992 = CARTESIAN_POINT('',(44.1,-35.4,26.5));
#13993 = VECTOR('',#13994,1.);
#13994 = DIRECTION('',(0.,0.,1.));
#13995 = PCURVE('',#6589,#13996);
#13996 = DEFINITIONAL_REPRESENTATION('',(#13997),#14001);
#13997 = LINE('',#13998,#13999);
#13998 = CARTESIAN_POINT('',(6.28318530718,-0.));
#13999 = VECTOR('',#14000,1.);
#14000 = DIRECTION('',(0.,1.));
#14001 = ( GEOMETRIC_REPRESENTATION_CONTEXT(2) 
PARAMETRIC_REPRESENTATION_CONTEXT() REPRESENTATION_CONTEXT('2D SPACE',''
  ) );
#14002 = PCURVE('',#6589,#14003);
#14003 = DEFINITIONAL_REPRESENTATION('',(#14004),#14008);
#14004 = LINE('',#14005,#14006);
#14005 = CARTESIAN_POINT('',(0.,-0.));
#14006 = VECTOR('',#14007,1.);
#14007 = DIRECTION('',(0.,1.));
#14008 = ( GEOMETRIC_REPRESENTATION_CONTEXT(2) 
PARAMETRIC_REPRESENTATION_CONTEXT() REPRESENTATION_CONTEXT('2D SPACE',''
  ) );
#14009 = ORIENTED_EDGE('',*,*,#14010,.T.);
#14010 = EDGE_CURVE('',#13988,#13988,#14011,.T.);
#14011 = SURFACE_CURVE('',#14012,(#14017,#14024),.PCURVE_S1.);
#14012 = CIRCLE('',#14013,1.7);
#14013 = AXIS2_PLACEMENT_3D('',#14014,#14015,#14016);
#14014 = CARTESIAN_POINT('',(42.4,-35.4,27.));
#14015 = DIRECTION('',(0.,0.,1.));
#14016 = DIRECTION('',(1.,0.,-0.));
#14017 = PCURVE('',#6589,#14018);
#14018 = DEFINITIONAL_REPRESENTATION('',(#14019),#14023);
#14019 = LINE('',#14020,#14021);
#14020 = CARTESIAN_POINT('',(0.,0.5));
#14021 = VECTOR('',#14022,1.);
#14022 = DIRECTION('',(1.,0.));
#14023 = ( GEOMETRIC_REPRESENTATION_CONTEXT(2) 
PARAMETRIC_REPRESENTATION_CONTEXT() REPRESENTATION_CONTEXT('2D SPACE',''
  ) );
#14024 = PCURVE('',#12393,#14025);
#14025 = DEFINITIONAL_REPRESENTATION('',(#14026),#14030);
#14026 = CIRCLE('',#14027,1.7);
#14027 = AXIS2_PLACEMENT_2D('',#14028,#14029);
#14028 = CARTESIAN_POINT('',(6.3,7.));
#14029 = DIRECTION('',(1.,0.));
#14030 = ( GEOMETRIC_REPRESENTATION_CONTEXT(2) 
PARAMETRIC_REPRESENTATION_CONTEXT() REPRESENTATION_CONTEXT('2D SPACE',''
  ) );
#14031 = ORIENTED_EDGE('',*,*,#13987,.T.);
#14032 = ADVANCED_FACE('',(#14033),#6620,.F.);
#14033 = FACE_BOUND('',#14034,.F.);
#14034 = EDGE_LOOP('',(#14035,#14036,#14059,#14086));
#14035 = ORIENTED_EDGE('',*,*,#6603,.F.);
#14036 = ORIENTED_EDGE('',*,*,#14037,.F.);
#14037 = EDGE_CURVE('',#14038,#6604,#14040,.T.);
#14038 = VERTEX_POINT('',#14039);
#14039 = CARTESIAN_POINT('',(32.,40.,26.));
#14040 = SEAM_CURVE('',#14041,(#14045,#14052),.PCURVE_S1.);
#14041 = LINE('',#14042,#14043);
#14042 = CARTESIAN_POINT('',(32.,40.,26.));
#14043 = VECTOR('',#14044,1.);
#14044 = DIRECTION('',(0.,0.,1.));
#14045 = PCURVE('',#6620,#14046);
#14046 = DEFINITIONAL_REPRESENTATION('',(#14047),#14051);
#14047 = LINE('',#14048,#14049);
#14048 = CARTESIAN_POINT('',(6.28318530718,-0.));
#14049 = VECTOR('',#14050,1.);
#14050 = DIRECTION('',(0.,1.));
#14051 = ( GEOMETRIC_REPRESENTATION_CONTEXT(2) 
PARAMETRIC_REPRESENTATION_CONTEXT() REPRESENTATION_CONTEXT('2D SPACE',''
  ) );
#14052 = PCURVE('',#6620,#14053);
#14053 = DEFINITIONAL_REPRESENTATION('',(#14054),#14058);
#14054 = LINE('',#14055,#14056);
#14055 = CARTESIAN_POINT('',(0.,-0.));
#14056 = VECTOR('',#14057,1.);
#14057 = DIRECTION('',(0.,1.));
#14058 = ( GEOMETRIC_REPRESENTATION_CONTEXT(2) 
PARAMETRIC_REPRESENTATION_CONTEXT() REPRESENTATION_CONTEXT('2D SPACE',''
  ) );
#14059 = ORIENTED_EDGE('',*,*,#14060,.T.);
#14060 = EDGE_CURVE('',#14038,#14038,#14061,.T.);
#14061 = SURFACE_CURVE('',#14062,(#14067,#14074),.PCURVE_S1.);
#14062 = CIRCLE('',#14063,2.);
#14063 = AXIS2_PLACEMENT_3D('',#14064,#14065,#14066);
#14064 = CARTESIAN_POINT('',(30.,40.,26.));
#14065 = DIRECTION('',(0.,0.,1.));
#14066 = DIRECTION('',(1.,0.,-0.));
#14067 = PCURVE('',#6620,#14068);
#14068 = DEFINITIONAL_REPRESENTATION('',(#14069),#14073);
#14069 = LINE('',#14070,#14071);
#14070 = CARTESIAN_POINT('',(0.,0.));
#14071 = VECTOR('',#14072,1.);
#14072 = DIRECTION('',(1.,0.));
#14073 = ( GEOMETRIC_REPRESENTATION_CONTEXT(2) 
PARAMETRIC_REPRESENTATION_CONTEXT() REPRESENTATION_CONTEXT('2D SPACE',''
  ) );
#14074 = PCURVE('',#14075,#14080);
#14075 = PLANE('',#14076);
#14076 = AXIS2_PLACEMENT_3D('',#14077,#14078,#14079);
#14077 = CARTESIAN_POINT('',(30.,40.,26.));
#14078 = DIRECTION('',(0.,0.,1.));
#14079 = DIRECTION('',(1.,0.,-0.));
#14080 = DEFINITIONAL_REPRESENTATION('',(#14081),#14085);
#14081 = CIRCLE('',#14082,2.);
#14082 = AXIS2_PLACEMENT_2D('',#14083,#14084);
#14083 = CARTESIAN_POINT('',(0.,0.));
#14084 = DIRECTION('',(1.,0.));
#14085 = ( GEOMETRIC_REPRESENTATION_CONTEXT(2) 
PARAMETRIC_REPRESENTATION_CONTEXT() REPRESENTATION_CONTEXT('2D SPACE',''
  ) );
#14086 = ORIENTED_EDGE('',*,*,#14037,.T.);
#14087 = ADVANCED_FACE('',(#14088),#6652,.F.);
#14088 = FACE_BOUND('',#14089,.F.);
#14089 = EDGE_LOOP('',(#14090,#14111,#14139,#14160));
#14090 = ORIENTED_EDGE('',*,*,#14091,.F.);
#14091 = EDGE_CURVE('',#14092,#6635,#14094,.T.);
#14092 = VERTEX_POINT('',#14093);
#14093 = CARTESIAN_POINT('',(34.,41.833030277982,2.4));
#14094 = SURFACE_CURVE('',#14095,(#14099,#14105),.PCURVE_S1.);
#14095 = LINE('',#14096,#14097);
#14096 = CARTESIAN_POINT('',(34.,41.833030277982,2.4));
#14097 = VECTOR('',#14098,1.);
#14098 = DIRECTION('',(0.,0.,1.));
#14099 = PCURVE('',#6652,#14100);
#14100 = DEFINITIONAL_REPRESENTATION('',(#14101),#14104);
#14101 = B_SPLINE_CURVE_WITH_KNOTS('',1,(#14102,#14103),.UNSPECIFIED.,
  .F.,.F.,(2,2),(-2.400000000069E-06,29.6000024),
  .PIECEWISE_BEZIER_KNOTS.);
#14102 = CARTESIAN_POINT('',(-2.400000000069E-06,-85.83303027798));
#14103 = CARTESIAN_POINT('',(29.6000024,-85.83303027798));
#14104 = ( GEOMETRIC_REPRESENTATION_CONTEXT(2) 
PARAMETRIC_REPRESENTATION_CONTEXT() REPRESENTATION_CONTEXT('2D SPACE',''
  ) );
#14105 = PCURVE('',#6680,#14106);
#14106 = DEFINITIONAL_REPRESENTATION('',(#14107),#14110);
#14107 = B_SPLINE_CURVE_WITH_KNOTS('',1,(#14108,#14109),.UNSPECIFIED.,
  .F.,.F.,(2,2),(-2.400000000069E-06,29.6000024),
  .PIECEWISE_BEZIER_KNOTS.);
#14108 = CARTESIAN_POINT('',(0.429699666151,-2.400000000069E-06));
#14109 = CARTESIAN_POINT('',(0.429699666151,29.6000024));
#14110 = ( GEOMETRIC_REPRESENTATION_CONTEXT(2) 
PARAMETRIC_REPRESENTATION_CONTEXT() REPRESENTATION_CONTEXT('2D SPACE',''
  ) );
#14111 = ORIENTED_EDGE('',*,*,#14112,.T.);
#14112 = EDGE_CURVE('',#14092,#14113,#14115,.T.);
#14113 = VERTEX_POINT('',#14114);
#14114 = CARTESIAN_POINT('',(34.,44.,2.4));
#14115 = SURFACE_CURVE('',#14116,(#14120,#14127),.PCURVE_S1.);
#14116 = LINE('',#14117,#14118);
#14117 = CARTESIAN_POINT('',(34.,-44.,2.4));
#14118 = VECTOR('',#14119,1.);
#14119 = DIRECTION('',(-0.,1.,0.));
#14120 = PCURVE('',#6652,#14121);
#14121 = DEFINITIONAL_REPRESENTATION('',(#14122),#14126);
#14122 = LINE('',#14123,#14124);
#14123 = CARTESIAN_POINT('',(0.,0.));
#14124 = VECTOR('',#14125,1.);
#14125 = DIRECTION('',(0.,-1.));
#14126 = ( GEOMETRIC_REPRESENTATION_CONTEXT(2) 
PARAMETRIC_REPRESENTATION_CONTEXT() REPRESENTATION_CONTEXT('2D SPACE',''
  ) );
#14127 = PCURVE('',#14128,#14133);
#14128 = PLANE('',#14129);
#14129 = AXIS2_PLACEMENT_3D('',#14130,#14131,#14132);
#14130 = CARTESIAN_POINT('',(-34.,-44.,2.4));
#14131 = DIRECTION('',(0.,0.,1.));
#14132 = DIRECTION('',(1.,0.,-0.));
#14133 = DEFINITIONAL_REPRESENTATION('',(#14134),#14138);
#14134 = LINE('',#14135,#14136);
#14135 = CARTESIAN_POINT('',(68.,0.));
#14136 = VECTOR('',#14137,1.);
#14137 = DIRECTION('',(0.,1.));
#14138 = ( GEOMETRIC_REPRESENTATION_CONTEXT(2) 
PARAMETRIC_REPRESENTATION_CONTEXT() REPRESENTATION_CONTEXT('2D SPACE',''
  ) );
#14139 = ORIENTED_EDGE('',*,*,#14140,.T.);
#14140 = EDGE_CURVE('',#14113,#6637,#14141,.T.);
#14141 = SURFACE_CURVE('',#14142,(#14146,#14153),.PCURVE_S1.);
#14142 = LINE('',#14143,#14144);
#14143 = CARTESIAN_POINT('',(34.,44.,2.4));
#14144 = VECTOR('',#14145,1.);
#14145 = DIRECTION('',(0.,0.,1.));
#14146 = PCURVE('',#6652,#14147);
#14147 = DEFINITIONAL_REPRESENTATION('',(#14148),#14152);
#14148 = LINE('',#14149,#14150);
#14149 = CARTESIAN_POINT('',(0.,-88.));
#14150 = VECTOR('',#14151,1.);
#14151 = DIRECTION('',(1.,0.));
#14152 = ( GEOMETRIC_REPRESENTATION_CONTEXT(2) 
PARAMETRIC_REPRESENTATION_CONTEXT() REPRESENTATION_CONTEXT('2D SPACE',''
  ) );
#14153 = PCURVE('',#6706,#14154);
#14154 = DEFINITIONAL_REPRESENTATION('',(#14155),#14159);
#14155 = LINE('',#14156,#14157);
#14156 = CARTESIAN_POINT('',(0.,68.));
#14157 = VECTOR('',#14158,1.);
#14158 = DIRECTION('',(1.,0.));
#14159 = ( GEOMETRIC_REPRESENTATION_CONTEXT(2) 
PARAMETRIC_REPRESENTATION_CONTEXT() REPRESENTATION_CONTEXT('2D SPACE',''
  ) );
#14160 = ORIENTED_EDGE('',*,*,#6634,.F.);
#14161 = ADVANCED_FACE('',(#14162),#6680,.T.);
#14162 = FACE_BOUND('',#14163,.T.);
#14163 = EDGE_LOOP('',(#14164,#14165,#14166,#14190));
#14164 = ORIENTED_EDGE('',*,*,#6663,.F.);
#14165 = ORIENTED_EDGE('',*,*,#14091,.F.);
#14166 = ORIENTED_EDGE('',*,*,#14167,.T.);
#14167 = EDGE_CURVE('',#14092,#14168,#14170,.T.);
#14168 = VERTEX_POINT('',#14169);
#14169 = CARTESIAN_POINT('',(31.833030277982,44.,2.4));
#14170 = SURFACE_CURVE('',#14171,(#14176,#14183),.PCURVE_S1.);
#14171 = CIRCLE('',#14172,4.4);
#14172 = AXIS2_PLACEMENT_3D('',#14173,#14174,#14175);
#14173 = CARTESIAN_POINT('',(30.,40.,2.4));
#14174 = DIRECTION('',(0.,0.,1.));
#14175 = DIRECTION('',(1.,0.,-0.));
#14176 = PCURVE('',#6680,#14177);
#14177 = DEFINITIONAL_REPRESENTATION('',(#14178),#14182);
#14178 = LINE('',#14179,#14180);
#14179 = CARTESIAN_POINT('',(0.,0.));
#14180 = VECTOR('',#14181,1.);
#14181 = DIRECTION('',(1.,0.));
#14182 = ( GEOMETRIC_REPRESENTATION_CONTEXT(2) 
PARAMETRIC_REPRESENTATION_CONTEXT() REPRESENTATION_CONTEXT('2D SPACE',''
  ) );
#14183 = PCURVE('',#14128,#14184);
#14184 = DEFINITIONAL_REPRESENTATION('',(#14185),#14189);
#14185 = CIRCLE('',#14186,4.4);
#14186 = AXIS2_PLACEMENT_2D('',#14187,#14188);
#14187 = CARTESIAN_POINT('',(64.,84.));
#14188 = DIRECTION('',(1.,0.));
#14189 = ( GEOMETRIC_REPRESENTATION_CONTEXT(2) 
PARAMETRIC_REPRESENTATION_CONTEXT() REPRESENTATION_CONTEXT('2D SPACE',''
  ) );
#14190 = ORIENTED_EDGE('',*,*,#14191,.T.);
#14191 = EDGE_CURVE('',#14168,#6664,#14192,.T.);
#14192 = SURFACE_CURVE('',#14193,(#14197,#14203),.PCURVE_S1.);
#14193 = LINE('',#14194,#14195);
#14194 = CARTESIAN_POINT('',(31.833030277982,44.,2.4));
#14195 = VECTOR('',#14196,1.);
#14196 = DIRECTION('',(0.,0.,1.));
#14197 = PCURVE('',#6680,#14198);
#14198 = DEFINITIONAL_REPRESENTATION('',(#14199),#14202);
#14199 = B_SPLINE_CURVE_WITH_KNOTS('',1,(#14200,#14201),.UNSPECIFIED.,
  .F.,.F.,(2,2),(-2.400000000069E-06,29.6000024),
  .PIECEWISE_BEZIER_KNOTS.);
#14200 = CARTESIAN_POINT('',(1.141096660643,-2.400000000069E-06));
#14201 = CARTESIAN_POINT('',(1.141096660643,29.6000024));
#14202 = ( GEOMETRIC_REPRESENTATION_CONTEXT(2) 
PARAMETRIC_REPRESENTATION_CONTEXT() REPRESENTATION_CONTEXT('2D SPACE',''
  ) );
#14203 = PCURVE('',#6706,#14204);
#14204 = DEFINITIONAL_REPRESENTATION('',(#14205),#14208);
#14205 = B_SPLINE_CURVE_WITH_KNOTS('',1,(#14206,#14207),.UNSPECIFIED.,
  .F.,.F.,(2,2),(-2.400000000069E-06,29.6000024),
  .PIECEWISE_BEZIER_KNOTS.);
#14206 = CARTESIAN_POINT('',(-2.400000000069E-06,65.833030277982));
#14207 = CARTESIAN_POINT('',(29.6000024,65.833030277982));
#14208 = ( GEOMETRIC_REPRESENTATION_CONTEXT(2) 
PARAMETRIC_REPRESENTATION_CONTEXT() REPRESENTATION_CONTEXT('2D SPACE',''
  ) );
#14209 = ADVANCED_FACE('',(#14210),#6706,.F.);
#14210 = FACE_BOUND('',#14211,.F.);
#14211 = EDGE_LOOP('',(#14212,#14213,#14234,#14235));
#14212 = ORIENTED_EDGE('',*,*,#14140,.F.);
#14213 = ORIENTED_EDGE('',*,*,#14214,.F.);
#14214 = EDGE_CURVE('',#14168,#14113,#14215,.T.);
#14215 = SURFACE_CURVE('',#14216,(#14220,#14227),.PCURVE_S1.);
#14216 = LINE('',#14217,#14218);
#14217 = CARTESIAN_POINT('',(-34.,44.,2.4));
#14218 = VECTOR('',#14219,1.);
#14219 = DIRECTION('',(1.,0.,-0.));
#14220 = PCURVE('',#6706,#14221);
#14221 = DEFINITIONAL_REPRESENTATION('',(#14222),#14226);
#14222 = LINE('',#14223,#14224);
#14223 = CARTESIAN_POINT('',(0.,0.));
#14224 = VECTOR('',#14225,1.);
#14225 = DIRECTION('',(0.,1.));
#14226 = ( GEOMETRIC_REPRESENTATION_CONTEXT(2) 
PARAMETRIC_REPRESENTATION_CONTEXT() REPRESENTATION_CONTEXT('2D SPACE',''
  ) );
#14227 = PCURVE('',#14128,#14228);
#14228 = DEFINITIONAL_REPRESENTATION('',(#14229),#14233);
#14229 = LINE('',#14230,#14231);
#14230 = CARTESIAN_POINT('',(0.,88.));
#14231 = VECTOR('',#14232,1.);
#14232 = DIRECTION('',(1.,0.));
#14233 = ( GEOMETRIC_REPRESENTATION_CONTEXT(2) 
PARAMETRIC_REPRESENTATION_CONTEXT() REPRESENTATION_CONTEXT('2D SPACE',''
  ) );
#14234 = ORIENTED_EDGE('',*,*,#14191,.T.);
#14235 = ORIENTED_EDGE('',*,*,#6692,.F.);
#14236 = ADVANCED_FACE('',(#14237),#6736,.F.);
#14237 = FACE_BOUND('',#14238,.F.);
#14238 = EDGE_LOOP('',(#14239,#14240,#14263,#14285));
#14239 = ORIENTED_EDGE('',*,*,#6719,.F.);
#14240 = ORIENTED_EDGE('',*,*,#14241,.F.);
#14241 = EDGE_CURVE('',#14242,#6720,#14244,.T.);
#14242 = VERTEX_POINT('',#14243);
#14243 = CARTESIAN_POINT('',(44.1,35.4,27.));
#14244 = SEAM_CURVE('',#14245,(#14249,#14256),.PCURVE_S1.);
#14245 = LINE('',#14246,#14247);
#14246 = CARTESIAN_POINT('',(44.1,35.4,26.5));
#14247 = VECTOR('',#14248,1.);
#14248 = DIRECTION('',(0.,0.,1.));
#14249 = PCURVE('',#6736,#14250);
#14250 = DEFINITIONAL_REPRESENTATION('',(#14251),#14255);
#14251 = LINE('',#14252,#14253);
#14252 = CARTESIAN_POINT('',(6.28318530718,-0.));
#14253 = VECTOR('',#14254,1.);
#14254 = DIRECTION('',(0.,1.));
#14255 = ( GEOMETRIC_REPRESENTATION_CONTEXT(2) 
PARAMETRIC_REPRESENTATION_CONTEXT() REPRESENTATION_CONTEXT('2D SPACE',''
  ) );
#14256 = PCURVE('',#6736,#14257);
#14257 = DEFINITIONAL_REPRESENTATION('',(#14258),#14262);
#14258 = LINE('',#14259,#14260);
#14259 = CARTESIAN_POINT('',(0.,-0.));
#14260 = VECTOR('',#14261,1.);
#14261 = DIRECTION('',(0.,1.));
#14262 = ( GEOMETRIC_REPRESENTATION_CONTEXT(2) 
PARAMETRIC_REPRESENTATION_CONTEXT() REPRESENTATION_CONTEXT('2D SPACE',''
  ) );
#14263 = ORIENTED_EDGE('',*,*,#14264,.T.);
#14264 = EDGE_CURVE('',#14242,#14242,#14265,.T.);
#14265 = SURFACE_CURVE('',#14266,(#14271,#14278),.PCURVE_S1.);
#14266 = CIRCLE('',#14267,1.7);
#14267 = AXIS2_PLACEMENT_3D('',#14268,#14269,#14270);
#14268 = CARTESIAN_POINT('',(42.4,35.4,27.));
#14269 = DIRECTION('',(0.,0.,1.));
#14270 = DIRECTION('',(1.,0.,-0.));
#14271 = PCURVE('',#6736,#14272);
#14272 = DEFINITIONAL_REPRESENTATION('',(#14273),#14277);
#14273 = LINE('',#14274,#14275);
#14274 = CARTESIAN_POINT('',(0.,0.5));
#14275 = VECTOR('',#14276,1.);
#14276 = DIRECTION('',(1.,0.));
#14277 = ( GEOMETRIC_REPRESENTATION_CONTEXT(2) 
PARAMETRIC_REPRESENTATION_CONTEXT() REPRESENTATION_CONTEXT('2D SPACE',''
  ) );
#14278 = PCURVE('',#12218,#14279);
#14279 = DEFINITIONAL_REPRESENTATION('',(#14280),#14284);
#14280 = CIRCLE('',#14281,1.7);
#14281 = AXIS2_PLACEMENT_2D('',#14282,#14283);
#14282 = CARTESIAN_POINT('',(6.3,7.));
#14283 = DIRECTION('',(1.,0.));
#14284 = ( GEOMETRIC_REPRESENTATION_CONTEXT(2) 
PARAMETRIC_REPRESENTATION_CONTEXT() REPRESENTATION_CONTEXT('2D SPACE',''
  ) );
#14285 = ORIENTED_EDGE('',*,*,#14241,.T.);
#14286 = ADVANCED_FACE('',(#14287,#14459,#14490,#14521),#7205,.T.);
#14287 = FACE_BOUND('',#14288,.T.);
#14288 = EDGE_LOOP('',(#14289,#14290,#14309,#14310,#14336,#14337,#14360,
    #14388,#14416,#14435,#14436,#14437));
#14289 = ORIENTED_EDGE('',*,*,#11736,.F.);
#14290 = ORIENTED_EDGE('',*,*,#14291,.T.);
#14291 = EDGE_CURVE('',#11737,#11934,#14292,.T.);
#14292 = SURFACE_CURVE('',#14293,(#14297,#14303),.PCURVE_S1.);
#14293 = LINE('',#14294,#14295);
#14294 = CARTESIAN_POINT('',(-12.,-1.45,32.));
#14295 = VECTOR('',#14296,1.);
#14296 = DIRECTION('',(-0.,1.,0.));
#14297 = PCURVE('',#7205,#14298);
#14298 = DEFINITIONAL_REPRESENTATION('',(#14299),#14302);
#14299 = B_SPLINE_CURVE_WITH_KNOTS('',1,(#14300,#14301),.UNSPECIFIED.,
  .F.,.F.,(2,2),(44.95,47.85),.PIECEWISE_BEZIER_KNOTS.);
#14300 = CARTESIAN_POINT('',(24.4,89.9));
#14301 = CARTESIAN_POINT('',(24.4,92.8));
#14302 = ( GEOMETRIC_REPRESENTATION_CONTEXT(2) 
PARAMETRIC_REPRESENTATION_CONTEXT() REPRESENTATION_CONTEXT('2D SPACE',''
  ) );
#14303 = PCURVE('',#11773,#14304);
#14304 = DEFINITIONAL_REPRESENTATION('',(#14305),#14308);
#14305 = B_SPLINE_CURVE_WITH_KNOTS('',1,(#14306,#14307),.UNSPECIFIED.,
  .F.,.F.,(2,2),(44.95,47.85),.PIECEWISE_BEZIER_KNOTS.);
#14306 = CARTESIAN_POINT('',(16.,0.));
#14307 = CARTESIAN_POINT('',(16.,-2.9));
#14308 = ( GEOMETRIC_REPRESENTATION_CONTEXT(2) 
PARAMETRIC_REPRESENTATION_CONTEXT() REPRESENTATION_CONTEXT('2D SPACE',''
  ) );
#14309 = ORIENTED_EDGE('',*,*,#11933,.F.);
#14310 = ORIENTED_EDGE('',*,*,#14311,.F.);
#14311 = EDGE_CURVE('',#8324,#11911,#14312,.T.);
#14312 = SURFACE_CURVE('',#14313,(#14318,#14329),.PCURVE_S1.);
#14313 = CIRCLE('',#14314,3.);
#14314 = AXIS2_PLACEMENT_3D('',#14315,#14316,#14317);
#14315 = CARTESIAN_POINT('',(-33.4,43.4,32.));
#14316 = DIRECTION('',(-0.,-0.,-1.));
#14317 = DIRECTION('',(0.,-1.,0.));
#14318 = PCURVE('',#7205,#14319);
#14319 = DEFINITIONAL_REPRESENTATION('',(#14320),#14328);
#14320 = ( BOUNDED_CURVE() B_SPLINE_CURVE(2,(#14321,#14322,#14323,#14324
    ,#14325,#14326,#14327),.UNSPECIFIED.,.T.,.F.) 
B_SPLINE_CURVE_WITH_KNOTS((1,2,2,2,2,1),(-2.094395102393,0.,
    2.094395102393,4.188790204786,6.28318530718,8.377580409573),
.UNSPECIFIED.) CURVE() GEOMETRIC_REPRESENTATION_ITEM() 
RATIONAL_B_SPLINE_CURVE((1.,0.5,1.,0.5,1.,0.5,1.)) REPRESENTATION_ITEM(
  '') );
#14321 = CARTESIAN_POINT('',(3.,86.8));
#14322 = CARTESIAN_POINT('',(-2.196152422707,86.8));
#14323 = CARTESIAN_POINT('',(0.401923788647,91.3));
#14324 = CARTESIAN_POINT('',(3.,95.8));
#14325 = CARTESIAN_POINT('',(5.598076211353,91.3));
#14326 = CARTESIAN_POINT('',(8.196152422707,86.8));
#14327 = CARTESIAN_POINT('',(3.,86.8));
#14328 = ( GEOMETRIC_REPRESENTATION_CONTEXT(2) 
PARAMETRIC_REPRESENTATION_CONTEXT() REPRESENTATION_CONTEXT('2D SPACE',''
  ) );
#14329 = PCURVE('',#8339,#14330);
#14330 = DEFINITIONAL_REPRESENTATION('',(#14331),#14335);
#14331 = LINE('',#14332,#14333);
#14332 = CARTESIAN_POINT('',(1.570796326795,32.));
#14333 = VECTOR('',#14334,1.);
#14334 = DIRECTION('',(-1.,0.));
#14335 = ( GEOMETRIC_REPRESENTATION_CONTEXT(2) 
PARAMETRIC_REPRESENTATION_CONTEXT() REPRESENTATION_CONTEXT('2D SPACE',''
  ) );
#14336 = ORIENTED_EDGE('',*,*,#8351,.F.);
#14337 = ORIENTED_EDGE('',*,*,#14338,.F.);
#14338 = EDGE_CURVE('',#14339,#8352,#14341,.T.);
#14339 = VERTEX_POINT('',#14340);
#14340 = CARTESIAN_POINT('',(-48.4,42.4,32.));
#14341 = SURFACE_CURVE('',#14342,(#14346,#14353),.PCURVE_S1.);
#14342 = LINE('',#14343,#14344);
#14343 = CARTESIAN_POINT('',(-48.4,42.4,32.));
#14344 = VECTOR('',#14345,1.);
#14345 = DIRECTION('',(1.,0.,-0.));
#14346 = PCURVE('',#7205,#14347);
#14347 = DEFINITIONAL_REPRESENTATION('',(#14348),#14352);
#14348 = LINE('',#14349,#14350);
#14349 = CARTESIAN_POINT('',(-12.,88.8));
#14350 = VECTOR('',#14351,1.);
#14351 = DIRECTION('',(1.,0.));
#14352 = ( GEOMETRIC_REPRESENTATION_CONTEXT(2) 
PARAMETRIC_REPRESENTATION_CONTEXT() REPRESENTATION_CONTEXT('2D SPACE',''
  ) );
#14353 = PCURVE('',#8390,#14354);
#14354 = DEFINITIONAL_REPRESENTATION('',(#14355),#14359);
#14355 = LINE('',#14356,#14357);
#14356 = CARTESIAN_POINT('',(7.951293295703,9.348706704297));
#14357 = VECTOR('',#14358,1.);
#14358 = DIRECTION('',(-1.,0.));
#14359 = ( GEOMETRIC_REPRESENTATION_CONTEXT(2) 
PARAMETRIC_REPRESENTATION_CONTEXT() REPRESENTATION_CONTEXT('2D SPACE',''
  ) );
#14360 = ORIENTED_EDGE('',*,*,#14361,.F.);
#14361 = EDGE_CURVE('',#14362,#14339,#14364,.T.);
#14362 = VERTEX_POINT('',#14363);
#14363 = CARTESIAN_POINT('',(-48.4,28.4,32.));
#14364 = SURFACE_CURVE('',#14365,(#14369,#14376),.PCURVE_S1.);
#14365 = LINE('',#14366,#14367);
#14366 = CARTESIAN_POINT('',(-48.4,28.4,32.));
#14367 = VECTOR('',#14368,1.);
#14368 = DIRECTION('',(-0.,1.,0.));
#14369 = PCURVE('',#7205,#14370);
#14370 = DEFINITIONAL_REPRESENTATION('',(#14371),#14375);
#14371 = LINE('',#14372,#14373);
#14372 = CARTESIAN_POINT('',(-12.,74.8));
#14373 = VECTOR('',#14374,1.);
#14374 = DIRECTION('',(0.,1.));
#14375 = ( GEOMETRIC_REPRESENTATION_CONTEXT(2) 
PARAMETRIC_REPRESENTATION_CONTEXT() REPRESENTATION_CONTEXT('2D SPACE',''
  ) );
#14376 = PCURVE('',#14377,#14382);
#14377 = PLANE('',#14378);
#14378 = AXIS2_PLACEMENT_3D('',#14379,#14380,#14381);
#14379 = CARTESIAN_POINT('',(-48.4,28.4,27.));
#14380 = DIRECTION('',(1.,0.,-0.));
#14381 = DIRECTION('',(0.,0.,1.));
#14382 = DEFINITIONAL_REPRESENTATION('',(#14383),#14387);
#14383 = LINE('',#14384,#14385);
#14384 = CARTESIAN_POINT('',(5.,0.));
#14385 = VECTOR('',#14386,1.);
#14386 = DIRECTION('',(0.,-1.));
#14387 = ( GEOMETRIC_REPRESENTATION_CONTEXT(2) 
PARAMETRIC_REPRESENTATION_CONTEXT() REPRESENTATION_CONTEXT('2D SPACE',''
  ) );
#14388 = ORIENTED_EDGE('',*,*,#14389,.T.);
#14389 = EDGE_CURVE('',#14362,#14390,#14392,.T.);
#14390 = VERTEX_POINT('',#14391);
#14391 = CARTESIAN_POINT('',(-36.9,28.4,32.));
#14392 = SURFACE_CURVE('',#14393,(#14397,#14404),.PCURVE_S1.);
#14393 = LINE('',#14394,#14395);
#14394 = CARTESIAN_POINT('',(-48.4,28.4,32.));
#14395 = VECTOR('',#14396,1.);
#14396 = DIRECTION('',(1.,0.,-0.));
#14397 = PCURVE('',#7205,#14398);
#14398 = DEFINITIONAL_REPRESENTATION('',(#14399),#14403);
#14399 = LINE('',#14400,#14401);
#14400 = CARTESIAN_POINT('',(-12.,74.8));
#14401 = VECTOR('',#14402,1.);
#14402 = DIRECTION('',(1.,0.));
#14403 = ( GEOMETRIC_REPRESENTATION_CONTEXT(2) 
PARAMETRIC_REPRESENTATION_CONTEXT() REPRESENTATION_CONTEXT('2D SPACE',''
  ) );
#14404 = PCURVE('',#14405,#14410);
#14405 = PLANE('',#14406);
#14406 = AXIS2_PLACEMENT_3D('',#14407,#14408,#14409);
#14407 = CARTESIAN_POINT('',(-48.4,28.4,27.));
#14408 = DIRECTION('',(-0.,1.,0.));
#14409 = DIRECTION('',(0.,0.,1.));
#14410 = DEFINITIONAL_REPRESENTATION('',(#14411),#14415);
#14411 = LINE('',#14412,#14413);
#14412 = CARTESIAN_POINT('',(5.,0.));
#14413 = VECTOR('',#14414,1.);
#14414 = DIRECTION('',(0.,1.));
#14415 = ( GEOMETRIC_REPRESENTATION_CONTEXT(2) 
PARAMETRIC_REPRESENTATION_CONTEXT() REPRESENTATION_CONTEXT('2D SPACE',''
  ) );
#14416 = ORIENTED_EDGE('',*,*,#14417,.T.);
#14417 = EDGE_CURVE('',#14390,#7163,#14418,.T.);
#14418 = SURFACE_CURVE('',#14419,(#14423,#14429),.PCURVE_S1.);
#14419 = LINE('',#14420,#14421);
#14420 = CARTESIAN_POINT('',(-36.9,-38.2,32.));
#14421 = VECTOR('',#14422,1.);
#14422 = DIRECTION('',(-0.,1.,0.));
#14423 = PCURVE('',#7205,#14424);
#14424 = DEFINITIONAL_REPRESENTATION('',(#14425),#14428);
#14425 = B_SPLINE_CURVE_WITH_KNOTS('',1,(#14426,#14427),.UNSPECIFIED.,
  .F.,.F.,(2,2),(8.2,68.2),.PIECEWISE_BEZIER_KNOTS.);
#14426 = CARTESIAN_POINT('',(-0.5,16.4));
#14427 = CARTESIAN_POINT('',(-0.5,76.4));
#14428 = ( GEOMETRIC_REPRESENTATION_CONTEXT(2) 
PARAMETRIC_REPRESENTATION_CONTEXT() REPRESENTATION_CONTEXT('2D SPACE',''
  ) );
#14429 = PCURVE('',#7178,#14430);
#14430 = DEFINITIONAL_REPRESENTATION('',(#14431),#14434);
#14431 = B_SPLINE_CURVE_WITH_KNOTS('',1,(#14432,#14433),.UNSPECIFIED.,
  .F.,.F.,(2,2),(8.2,68.2),.PIECEWISE_BEZIER_KNOTS.);
#14432 = CARTESIAN_POINT('',(23.,0.));
#14433 = CARTESIAN_POINT('',(23.,-60.));
#14434 = ( GEOMETRIC_REPRESENTATION_CONTEXT(2) 
PARAMETRIC_REPRESENTATION_CONTEXT() REPRESENTATION_CONTEXT('2D SPACE',''
  ) );
#14435 = ORIENTED_EDGE('',*,*,#7190,.F.);
#14436 = ORIENTED_EDGE('',*,*,#7238,.T.);
#14437 = ORIENTED_EDGE('',*,*,#14438,.T.);
#14438 = EDGE_CURVE('',#7239,#11716,#14439,.T.);
#14439 = SURFACE_CURVE('',#14440,(#14445,#14452),.PCURVE_S1.);
#14440 = CIRCLE('',#14441,4.4);
#14441 = AXIS2_PLACEMENT_3D('',#14442,#14443,#14444);
#14442 = CARTESIAN_POINT('',(-30.,40.,32.));
#14443 = DIRECTION('',(0.,0.,1.));
#14444 = DIRECTION('',(-0.909090909091,-0.416597790451,0.));
#14445 = PCURVE('',#7205,#14446);
#14446 = DEFINITIONAL_REPRESENTATION('',(#14447),#14451);
#14447 = CIRCLE('',#14448,4.4);
#14448 = AXIS2_PLACEMENT_2D('',#14449,#14450);
#14449 = CARTESIAN_POINT('',(6.4,86.4));
#14450 = DIRECTION('',(-0.909090909091,-0.416597790451));
#14451 = ( GEOMETRIC_REPRESENTATION_CONTEXT(2) 
PARAMETRIC_REPRESENTATION_CONTEXT() REPRESENTATION_CONTEXT('2D SPACE',''
  ) );
#14452 = PCURVE('',#7321,#14453);
#14453 = DEFINITIONAL_REPRESENTATION('',(#14454),#14458);
#14454 = LINE('',#14455,#14456);
#14455 = CARTESIAN_POINT('',(3.571292319741,29.6));
#14456 = VECTOR('',#14457,1.);
#14457 = DIRECTION('',(1.,0.));
#14458 = ( GEOMETRIC_REPRESENTATION_CONTEXT(2) 
PARAMETRIC_REPRESENTATION_CONTEXT() REPRESENTATION_CONTEXT('2D SPACE',''
  ) );
#14459 = FACE_BOUND('',#14460,.T.);
#14460 = EDGE_LOOP('',(#14461));
#14461 = ORIENTED_EDGE('',*,*,#14462,.F.);
#14462 = EDGE_CURVE('',#14463,#14463,#14465,.T.);
#14463 = VERTEX_POINT('',#14464);
#14464 = CARTESIAN_POINT('',(-40.7,35.4,32.));
#14465 = SURFACE_CURVE('',#14466,(#14471,#14478),.PCURVE_S1.);
#14466 = CIRCLE('',#14467,1.7);
#14467 = AXIS2_PLACEMENT_3D('',#14468,#14469,#14470);
#14468 = CARTESIAN_POINT('',(-42.4,35.4,32.));
#14469 = DIRECTION('',(0.,0.,1.));
#14470 = DIRECTION('',(1.,0.,-0.));
#14471 = PCURVE('',#7205,#14472);
#14472 = DEFINITIONAL_REPRESENTATION('',(#14473),#14477);
#14473 = CIRCLE('',#14474,1.7);
#14474 = AXIS2_PLACEMENT_2D('',#14475,#14476);
#14475 = CARTESIAN_POINT('',(-6.,81.8));
#14476 = DIRECTION('',(1.,0.));
#14477 = ( GEOMETRIC_REPRESENTATION_CONTEXT(2) 
PARAMETRIC_REPRESENTATION_CONTEXT() REPRESENTATION_CONTEXT('2D SPACE',''
  ) );
#14478 = PCURVE('',#14479,#14484);
#14479 = CYLINDRICAL_SURFACE('',#14480,1.7);
#14480 = AXIS2_PLACEMENT_3D('',#14481,#14482,#14483);
#14481 = CARTESIAN_POINT('',(-42.4,35.4,26.5));
#14482 = DIRECTION('',(0.,0.,1.));
#14483 = DIRECTION('',(1.,0.,-0.));
#14484 = DEFINITIONAL_REPRESENTATION('',(#14485),#14489);
#14485 = LINE('',#14486,#14487);
#14486 = CARTESIAN_POINT('',(0.,5.5));
#14487 = VECTOR('',#14488,1.);
#14488 = DIRECTION('',(1.,0.));
#14489 = ( GEOMETRIC_REPRESENTATION_CONTEXT(2) 
PARAMETRIC_REPRESENTATION_CONTEXT() REPRESENTATION_CONTEXT('2D SPACE',''
  ) );
#14490 = FACE_BOUND('',#14491,.T.);
#14491 = EDGE_LOOP('',(#14492));
#14492 = ORIENTED_EDGE('',*,*,#14493,.F.);
#14493 = EDGE_CURVE('',#14494,#14494,#14496,.T.);
#14494 = VERTEX_POINT('',#14495);
#14495 = CARTESIAN_POINT('',(-28.,40.,32.));
#14496 = SURFACE_CURVE('',#14497,(#14502,#14509),.PCURVE_S1.);
#14497 = CIRCLE('',#14498,2.);
#14498 = AXIS2_PLACEMENT_3D('',#14499,#14500,#14501);
#14499 = CARTESIAN_POINT('',(-30.,40.,32.));
#14500 = DIRECTION('',(0.,0.,1.));
#14501 = DIRECTION('',(1.,0.,-0.));
#14502 = PCURVE('',#7205,#14503);
#14503 = DEFINITIONAL_REPRESENTATION('',(#14504),#14508);
#14504 = CIRCLE('',#14505,2.);
#14505 = AXIS2_PLACEMENT_2D('',#14506,#14507);
#14506 = CARTESIAN_POINT('',(6.4,86.4));
#14507 = DIRECTION('',(1.,0.));
#14508 = ( GEOMETRIC_REPRESENTATION_CONTEXT(2) 
PARAMETRIC_REPRESENTATION_CONTEXT() REPRESENTATION_CONTEXT('2D SPACE',''
  ) );
#14509 = PCURVE('',#14510,#14515);
#14510 = CYLINDRICAL_SURFACE('',#14511,2.);
#14511 = AXIS2_PLACEMENT_3D('',#14512,#14513,#14514);
#14512 = CARTESIAN_POINT('',(-30.,40.,26.));
#14513 = DIRECTION('',(0.,0.,1.));
#14514 = DIRECTION('',(1.,0.,-0.));
#14515 = DEFINITIONAL_REPRESENTATION('',(#14516),#14520);
#14516 = LINE('',#14517,#14518);
#14517 = CARTESIAN_POINT('',(0.,6.));
#14518 = VECTOR('',#14519,1.);
#14519 = DIRECTION('',(1.,0.));
#14520 = ( GEOMETRIC_REPRESENTATION_CONTEXT(2) 
PARAMETRIC_REPRESENTATION_CONTEXT() REPRESENTATION_CONTEXT('2D SPACE',''
  ) );
#14521 = FACE_BOUND('',#14522,.T.);
#14522 = EDGE_LOOP('',(#14523,#14552,#14581));
#14523 = ORIENTED_EDGE('',*,*,#14524,.F.);
#14524 = EDGE_CURVE('',#14525,#14527,#14529,.T.);
#14525 = VERTEX_POINT('',#14526);
#14526 = CARTESIAN_POINT('',(-31.83303027798,44.,32.));
#14527 = VERTEX_POINT('',#14528);
#14528 = CARTESIAN_POINT('',(-34.,44.,32.));
#14529 = SURFACE_CURVE('',#14530,(#14534,#14541),.PCURVE_S1.);
#14530 = LINE('',#14531,#14532);
#14531 = CARTESIAN_POINT('',(-35.2,44.,32.));
#14532 = VECTOR('',#14533,1.);
#14533 = DIRECTION('',(-1.,-0.,0.));
#14534 = PCURVE('',#7205,#14535);
#14535 = DEFINITIONAL_REPRESENTATION('',(#14536),#14540);
#14536 = LINE('',#14537,#14538);
#14537 = CARTESIAN_POINT('',(1.2,90.4));
#14538 = VECTOR('',#14539,1.);
#14539 = DIRECTION('',(-1.,0.));
#14540 = ( GEOMETRIC_REPRESENTATION_CONTEXT(2) 
PARAMETRIC_REPRESENTATION_CONTEXT() REPRESENTATION_CONTEXT('2D SPACE',''
  ) );
#14541 = PCURVE('',#14542,#14547);
#14542 = PLANE('',#14543);
#14543 = AXIS2_PLACEMENT_3D('',#14544,#14545,#14546);
#14544 = CARTESIAN_POINT('',(-34.,44.,2.4));
#14545 = DIRECTION('',(-0.,1.,0.));
#14546 = DIRECTION('',(0.,0.,1.));
#14547 = DEFINITIONAL_REPRESENTATION('',(#14548),#14551);
#14548 = B_SPLINE_CURVE_WITH_KNOTS('',1,(#14549,#14550),.UNSPECIFIED.,
  .F.,.F.,(2,2),(-69.2,-1.2),.PIECEWISE_BEZIER_KNOTS.);
#14549 = CARTESIAN_POINT('',(29.6,68.));
#14550 = CARTESIAN_POINT('',(29.6,0.));
#14551 = ( GEOMETRIC_REPRESENTATION_CONTEXT(2) 
PARAMETRIC_REPRESENTATION_CONTEXT() REPRESENTATION_CONTEXT('2D SPACE',''
  ) );
#14552 = ORIENTED_EDGE('',*,*,#14553,.T.);
#14553 = EDGE_CURVE('',#14525,#14554,#14556,.T.);
#14554 = VERTEX_POINT('',#14555);
#14555 = CARTESIAN_POINT('',(-34.,41.833030277982,32.));
#14556 = SURFACE_CURVE('',#14557,(#14562,#14569),.PCURVE_S1.);
#14557 = CIRCLE('',#14558,4.4);
#14558 = AXIS2_PLACEMENT_3D('',#14559,#14560,#14561);
#14559 = CARTESIAN_POINT('',(-30.,40.,32.));
#14560 = DIRECTION('',(0.,0.,1.));
#14561 = DIRECTION('',(1.,0.,-0.));
#14562 = PCURVE('',#7205,#14563);
#14563 = DEFINITIONAL_REPRESENTATION('',(#14564),#14568);
#14564 = CIRCLE('',#14565,4.4);
#14565 = AXIS2_PLACEMENT_2D('',#14566,#14567);
#14566 = CARTESIAN_POINT('',(6.4,86.4));
#14567 = DIRECTION('',(1.,0.));
#14568 = ( GEOMETRIC_REPRESENTATION_CONTEXT(2) 
PARAMETRIC_REPRESENTATION_CONTEXT() REPRESENTATION_CONTEXT('2D SPACE',''
  ) );
#14569 = PCURVE('',#14570,#14575);
#14570 = CYLINDRICAL_SURFACE('',#14571,4.4);
#14571 = AXIS2_PLACEMENT_3D('',#14572,#14573,#14574);
#14572 = CARTESIAN_POINT('',(-30.,40.,2.4));
#14573 = DIRECTION('',(0.,0.,1.));
#14574 = DIRECTION('',(1.,0.,-0.));
#14575 = DEFINITIONAL_REPRESENTATION('',(#14576),#14580);
#14576 = LINE('',#14577,#14578);
#14577 = CARTESIAN_POINT('',(0.,29.6));
#14578 = VECTOR('',#14579,1.);
#14579 = DIRECTION('',(1.,0.));
#14580 = ( GEOMETRIC_REPRESENTATION_CONTEXT(2) 
PARAMETRIC_REPRESENTATION_CONTEXT() REPRESENTATION_CONTEXT('2D SPACE',''
  ) );
#14581 = ORIENTED_EDGE('',*,*,#14582,.T.);
#14582 = EDGE_CURVE('',#14554,#14527,#14583,.T.);
#14583 = SURFACE_CURVE('',#14584,(#14588,#14595),.PCURVE_S1.);
#14584 = LINE('',#14585,#14586);
#14585 = CARTESIAN_POINT('',(-34.,-45.2,32.));
#14586 = VECTOR('',#14587,1.);
#14587 = DIRECTION('',(-0.,1.,0.));
#14588 = PCURVE('',#7205,#14589);
#14589 = DEFINITIONAL_REPRESENTATION('',(#14590),#14594);
#14590 = LINE('',#14591,#14592);
#14591 = CARTESIAN_POINT('',(2.4,1.2));
#14592 = VECTOR('',#14593,1.);
#14593 = DIRECTION('',(0.,1.));
#14594 = ( GEOMETRIC_REPRESENTATION_CONTEXT(2) 
PARAMETRIC_REPRESENTATION_CONTEXT() REPRESENTATION_CONTEXT('2D SPACE',''
  ) );
#14595 = PCURVE('',#14596,#14601);
#14596 = PLANE('',#14597);
#14597 = AXIS2_PLACEMENT_3D('',#14598,#14599,#14600);
#14598 = CARTESIAN_POINT('',(-34.,-44.,2.4));
#14599 = DIRECTION('',(1.,0.,-0.));
#14600 = DIRECTION('',(0.,0.,1.));
#14601 = DEFINITIONAL_REPRESENTATION('',(#14602),#14605);
#14602 = B_SPLINE_CURVE_WITH_KNOTS('',1,(#14603,#14604),.UNSPECIFIED.,
  .F.,.F.,(2,2),(1.2,89.2),.PIECEWISE_BEZIER_KNOTS.);
#14603 = CARTESIAN_POINT('',(29.6,0.));
#14604 = CARTESIAN_POINT('',(29.6,-88.));
#14605 = ( GEOMETRIC_REPRESENTATION_CONTEXT(2) 
PARAMETRIC_REPRESENTATION_CONTEXT() REPRESENTATION_CONTEXT('2D SPACE',''
  ) );
#14606 = ADVANCED_FACE('',(#14607),#7178,.T.);
#14607 = FACE_BOUND('',#14608,.T.);
#14608 = EDGE_LOOP('',(#14609,#14630,#14631,#14632));
#14609 = ORIENTED_EDGE('',*,*,#14610,.F.);
#14610 = EDGE_CURVE('',#7137,#14611,#14613,.T.);
#14611 = VERTEX_POINT('',#14612);
#14612 = CARTESIAN_POINT('',(-36.9,28.4,15.5));
#14613 = SURFACE_CURVE('',#14614,(#14618,#14624),.PCURVE_S1.);
#14614 = LINE('',#14615,#14616);
#14615 = CARTESIAN_POINT('',(-36.9,-0.2,15.5));
#14616 = VECTOR('',#14617,1.);
#14617 = DIRECTION('',(0.,-1.,-0.));
#14618 = PCURVE('',#7178,#14619);
#14619 = DEFINITIONAL_REPRESENTATION('',(#14620),#14623);
#14620 = B_SPLINE_CURVE_WITH_KNOTS('',1,(#14621,#14622),.UNSPECIFIED.,
  .F.,.F.,(2,2),(-30.2,-28.6),.PIECEWISE_BEZIER_KNOTS.);
#14621 = CARTESIAN_POINT('',(6.5,-60.));
#14622 = CARTESIAN_POINT('',(6.5,-58.4));
#14623 = ( GEOMETRIC_REPRESENTATION_CONTEXT(2) 
PARAMETRIC_REPRESENTATION_CONTEXT() REPRESENTATION_CONTEXT('2D SPACE',''
  ) );
#14624 = PCURVE('',#7151,#14625);
#14625 = DEFINITIONAL_REPRESENTATION('',(#14626),#14629);
#14626 = B_SPLINE_CURVE_WITH_KNOTS('',1,(#14627,#14628),.UNSPECIFIED.,
  .F.,.F.,(2,2),(-30.2,-28.6),.PIECEWISE_BEZIER_KNOTS.);
#14627 = CARTESIAN_POINT('',(1.131370849898,0.4));
#14628 = CARTESIAN_POINT('',(1.131370849898,-1.2));
#14629 = ( GEOMETRIC_REPRESENTATION_CONTEXT(2) 
PARAMETRIC_REPRESENTATION_CONTEXT() REPRESENTATION_CONTEXT('2D SPACE',''
  ) );
#14630 = ORIENTED_EDGE('',*,*,#7162,.T.);
#14631 = ORIENTED_EDGE('',*,*,#14417,.F.);
#14632 = ORIENTED_EDGE('',*,*,#14633,.T.);
#14633 = EDGE_CURVE('',#14390,#14611,#14634,.T.);
#14634 = SURFACE_CURVE('',#14635,(#14639,#14645),.PCURVE_S1.);
#14635 = LINE('',#14636,#14637);
#14636 = CARTESIAN_POINT('',(-36.9,28.4,18.));
#14637 = VECTOR('',#14638,1.);
#14638 = DIRECTION('',(-0.,0.,-1.));
#14639 = PCURVE('',#7178,#14640);
#14640 = DEFINITIONAL_REPRESENTATION('',(#14641),#14644);
#14641 = B_SPLINE_CURVE_WITH_KNOTS('',1,(#14642,#14643),.UNSPECIFIED.,
  .F.,.F.,(2,2),(-14.,3.),.PIECEWISE_BEZIER_KNOTS.);
#14642 = CARTESIAN_POINT('',(23.,-58.4));
#14643 = CARTESIAN_POINT('',(6.,-58.4));
#14644 = ( GEOMETRIC_REPRESENTATION_CONTEXT(2) 
PARAMETRIC_REPRESENTATION_CONTEXT() REPRESENTATION_CONTEXT('2D SPACE',''
  ) );
#14645 = PCURVE('',#14405,#14646);
#14646 = DEFINITIONAL_REPRESENTATION('',(#14647),#14650);
#14647 = B_SPLINE_CURVE_WITH_KNOTS('',1,(#14648,#14649),.UNSPECIFIED.,
  .F.,.F.,(2,2),(-14.,3.),.PIECEWISE_BEZIER_KNOTS.);
#14648 = CARTESIAN_POINT('',(5.,11.5));
#14649 = CARTESIAN_POINT('',(-12.,11.5));
#14650 = ( GEOMETRIC_REPRESENTATION_CONTEXT(2) 
PARAMETRIC_REPRESENTATION_CONTEXT() REPRESENTATION_CONTEXT('2D SPACE',''
  ) );
#14651 = ADVANCED_FACE('',(#14652),#7151,.T.);
#14652 = FACE_BOUND('',#14653,.T.);
#14653 = EDGE_LOOP('',(#14654,#14655,#14656,#14657,#14680,#14703));
#14654 = ORIENTED_EDGE('',*,*,#8506,.F.);
#14655 = ORIENTED_EDGE('',*,*,#7136,.F.);
#14656 = ORIENTED_EDGE('',*,*,#14610,.T.);
#14657 = ORIENTED_EDGE('',*,*,#14658,.T.);
#14658 = EDGE_CURVE('',#14611,#14659,#14661,.T.);
#14659 = VERTEX_POINT('',#14660);
#14660 = CARTESIAN_POINT('',(-48.4,28.4,27.));
#14661 = SURFACE_CURVE('',#14662,(#14666,#14673),.PCURVE_S1.);
#14662 = LINE('',#14663,#14664);
#14663 = CARTESIAN_POINT('',(-36.1,28.4,14.7));
#14664 = VECTOR('',#14665,1.);
#14665 = DIRECTION('',(-0.707106781187,0.,0.707106781187));
#14666 = PCURVE('',#7151,#14667);
#14667 = DEFINITIONAL_REPRESENTATION('',(#14668),#14672);
#14668 = LINE('',#14669,#14670);
#14669 = CARTESIAN_POINT('',(0.,-1.2));
#14670 = VECTOR('',#14671,1.);
#14671 = DIRECTION('',(1.,0.));
#14672 = ( GEOMETRIC_REPRESENTATION_CONTEXT(2) 
PARAMETRIC_REPRESENTATION_CONTEXT() REPRESENTATION_CONTEXT('2D SPACE',''
  ) );
#14673 = PCURVE('',#14405,#14674);
#14674 = DEFINITIONAL_REPRESENTATION('',(#14675),#14679);
#14675 = LINE('',#14676,#14677);
#14676 = CARTESIAN_POINT('',(-12.3,12.3));
#14677 = VECTOR('',#14678,1.);
#14678 = DIRECTION('',(0.707106781187,-0.707106781187));
#14679 = ( GEOMETRIC_REPRESENTATION_CONTEXT(2) 
PARAMETRIC_REPRESENTATION_CONTEXT() REPRESENTATION_CONTEXT('2D SPACE',''
  ) );
#14680 = ORIENTED_EDGE('',*,*,#14681,.T.);
#14681 = EDGE_CURVE('',#14659,#14682,#14684,.T.);
#14682 = VERTEX_POINT('',#14683);
#14683 = CARTESIAN_POINT('',(-48.4,30.8,27.));
#14684 = SURFACE_CURVE('',#14685,(#14689,#14696),.PCURVE_S1.);
#14685 = LINE('',#14686,#14687);
#14686 = CARTESIAN_POINT('',(-48.4,28.4,27.));
#14687 = VECTOR('',#14688,1.);
#14688 = DIRECTION('',(-0.,1.,0.));
#14689 = PCURVE('',#7151,#14690);
#14690 = DEFINITIONAL_REPRESENTATION('',(#14691),#14695);
#14691 = LINE('',#14692,#14693);
#14692 = CARTESIAN_POINT('',(17.394826817189,-1.2));
#14693 = VECTOR('',#14694,1.);
#14694 = DIRECTION('',(0.,1.));
#14695 = ( GEOMETRIC_REPRESENTATION_CONTEXT(2) 
PARAMETRIC_REPRESENTATION_CONTEXT() REPRESENTATION_CONTEXT('2D SPACE',''
  ) );
#14696 = PCURVE('',#14377,#14697);
#14697 = DEFINITIONAL_REPRESENTATION('',(#14698),#14702);
#14698 = LINE('',#14699,#14700);
#14699 = CARTESIAN_POINT('',(0.,0.));
#14700 = VECTOR('',#14701,1.);
#14701 = DIRECTION('',(0.,-1.));
#14702 = ( GEOMETRIC_REPRESENTATION_CONTEXT(2) 
PARAMETRIC_REPRESENTATION_CONTEXT() REPRESENTATION_CONTEXT('2D SPACE',''
  ) );
#14703 = ORIENTED_EDGE('',*,*,#14704,.F.);
#14704 = EDGE_CURVE('',#8481,#14682,#14705,.T.);
#14705 = SURFACE_CURVE('',#14706,(#14710,#14717),.PCURVE_S1.);
#14706 = LINE('',#14707,#14708);
#14707 = CARTESIAN_POINT('',(-36.1,30.8,14.7));
#14708 = VECTOR('',#14709,1.);
#14709 = DIRECTION('',(-0.707106781187,0.,0.707106781187));
#14710 = PCURVE('',#7151,#14711);
#14711 = DEFINITIONAL_REPRESENTATION('',(#14712),#14716);
#14712 = LINE('',#14713,#14714);
#14713 = CARTESIAN_POINT('',(0.,1.2));
#14714 = VECTOR('',#14715,1.);
#14715 = DIRECTION('',(1.,0.));
#14716 = ( GEOMETRIC_REPRESENTATION_CONTEXT(2) 
PARAMETRIC_REPRESENTATION_CONTEXT() REPRESENTATION_CONTEXT('2D SPACE',''
  ) );
#14717 = PCURVE('',#8495,#14718);
#14718 = DEFINITIONAL_REPRESENTATION('',(#14719),#14723);
#14719 = LINE('',#14720,#14721);
#14720 = CARTESIAN_POINT('',(-4.348706704297,-7.951293295703));
#14721 = VECTOR('',#14722,1.);
#14722 = DIRECTION('',(0.707106781187,0.707106781187));
#14723 = ( GEOMETRIC_REPRESENTATION_CONTEXT(2) 
PARAMETRIC_REPRESENTATION_CONTEXT() REPRESENTATION_CONTEXT('2D SPACE',''
  ) );
#14724 = ADVANCED_FACE('',(#14725),#7321,.T.);
#14725 = FACE_BOUND('',#14726,.T.);
#14726 = EDGE_LOOP('',(#14727,#14728,#14729,#14730));
#14727 = ORIENTED_EDGE('',*,*,#14438,.F.);
#14728 = ORIENTED_EDGE('',*,*,#7308,.F.);
#14729 = ORIENTED_EDGE('',*,*,#9915,.F.);
#14730 = ORIENTED_EDGE('',*,*,#11715,.T.);
#14731 = ADVANCED_FACE('',(#14732),#7422,.T.);
#14732 = FACE_BOUND('',#14733,.T.);
#14733 = EDGE_LOOP('',(#14734,#14758,#14777,#14778));
#14734 = ORIENTED_EDGE('',*,*,#14735,.F.);
#14735 = EDGE_CURVE('',#14736,#7382,#14738,.T.);
#14736 = VERTEX_POINT('',#14737);
#14737 = CARTESIAN_POINT('',(-29.06696972201,21.,10.2));
#14738 = SURFACE_CURVE('',#14739,(#14744,#14751),.PCURVE_S1.);
#14739 = CIRCLE('',#14740,4.4);
#14740 = AXIS2_PLACEMENT_3D('',#14741,#14742,#14743);
#14741 = CARTESIAN_POINT('',(-30.9,17.,10.2));
#14742 = DIRECTION('',(0.,0.,1.));
#14743 = DIRECTION('',(1.,0.,-0.));
#14744 = PCURVE('',#7422,#14745);
#14745 = DEFINITIONAL_REPRESENTATION('',(#14746),#14750);
#14746 = LINE('',#14747,#14748);
#14747 = CARTESIAN_POINT('',(0.,7.8));
#14748 = VECTOR('',#14749,1.);
#14749 = DIRECTION('',(1.,0.));
#14750 = ( GEOMETRIC_REPRESENTATION_CONTEXT(2) 
PARAMETRIC_REPRESENTATION_CONTEXT() REPRESENTATION_CONTEXT('2D SPACE',''
  ) );
#14751 = PCURVE('',#7397,#14752);
#14752 = DEFINITIONAL_REPRESENTATION('',(#14753),#14757);
#14753 = CIRCLE('',#14754,4.4);
#14754 = AXIS2_PLACEMENT_2D('',#14755,#14756);
#14755 = CARTESIAN_POINT('',(3.1,4.));
#14756 = DIRECTION('',(1.,0.));
#14757 = ( GEOMETRIC_REPRESENTATION_CONTEXT(2) 
PARAMETRIC_REPRESENTATION_CONTEXT() REPRESENTATION_CONTEXT('2D SPACE',''
  ) );
#14758 = ORIENTED_EDGE('',*,*,#14759,.F.);
#14759 = EDGE_CURVE('',#9944,#14736,#14760,.T.);
#14760 = SURFACE_CURVE('',#14761,(#14765,#14771),.PCURVE_S1.);
#14761 = LINE('',#14762,#14763);
#14762 = CARTESIAN_POINT('',(-29.06696972201,21.,2.4));
#14763 = VECTOR('',#14764,1.);
#14764 = DIRECTION('',(0.,0.,1.));
#14765 = PCURVE('',#7422,#14766);
#14766 = DEFINITIONAL_REPRESENTATION('',(#14767),#14770);
#14767 = B_SPLINE_CURVE_WITH_KNOTS('',1,(#14768,#14769),.UNSPECIFIED.,
  .F.,.F.,(2,2),(-2.400000000069E-06,7.8000024),
  .PIECEWISE_BEZIER_KNOTS.);
#14768 = CARTESIAN_POINT('',(1.141096660643,-2.400000000069E-06));
#14769 = CARTESIAN_POINT('',(1.141096660643,7.8000024));
#14770 = ( GEOMETRIC_REPRESENTATION_CONTEXT(2) 
PARAMETRIC_REPRESENTATION_CONTEXT() REPRESENTATION_CONTEXT('2D SPACE',''
  ) );
#14771 = PCURVE('',#9983,#14772);
#14772 = DEFINITIONAL_REPRESENTATION('',(#14773),#14776);
#14773 = B_SPLINE_CURVE_WITH_KNOTS('',1,(#14774,#14775),.UNSPECIFIED.,
  .F.,.F.,(2,2),(-2.400000000069E-06,7.8000024),
  .PIECEWISE_BEZIER_KNOTS.);
#14774 = CARTESIAN_POINT('',(-2.400000000069E-06,4.933030277982));
#14775 = CARTESIAN_POINT('',(7.8000024,4.933030277982));
#14776 = ( GEOMETRIC_REPRESENTATION_CONTEXT(2) 
PARAMETRIC_REPRESENTATION_CONTEXT() REPRESENTATION_CONTEXT('2D SPACE',''
  ) );
#14777 = ORIENTED_EDGE('',*,*,#9943,.T.);
#14778 = ORIENTED_EDGE('',*,*,#7409,.T.);
#14779 = ADVANCED_FACE('',(#14780,#14884),#7397,.T.);
#14780 = FACE_BOUND('',#14781,.T.);
#14781 = EDGE_LOOP('',(#14782,#14783,#14807,#14830,#14858,#14879,#14880,
    #14881,#14882,#14883));
#14782 = ORIENTED_EDGE('',*,*,#7576,.T.);
#14783 = ORIENTED_EDGE('',*,*,#14784,.T.);
#14784 = EDGE_CURVE('',#7577,#14785,#14787,.T.);
#14785 = VERTEX_POINT('',#14786);
#14786 = CARTESIAN_POINT('',(-29.06696972201,13.,10.2));
#14787 = SURFACE_CURVE('',#14788,(#14793,#14800),.PCURVE_S1.);
#14788 = CIRCLE('',#14789,4.4);
#14789 = AXIS2_PLACEMENT_3D('',#14790,#14791,#14792);
#14790 = CARTESIAN_POINT('',(-30.9,17.,10.2));
#14791 = DIRECTION('',(0.,0.,1.));
#14792 = DIRECTION('',(1.,0.,-0.));
#14793 = PCURVE('',#7397,#14794);
#14794 = DEFINITIONAL_REPRESENTATION('',(#14795),#14799);
#14795 = CIRCLE('',#14796,4.4);
#14796 = AXIS2_PLACEMENT_2D('',#14797,#14798);
#14797 = CARTESIAN_POINT('',(3.1,4.));
#14798 = DIRECTION('',(1.,0.));
#14799 = ( GEOMETRIC_REPRESENTATION_CONTEXT(2) 
PARAMETRIC_REPRESENTATION_CONTEXT() REPRESENTATION_CONTEXT('2D SPACE',''
  ) );
#14800 = PCURVE('',#7614,#14801);
#14801 = DEFINITIONAL_REPRESENTATION('',(#14802),#14806);
#14802 = LINE('',#14803,#14804);
#14803 = CARTESIAN_POINT('',(0.,7.8));
#14804 = VECTOR('',#14805,1.);
#14805 = DIRECTION('',(1.,0.));
#14806 = ( GEOMETRIC_REPRESENTATION_CONTEXT(2) 
PARAMETRIC_REPRESENTATION_CONTEXT() REPRESENTATION_CONTEXT('2D SPACE',''
  ) );
#14807 = ORIENTED_EDGE('',*,*,#14808,.T.);
#14808 = EDGE_CURVE('',#14785,#14809,#14811,.T.);
#14809 = VERTEX_POINT('',#14810);
#14810 = CARTESIAN_POINT('',(-26.4,13.,10.2));
#14811 = SURFACE_CURVE('',#14812,(#14816,#14823),.PCURVE_S1.);
#14812 = LINE('',#14813,#14814);
#14813 = CARTESIAN_POINT('',(-34.,13.,10.2));
#14814 = VECTOR('',#14815,1.);
#14815 = DIRECTION('',(1.,0.,-0.));
#14816 = PCURVE('',#7397,#14817);
#14817 = DEFINITIONAL_REPRESENTATION('',(#14818),#14822);
#14818 = LINE('',#14819,#14820);
#14819 = CARTESIAN_POINT('',(0.,0.));
#14820 = VECTOR('',#14821,1.);
#14821 = DIRECTION('',(1.,0.));
#14822 = ( GEOMETRIC_REPRESENTATION_CONTEXT(2) 
PARAMETRIC_REPRESENTATION_CONTEXT() REPRESENTATION_CONTEXT('2D SPACE',''
  ) );
#14823 = PCURVE('',#10039,#14824);
#14824 = DEFINITIONAL_REPRESENTATION('',(#14825),#14829);
#14825 = LINE('',#14826,#14827);
#14826 = CARTESIAN_POINT('',(7.8,0.));
#14827 = VECTOR('',#14828,1.);
#14828 = DIRECTION('',(0.,1.));
#14829 = ( GEOMETRIC_REPRESENTATION_CONTEXT(2) 
PARAMETRIC_REPRESENTATION_CONTEXT() REPRESENTATION_CONTEXT('2D SPACE',''
  ) );
#14830 = ORIENTED_EDGE('',*,*,#14831,.T.);
#14831 = EDGE_CURVE('',#14809,#14832,#14834,.T.);
#14832 = VERTEX_POINT('',#14833);
#14833 = CARTESIAN_POINT('',(-26.4,21.,10.2));
#14834 = SURFACE_CURVE('',#14835,(#14839,#14846),.PCURVE_S1.);
#14835 = LINE('',#14836,#14837);
#14836 = CARTESIAN_POINT('',(-26.4,13.,10.2));
#14837 = VECTOR('',#14838,1.);
#14838 = DIRECTION('',(-0.,1.,0.));
#14839 = PCURVE('',#7397,#14840);
#14840 = DEFINITIONAL_REPRESENTATION('',(#14841),#14845);
#14841 = LINE('',#14842,#14843);
#14842 = CARTESIAN_POINT('',(7.6,0.));
#14843 = VECTOR('',#14844,1.);
#14844 = DIRECTION('',(0.,1.));
#14845 = ( GEOMETRIC_REPRESENTATION_CONTEXT(2) 
PARAMETRIC_REPRESENTATION_CONTEXT() REPRESENTATION_CONTEXT('2D SPACE',''
  ) );
#14846 = PCURVE('',#14847,#14852);
#14847 = PLANE('',#14848);
#14848 = AXIS2_PLACEMENT_3D('',#14849,#14850,#14851);
#14849 = CARTESIAN_POINT('',(-26.4,13.,2.4));
#14850 = DIRECTION('',(1.,0.,-0.));
#14851 = DIRECTION('',(0.,0.,1.));
#14852 = DEFINITIONAL_REPRESENTATION('',(#14853),#14857);
#14853 = LINE('',#14854,#14855);
#14854 = CARTESIAN_POINT('',(7.8,0.));
#14855 = VECTOR('',#14856,1.);
#14856 = DIRECTION('',(0.,-1.));
#14857 = ( GEOMETRIC_REPRESENTATION_CONTEXT(2) 
PARAMETRIC_REPRESENTATION_CONTEXT() REPRESENTATION_CONTEXT('2D SPACE',''
  ) );
#14858 = ORIENTED_EDGE('',*,*,#14859,.F.);
#14859 = EDGE_CURVE('',#14736,#14832,#14860,.T.);
#14860 = SURFACE_CURVE('',#14861,(#14865,#14872),.PCURVE_S1.);
#14861 = LINE('',#14862,#14863);
#14862 = CARTESIAN_POINT('',(-34.,21.,10.2));
#14863 = VECTOR('',#14864,1.);
#14864 = DIRECTION('',(1.,0.,-0.));
#14865 = PCURVE('',#7397,#14866);
#14866 = DEFINITIONAL_REPRESENTATION('',(#14867),#14871);
#14867 = LINE('',#14868,#14869);
#14868 = CARTESIAN_POINT('',(0.,8.));
#14869 = VECTOR('',#14870,1.);
#14870 = DIRECTION('',(1.,0.));
#14871 = ( GEOMETRIC_REPRESENTATION_CONTEXT(2) 
PARAMETRIC_REPRESENTATION_CONTEXT() REPRESENTATION_CONTEXT('2D SPACE',''
  ) );
#14872 = PCURVE('',#9983,#14873);
#14873 = DEFINITIONAL_REPRESENTATION('',(#14874),#14878);
#14874 = LINE('',#14875,#14876);
#14875 = CARTESIAN_POINT('',(7.8,0.));
#14876 = VECTOR('',#14877,1.);
#14877 = DIRECTION('',(0.,1.));
#14878 = ( GEOMETRIC_REPRESENTATION_CONTEXT(2) 
PARAMETRIC_REPRESENTATION_CONTEXT() REPRESENTATION_CONTEXT('2D SPACE',''
  ) );
#14879 = ORIENTED_EDGE('',*,*,#14735,.T.);
#14880 = ORIENTED_EDGE('',*,*,#7381,.F.);
#14881 = ORIENTED_EDGE('',*,*,#7459,.F.);
#14882 = ORIENTED_EDGE('',*,*,#7482,.T.);
#14883 = ORIENTED_EDGE('',*,*,#7553,.F.);
#14884 = FACE_BOUND('',#14885,.T.);
#14885 = EDGE_LOOP('',(#14886));
#14886 = ORIENTED_EDGE('',*,*,#14887,.F.);
#14887 = EDGE_CURVE('',#14888,#14888,#14890,.T.);
#14888 = VERTEX_POINT('',#14889);
#14889 = CARTESIAN_POINT('',(-28.9,17.,10.2));
#14890 = SURFACE_CURVE('',#14891,(#14896,#14903),.PCURVE_S1.);
#14891 = CIRCLE('',#14892,2.);
#14892 = AXIS2_PLACEMENT_3D('',#14893,#14894,#14895);
#14893 = CARTESIAN_POINT('',(-30.9,17.,10.2));
#14894 = DIRECTION('',(0.,0.,1.));
#14895 = DIRECTION('',(1.,0.,-0.));
#14896 = PCURVE('',#7397,#14897);
#14897 = DEFINITIONAL_REPRESENTATION('',(#14898),#14902);
#14898 = CIRCLE('',#14899,2.);
#14899 = AXIS2_PLACEMENT_2D('',#14900,#14901);
#14900 = CARTESIAN_POINT('',(3.1,4.));
#14901 = DIRECTION('',(1.,0.));
#14902 = ( GEOMETRIC_REPRESENTATION_CONTEXT(2) 
PARAMETRIC_REPRESENTATION_CONTEXT() REPRESENTATION_CONTEXT('2D SPACE',''
  ) );
#14903 = PCURVE('',#14904,#14909);
#14904 = CYLINDRICAL_SURFACE('',#14905,2.);
#14905 = AXIS2_PLACEMENT_3D('',#14906,#14907,#14908);
#14906 = CARTESIAN_POINT('',(-30.9,17.,4.2));
#14907 = DIRECTION('',(0.,0.,1.));
#14908 = DIRECTION('',(1.,0.,-0.));
#14909 = DEFINITIONAL_REPRESENTATION('',(#14910),#14914);
#14910 = LINE('',#14911,#14912);
#14911 = CARTESIAN_POINT('',(0.,6.));
#14912 = VECTOR('',#14913,1.);
#14913 = DIRECTION('',(1.,0.));
#14914 = ( GEOMETRIC_REPRESENTATION_CONTEXT(2) 
PARAMETRIC_REPRESENTATION_CONTEXT() REPRESENTATION_CONTEXT('2D SPACE',''
  ) );
#14915 = ADVANCED_FACE('',(#14916),#7614,.T.);
#14916 = FACE_BOUND('',#14917,.T.);
#14917 = EDGE_LOOP('',(#14918,#14937,#14938,#14939));
#14918 = ORIENTED_EDGE('',*,*,#14919,.T.);
#14919 = EDGE_CURVE('',#10024,#14785,#14920,.T.);
#14920 = SURFACE_CURVE('',#14921,(#14925,#14931),.PCURVE_S1.);
#14921 = LINE('',#14922,#14923);
#14922 = CARTESIAN_POINT('',(-29.06696972201,13.,2.4));
#14923 = VECTOR('',#14924,1.);
#14924 = DIRECTION('',(0.,0.,1.));
#14925 = PCURVE('',#7614,#14926);
#14926 = DEFINITIONAL_REPRESENTATION('',(#14927),#14930);
#14927 = B_SPLINE_CURVE_WITH_KNOTS('',1,(#14928,#14929),.UNSPECIFIED.,
  .F.,.F.,(2,2),(-2.400000000069E-06,7.8000024),
  .PIECEWISE_BEZIER_KNOTS.);
#14928 = CARTESIAN_POINT('',(5.142088646536,-2.400000000069E-06));
#14929 = CARTESIAN_POINT('',(5.142088646536,7.8000024));
#14930 = ( GEOMETRIC_REPRESENTATION_CONTEXT(2) 
PARAMETRIC_REPRESENTATION_CONTEXT() REPRESENTATION_CONTEXT('2D SPACE',''
  ) );
#14931 = PCURVE('',#10039,#14932);
#14932 = DEFINITIONAL_REPRESENTATION('',(#14933),#14936);
#14933 = B_SPLINE_CURVE_WITH_KNOTS('',1,(#14934,#14935),.UNSPECIFIED.,
  .F.,.F.,(2,2),(-2.400000000069E-06,7.8000024),
  .PIECEWISE_BEZIER_KNOTS.);
#14934 = CARTESIAN_POINT('',(-2.400000000069E-06,4.933030277982));
#14935 = CARTESIAN_POINT('',(7.8000024,4.933030277982));
#14936 = ( GEOMETRIC_REPRESENTATION_CONTEXT(2) 
PARAMETRIC_REPRESENTATION_CONTEXT() REPRESENTATION_CONTEXT('2D SPACE',''
  ) );
#14937 = ORIENTED_EDGE('',*,*,#14784,.F.);
#14938 = ORIENTED_EDGE('',*,*,#7599,.F.);
#14939 = ORIENTED_EDGE('',*,*,#10051,.T.);
#14940 = ADVANCED_FACE('',(#14941),#7810,.T.);
#14941 = FACE_BOUND('',#14942,.T.);
#14942 = EDGE_LOOP('',(#14943,#14967,#14986,#14987));
#14943 = ORIENTED_EDGE('',*,*,#14944,.F.);
#14944 = EDGE_CURVE('',#14945,#7770,#14947,.T.);
#14945 = VERTEX_POINT('',#14946);
#14946 = CARTESIAN_POINT('',(-29.06696972201,-13.,10.2));
#14947 = SURFACE_CURVE('',#14948,(#14953,#14960),.PCURVE_S1.);
#14948 = CIRCLE('',#14949,4.4);
#14949 = AXIS2_PLACEMENT_3D('',#14950,#14951,#14952);
#14950 = CARTESIAN_POINT('',(-30.9,-17.,10.2));
#14951 = DIRECTION('',(0.,0.,1.));
#14952 = DIRECTION('',(1.,0.,-0.));
#14953 = PCURVE('',#7810,#14954);
#14954 = DEFINITIONAL_REPRESENTATION('',(#14955),#14959);
#14955 = LINE('',#14956,#14957);
#14956 = CARTESIAN_POINT('',(0.,7.8));
#14957 = VECTOR('',#14958,1.);
#14958 = DIRECTION('',(1.,0.));
#14959 = ( GEOMETRIC_REPRESENTATION_CONTEXT(2) 
PARAMETRIC_REPRESENTATION_CONTEXT() REPRESENTATION_CONTEXT('2D SPACE',''
  ) );
#14960 = PCURVE('',#7785,#14961);
#14961 = DEFINITIONAL_REPRESENTATION('',(#14962),#14966);
#14962 = CIRCLE('',#14963,4.4);
#14963 = AXIS2_PLACEMENT_2D('',#14964,#14965);
#14964 = CARTESIAN_POINT('',(3.1,4.));
#14965 = DIRECTION('',(1.,0.));
#14966 = ( GEOMETRIC_REPRESENTATION_CONTEXT(2) 
PARAMETRIC_REPRESENTATION_CONTEXT() REPRESENTATION_CONTEXT('2D SPACE',''
  ) );
#14967 = ORIENTED_EDGE('',*,*,#14968,.F.);
#14968 = EDGE_CURVE('',#10077,#14945,#14969,.T.);
#14969 = SURFACE_CURVE('',#14970,(#14974,#14980),.PCURVE_S1.);
#14970 = LINE('',#14971,#14972);
#14971 = CARTESIAN_POINT('',(-29.06696972201,-13.,2.4));
#14972 = VECTOR('',#14973,1.);
#14973 = DIRECTION('',(0.,0.,1.));
#14974 = PCURVE('',#7810,#14975);
#14975 = DEFINITIONAL_REPRESENTATION('',(#14976),#14979);
#14976 = B_SPLINE_CURVE_WITH_KNOTS('',1,(#14977,#14978),.UNSPECIFIED.,
  .F.,.F.,(2,2),(-2.400000000069E-06,7.8000024),
  .PIECEWISE_BEZIER_KNOTS.);
#14977 = CARTESIAN_POINT('',(1.141096660643,-2.400000000069E-06));
#14978 = CARTESIAN_POINT('',(1.141096660643,7.8000024));
#14979 = ( GEOMETRIC_REPRESENTATION_CONTEXT(2) 
PARAMETRIC_REPRESENTATION_CONTEXT() REPRESENTATION_CONTEXT('2D SPACE',''
  ) );
#14980 = PCURVE('',#10116,#14981);
#14981 = DEFINITIONAL_REPRESENTATION('',(#14982),#14985);
#14982 = B_SPLINE_CURVE_WITH_KNOTS('',1,(#14983,#14984),.UNSPECIFIED.,
  .F.,.F.,(2,2),(-2.400000000069E-06,7.8000024),
  .PIECEWISE_BEZIER_KNOTS.);
#14983 = CARTESIAN_POINT('',(-2.400000000069E-06,4.933030277982));
#14984 = CARTESIAN_POINT('',(7.8000024,4.933030277982));
#14985 = ( GEOMETRIC_REPRESENTATION_CONTEXT(2) 
PARAMETRIC_REPRESENTATION_CONTEXT() REPRESENTATION_CONTEXT('2D SPACE',''
  ) );
#14986 = ORIENTED_EDGE('',*,*,#10076,.T.);
#14987 = ORIENTED_EDGE('',*,*,#7797,.T.);
#14988 = ADVANCED_FACE('',(#14989,#15093),#7785,.T.);
#14989 = FACE_BOUND('',#14990,.T.);
#14990 = EDGE_LOOP('',(#14991,#14992,#15016,#15039,#15067,#15088,#15089,
    #15090,#15091,#15092));
#14991 = ORIENTED_EDGE('',*,*,#7964,.T.);
#14992 = ORIENTED_EDGE('',*,*,#14993,.T.);
#14993 = EDGE_CURVE('',#7965,#14994,#14996,.T.);
#14994 = VERTEX_POINT('',#14995);
#14995 = CARTESIAN_POINT('',(-29.06696972201,-21.,10.2));
#14996 = SURFACE_CURVE('',#14997,(#15002,#15009),.PCURVE_S1.);
#14997 = CIRCLE('',#14998,4.4);
#14998 = AXIS2_PLACEMENT_3D('',#14999,#15000,#15001);
#14999 = CARTESIAN_POINT('',(-30.9,-17.,10.2));
#15000 = DIRECTION('',(0.,0.,1.));
#15001 = DIRECTION('',(1.,0.,-0.));
#15002 = PCURVE('',#7785,#15003);
#15003 = DEFINITIONAL_REPRESENTATION('',(#15004),#15008);
#15004 = CIRCLE('',#15005,4.4);
#15005 = AXIS2_PLACEMENT_2D('',#15006,#15007);
#15006 = CARTESIAN_POINT('',(3.1,4.));
#15007 = DIRECTION('',(1.,0.));
#15008 = ( GEOMETRIC_REPRESENTATION_CONTEXT(2) 
PARAMETRIC_REPRESENTATION_CONTEXT() REPRESENTATION_CONTEXT('2D SPACE',''
  ) );
#15009 = PCURVE('',#8002,#15010);
#15010 = DEFINITIONAL_REPRESENTATION('',(#15011),#15015);
#15011 = LINE('',#15012,#15013);
#15012 = CARTESIAN_POINT('',(0.,7.8));
#15013 = VECTOR('',#15014,1.);
#15014 = DIRECTION('',(1.,0.));
#15015 = ( GEOMETRIC_REPRESENTATION_CONTEXT(2) 
PARAMETRIC_REPRESENTATION_CONTEXT() REPRESENTATION_CONTEXT('2D SPACE',''
  ) );
#15016 = ORIENTED_EDGE('',*,*,#15017,.T.);
#15017 = EDGE_CURVE('',#14994,#15018,#15020,.T.);
#15018 = VERTEX_POINT('',#15019);
#15019 = CARTESIAN_POINT('',(-26.4,-21.,10.2));
#15020 = SURFACE_CURVE('',#15021,(#15025,#15032),.PCURVE_S1.);
#15021 = LINE('',#15022,#15023);
#15022 = CARTESIAN_POINT('',(-34.,-21.,10.2));
#15023 = VECTOR('',#15024,1.);
#15024 = DIRECTION('',(1.,0.,-0.));
#15025 = PCURVE('',#7785,#15026);
#15026 = DEFINITIONAL_REPRESENTATION('',(#15027),#15031);
#15027 = LINE('',#15028,#15029);
#15028 = CARTESIAN_POINT('',(0.,0.));
#15029 = VECTOR('',#15030,1.);
#15030 = DIRECTION('',(1.,0.));
#15031 = ( GEOMETRIC_REPRESENTATION_CONTEXT(2) 
PARAMETRIC_REPRESENTATION_CONTEXT() REPRESENTATION_CONTEXT('2D SPACE',''
  ) );
#15032 = PCURVE('',#10172,#15033);
#15033 = DEFINITIONAL_REPRESENTATION('',(#15034),#15038);
#15034 = LINE('',#15035,#15036);
#15035 = CARTESIAN_POINT('',(7.8,0.));
#15036 = VECTOR('',#15037,1.);
#15037 = DIRECTION('',(0.,1.));
#15038 = ( GEOMETRIC_REPRESENTATION_CONTEXT(2) 
PARAMETRIC_REPRESENTATION_CONTEXT() REPRESENTATION_CONTEXT('2D SPACE',''
  ) );
#15039 = ORIENTED_EDGE('',*,*,#15040,.T.);
#15040 = EDGE_CURVE('',#15018,#15041,#15043,.T.);
#15041 = VERTEX_POINT('',#15042);
#15042 = CARTESIAN_POINT('',(-26.4,-13.,10.2));
#15043 = SURFACE_CURVE('',#15044,(#15048,#15055),.PCURVE_S1.);
#15044 = LINE('',#15045,#15046);
#15045 = CARTESIAN_POINT('',(-26.4,-21.,10.2));
#15046 = VECTOR('',#15047,1.);
#15047 = DIRECTION('',(-0.,1.,0.));
#15048 = PCURVE('',#7785,#15049);
#15049 = DEFINITIONAL_REPRESENTATION('',(#15050),#15054);
#15050 = LINE('',#15051,#15052);
#15051 = CARTESIAN_POINT('',(7.6,0.));
#15052 = VECTOR('',#15053,1.);
#15053 = DIRECTION('',(0.,1.));
#15054 = ( GEOMETRIC_REPRESENTATION_CONTEXT(2) 
PARAMETRIC_REPRESENTATION_CONTEXT() REPRESENTATION_CONTEXT('2D SPACE',''
  ) );
#15055 = PCURVE('',#15056,#15061);
#15056 = PLANE('',#15057);
#15057 = AXIS2_PLACEMENT_3D('',#15058,#15059,#15060);
#15058 = CARTESIAN_POINT('',(-26.4,-21.,2.4));
#15059 = DIRECTION('',(1.,0.,-0.));
#15060 = DIRECTION('',(0.,0.,1.));
#15061 = DEFINITIONAL_REPRESENTATION('',(#15062),#15066);
#15062 = LINE('',#15063,#15064);
#15063 = CARTESIAN_POINT('',(7.8,0.));
#15064 = VECTOR('',#15065,1.);
#15065 = DIRECTION('',(0.,-1.));
#15066 = ( GEOMETRIC_REPRESENTATION_CONTEXT(2) 
PARAMETRIC_REPRESENTATION_CONTEXT() REPRESENTATION_CONTEXT('2D SPACE',''
  ) );
#15067 = ORIENTED_EDGE('',*,*,#15068,.F.);
#15068 = EDGE_CURVE('',#14945,#15041,#15069,.T.);
#15069 = SURFACE_CURVE('',#15070,(#15074,#15081),.PCURVE_S1.);
#15070 = LINE('',#15071,#15072);
#15071 = CARTESIAN_POINT('',(-34.,-13.,10.2));
#15072 = VECTOR('',#15073,1.);
#15073 = DIRECTION('',(1.,0.,-0.));
#15074 = PCURVE('',#7785,#15075);
#15075 = DEFINITIONAL_REPRESENTATION('',(#15076),#15080);
#15076 = LINE('',#15077,#15078);
#15077 = CARTESIAN_POINT('',(0.,8.));
#15078 = VECTOR('',#15079,1.);
#15079 = DIRECTION('',(1.,0.));
#15080 = ( GEOMETRIC_REPRESENTATION_CONTEXT(2) 
PARAMETRIC_REPRESENTATION_CONTEXT() REPRESENTATION_CONTEXT('2D SPACE',''
  ) );
#15081 = PCURVE('',#10116,#15082);
#15082 = DEFINITIONAL_REPRESENTATION('',(#15083),#15087);
#15083 = LINE('',#15084,#15085);
#15084 = CARTESIAN_POINT('',(7.8,0.));
#15085 = VECTOR('',#15086,1.);
#15086 = DIRECTION('',(0.,1.));
#15087 = ( GEOMETRIC_REPRESENTATION_CONTEXT(2) 
PARAMETRIC_REPRESENTATION_CONTEXT() REPRESENTATION_CONTEXT('2D SPACE',''
  ) );
#15088 = ORIENTED_EDGE('',*,*,#14944,.T.);
#15089 = ORIENTED_EDGE('',*,*,#7769,.F.);
#15090 = ORIENTED_EDGE('',*,*,#7824,.F.);
#15091 = ORIENTED_EDGE('',*,*,#7870,.T.);
#15092 = ORIENTED_EDGE('',*,*,#7918,.F.);
#15093 = FACE_BOUND('',#15094,.T.);
#15094 = EDGE_LOOP('',(#15095));
#15095 = ORIENTED_EDGE('',*,*,#15096,.F.);
#15096 = EDGE_CURVE('',#15097,#15097,#15099,.T.);
#15097 = VERTEX_POINT('',#15098);
#15098 = CARTESIAN_POINT('',(-28.9,-17.,10.2));
#15099 = SURFACE_CURVE('',#15100,(#15105,#15112),.PCURVE_S1.);
#15100 = CIRCLE('',#15101,2.);
#15101 = AXIS2_PLACEMENT_3D('',#15102,#15103,#15104);
#15102 = CARTESIAN_POINT('',(-30.9,-17.,10.2));
#15103 = DIRECTION('',(0.,0.,1.));
#15104 = DIRECTION('',(1.,0.,-0.));
#15105 = PCURVE('',#7785,#15106);
#15106 = DEFINITIONAL_REPRESENTATION('',(#15107),#15111);
#15107 = CIRCLE('',#15108,2.);
#15108 = AXIS2_PLACEMENT_2D('',#15109,#15110);
#15109 = CARTESIAN_POINT('',(3.1,4.));
#15110 = DIRECTION('',(1.,0.));
#15111 = ( GEOMETRIC_REPRESENTATION_CONTEXT(2) 
PARAMETRIC_REPRESENTATION_CONTEXT() REPRESENTATION_CONTEXT('2D SPACE',''
  ) );
#15112 = PCURVE('',#15113,#15118);
#15113 = CYLINDRICAL_SURFACE('',#15114,2.);
#15114 = AXIS2_PLACEMENT_3D('',#15115,#15116,#15117);
#15115 = CARTESIAN_POINT('',(-30.9,-17.,4.2));
#15116 = DIRECTION('',(0.,0.,1.));
#15117 = DIRECTION('',(1.,0.,-0.));
#15118 = DEFINITIONAL_REPRESENTATION('',(#15119),#15123);
#15119 = LINE('',#15120,#15121);
#15120 = CARTESIAN_POINT('',(0.,6.));
#15121 = VECTOR('',#15122,1.);
#15122 = DIRECTION('',(1.,0.));
#15123 = ( GEOMETRIC_REPRESENTATION_CONTEXT(2) 
PARAMETRIC_REPRESENTATION_CONTEXT() REPRESENTATION_CONTEXT('2D SPACE',''
  ) );
#15124 = ADVANCED_FACE('',(#15125),#8002,.T.);
#15125 = FACE_BOUND('',#15126,.T.);
#15126 = EDGE_LOOP('',(#15127,#15146,#15147,#15148));
#15127 = ORIENTED_EDGE('',*,*,#15128,.T.);
#15128 = EDGE_CURVE('',#10157,#14994,#15129,.T.);
#15129 = SURFACE_CURVE('',#15130,(#15134,#15140),.PCURVE_S1.);
#15130 = LINE('',#15131,#15132);
#15131 = CARTESIAN_POINT('',(-29.06696972201,-21.,2.4));
#15132 = VECTOR('',#15133,1.);
#15133 = DIRECTION('',(0.,0.,1.));
#15134 = PCURVE('',#8002,#15135);
#15135 = DEFINITIONAL_REPRESENTATION('',(#15136),#15139);
#15136 = B_SPLINE_CURVE_WITH_KNOTS('',1,(#15137,#15138),.UNSPECIFIED.,
  .F.,.F.,(2,2),(-2.400000000069E-06,7.8000024),
  .PIECEWISE_BEZIER_KNOTS.);
#15137 = CARTESIAN_POINT('',(5.142088646536,-2.400000000069E-06));
#15138 = CARTESIAN_POINT('',(5.142088646536,7.8000024));
#15139 = ( GEOMETRIC_REPRESENTATION_CONTEXT(2) 
PARAMETRIC_REPRESENTATION_CONTEXT() REPRESENTATION_CONTEXT('2D SPACE',''
  ) );
#15140 = PCURVE('',#10172,#15141);
#15141 = DEFINITIONAL_REPRESENTATION('',(#15142),#15145);
#15142 = B_SPLINE_CURVE_WITH_KNOTS('',1,(#15143,#15144),.UNSPECIFIED.,
  .F.,.F.,(2,2),(-2.400000000069E-06,7.8000024),
  .PIECEWISE_BEZIER_KNOTS.);
#15143 = CARTESIAN_POINT('',(-2.400000000069E-06,4.933030277982));
#15144 = CARTESIAN_POINT('',(7.8000024,4.933030277982));
#15145 = ( GEOMETRIC_REPRESENTATION_CONTEXT(2) 
PARAMETRIC_REPRESENTATION_CONTEXT() REPRESENTATION_CONTEXT('2D SPACE',''
  ) );
#15146 = ORIENTED_EDGE('',*,*,#14993,.F.);
#15147 = ORIENTED_EDGE('',*,*,#7987,.F.);
#15148 = ORIENTED_EDGE('',*,*,#10184,.T.);
#15149 = ADVANCED_FACE('',(#15150),#8495,.T.);
#15150 = FACE_BOUND('',#15151,.T.);
#15151 = EDGE_LOOP('',(#15152,#15153,#15154));
#15152 = ORIENTED_EDGE('',*,*,#8480,.F.);
#15153 = ORIENTED_EDGE('',*,*,#14704,.T.);
#15154 = ORIENTED_EDGE('',*,*,#15155,.T.);
#15155 = EDGE_CURVE('',#14682,#8455,#15156,.T.);
#15156 = SURFACE_CURVE('',#15157,(#15161,#15168),.PCURVE_S1.);
#15157 = LINE('',#15158,#15159);
#15158 = CARTESIAN_POINT('',(-48.4,30.8,27.));
#15159 = VECTOR('',#15160,1.);
#15160 = DIRECTION('',(1.,0.,0.));
#15161 = PCURVE('',#8495,#15162);
#15162 = DEFINITIONAL_REPRESENTATION('',(#15163),#15167);
#15163 = LINE('',#15164,#15165);
#15164 = CARTESIAN_POINT('',(7.951293295703,4.348706704297));
#15165 = VECTOR('',#15166,1.);
#15166 = DIRECTION('',(-1.,0.));
#15167 = ( GEOMETRIC_REPRESENTATION_CONTEXT(2) 
PARAMETRIC_REPRESENTATION_CONTEXT() REPRESENTATION_CONTEXT('2D SPACE',''
  ) );
#15168 = PCURVE('',#8469,#15169);
#15169 = DEFINITIONAL_REPRESENTATION('',(#15170),#15174);
#15170 = LINE('',#15171,#15172);
#15171 = CARTESIAN_POINT('',(0.,2.4));
#15172 = VECTOR('',#15173,1.);
#15173 = DIRECTION('',(1.,0.));
#15174 = ( GEOMETRIC_REPRESENTATION_CONTEXT(2) 
PARAMETRIC_REPRESENTATION_CONTEXT() REPRESENTATION_CONTEXT('2D SPACE',''
  ) );
#15175 = ADVANCED_FACE('',(#15176,#15224),#8469,.F.);
#15176 = FACE_BOUND('',#15177,.F.);
#15177 = EDGE_LOOP('',(#15178,#15201,#15222,#15223));
#15178 = ORIENTED_EDGE('',*,*,#15179,.F.);
#15179 = EDGE_CURVE('',#15180,#8429,#15182,.T.);
#15180 = VERTEX_POINT('',#15181);
#15181 = CARTESIAN_POINT('',(-48.4,40.,27.));
#15182 = SURFACE_CURVE('',#15183,(#15187,#15194),.PCURVE_S1.);
#15183 = LINE('',#15184,#15185);
#15184 = CARTESIAN_POINT('',(-48.4,40.,27.));
#15185 = VECTOR('',#15186,1.);
#15186 = DIRECTION('',(1.,0.,0.));
#15187 = PCURVE('',#8469,#15188);
#15188 = DEFINITIONAL_REPRESENTATION('',(#15189),#15193);
#15189 = LINE('',#15190,#15191);
#15190 = CARTESIAN_POINT('',(0.,11.6));
#15191 = VECTOR('',#15192,1.);
#15192 = DIRECTION('',(1.,0.));
#15193 = ( GEOMETRIC_REPRESENTATION_CONTEXT(2) 
PARAMETRIC_REPRESENTATION_CONTEXT() REPRESENTATION_CONTEXT('2D SPACE',''
  ) );
#15194 = PCURVE('',#8443,#15195);
#15195 = DEFINITIONAL_REPRESENTATION('',(#15196),#15200);
#15196 = LINE('',#15197,#15198);
#15197 = CARTESIAN_POINT('',(7.951293295703,4.348706704297));
#15198 = VECTOR('',#15199,1.);
#15199 = DIRECTION('',(-1.,0.));
#15200 = ( GEOMETRIC_REPRESENTATION_CONTEXT(2) 
PARAMETRIC_REPRESENTATION_CONTEXT() REPRESENTATION_CONTEXT('2D SPACE',''
  ) );
#15201 = ORIENTED_EDGE('',*,*,#15202,.F.);
#15202 = EDGE_CURVE('',#14682,#15180,#15203,.T.);
#15203 = SURFACE_CURVE('',#15204,(#15208,#15215),.PCURVE_S1.);
#15204 = LINE('',#15205,#15206);
#15205 = CARTESIAN_POINT('',(-48.4,28.4,27.));
#15206 = VECTOR('',#15207,1.);
#15207 = DIRECTION('',(-0.,1.,0.));
#15208 = PCURVE('',#8469,#15209);
#15209 = DEFINITIONAL_REPRESENTATION('',(#15210),#15214);
#15210 = LINE('',#15211,#15212);
#15211 = CARTESIAN_POINT('',(0.,0.));
#15212 = VECTOR('',#15213,1.);
#15213 = DIRECTION('',(0.,1.));
#15214 = ( GEOMETRIC_REPRESENTATION_CONTEXT(2) 
PARAMETRIC_REPRESENTATION_CONTEXT() REPRESENTATION_CONTEXT('2D SPACE',''
  ) );
#15215 = PCURVE('',#14377,#15216);
#15216 = DEFINITIONAL_REPRESENTATION('',(#15217),#15221);
#15217 = LINE('',#15218,#15219);
#15218 = CARTESIAN_POINT('',(0.,0.));
#15219 = VECTOR('',#15220,1.);
#15220 = DIRECTION('',(0.,-1.));
#15221 = ( GEOMETRIC_REPRESENTATION_CONTEXT(2) 
PARAMETRIC_REPRESENTATION_CONTEXT() REPRESENTATION_CONTEXT('2D SPACE',''
  ) );
#15222 = ORIENTED_EDGE('',*,*,#15155,.T.);
#15223 = ORIENTED_EDGE('',*,*,#8454,.F.);
#15224 = FACE_BOUND('',#15225,.F.);
#15225 = EDGE_LOOP('',(#15226));
#15226 = ORIENTED_EDGE('',*,*,#15227,.F.);
#15227 = EDGE_CURVE('',#15228,#15228,#15230,.T.);
#15228 = VERTEX_POINT('',#15229);
#15229 = CARTESIAN_POINT('',(-40.7,35.4,27.));
#15230 = SURFACE_CURVE('',#15231,(#15236,#15243),.PCURVE_S1.);
#15231 = CIRCLE('',#15232,1.7);
#15232 = AXIS2_PLACEMENT_3D('',#15233,#15234,#15235);
#15233 = CARTESIAN_POINT('',(-42.4,35.4,27.));
#15234 = DIRECTION('',(0.,0.,1.));
#15235 = DIRECTION('',(1.,0.,-0.));
#15236 = PCURVE('',#8469,#15237);
#15237 = DEFINITIONAL_REPRESENTATION('',(#15238),#15242);
#15238 = CIRCLE('',#15239,1.7);
#15239 = AXIS2_PLACEMENT_2D('',#15240,#15241);
#15240 = CARTESIAN_POINT('',(6.,7.));
#15241 = DIRECTION('',(1.,0.));
#15242 = ( GEOMETRIC_REPRESENTATION_CONTEXT(2) 
PARAMETRIC_REPRESENTATION_CONTEXT() REPRESENTATION_CONTEXT('2D SPACE',''
  ) );
#15243 = PCURVE('',#14479,#15244);
#15244 = DEFINITIONAL_REPRESENTATION('',(#15245),#15249);
#15245 = LINE('',#15246,#15247);
#15246 = CARTESIAN_POINT('',(0.,0.5));
#15247 = VECTOR('',#15248,1.);
#15248 = DIRECTION('',(1.,0.));
#15249 = ( GEOMETRIC_REPRESENTATION_CONTEXT(2) 
PARAMETRIC_REPRESENTATION_CONTEXT() REPRESENTATION_CONTEXT('2D SPACE',''
  ) );
#15250 = ADVANCED_FACE('',(#15251),#8443,.F.);
#15251 = FACE_BOUND('',#15252,.F.);
#15252 = EDGE_LOOP('',(#15253,#15254,#15275));
#15253 = ORIENTED_EDGE('',*,*,#8428,.F.);
#15254 = ORIENTED_EDGE('',*,*,#15255,.T.);
#15255 = EDGE_CURVE('',#8403,#15180,#15256,.T.);
#15256 = SURFACE_CURVE('',#15257,(#15261,#15268),.PCURVE_S1.);
#15257 = LINE('',#15258,#15259);
#15258 = CARTESIAN_POINT('',(-36.1,40.,14.7));
#15259 = VECTOR('',#15260,1.);
#15260 = DIRECTION('',(-0.707106781187,0.,0.707106781187));
#15261 = PCURVE('',#8443,#15262);
#15262 = DEFINITIONAL_REPRESENTATION('',(#15263),#15267);
#15263 = LINE('',#15264,#15265);
#15264 = CARTESIAN_POINT('',(-4.348706704297,-7.951293295703));
#15265 = VECTOR('',#15266,1.);
#15266 = DIRECTION('',(0.707106781187,0.707106781187));
#15267 = ( GEOMETRIC_REPRESENTATION_CONTEXT(2) 
PARAMETRIC_REPRESENTATION_CONTEXT() REPRESENTATION_CONTEXT('2D SPACE',''
  ) );
#15268 = PCURVE('',#8417,#15269);
#15269 = DEFINITIONAL_REPRESENTATION('',(#15270),#15274);
#15270 = LINE('',#15271,#15272);
#15271 = CARTESIAN_POINT('',(0.,-1.2));
#15272 = VECTOR('',#15273,1.);
#15273 = DIRECTION('',(1.,0.));
#15274 = ( GEOMETRIC_REPRESENTATION_CONTEXT(2) 
PARAMETRIC_REPRESENTATION_CONTEXT() REPRESENTATION_CONTEXT('2D SPACE',''
  ) );
#15275 = ORIENTED_EDGE('',*,*,#15179,.T.);
#15276 = ADVANCED_FACE('',(#15277),#8417,.T.);
#15277 = FACE_BOUND('',#15278,.T.);
#15278 = EDGE_LOOP('',(#15279,#15280,#15281,#15304));
#15279 = ORIENTED_EDGE('',*,*,#8402,.F.);
#15280 = ORIENTED_EDGE('',*,*,#15255,.T.);
#15281 = ORIENTED_EDGE('',*,*,#15282,.T.);
#15282 = EDGE_CURVE('',#15180,#15283,#15285,.T.);
#15283 = VERTEX_POINT('',#15284);
#15284 = CARTESIAN_POINT('',(-48.4,42.4,27.));
#15285 = SURFACE_CURVE('',#15286,(#15290,#15297),.PCURVE_S1.);
#15286 = LINE('',#15287,#15288);
#15287 = CARTESIAN_POINT('',(-48.4,28.4,27.));
#15288 = VECTOR('',#15289,1.);
#15289 = DIRECTION('',(-0.,1.,0.));
#15290 = PCURVE('',#8417,#15291);
#15291 = DEFINITIONAL_REPRESENTATION('',(#15292),#15296);
#15292 = LINE('',#15293,#15294);
#15293 = CARTESIAN_POINT('',(17.394826817189,-12.8));
#15294 = VECTOR('',#15295,1.);
#15295 = DIRECTION('',(0.,1.));
#15296 = ( GEOMETRIC_REPRESENTATION_CONTEXT(2) 
PARAMETRIC_REPRESENTATION_CONTEXT() REPRESENTATION_CONTEXT('2D SPACE',''
  ) );
#15297 = PCURVE('',#14377,#15298);
#15298 = DEFINITIONAL_REPRESENTATION('',(#15299),#15303);
#15299 = LINE('',#15300,#15301);
#15300 = CARTESIAN_POINT('',(0.,0.));
#15301 = VECTOR('',#15302,1.);
#15302 = DIRECTION('',(0.,-1.));
#15303 = ( GEOMETRIC_REPRESENTATION_CONTEXT(2) 
PARAMETRIC_REPRESENTATION_CONTEXT() REPRESENTATION_CONTEXT('2D SPACE',''
  ) );
#15304 = ORIENTED_EDGE('',*,*,#15305,.F.);
#15305 = EDGE_CURVE('',#8375,#15283,#15306,.T.);
#15306 = SURFACE_CURVE('',#15307,(#15311,#15318),.PCURVE_S1.);
#15307 = LINE('',#15308,#15309);
#15308 = CARTESIAN_POINT('',(-36.1,42.4,14.7));
#15309 = VECTOR('',#15310,1.);
#15310 = DIRECTION('',(-0.707106781187,0.,0.707106781187));
#15311 = PCURVE('',#8417,#15312);
#15312 = DEFINITIONAL_REPRESENTATION('',(#15313),#15317);
#15313 = LINE('',#15314,#15315);
#15314 = CARTESIAN_POINT('',(0.,1.2));
#15315 = VECTOR('',#15316,1.);
#15316 = DIRECTION('',(1.,0.));
#15317 = ( GEOMETRIC_REPRESENTATION_CONTEXT(2) 
PARAMETRIC_REPRESENTATION_CONTEXT() REPRESENTATION_CONTEXT('2D SPACE',''
  ) );
#15318 = PCURVE('',#8390,#15319);
#15319 = DEFINITIONAL_REPRESENTATION('',(#15320),#15324);
#15320 = LINE('',#15321,#15322);
#15321 = CARTESIAN_POINT('',(-4.348706704297,-7.951293295703));
#15322 = VECTOR('',#15323,1.);
#15323 = DIRECTION('',(0.707106781187,0.707106781187));
#15324 = ( GEOMETRIC_REPRESENTATION_CONTEXT(2) 
PARAMETRIC_REPRESENTATION_CONTEXT() REPRESENTATION_CONTEXT('2D SPACE',''
  ) );
#15325 = ADVANCED_FACE('',(#15326),#8390,.T.);
#15326 = FACE_BOUND('',#15327,.T.);
#15327 = EDGE_LOOP('',(#15328,#15329,#15330,#15351));
#15328 = ORIENTED_EDGE('',*,*,#8374,.F.);
#15329 = ORIENTED_EDGE('',*,*,#15305,.T.);
#15330 = ORIENTED_EDGE('',*,*,#15331,.T.);
#15331 = EDGE_CURVE('',#15283,#14339,#15332,.T.);
#15332 = SURFACE_CURVE('',#15333,(#15337,#15344),.PCURVE_S1.);
#15333 = LINE('',#15334,#15335);
#15334 = CARTESIAN_POINT('',(-48.4,42.4,27.));
#15335 = VECTOR('',#15336,1.);
#15336 = DIRECTION('',(0.,0.,1.));
#15337 = PCURVE('',#8390,#15338);
#15338 = DEFINITIONAL_REPRESENTATION('',(#15339),#15343);
#15339 = LINE('',#15340,#15341);
#15340 = CARTESIAN_POINT('',(7.951293295703,4.348706704297));
#15341 = VECTOR('',#15342,1.);
#15342 = DIRECTION('',(0.,1.));
#15343 = ( GEOMETRIC_REPRESENTATION_CONTEXT(2) 
PARAMETRIC_REPRESENTATION_CONTEXT() REPRESENTATION_CONTEXT('2D SPACE',''
  ) );
#15344 = PCURVE('',#14377,#15345);
#15345 = DEFINITIONAL_REPRESENTATION('',(#15346),#15350);
#15346 = LINE('',#15347,#15348);
#15347 = CARTESIAN_POINT('',(0.,-14.));
#15348 = VECTOR('',#15349,1.);
#15349 = DIRECTION('',(1.,0.));
#15350 = ( GEOMETRIC_REPRESENTATION_CONTEXT(2) 
PARAMETRIC_REPRESENTATION_CONTEXT() REPRESENTATION_CONTEXT('2D SPACE',''
  ) );
#15351 = ORIENTED_EDGE('',*,*,#14338,.T.);
#15352 = ADVANCED_FACE('',(#15353),#8339,.T.);
#15353 = FACE_BOUND('',#15354,.F.);
#15354 = EDGE_LOOP('',(#15355,#15356,#15378,#15379));
#15355 = ORIENTED_EDGE('',*,*,#8323,.F.);
#15356 = ORIENTED_EDGE('',*,*,#15357,.T.);
#15357 = EDGE_CURVE('',#8301,#11881,#15358,.T.);
#15358 = SURFACE_CURVE('',#15359,(#15364,#15371),.PCURVE_S1.);
#15359 = CIRCLE('',#15360,3.);
#15360 = AXIS2_PLACEMENT_3D('',#15361,#15362,#15363);
#15361 = CARTESIAN_POINT('',(-33.4,43.4,8.4));
#15362 = DIRECTION('',(-0.,0.,-1.));
#15363 = DIRECTION('',(-1.,1.691768418476E-15,0.));
#15364 = PCURVE('',#8339,#15365);
#15365 = DEFINITIONAL_REPRESENTATION('',(#15366),#15370);
#15366 = LINE('',#15367,#15368);
#15367 = CARTESIAN_POINT('',(-1.691768418476E-15,8.4));
#15368 = VECTOR('',#15369,1.);
#15369 = DIRECTION('',(-1.,0.));
#15370 = ( GEOMETRIC_REPRESENTATION_CONTEXT(2) 
PARAMETRIC_REPRESENTATION_CONTEXT() REPRESENTATION_CONTEXT('2D SPACE',''
  ) );
#15371 = PCURVE('',#9103,#15372);
#15372 = DEFINITIONAL_REPRESENTATION('',(#15373),#15377);
#15373 = LINE('',#15374,#15375);
#15374 = CARTESIAN_POINT('',(0.,-1.2));
#15375 = VECTOR('',#15376,1.);
#15376 = DIRECTION('',(1.,-0.));
#15377 = ( GEOMETRIC_REPRESENTATION_CONTEXT(2) 
PARAMETRIC_REPRESENTATION_CONTEXT() REPRESENTATION_CONTEXT('2D SPACE',''
  ) );
#15378 = ORIENTED_EDGE('',*,*,#11910,.T.);
#15379 = ORIENTED_EDGE('',*,*,#14311,.F.);
#15380 = ADVANCED_FACE('',(#15381),#8545,.F.);
#15381 = FACE_BOUND('',#15382,.T.);
#15382 = EDGE_LOOP('',(#15383,#15404,#15430,#15431));
#15383 = ORIENTED_EDGE('',*,*,#15384,.F.);
#15384 = EDGE_CURVE('',#15385,#8640,#15387,.T.);
#15385 = VERTEX_POINT('',#15386);
#15386 = CARTESIAN_POINT('',(37.6,43.4,4.8));
#15387 = SURFACE_CURVE('',#15388,(#15392,#15398),.PCURVE_S1.);
#15388 = LINE('',#15389,#15390);
#15389 = CARTESIAN_POINT('',(37.6,43.4,4.8));
#15390 = VECTOR('',#15391,1.);
#15391 = DIRECTION('',(-0.707106781187,1.15296311809E-15,-0.707106781187
    ));
#15392 = PCURVE('',#8545,#15393);
#15393 = DEFINITIONAL_REPRESENTATION('',(#15394),#15397);
#15394 = B_SPLINE_CURVE_WITH_KNOTS('',1,(#15395,#15396),.UNSPECIFIED.,
  .F.,.F.,(2,2),(0.,1.697056274848),.PIECEWISE_BEZIER_KNOTS.);
#15395 = CARTESIAN_POINT('',(0.,-0.848528137424));
#15396 = CARTESIAN_POINT('',(0.,0.848528137424));
#15397 = ( GEOMETRIC_REPRESENTATION_CONTEXT(2) 
PARAMETRIC_REPRESENTATION_CONTEXT() REPRESENTATION_CONTEXT('2D SPACE',''
  ) );
#15398 = PCURVE('',#8836,#15399);
#15399 = DEFINITIONAL_REPRESENTATION('',(#15400),#15403);
#15400 = B_SPLINE_CURVE_WITH_KNOTS('',1,(#15401,#15402),.UNSPECIFIED.,
  .F.,.F.,(2,2),(0.,1.697056274848),.PIECEWISE_BEZIER_KNOTS.);
#15401 = CARTESIAN_POINT('',(-1.570796326795,0.));
#15402 = CARTESIAN_POINT('',(-1.570796326795,-1.2));
#15403 = ( GEOMETRIC_REPRESENTATION_CONTEXT(2) 
PARAMETRIC_REPRESENTATION_CONTEXT() REPRESENTATION_CONTEXT('2D SPACE',''
  ) );
#15404 = ORIENTED_EDGE('',*,*,#15405,.T.);
#15405 = EDGE_CURVE('',#15385,#8531,#15406,.T.);
#15406 = SURFACE_CURVE('',#15407,(#15411,#15418),.PCURVE_S1.);
#15407 = LINE('',#15408,#15409);
#15408 = CARTESIAN_POINT('',(37.6,43.4,4.8));
#15409 = VECTOR('',#15410,1.);
#15410 = DIRECTION('',(0.,-1.,-0.));
#15411 = PCURVE('',#8545,#15412);
#15412 = DEFINITIONAL_REPRESENTATION('',(#15413),#15417);
#15413 = LINE('',#15414,#15415);
#15414 = CARTESIAN_POINT('',(-0.,-0.848528137424));
#15415 = VECTOR('',#15416,1.);
#15416 = DIRECTION('',(-1.,0.));
#15417 = ( GEOMETRIC_REPRESENTATION_CONTEXT(2) 
PARAMETRIC_REPRESENTATION_CONTEXT() REPRESENTATION_CONTEXT('2D SPACE',''
  ) );
#15418 = PCURVE('',#15419,#15424);
#15419 = PLANE('',#15420);
#15420 = AXIS2_PLACEMENT_3D('',#15421,#15422,#15423);
#15421 = CARTESIAN_POINT('',(37.6,-47.6,3.6));
#15422 = DIRECTION('',(1.,0.,-0.));
#15423 = DIRECTION('',(0.,0.,1.));
#15424 = DEFINITIONAL_REPRESENTATION('',(#15425),#15429);
#15425 = LINE('',#15426,#15427);
#15426 = CARTESIAN_POINT('',(1.2,-91.));
#15427 = VECTOR('',#15428,1.);
#15428 = DIRECTION('',(0.,1.));
#15429 = ( GEOMETRIC_REPRESENTATION_CONTEXT(2) 
PARAMETRIC_REPRESENTATION_CONTEXT() REPRESENTATION_CONTEXT('2D SPACE',''
  ) );
#15430 = ORIENTED_EDGE('',*,*,#8530,.T.);
#15431 = ORIENTED_EDGE('',*,*,#8662,.F.);
#15432 = ADVANCED_FACE('',(#15433),#8571,.T.);
#15433 = FACE_BOUND('',#15434,.F.);
#15434 = EDGE_LOOP('',(#15435,#15458,#15459,#15460));
#15435 = ORIENTED_EDGE('',*,*,#15436,.F.);
#15436 = EDGE_CURVE('',#8531,#15437,#15439,.T.);
#15437 = VERTEX_POINT('',#15438);
#15438 = CARTESIAN_POINT('',(37.6,-43.4,7.2));
#15439 = SURFACE_CURVE('',#15440,(#15444,#15451),.PCURVE_S1.);
#15440 = LINE('',#15441,#15442);
#15441 = CARTESIAN_POINT('',(37.6,-43.4,3.6));
#15442 = VECTOR('',#15443,1.);
#15443 = DIRECTION('',(0.,0.,1.));
#15444 = PCURVE('',#8571,#15445);
#15445 = DEFINITIONAL_REPRESENTATION('',(#15446),#15450);
#15446 = LINE('',#15447,#15448);
#15447 = CARTESIAN_POINT('',(-0.,0.));
#15448 = VECTOR('',#15449,1.);
#15449 = DIRECTION('',(-0.,1.));
#15450 = ( GEOMETRIC_REPRESENTATION_CONTEXT(2) 
PARAMETRIC_REPRESENTATION_CONTEXT() REPRESENTATION_CONTEXT('2D SPACE',''
  ) );
#15451 = PCURVE('',#15419,#15452);
#15452 = DEFINITIONAL_REPRESENTATION('',(#15453),#15457);
#15453 = LINE('',#15454,#15455);
#15454 = CARTESIAN_POINT('',(0.,-4.2));
#15455 = VECTOR('',#15456,1.);
#15456 = DIRECTION('',(1.,0.));
#15457 = ( GEOMETRIC_REPRESENTATION_CONTEXT(2) 
PARAMETRIC_REPRESENTATION_CONTEXT() REPRESENTATION_CONTEXT('2D SPACE',''
  ) );
#15458 = ORIENTED_EDGE('',*,*,#8556,.T.);
#15459 = ORIENTED_EDGE('',*,*,#8612,.T.);
#15460 = ORIENTED_EDGE('',*,*,#15461,.F.);
#15461 = EDGE_CURVE('',#15437,#8590,#15462,.T.);
#15462 = SURFACE_CURVE('',#15463,(#15468,#15475),.PCURVE_S1.);
#15463 = CIRCLE('',#15464,4.2);
#15464 = AXIS2_PLACEMENT_3D('',#15465,#15466,#15467);
#15465 = CARTESIAN_POINT('',(33.4,-43.4,7.2));
#15466 = DIRECTION('',(0.,0.,-1.));
#15467 = DIRECTION('',(1.,0.,0.));
#15468 = PCURVE('',#8571,#15469);
#15469 = DEFINITIONAL_REPRESENTATION('',(#15470),#15474);
#15470 = LINE('',#15471,#15472);
#15471 = CARTESIAN_POINT('',(-0.,3.6));
#15472 = VECTOR('',#15473,1.);
#15473 = DIRECTION('',(-1.,0.));
#15474 = ( GEOMETRIC_REPRESENTATION_CONTEXT(2) 
PARAMETRIC_REPRESENTATION_CONTEXT() REPRESENTATION_CONTEXT('2D SPACE',''
  ) );
#15475 = PCURVE('',#10477,#15476);
#15476 = DEFINITIONAL_REPRESENTATION('',(#15477),#15481);
#15477 = LINE('',#15478,#15479);
#15478 = CARTESIAN_POINT('',(0.,-0.));
#15479 = VECTOR('',#15480,1.);
#15480 = DIRECTION('',(1.,-0.));
#15481 = ( GEOMETRIC_REPRESENTATION_CONTEXT(2) 
PARAMETRIC_REPRESENTATION_CONTEXT() REPRESENTATION_CONTEXT('2D SPACE',''
  ) );
#15482 = ADVANCED_FACE('',(#15483),#8724,.F.);
#15483 = FACE_BOUND('',#15484,.F.);
#15484 = EDGE_LOOP('',(#15485));
#15485 = ORIENTED_EDGE('',*,*,#8709,.T.);
#15486 = ADVANCED_FACE('',(#15487),#8779,.F.);
#15487 = FACE_BOUND('',#15488,.F.);
#15488 = EDGE_LOOP('',(#15489));
#15489 = ORIENTED_EDGE('',*,*,#8764,.T.);
#15490 = ADVANCED_FACE('',(#15491),#8836,.T.);
#15491 = FACE_BOUND('',#15492,.T.);
#15492 = EDGE_LOOP('',(#15493,#15514,#15541,#15542));
#15493 = ORIENTED_EDGE('',*,*,#15494,.F.);
#15494 = EDGE_CURVE('',#15495,#8799,#15497,.T.);
#15495 = VERTEX_POINT('',#15496);
#15496 = CARTESIAN_POINT('',(33.4,47.6,4.8));
#15497 = SURFACE_CURVE('',#15498,(#15502,#15508),.PCURVE_S1.);
#15498 = LINE('',#15499,#15500);
#15499 = CARTESIAN_POINT('',(33.4,47.,4.2));
#15500 = VECTOR('',#15501,1.);
#15501 = DIRECTION('',(0.,-0.707106781187,-0.707106781187));
#15502 = PCURVE('',#8836,#15503);
#15503 = DEFINITIONAL_REPRESENTATION('',(#15504),#15507);
#15504 = B_SPLINE_CURVE_WITH_KNOTS('',1,(#15505,#15506),.UNSPECIFIED.,
  .F.,.F.,(2,2),(-0.848528137424,0.848528137424),
  .PIECEWISE_BEZIER_KNOTS.);
#15505 = CARTESIAN_POINT('',(0.,0.));
#15506 = CARTESIAN_POINT('',(0.,-1.2));
#15507 = ( GEOMETRIC_REPRESENTATION_CONTEXT(2) 
PARAMETRIC_REPRESENTATION_CONTEXT() REPRESENTATION_CONTEXT('2D SPACE',''
  ) );
#15508 = PCURVE('',#8889,#15509);
#15509 = DEFINITIONAL_REPRESENTATION('',(#15510),#15513);
#15510 = B_SPLINE_CURVE_WITH_KNOTS('',1,(#15511,#15512),.UNSPECIFIED.,
  .F.,.F.,(2,2),(-0.848528137424,0.848528137424),
  .PIECEWISE_BEZIER_KNOTS.);
#15511 = CARTESIAN_POINT('',(-66.8,-0.848528137424));
#15512 = CARTESIAN_POINT('',(-66.8,0.848528137424));
#15513 = ( GEOMETRIC_REPRESENTATION_CONTEXT(2) 
PARAMETRIC_REPRESENTATION_CONTEXT() REPRESENTATION_CONTEXT('2D SPACE',''
  ) );
#15514 = ORIENTED_EDGE('',*,*,#15515,.T.);
#15515 = EDGE_CURVE('',#15495,#15385,#15516,.T.);
#15516 = SURFACE_CURVE('',#15517,(#15522,#15529),.PCURVE_S1.);
#15517 = CIRCLE('',#15518,4.2);
#15518 = AXIS2_PLACEMENT_3D('',#15519,#15520,#15521);
#15519 = CARTESIAN_POINT('',(33.4,43.4,4.8));
#15520 = DIRECTION('',(0.,-0.,-1.));
#15521 = DIRECTION('',(1.691768418476E-15,1.,-0.));
#15522 = PCURVE('',#8836,#15523);
#15523 = DEFINITIONAL_REPRESENTATION('',(#15524),#15528);
#15524 = LINE('',#15525,#15526);
#15525 = CARTESIAN_POINT('',(-0.,-0.));
#15526 = VECTOR('',#15527,1.);
#15527 = DIRECTION('',(-1.,-0.));
#15528 = ( GEOMETRIC_REPRESENTATION_CONTEXT(2) 
PARAMETRIC_REPRESENTATION_CONTEXT() REPRESENTATION_CONTEXT('2D SPACE',''
  ) );
#15529 = PCURVE('',#15530,#15535);
#15530 = CYLINDRICAL_SURFACE('',#15531,4.2);
#15531 = AXIS2_PLACEMENT_3D('',#15532,#15533,#15534);
#15532 = CARTESIAN_POINT('',(33.4,43.4,3.6));
#15533 = DIRECTION('',(0.,0.,1.));
#15534 = DIRECTION('',(1.,0.,-0.));
#15535 = DEFINITIONAL_REPRESENTATION('',(#15536),#15540);
#15536 = LINE('',#15537,#15538);
#15537 = CARTESIAN_POINT('',(1.570796326795,1.2));
#15538 = VECTOR('',#15539,1.);
#15539 = DIRECTION('',(-1.,-0.));
#15540 = ( GEOMETRIC_REPRESENTATION_CONTEXT(2) 
PARAMETRIC_REPRESENTATION_CONTEXT() REPRESENTATION_CONTEXT('2D SPACE',''
  ) );
#15541 = ORIENTED_EDGE('',*,*,#15384,.T.);
#15542 = ORIENTED_EDGE('',*,*,#8821,.F.);
#15543 = ADVANCED_FACE('',(#15544),#8889,.F.);
#15544 = FACE_BOUND('',#15545,.T.);
#15545 = EDGE_LOOP('',(#15546,#15567,#15593,#15594));
#15546 = ORIENTED_EDGE('',*,*,#15547,.F.);
#15547 = EDGE_CURVE('',#15548,#8853,#15550,.T.);
#15548 = VERTEX_POINT('',#15549);
#15549 = CARTESIAN_POINT('',(-33.4,47.6,4.8));
#15550 = SURFACE_CURVE('',#15551,(#15555,#15561),.PCURVE_S1.);
#15551 = LINE('',#15552,#15553);
#15552 = CARTESIAN_POINT('',(-33.4,47.6,4.8));
#15553 = VECTOR('',#15554,1.);
#15554 = DIRECTION('',(-1.15296311809E-15,-0.707106781187,
    -0.707106781187));
#15555 = PCURVE('',#8889,#15556);
#15556 = DEFINITIONAL_REPRESENTATION('',(#15557),#15560);
#15557 = B_SPLINE_CURVE_WITH_KNOTS('',1,(#15558,#15559),.UNSPECIFIED.,
  .F.,.F.,(2,2),(0.,1.697056274848),.PIECEWISE_BEZIER_KNOTS.);
#15558 = CARTESIAN_POINT('',(0.,-0.848528137424));
#15559 = CARTESIAN_POINT('',(0.,0.848528137424));
#15560 = ( GEOMETRIC_REPRESENTATION_CONTEXT(2) 
PARAMETRIC_REPRESENTATION_CONTEXT() REPRESENTATION_CONTEXT('2D SPACE',''
  ) );
#15561 = PCURVE('',#8945,#15562);
#15562 = DEFINITIONAL_REPRESENTATION('',(#15563),#15566);
#15563 = B_SPLINE_CURVE_WITH_KNOTS('',1,(#15564,#15565),.UNSPECIFIED.,
  .F.,.F.,(2,2),(0.,1.697056274848),.PIECEWISE_BEZIER_KNOTS.);
#15564 = CARTESIAN_POINT('',(-1.570796326795,0.));
#15565 = CARTESIAN_POINT('',(-1.570796326795,-1.2));
#15566 = ( GEOMETRIC_REPRESENTATION_CONTEXT(2) 
PARAMETRIC_REPRESENTATION_CONTEXT() REPRESENTATION_CONTEXT('2D SPACE',''
  ) );
#15567 = ORIENTED_EDGE('',*,*,#15568,.T.);
#15568 = EDGE_CURVE('',#15548,#15495,#15569,.T.);
#15569 = SURFACE_CURVE('',#15570,(#15574,#15581),.PCURVE_S1.);
#15570 = LINE('',#15571,#15572);
#15571 = CARTESIAN_POINT('',(-33.4,47.6,4.8));
#15572 = VECTOR('',#15573,1.);
#15573 = DIRECTION('',(1.,0.,-0.));
#15574 = PCURVE('',#8889,#15575);
#15575 = DEFINITIONAL_REPRESENTATION('',(#15576),#15580);
#15576 = LINE('',#15577,#15578);
#15577 = CARTESIAN_POINT('',(-0.,-0.848528137424));
#15578 = VECTOR('',#15579,1.);
#15579 = DIRECTION('',(-1.,0.));
#15580 = ( GEOMETRIC_REPRESENTATION_CONTEXT(2) 
PARAMETRIC_REPRESENTATION_CONTEXT() REPRESENTATION_CONTEXT('2D SPACE',''
  ) );
#15581 = PCURVE('',#15582,#15587);
#15582 = PLANE('',#15583);
#15583 = AXIS2_PLACEMENT_3D('',#15584,#15585,#15586);
#15584 = CARTESIAN_POINT('',(-37.6,47.6,3.6));
#15585 = DIRECTION('',(-0.,1.,0.));
#15586 = DIRECTION('',(0.,0.,1.));
#15587 = DEFINITIONAL_REPRESENTATION('',(#15588),#15592);
#15588 = LINE('',#15589,#15590);
#15589 = CARTESIAN_POINT('',(1.2,4.2));
#15590 = VECTOR('',#15591,1.);
#15591 = DIRECTION('',(0.,1.));
#15592 = ( GEOMETRIC_REPRESENTATION_CONTEXT(2) 
PARAMETRIC_REPRESENTATION_CONTEXT() REPRESENTATION_CONTEXT('2D SPACE',''
  ) );
#15593 = ORIENTED_EDGE('',*,*,#15494,.T.);
#15594 = ORIENTED_EDGE('',*,*,#8875,.F.);
#15595 = ADVANCED_FACE('',(#15596),#8945,.T.);
#15596 = FACE_BOUND('',#15597,.T.);
#15597 = EDGE_LOOP('',(#15598,#15599,#15621,#15622));
#15598 = ORIENTED_EDGE('',*,*,#9011,.F.);
#15599 = ORIENTED_EDGE('',*,*,#15600,.T.);
#15600 = EDGE_CURVE('',#8989,#15548,#15601,.T.);
#15601 = SURFACE_CURVE('',#15602,(#15607,#15614),.PCURVE_S1.);
#15602 = CIRCLE('',#15603,4.2);
#15603 = AXIS2_PLACEMENT_3D('',#15604,#15605,#15606);
#15604 = CARTESIAN_POINT('',(-33.4,43.4,4.8));
#15605 = DIRECTION('',(-0.,0.,-1.));
#15606 = DIRECTION('',(-1.,1.691768418476E-15,0.));
#15607 = PCURVE('',#8945,#15608);
#15608 = DEFINITIONAL_REPRESENTATION('',(#15609),#15613);
#15609 = LINE('',#15610,#15611);
#15610 = CARTESIAN_POINT('',(-0.,-0.));
#15611 = VECTOR('',#15612,1.);
#15612 = DIRECTION('',(-1.,-0.));
#15613 = ( GEOMETRIC_REPRESENTATION_CONTEXT(2) 
PARAMETRIC_REPRESENTATION_CONTEXT() REPRESENTATION_CONTEXT('2D SPACE',''
  ) );
#15614 = PCURVE('',#9052,#15615);
#15615 = DEFINITIONAL_REPRESENTATION('',(#15616),#15620);
#15616 = LINE('',#15617,#15618);
#15617 = CARTESIAN_POINT('',(-0.,1.2));
#15618 = VECTOR('',#15619,1.);
#15619 = DIRECTION('',(-1.,0.));
#15620 = ( GEOMETRIC_REPRESENTATION_CONTEXT(2) 
PARAMETRIC_REPRESENTATION_CONTEXT() REPRESENTATION_CONTEXT('2D SPACE',''
  ) );
#15621 = ORIENTED_EDGE('',*,*,#15547,.T.);
#15622 = ORIENTED_EDGE('',*,*,#8930,.F.);
#15623 = ADVANCED_FACE('',(#15624),#9052,.T.);
#15624 = FACE_BOUND('',#15625,.F.);
#15625 = EDGE_LOOP('',(#15626,#15627,#15628,#15651));
#15626 = ORIENTED_EDGE('',*,*,#9036,.F.);
#15627 = ORIENTED_EDGE('',*,*,#15600,.T.);
#15628 = ORIENTED_EDGE('',*,*,#15629,.T.);
#15629 = EDGE_CURVE('',#15548,#15630,#15632,.T.);
#15630 = VERTEX_POINT('',#15631);
#15631 = CARTESIAN_POINT('',(-33.4,47.6,7.2));
#15632 = SURFACE_CURVE('',#15633,(#15637,#15644),.PCURVE_S1.);
#15633 = LINE('',#15634,#15635);
#15634 = CARTESIAN_POINT('',(-33.4,47.6,3.6));
#15635 = VECTOR('',#15636,1.);
#15636 = DIRECTION('',(0.,0.,1.));
#15637 = PCURVE('',#9052,#15638);
#15638 = DEFINITIONAL_REPRESENTATION('',(#15639),#15643);
#15639 = LINE('',#15640,#15641);
#15640 = CARTESIAN_POINT('',(-1.570796326795,0.));
#15641 = VECTOR('',#15642,1.);
#15642 = DIRECTION('',(-0.,1.));
#15643 = ( GEOMETRIC_REPRESENTATION_CONTEXT(2) 
PARAMETRIC_REPRESENTATION_CONTEXT() REPRESENTATION_CONTEXT('2D SPACE',''
  ) );
#15644 = PCURVE('',#15582,#15645);
#15645 = DEFINITIONAL_REPRESENTATION('',(#15646),#15650);
#15646 = LINE('',#15647,#15648);
#15647 = CARTESIAN_POINT('',(0.,4.2));
#15648 = VECTOR('',#15649,1.);
#15649 = DIRECTION('',(1.,0.));
#15650 = ( GEOMETRIC_REPRESENTATION_CONTEXT(2) 
PARAMETRIC_REPRESENTATION_CONTEXT() REPRESENTATION_CONTEXT('2D SPACE',''
  ) );
#15651 = ORIENTED_EDGE('',*,*,#15652,.F.);
#15652 = EDGE_CURVE('',#9037,#15630,#15653,.T.);
#15653 = SURFACE_CURVE('',#15654,(#15659,#15666),.PCURVE_S1.);
#15654 = CIRCLE('',#15655,4.2);
#15655 = AXIS2_PLACEMENT_3D('',#15656,#15657,#15658);
#15656 = CARTESIAN_POINT('',(-33.4,43.4,7.2));
#15657 = DIRECTION('',(-0.,0.,-1.));
#15658 = DIRECTION('',(-1.,1.691768418476E-15,0.));
#15659 = PCURVE('',#9052,#15660);
#15660 = DEFINITIONAL_REPRESENTATION('',(#15661),#15665);
#15661 = LINE('',#15662,#15663);
#15662 = CARTESIAN_POINT('',(-0.,3.6));
#15663 = VECTOR('',#15664,1.);
#15664 = DIRECTION('',(-1.,0.));
#15665 = ( GEOMETRIC_REPRESENTATION_CONTEXT(2) 
PARAMETRIC_REPRESENTATION_CONTEXT() REPRESENTATION_CONTEXT('2D SPACE',''
  ) );
#15666 = PCURVE('',#9103,#15667);
#15667 = DEFINITIONAL_REPRESENTATION('',(#15668),#15672);
#15668 = LINE('',#15669,#15670);
#15669 = CARTESIAN_POINT('',(0.,-0.));
#15670 = VECTOR('',#15671,1.);
#15671 = DIRECTION('',(1.,-0.));
#15672 = ( GEOMETRIC_REPRESENTATION_CONTEXT(2) 
PARAMETRIC_REPRESENTATION_CONTEXT() REPRESENTATION_CONTEXT('2D SPACE',''
  ) );
#15673 = ADVANCED_FACE('',(#15674),#9103,.T.);
#15674 = FACE_BOUND('',#15675,.F.);
#15675 = EDGE_LOOP('',(#15676,#15677,#15678,#15697));
#15676 = ORIENTED_EDGE('',*,*,#9090,.F.);
#15677 = ORIENTED_EDGE('',*,*,#15652,.T.);
#15678 = ORIENTED_EDGE('',*,*,#15679,.T.);
#15679 = EDGE_CURVE('',#15630,#11881,#15680,.T.);
#15680 = SURFACE_CURVE('',#15681,(#15685,#15691),.PCURVE_S1.);
#15681 = LINE('',#15682,#15683);
#15682 = CARTESIAN_POINT('',(-33.4,47.6,7.2));
#15683 = VECTOR('',#15684,1.);
#15684 = DIRECTION('',(-1.15296311809E-15,-0.707106781187,0.707106781187
    ));
#15685 = PCURVE('',#9103,#15686);
#15686 = DEFINITIONAL_REPRESENTATION('',(#15687),#15690);
#15687 = B_SPLINE_CURVE_WITH_KNOTS('',1,(#15688,#15689),.UNSPECIFIED.,
  .F.,.F.,(2,2),(0.,1.697056274848),.PIECEWISE_BEZIER_KNOTS.);
#15688 = CARTESIAN_POINT('',(1.570796326795,0.));
#15689 = CARTESIAN_POINT('',(1.570796326795,-1.2));
#15690 = ( GEOMETRIC_REPRESENTATION_CONTEXT(2) 
PARAMETRIC_REPRESENTATION_CONTEXT() REPRESENTATION_CONTEXT('2D SPACE',''
  ) );
#15691 = PCURVE('',#11898,#15692);
#15692 = DEFINITIONAL_REPRESENTATION('',(#15693),#15696);
#15693 = B_SPLINE_CURVE_WITH_KNOTS('',1,(#15694,#15695),.UNSPECIFIED.,
  .F.,.F.,(2,2),(0.,1.697056274848),.PIECEWISE_BEZIER_KNOTS.);
#15694 = CARTESIAN_POINT('',(0.,-0.848528137424));
#15695 = CARTESIAN_POINT('',(0.,0.848528137424));
#15696 = ( GEOMETRIC_REPRESENTATION_CONTEXT(2) 
PARAMETRIC_REPRESENTATION_CONTEXT() REPRESENTATION_CONTEXT('2D SPACE',''
  ) );
#15697 = ORIENTED_EDGE('',*,*,#15357,.F.);
#15698 = ADVANCED_FACE('',(#15699),#9167,.F.);
#15699 = FACE_BOUND('',#15700,.F.);
#15700 = EDGE_LOOP('',(#15701));
#15701 = ORIENTED_EDGE('',*,*,#9152,.T.);
#15702 = ADVANCED_FACE('',(#15703),#9222,.F.);
#15703 = FACE_BOUND('',#15704,.F.);
#15704 = EDGE_LOOP('',(#15705));
#15705 = ORIENTED_EDGE('',*,*,#9207,.T.);
#15706 = ADVANCED_FACE('',(#15707),#10172,.F.);
#15707 = FACE_BOUND('',#15708,.F.);
#15708 = EDGE_LOOP('',(#15709,#15732,#15760,#15781,#15782,#15783));
#15709 = ORIENTED_EDGE('',*,*,#15710,.F.);
#15710 = EDGE_CURVE('',#15711,#15018,#15713,.T.);
#15711 = VERTEX_POINT('',#15712);
#15712 = CARTESIAN_POINT('',(-26.4,-21.,8.4));
#15713 = SURFACE_CURVE('',#15714,(#15718,#15725),.PCURVE_S1.);
#15714 = LINE('',#15715,#15716);
#15715 = CARTESIAN_POINT('',(-26.4,-21.,2.4));
#15716 = VECTOR('',#15717,1.);
#15717 = DIRECTION('',(0.,0.,1.));
#15718 = PCURVE('',#10172,#15719);
#15719 = DEFINITIONAL_REPRESENTATION('',(#15720),#15724);
#15720 = LINE('',#15721,#15722);
#15721 = CARTESIAN_POINT('',(0.,7.6));
#15722 = VECTOR('',#15723,1.);
#15723 = DIRECTION('',(1.,0.));
#15724 = ( GEOMETRIC_REPRESENTATION_CONTEXT(2) 
PARAMETRIC_REPRESENTATION_CONTEXT() REPRESENTATION_CONTEXT('2D SPACE',''
  ) );
#15725 = PCURVE('',#15056,#15726);
#15726 = DEFINITIONAL_REPRESENTATION('',(#15727),#15731);
#15727 = LINE('',#15728,#15729);
#15728 = CARTESIAN_POINT('',(0.,0.));
#15729 = VECTOR('',#15730,1.);
#15730 = DIRECTION('',(1.,0.));
#15731 = ( GEOMETRIC_REPRESENTATION_CONTEXT(2) 
PARAMETRIC_REPRESENTATION_CONTEXT() REPRESENTATION_CONTEXT('2D SPACE',''
  ) );
#15732 = ORIENTED_EDGE('',*,*,#15733,.T.);
#15733 = EDGE_CURVE('',#15711,#15734,#15736,.T.);
#15734 = VERTEX_POINT('',#15735);
#15735 = CARTESIAN_POINT('',(-25.2,-21.,8.4));
#15736 = SURFACE_CURVE('',#15737,(#15741,#15748),.PCURVE_S1.);
#15737 = LINE('',#15738,#15739);
#15738 = CARTESIAN_POINT('',(-34.,-21.,8.4));
#15739 = VECTOR('',#15740,1.);
#15740 = DIRECTION('',(1.,0.,-0.));
#15741 = PCURVE('',#10172,#15742);
#15742 = DEFINITIONAL_REPRESENTATION('',(#15743),#15747);
#15743 = LINE('',#15744,#15745);
#15744 = CARTESIAN_POINT('',(6.,0.));
#15745 = VECTOR('',#15746,1.);
#15746 = DIRECTION('',(0.,1.));
#15747 = ( GEOMETRIC_REPRESENTATION_CONTEXT(2) 
PARAMETRIC_REPRESENTATION_CONTEXT() REPRESENTATION_CONTEXT('2D SPACE',''
  ) );
#15748 = PCURVE('',#15749,#15754);
#15749 = PLANE('',#15750);
#15750 = AXIS2_PLACEMENT_3D('',#15751,#15752,#15753);
#15751 = CARTESIAN_POINT('',(-34.,-21.,8.4));
#15752 = DIRECTION('',(0.,0.,1.));
#15753 = DIRECTION('',(1.,0.,-0.));
#15754 = DEFINITIONAL_REPRESENTATION('',(#15755),#15759);
#15755 = LINE('',#15756,#15757);
#15756 = CARTESIAN_POINT('',(0.,0.));
#15757 = VECTOR('',#15758,1.);
#15758 = DIRECTION('',(1.,0.));
#15759 = ( GEOMETRIC_REPRESENTATION_CONTEXT(2) 
PARAMETRIC_REPRESENTATION_CONTEXT() REPRESENTATION_CONTEXT('2D SPACE',''
  ) );
#15760 = ORIENTED_EDGE('',*,*,#15761,.F.);
#15761 = EDGE_CURVE('',#10129,#15734,#15762,.T.);
#15762 = SURFACE_CURVE('',#15763,(#15767,#15774),.PCURVE_S1.);
#15763 = LINE('',#15764,#15765);
#15764 = CARTESIAN_POINT('',(-25.2,-21.,2.4));
#15765 = VECTOR('',#15766,1.);
#15766 = DIRECTION('',(0.,0.,1.));
#15767 = PCURVE('',#10172,#15768);
#15768 = DEFINITIONAL_REPRESENTATION('',(#15769),#15773);
#15769 = LINE('',#15770,#15771);
#15770 = CARTESIAN_POINT('',(0.,8.8));
#15771 = VECTOR('',#15772,1.);
#15772 = DIRECTION('',(1.,0.));
#15773 = ( GEOMETRIC_REPRESENTATION_CONTEXT(2) 
PARAMETRIC_REPRESENTATION_CONTEXT() REPRESENTATION_CONTEXT('2D SPACE',''
  ) );
#15774 = PCURVE('',#10144,#15775);
#15775 = DEFINITIONAL_REPRESENTATION('',(#15776),#15780);
#15776 = LINE('',#15777,#15778);
#15777 = CARTESIAN_POINT('',(0.,0.));
#15778 = VECTOR('',#15779,1.);
#15779 = DIRECTION('',(1.,0.));
#15780 = ( GEOMETRIC_REPRESENTATION_CONTEXT(2) 
PARAMETRIC_REPRESENTATION_CONTEXT() REPRESENTATION_CONTEXT('2D SPACE',''
  ) );
#15781 = ORIENTED_EDGE('',*,*,#10156,.T.);
#15782 = ORIENTED_EDGE('',*,*,#15128,.T.);
#15783 = ORIENTED_EDGE('',*,*,#15017,.T.);
#15784 = ADVANCED_FACE('',(#15785),#10144,.T.);
#15785 = FACE_BOUND('',#15786,.T.);
#15786 = EDGE_LOOP('',(#15787,#15788,#15789,#15812));
#15787 = ORIENTED_EDGE('',*,*,#15761,.F.);
#15788 = ORIENTED_EDGE('',*,*,#10128,.T.);
#15789 = ORIENTED_EDGE('',*,*,#15790,.T.);
#15790 = EDGE_CURVE('',#10101,#15791,#15793,.T.);
#15791 = VERTEX_POINT('',#15792);
#15792 = CARTESIAN_POINT('',(-25.2,-13.,8.4));
#15793 = SURFACE_CURVE('',#15794,(#15798,#15805),.PCURVE_S1.);
#15794 = LINE('',#15795,#15796);
#15795 = CARTESIAN_POINT('',(-25.2,-13.,2.4));
#15796 = VECTOR('',#15797,1.);
#15797 = DIRECTION('',(0.,0.,1.));
#15798 = PCURVE('',#10144,#15799);
#15799 = DEFINITIONAL_REPRESENTATION('',(#15800),#15804);
#15800 = LINE('',#15801,#15802);
#15801 = CARTESIAN_POINT('',(0.,-8.));
#15802 = VECTOR('',#15803,1.);
#15803 = DIRECTION('',(1.,0.));
#15804 = ( GEOMETRIC_REPRESENTATION_CONTEXT(2) 
PARAMETRIC_REPRESENTATION_CONTEXT() REPRESENTATION_CONTEXT('2D SPACE',''
  ) );
#15805 = PCURVE('',#10116,#15806);
#15806 = DEFINITIONAL_REPRESENTATION('',(#15807),#15811);
#15807 = LINE('',#15808,#15809);
#15808 = CARTESIAN_POINT('',(0.,8.8));
#15809 = VECTOR('',#15810,1.);
#15810 = DIRECTION('',(1.,0.));
#15811 = ( GEOMETRIC_REPRESENTATION_CONTEXT(2) 
PARAMETRIC_REPRESENTATION_CONTEXT() REPRESENTATION_CONTEXT('2D SPACE',''
  ) );
#15812 = ORIENTED_EDGE('',*,*,#15813,.F.);
#15813 = EDGE_CURVE('',#15734,#15791,#15814,.T.);
#15814 = SURFACE_CURVE('',#15815,(#15819,#15826),.PCURVE_S1.);
#15815 = LINE('',#15816,#15817);
#15816 = CARTESIAN_POINT('',(-25.2,-21.,8.4));
#15817 = VECTOR('',#15818,1.);
#15818 = DIRECTION('',(-0.,1.,0.));
#15819 = PCURVE('',#10144,#15820);
#15820 = DEFINITIONAL_REPRESENTATION('',(#15821),#15825);
#15821 = LINE('',#15822,#15823);
#15822 = CARTESIAN_POINT('',(6.,0.));
#15823 = VECTOR('',#15824,1.);
#15824 = DIRECTION('',(0.,-1.));
#15825 = ( GEOMETRIC_REPRESENTATION_CONTEXT(2) 
PARAMETRIC_REPRESENTATION_CONTEXT() REPRESENTATION_CONTEXT('2D SPACE',''
  ) );
#15826 = PCURVE('',#15749,#15827);
#15827 = DEFINITIONAL_REPRESENTATION('',(#15828),#15832);
#15828 = LINE('',#15829,#15830);
#15829 = CARTESIAN_POINT('',(8.8,0.));
#15830 = VECTOR('',#15831,1.);
#15831 = DIRECTION('',(0.,1.));
#15832 = ( GEOMETRIC_REPRESENTATION_CONTEXT(2) 
PARAMETRIC_REPRESENTATION_CONTEXT() REPRESENTATION_CONTEXT('2D SPACE',''
  ) );
#15833 = ADVANCED_FACE('',(#15834),#10116,.T.);
#15834 = FACE_BOUND('',#15835,.T.);
#15835 = EDGE_LOOP('',(#15836,#15837,#15838,#15839,#15862,#15883));
#15836 = ORIENTED_EDGE('',*,*,#10100,.F.);
#15837 = ORIENTED_EDGE('',*,*,#14968,.T.);
#15838 = ORIENTED_EDGE('',*,*,#15068,.T.);
#15839 = ORIENTED_EDGE('',*,*,#15840,.F.);
#15840 = EDGE_CURVE('',#15841,#15041,#15843,.T.);
#15841 = VERTEX_POINT('',#15842);
#15842 = CARTESIAN_POINT('',(-26.4,-13.,8.4));
#15843 = SURFACE_CURVE('',#15844,(#15848,#15855),.PCURVE_S1.);
#15844 = LINE('',#15845,#15846);
#15845 = CARTESIAN_POINT('',(-26.4,-13.,2.4));
#15846 = VECTOR('',#15847,1.);
#15847 = DIRECTION('',(0.,0.,1.));
#15848 = PCURVE('',#10116,#15849);
#15849 = DEFINITIONAL_REPRESENTATION('',(#15850),#15854);
#15850 = LINE('',#15851,#15852);
#15851 = CARTESIAN_POINT('',(0.,7.6));
#15852 = VECTOR('',#15853,1.);
#15853 = DIRECTION('',(1.,0.));
#15854 = ( GEOMETRIC_REPRESENTATION_CONTEXT(2) 
PARAMETRIC_REPRESENTATION_CONTEXT() REPRESENTATION_CONTEXT('2D SPACE',''
  ) );
#15855 = PCURVE('',#15056,#15856);
#15856 = DEFINITIONAL_REPRESENTATION('',(#15857),#15861);
#15857 = LINE('',#15858,#15859);
#15858 = CARTESIAN_POINT('',(0.,-8.));
#15859 = VECTOR('',#15860,1.);
#15860 = DIRECTION('',(1.,0.));
#15861 = ( GEOMETRIC_REPRESENTATION_CONTEXT(2) 
PARAMETRIC_REPRESENTATION_CONTEXT() REPRESENTATION_CONTEXT('2D SPACE',''
  ) );
#15862 = ORIENTED_EDGE('',*,*,#15863,.T.);
#15863 = EDGE_CURVE('',#15841,#15791,#15864,.T.);
#15864 = SURFACE_CURVE('',#15865,(#15869,#15876),.PCURVE_S1.);
#15865 = LINE('',#15866,#15867);
#15866 = CARTESIAN_POINT('',(-34.,-13.,8.4));
#15867 = VECTOR('',#15868,1.);
#15868 = DIRECTION('',(1.,0.,-0.));
#15869 = PCURVE('',#10116,#15870);
#15870 = DEFINITIONAL_REPRESENTATION('',(#15871),#15875);
#15871 = LINE('',#15872,#15873);
#15872 = CARTESIAN_POINT('',(6.,0.));
#15873 = VECTOR('',#15874,1.);
#15874 = DIRECTION('',(0.,1.));
#15875 = ( GEOMETRIC_REPRESENTATION_CONTEXT(2) 
PARAMETRIC_REPRESENTATION_CONTEXT() REPRESENTATION_CONTEXT('2D SPACE',''
  ) );
#15876 = PCURVE('',#15749,#15877);
#15877 = DEFINITIONAL_REPRESENTATION('',(#15878),#15882);
#15878 = LINE('',#15879,#15880);
#15879 = CARTESIAN_POINT('',(0.,8.));
#15880 = VECTOR('',#15881,1.);
#15881 = DIRECTION('',(1.,0.));
#15882 = ( GEOMETRIC_REPRESENTATION_CONTEXT(2) 
PARAMETRIC_REPRESENTATION_CONTEXT() REPRESENTATION_CONTEXT('2D SPACE',''
  ) );
#15883 = ORIENTED_EDGE('',*,*,#15790,.F.);
#15884 = ADVANCED_FACE('',(#15885),#10039,.F.);
#15885 = FACE_BOUND('',#15886,.F.);
#15886 = EDGE_LOOP('',(#15887,#15910,#15938,#15959,#15960,#15961));
#15887 = ORIENTED_EDGE('',*,*,#15888,.F.);
#15888 = EDGE_CURVE('',#15889,#14809,#15891,.T.);
#15889 = VERTEX_POINT('',#15890);
#15890 = CARTESIAN_POINT('',(-26.4,13.,8.4));
#15891 = SURFACE_CURVE('',#15892,(#15896,#15903),.PCURVE_S1.);
#15892 = LINE('',#15893,#15894);
#15893 = CARTESIAN_POINT('',(-26.4,13.,2.4));
#15894 = VECTOR('',#15895,1.);
#15895 = DIRECTION('',(0.,0.,1.));
#15896 = PCURVE('',#10039,#15897);
#15897 = DEFINITIONAL_REPRESENTATION('',(#15898),#15902);
#15898 = LINE('',#15899,#15900);
#15899 = CARTESIAN_POINT('',(0.,7.6));
#15900 = VECTOR('',#15901,1.);
#15901 = DIRECTION('',(1.,0.));
#15902 = ( GEOMETRIC_REPRESENTATION_CONTEXT(2) 
PARAMETRIC_REPRESENTATION_CONTEXT() REPRESENTATION_CONTEXT('2D SPACE',''
  ) );
#15903 = PCURVE('',#14847,#15904);
#15904 = DEFINITIONAL_REPRESENTATION('',(#15905),#15909);
#15905 = LINE('',#15906,#15907);
#15906 = CARTESIAN_POINT('',(0.,0.));
#15907 = VECTOR('',#15908,1.);
#15908 = DIRECTION('',(1.,0.));
#15909 = ( GEOMETRIC_REPRESENTATION_CONTEXT(2) 
PARAMETRIC_REPRESENTATION_CONTEXT() REPRESENTATION_CONTEXT('2D SPACE',''
  ) );
#15910 = ORIENTED_EDGE('',*,*,#15911,.T.);
#15911 = EDGE_CURVE('',#15889,#15912,#15914,.T.);
#15912 = VERTEX_POINT('',#15913);
#15913 = CARTESIAN_POINT('',(-25.2,13.,8.4));
#15914 = SURFACE_CURVE('',#15915,(#15919,#15926),.PCURVE_S1.);
#15915 = LINE('',#15916,#15917);
#15916 = CARTESIAN_POINT('',(-34.,13.,8.4));
#15917 = VECTOR('',#15918,1.);
#15918 = DIRECTION('',(1.,0.,-0.));
#15919 = PCURVE('',#10039,#15920);
#15920 = DEFINITIONAL_REPRESENTATION('',(#15921),#15925);
#15921 = LINE('',#15922,#15923);
#15922 = CARTESIAN_POINT('',(6.,0.));
#15923 = VECTOR('',#15924,1.);
#15924 = DIRECTION('',(0.,1.));
#15925 = ( GEOMETRIC_REPRESENTATION_CONTEXT(2) 
PARAMETRIC_REPRESENTATION_CONTEXT() REPRESENTATION_CONTEXT('2D SPACE',''
  ) );
#15926 = PCURVE('',#15927,#15932);
#15927 = PLANE('',#15928);
#15928 = AXIS2_PLACEMENT_3D('',#15929,#15930,#15931);
#15929 = CARTESIAN_POINT('',(-34.,13.,8.4));
#15930 = DIRECTION('',(0.,0.,1.));
#15931 = DIRECTION('',(1.,0.,-0.));
#15932 = DEFINITIONAL_REPRESENTATION('',(#15933),#15937);
#15933 = LINE('',#15934,#15935);
#15934 = CARTESIAN_POINT('',(0.,0.));
#15935 = VECTOR('',#15936,1.);
#15936 = DIRECTION('',(1.,0.));
#15937 = ( GEOMETRIC_REPRESENTATION_CONTEXT(2) 
PARAMETRIC_REPRESENTATION_CONTEXT() REPRESENTATION_CONTEXT('2D SPACE',''
  ) );
#15938 = ORIENTED_EDGE('',*,*,#15939,.F.);
#15939 = EDGE_CURVE('',#9996,#15912,#15940,.T.);
#15940 = SURFACE_CURVE('',#15941,(#15945,#15952),.PCURVE_S1.);
#15941 = LINE('',#15942,#15943);
#15942 = CARTESIAN_POINT('',(-25.2,13.,2.4));
#15943 = VECTOR('',#15944,1.);
#15944 = DIRECTION('',(0.,0.,1.));
#15945 = PCURVE('',#10039,#15946);
#15946 = DEFINITIONAL_REPRESENTATION('',(#15947),#15951);
#15947 = LINE('',#15948,#15949);
#15948 = CARTESIAN_POINT('',(0.,8.8));
#15949 = VECTOR('',#15950,1.);
#15950 = DIRECTION('',(1.,0.));
#15951 = ( GEOMETRIC_REPRESENTATION_CONTEXT(2) 
PARAMETRIC_REPRESENTATION_CONTEXT() REPRESENTATION_CONTEXT('2D SPACE',''
  ) );
#15952 = PCURVE('',#10011,#15953);
#15953 = DEFINITIONAL_REPRESENTATION('',(#15954),#15958);
#15954 = LINE('',#15955,#15956);
#15955 = CARTESIAN_POINT('',(0.,0.));
#15956 = VECTOR('',#15957,1.);
#15957 = DIRECTION('',(1.,0.));
#15958 = ( GEOMETRIC_REPRESENTATION_CONTEXT(2) 
PARAMETRIC_REPRESENTATION_CONTEXT() REPRESENTATION_CONTEXT('2D SPACE',''
  ) );
#15959 = ORIENTED_EDGE('',*,*,#10023,.T.);
#15960 = ORIENTED_EDGE('',*,*,#14919,.T.);
#15961 = ORIENTED_EDGE('',*,*,#14808,.T.);
#15962 = ADVANCED_FACE('',(#15963),#10011,.T.);
#15963 = FACE_BOUND('',#15964,.T.);
#15964 = EDGE_LOOP('',(#15965,#15966,#15967,#15990));
#15965 = ORIENTED_EDGE('',*,*,#15939,.F.);
#15966 = ORIENTED_EDGE('',*,*,#9995,.T.);
#15967 = ORIENTED_EDGE('',*,*,#15968,.T.);
#15968 = EDGE_CURVE('',#9968,#15969,#15971,.T.);
#15969 = VERTEX_POINT('',#15970);
#15970 = CARTESIAN_POINT('',(-25.2,21.,8.4));
#15971 = SURFACE_CURVE('',#15972,(#15976,#15983),.PCURVE_S1.);
#15972 = LINE('',#15973,#15974);
#15973 = CARTESIAN_POINT('',(-25.2,21.,2.4));
#15974 = VECTOR('',#15975,1.);
#15975 = DIRECTION('',(0.,0.,1.));
#15976 = PCURVE('',#10011,#15977);
#15977 = DEFINITIONAL_REPRESENTATION('',(#15978),#15982);
#15978 = LINE('',#15979,#15980);
#15979 = CARTESIAN_POINT('',(0.,-8.));
#15980 = VECTOR('',#15981,1.);
#15981 = DIRECTION('',(1.,0.));
#15982 = ( GEOMETRIC_REPRESENTATION_CONTEXT(2) 
PARAMETRIC_REPRESENTATION_CONTEXT() REPRESENTATION_CONTEXT('2D SPACE',''
  ) );
#15983 = PCURVE('',#9983,#15984);
#15984 = DEFINITIONAL_REPRESENTATION('',(#15985),#15989);
#15985 = LINE('',#15986,#15987);
#15986 = CARTESIAN_POINT('',(0.,8.8));
#15987 = VECTOR('',#15988,1.);
#15988 = DIRECTION('',(1.,0.));
#15989 = ( GEOMETRIC_REPRESENTATION_CONTEXT(2) 
PARAMETRIC_REPRESENTATION_CONTEXT() REPRESENTATION_CONTEXT('2D SPACE',''
  ) );
#15990 = ORIENTED_EDGE('',*,*,#15991,.F.);
#15991 = EDGE_CURVE('',#15912,#15969,#15992,.T.);
#15992 = SURFACE_CURVE('',#15993,(#15997,#16004),.PCURVE_S1.);
#15993 = LINE('',#15994,#15995);
#15994 = CARTESIAN_POINT('',(-25.2,13.,8.4));
#15995 = VECTOR('',#15996,1.);
#15996 = DIRECTION('',(-0.,1.,0.));
#15997 = PCURVE('',#10011,#15998);
#15998 = DEFINITIONAL_REPRESENTATION('',(#15999),#16003);
#15999 = LINE('',#16000,#16001);
#16000 = CARTESIAN_POINT('',(6.,0.));
#16001 = VECTOR('',#16002,1.);
#16002 = DIRECTION('',(0.,-1.));
#16003 = ( GEOMETRIC_REPRESENTATION_CONTEXT(2) 
PARAMETRIC_REPRESENTATION_CONTEXT() REPRESENTATION_CONTEXT('2D SPACE',''
  ) );
#16004 = PCURVE('',#15927,#16005);
#16005 = DEFINITIONAL_REPRESENTATION('',(#16006),#16010);
#16006 = LINE('',#16007,#16008);
#16007 = CARTESIAN_POINT('',(8.8,0.));
#16008 = VECTOR('',#16009,1.);
#16009 = DIRECTION('',(0.,1.));
#16010 = ( GEOMETRIC_REPRESENTATION_CONTEXT(2) 
PARAMETRIC_REPRESENTATION_CONTEXT() REPRESENTATION_CONTEXT('2D SPACE',''
  ) );
#16011 = ADVANCED_FACE('',(#16012),#9983,.T.);
#16012 = FACE_BOUND('',#16013,.T.);
#16013 = EDGE_LOOP('',(#16014,#16015,#16016,#16017,#16040,#16061));
#16014 = ORIENTED_EDGE('',*,*,#9967,.F.);
#16015 = ORIENTED_EDGE('',*,*,#14759,.T.);
#16016 = ORIENTED_EDGE('',*,*,#14859,.T.);
#16017 = ORIENTED_EDGE('',*,*,#16018,.F.);
#16018 = EDGE_CURVE('',#16019,#14832,#16021,.T.);
#16019 = VERTEX_POINT('',#16020);
#16020 = CARTESIAN_POINT('',(-26.4,21.,8.4));
#16021 = SURFACE_CURVE('',#16022,(#16026,#16033),.PCURVE_S1.);
#16022 = LINE('',#16023,#16024);
#16023 = CARTESIAN_POINT('',(-26.4,21.,2.4));
#16024 = VECTOR('',#16025,1.);
#16025 = DIRECTION('',(0.,0.,1.));
#16026 = PCURVE('',#9983,#16027);
#16027 = DEFINITIONAL_REPRESENTATION('',(#16028),#16032);
#16028 = LINE('',#16029,#16030);
#16029 = CARTESIAN_POINT('',(0.,7.6));
#16030 = VECTOR('',#16031,1.);
#16031 = DIRECTION('',(1.,0.));
#16032 = ( GEOMETRIC_REPRESENTATION_CONTEXT(2) 
PARAMETRIC_REPRESENTATION_CONTEXT() REPRESENTATION_CONTEXT('2D SPACE',''
  ) );
#16033 = PCURVE('',#14847,#16034);
#16034 = DEFINITIONAL_REPRESENTATION('',(#16035),#16039);
#16035 = LINE('',#16036,#16037);
#16036 = CARTESIAN_POINT('',(0.,-8.));
#16037 = VECTOR('',#16038,1.);
#16038 = DIRECTION('',(1.,0.));
#16039 = ( GEOMETRIC_REPRESENTATION_CONTEXT(2) 
PARAMETRIC_REPRESENTATION_CONTEXT() REPRESENTATION_CONTEXT('2D SPACE',''
  ) );
#16040 = ORIENTED_EDGE('',*,*,#16041,.T.);
#16041 = EDGE_CURVE('',#16019,#15969,#16042,.T.);
#16042 = SURFACE_CURVE('',#16043,(#16047,#16054),.PCURVE_S1.);
#16043 = LINE('',#16044,#16045);
#16044 = CARTESIAN_POINT('',(-34.,21.,8.4));
#16045 = VECTOR('',#16046,1.);
#16046 = DIRECTION('',(1.,0.,-0.));
#16047 = PCURVE('',#9983,#16048);
#16048 = DEFINITIONAL_REPRESENTATION('',(#16049),#16053);
#16049 = LINE('',#16050,#16051);
#16050 = CARTESIAN_POINT('',(6.,0.));
#16051 = VECTOR('',#16052,1.);
#16052 = DIRECTION('',(0.,1.));
#16053 = ( GEOMETRIC_REPRESENTATION_CONTEXT(2) 
PARAMETRIC_REPRESENTATION_CONTEXT() REPRESENTATION_CONTEXT('2D SPACE',''
  ) );
#16054 = PCURVE('',#15927,#16055);
#16055 = DEFINITIONAL_REPRESENTATION('',(#16056),#16060);
#16056 = LINE('',#16057,#16058);
#16057 = CARTESIAN_POINT('',(0.,8.));
#16058 = VECTOR('',#16059,1.);
#16059 = DIRECTION('',(1.,0.));
#16060 = ( GEOMETRIC_REPRESENTATION_CONTEXT(2) 
PARAMETRIC_REPRESENTATION_CONTEXT() REPRESENTATION_CONTEXT('2D SPACE',''
  ) );
#16061 = ORIENTED_EDGE('',*,*,#15968,.F.);
#16062 = ADVANCED_FACE('',(#16063),#9833,.T.);
#16063 = FACE_BOUND('',#16064,.T.);
#16064 = EDGE_LOOP('',(#16065,#16066,#16087,#16108));
#16065 = ORIENTED_EDGE('',*,*,#9817,.F.);
#16066 = ORIENTED_EDGE('',*,*,#16067,.T.);
#16067 = EDGE_CURVE('',#9789,#16068,#16070,.T.);
#16068 = VERTEX_POINT('',#16069);
#16069 = CARTESIAN_POINT('',(32.733030277982,21.,10.2));
#16070 = SURFACE_CURVE('',#16071,(#16075,#16081),.PCURVE_S1.);
#16071 = LINE('',#16072,#16073);
#16072 = CARTESIAN_POINT('',(32.733030277982,21.,2.4));
#16073 = VECTOR('',#16074,1.);
#16074 = DIRECTION('',(0.,0.,1.));
#16075 = PCURVE('',#9833,#16076);
#16076 = DEFINITIONAL_REPRESENTATION('',(#16077),#16080);
#16077 = B_SPLINE_CURVE_WITH_KNOTS('',1,(#16078,#16079),.UNSPECIFIED.,
  .F.,.F.,(2,2),(-2.400000000069E-06,7.8000024),
  .PIECEWISE_BEZIER_KNOTS.);
#16078 = CARTESIAN_POINT('',(-2.400000000069E-06,7.533030277982));
#16079 = CARTESIAN_POINT('',(7.8000024,7.533030277982));
#16080 = ( GEOMETRIC_REPRESENTATION_CONTEXT(2) 
PARAMETRIC_REPRESENTATION_CONTEXT() REPRESENTATION_CONTEXT('2D SPACE',''
  ) );
#16081 = PCURVE('',#9805,#16082);
#16082 = DEFINITIONAL_REPRESENTATION('',(#16083),#16086);
#16083 = B_SPLINE_CURVE_WITH_KNOTS('',1,(#16084,#16085),.UNSPECIFIED.,
  .F.,.F.,(2,2),(-2.400000000069E-06,7.8000024),
  .PIECEWISE_BEZIER_KNOTS.);
#16084 = CARTESIAN_POINT('',(1.141096660643,-2.400000000069E-06));
#16085 = CARTESIAN_POINT('',(1.141096660643,7.8000024));
#16086 = ( GEOMETRIC_REPRESENTATION_CONTEXT(2) 
PARAMETRIC_REPRESENTATION_CONTEXT() REPRESENTATION_CONTEXT('2D SPACE',''
  ) );
#16087 = ORIENTED_EDGE('',*,*,#16088,.T.);
#16088 = EDGE_CURVE('',#16068,#10776,#16089,.T.);
#16089 = SURFACE_CURVE('',#16090,(#16094,#16101),.PCURVE_S1.);
#16090 = LINE('',#16091,#16092);
#16091 = CARTESIAN_POINT('',(26.4,21.,10.2));
#16092 = VECTOR('',#16093,1.);
#16093 = DIRECTION('',(1.,0.,-0.));
#16094 = PCURVE('',#9833,#16095);
#16095 = DEFINITIONAL_REPRESENTATION('',(#16096),#16100);
#16096 = LINE('',#16097,#16098);
#16097 = CARTESIAN_POINT('',(7.8,1.2));
#16098 = VECTOR('',#16099,1.);
#16099 = DIRECTION('',(0.,1.));
#16100 = ( GEOMETRIC_REPRESENTATION_CONTEXT(2) 
PARAMETRIC_REPRESENTATION_CONTEXT() REPRESENTATION_CONTEXT('2D SPACE',''
  ) );
#16101 = PCURVE('',#10791,#16102);
#16102 = DEFINITIONAL_REPRESENTATION('',(#16103),#16107);
#16103 = LINE('',#16104,#16105);
#16104 = CARTESIAN_POINT('',(0.,8.));
#16105 = VECTOR('',#16106,1.);
#16106 = DIRECTION('',(1.,0.));
#16107 = ( GEOMETRIC_REPRESENTATION_CONTEXT(2) 
PARAMETRIC_REPRESENTATION_CONTEXT() REPRESENTATION_CONTEXT('2D SPACE',''
  ) );
#16108 = ORIENTED_EDGE('',*,*,#10803,.F.);
#16109 = ADVANCED_FACE('',(#16110),#9805,.T.);
#16110 = FACE_BOUND('',#16111,.T.);
#16111 = EDGE_LOOP('',(#16112,#16136,#16137,#16138));
#16112 = ORIENTED_EDGE('',*,*,#16113,.F.);
#16113 = EDGE_CURVE('',#16068,#16114,#16116,.T.);
#16114 = VERTEX_POINT('',#16115);
#16115 = CARTESIAN_POINT('',(29.066969722018,21.,10.2));
#16116 = SURFACE_CURVE('',#16117,(#16122,#16129),.PCURVE_S1.);
#16117 = CIRCLE('',#16118,4.4);
#16118 = AXIS2_PLACEMENT_3D('',#16119,#16120,#16121);
#16119 = CARTESIAN_POINT('',(30.9,17.,10.2));
#16120 = DIRECTION('',(0.,0.,1.));
#16121 = DIRECTION('',(1.,0.,-0.));
#16122 = PCURVE('',#9805,#16123);
#16123 = DEFINITIONAL_REPRESENTATION('',(#16124),#16128);
#16124 = LINE('',#16125,#16126);
#16125 = CARTESIAN_POINT('',(0.,7.8));
#16126 = VECTOR('',#16127,1.);
#16127 = DIRECTION('',(1.,0.));
#16128 = ( GEOMETRIC_REPRESENTATION_CONTEXT(2) 
PARAMETRIC_REPRESENTATION_CONTEXT() REPRESENTATION_CONTEXT('2D SPACE',''
  ) );
#16129 = PCURVE('',#10791,#16130);
#16130 = DEFINITIONAL_REPRESENTATION('',(#16131),#16135);
#16131 = CIRCLE('',#16132,4.4);
#16132 = AXIS2_PLACEMENT_2D('',#16133,#16134);
#16133 = CARTESIAN_POINT('',(4.5,4.));
#16134 = DIRECTION('',(1.,0.));
#16135 = ( GEOMETRIC_REPRESENTATION_CONTEXT(2) 
PARAMETRIC_REPRESENTATION_CONTEXT() REPRESENTATION_CONTEXT('2D SPACE',''
  ) );
#16136 = ORIENTED_EDGE('',*,*,#16067,.F.);
#16137 = ORIENTED_EDGE('',*,*,#9788,.T.);
#16138 = ORIENTED_EDGE('',*,*,#16139,.T.);
#16139 = EDGE_CURVE('',#9761,#16114,#16140,.T.);
#16140 = SURFACE_CURVE('',#16141,(#16145,#16151),.PCURVE_S1.);
#16141 = LINE('',#16142,#16143);
#16142 = CARTESIAN_POINT('',(29.066969722018,21.,2.4));
#16143 = VECTOR('',#16144,1.);
#16144 = DIRECTION('',(0.,0.,1.));
#16145 = PCURVE('',#9805,#16146);
#16146 = DEFINITIONAL_REPRESENTATION('',(#16147),#16150);
#16147 = B_SPLINE_CURVE_WITH_KNOTS('',1,(#16148,#16149),.UNSPECIFIED.,
  .F.,.F.,(2,2),(-2.400000000069E-06,7.8000024),
  .PIECEWISE_BEZIER_KNOTS.);
#16148 = CARTESIAN_POINT('',(2.000495992946,-2.400000000069E-06));
#16149 = CARTESIAN_POINT('',(2.000495992946,7.8000024));
#16150 = ( GEOMETRIC_REPRESENTATION_CONTEXT(2) 
PARAMETRIC_REPRESENTATION_CONTEXT() REPRESENTATION_CONTEXT('2D SPACE',''
  ) );
#16151 = PCURVE('',#9776,#16152);
#16152 = DEFINITIONAL_REPRESENTATION('',(#16153),#16156);
#16153 = B_SPLINE_CURVE_WITH_KNOTS('',1,(#16154,#16155),.UNSPECIFIED.,
  .F.,.F.,(2,2),(-2.400000000069E-06,7.8000024),
  .PIECEWISE_BEZIER_KNOTS.);
#16154 = CARTESIAN_POINT('',(-2.400000000069E-06,3.866969722018));
#16155 = CARTESIAN_POINT('',(7.8000024,3.866969722018));
#16156 = ( GEOMETRIC_REPRESENTATION_CONTEXT(2) 
PARAMETRIC_REPRESENTATION_CONTEXT() REPRESENTATION_CONTEXT('2D SPACE',''
  ) );
#16157 = ADVANCED_FACE('',(#16158),#9776,.T.);
#16158 = FACE_BOUND('',#16159,.T.);
#16159 = EDGE_LOOP('',(#16160,#16161,#16184,#16212,#16240,#16261));
#16160 = ORIENTED_EDGE('',*,*,#9760,.F.);
#16161 = ORIENTED_EDGE('',*,*,#16162,.T.);
#16162 = EDGE_CURVE('',#9733,#16163,#16165,.T.);
#16163 = VERTEX_POINT('',#16164);
#16164 = CARTESIAN_POINT('',(25.2,21.,8.4));
#16165 = SURFACE_CURVE('',#16166,(#16170,#16177),.PCURVE_S1.);
#16166 = LINE('',#16167,#16168);
#16167 = CARTESIAN_POINT('',(25.2,21.,2.4));
#16168 = VECTOR('',#16169,1.);
#16169 = DIRECTION('',(0.,0.,1.));
#16170 = PCURVE('',#9776,#16171);
#16171 = DEFINITIONAL_REPRESENTATION('',(#16172),#16176);
#16172 = LINE('',#16173,#16174);
#16173 = CARTESIAN_POINT('',(0.,0.));
#16174 = VECTOR('',#16175,1.);
#16175 = DIRECTION('',(1.,0.));
#16176 = ( GEOMETRIC_REPRESENTATION_CONTEXT(2) 
PARAMETRIC_REPRESENTATION_CONTEXT() REPRESENTATION_CONTEXT('2D SPACE',''
  ) );
#16177 = PCURVE('',#9748,#16178);
#16178 = DEFINITIONAL_REPRESENTATION('',(#16179),#16183);
#16179 = LINE('',#16180,#16181);
#16180 = CARTESIAN_POINT('',(0.,-8.));
#16181 = VECTOR('',#16182,1.);
#16182 = DIRECTION('',(1.,0.));
#16183 = ( GEOMETRIC_REPRESENTATION_CONTEXT(2) 
PARAMETRIC_REPRESENTATION_CONTEXT() REPRESENTATION_CONTEXT('2D SPACE',''
  ) );
#16184 = ORIENTED_EDGE('',*,*,#16185,.T.);
#16185 = EDGE_CURVE('',#16163,#16186,#16188,.T.);
#16186 = VERTEX_POINT('',#16187);
#16187 = CARTESIAN_POINT('',(26.4,21.,8.4));
#16188 = SURFACE_CURVE('',#16189,(#16193,#16200),.PCURVE_S1.);
#16189 = LINE('',#16190,#16191);
#16190 = CARTESIAN_POINT('',(25.2,21.,8.4));
#16191 = VECTOR('',#16192,1.);
#16192 = DIRECTION('',(1.,0.,-0.));
#16193 = PCURVE('',#9776,#16194);
#16194 = DEFINITIONAL_REPRESENTATION('',(#16195),#16199);
#16195 = LINE('',#16196,#16197);
#16196 = CARTESIAN_POINT('',(6.,0.));
#16197 = VECTOR('',#16198,1.);
#16198 = DIRECTION('',(0.,1.));
#16199 = ( GEOMETRIC_REPRESENTATION_CONTEXT(2) 
PARAMETRIC_REPRESENTATION_CONTEXT() REPRESENTATION_CONTEXT('2D SPACE',''
  ) );
#16200 = PCURVE('',#16201,#16206);
#16201 = PLANE('',#16202);
#16202 = AXIS2_PLACEMENT_3D('',#16203,#16204,#16205);
#16203 = CARTESIAN_POINT('',(25.2,13.,8.4));
#16204 = DIRECTION('',(0.,0.,1.));
#16205 = DIRECTION('',(1.,0.,-0.));
#16206 = DEFINITIONAL_REPRESENTATION('',(#16207),#16211);
#16207 = LINE('',#16208,#16209);
#16208 = CARTESIAN_POINT('',(0.,8.));
#16209 = VECTOR('',#16210,1.);
#16210 = DIRECTION('',(1.,0.));
#16211 = ( GEOMETRIC_REPRESENTATION_CONTEXT(2) 
PARAMETRIC_REPRESENTATION_CONTEXT() REPRESENTATION_CONTEXT('2D SPACE',''
  ) );
#16212 = ORIENTED_EDGE('',*,*,#16213,.T.);
#16213 = EDGE_CURVE('',#16186,#16214,#16216,.T.);
#16214 = VERTEX_POINT('',#16215);
#16215 = CARTESIAN_POINT('',(26.4,21.,10.2));
#16216 = SURFACE_CURVE('',#16217,(#16221,#16228),.PCURVE_S1.);
#16217 = LINE('',#16218,#16219);
#16218 = CARTESIAN_POINT('',(26.4,21.,2.4));
#16219 = VECTOR('',#16220,1.);
#16220 = DIRECTION('',(0.,0.,1.));
#16221 = PCURVE('',#9776,#16222);
#16222 = DEFINITIONAL_REPRESENTATION('',(#16223),#16227);
#16223 = LINE('',#16224,#16225);
#16224 = CARTESIAN_POINT('',(0.,1.2));
#16225 = VECTOR('',#16226,1.);
#16226 = DIRECTION('',(1.,0.));
#16227 = ( GEOMETRIC_REPRESENTATION_CONTEXT(2) 
PARAMETRIC_REPRESENTATION_CONTEXT() REPRESENTATION_CONTEXT('2D SPACE',''
  ) );
#16228 = PCURVE('',#16229,#16234);
#16229 = PLANE('',#16230);
#16230 = AXIS2_PLACEMENT_3D('',#16231,#16232,#16233);
#16231 = CARTESIAN_POINT('',(26.4,13.,2.4));
#16232 = DIRECTION('',(1.,0.,-0.));
#16233 = DIRECTION('',(0.,0.,1.));
#16234 = DEFINITIONAL_REPRESENTATION('',(#16235),#16239);
#16235 = LINE('',#16236,#16237);
#16236 = CARTESIAN_POINT('',(0.,-8.));
#16237 = VECTOR('',#16238,1.);
#16238 = DIRECTION('',(1.,0.));
#16239 = ( GEOMETRIC_REPRESENTATION_CONTEXT(2) 
PARAMETRIC_REPRESENTATION_CONTEXT() REPRESENTATION_CONTEXT('2D SPACE',''
  ) );
#16240 = ORIENTED_EDGE('',*,*,#16241,.T.);
#16241 = EDGE_CURVE('',#16214,#16114,#16242,.T.);
#16242 = SURFACE_CURVE('',#16243,(#16247,#16254),.PCURVE_S1.);
#16243 = LINE('',#16244,#16245);
#16244 = CARTESIAN_POINT('',(26.4,21.,10.2));
#16245 = VECTOR('',#16246,1.);
#16246 = DIRECTION('',(1.,0.,-0.));
#16247 = PCURVE('',#9776,#16248);
#16248 = DEFINITIONAL_REPRESENTATION('',(#16249),#16253);
#16249 = LINE('',#16250,#16251);
#16250 = CARTESIAN_POINT('',(7.8,1.2));
#16251 = VECTOR('',#16252,1.);
#16252 = DIRECTION('',(0.,1.));
#16253 = ( GEOMETRIC_REPRESENTATION_CONTEXT(2) 
PARAMETRIC_REPRESENTATION_CONTEXT() REPRESENTATION_CONTEXT('2D SPACE',''
  ) );
#16254 = PCURVE('',#10791,#16255);
#16255 = DEFINITIONAL_REPRESENTATION('',(#16256),#16260);
#16256 = LINE('',#16257,#16258);
#16257 = CARTESIAN_POINT('',(0.,8.));
#16258 = VECTOR('',#16259,1.);
#16259 = DIRECTION('',(1.,0.));
#16260 = ( GEOMETRIC_REPRESENTATION_CONTEXT(2) 
PARAMETRIC_REPRESENTATION_CONTEXT() REPRESENTATION_CONTEXT('2D SPACE',''
  ) );
#16261 = ORIENTED_EDGE('',*,*,#16139,.F.);
#16262 = ADVANCED_FACE('',(#16263),#9748,.F.);
#16263 = FACE_BOUND('',#16264,.F.);
#16264 = EDGE_LOOP('',(#16265,#16288,#16289,#16290));
#16265 = ORIENTED_EDGE('',*,*,#16266,.F.);
#16266 = EDGE_CURVE('',#9705,#16267,#16269,.T.);
#16267 = VERTEX_POINT('',#16268);
#16268 = CARTESIAN_POINT('',(25.2,13.,8.4));
#16269 = SURFACE_CURVE('',#16270,(#16274,#16281),.PCURVE_S1.);
#16270 = LINE('',#16271,#16272);
#16271 = CARTESIAN_POINT('',(25.2,13.,2.4));
#16272 = VECTOR('',#16273,1.);
#16273 = DIRECTION('',(0.,0.,1.));
#16274 = PCURVE('',#9748,#16275);
#16275 = DEFINITIONAL_REPRESENTATION('',(#16276),#16280);
#16276 = LINE('',#16277,#16278);
#16277 = CARTESIAN_POINT('',(0.,0.));
#16278 = VECTOR('',#16279,1.);
#16279 = DIRECTION('',(1.,0.));
#16280 = ( GEOMETRIC_REPRESENTATION_CONTEXT(2) 
PARAMETRIC_REPRESENTATION_CONTEXT() REPRESENTATION_CONTEXT('2D SPACE',''
  ) );
#16281 = PCURVE('',#9720,#16282);
#16282 = DEFINITIONAL_REPRESENTATION('',(#16283),#16287);
#16283 = LINE('',#16284,#16285);
#16284 = CARTESIAN_POINT('',(0.,-1.2));
#16285 = VECTOR('',#16286,1.);
#16286 = DIRECTION('',(1.,0.));
#16287 = ( GEOMETRIC_REPRESENTATION_CONTEXT(2) 
PARAMETRIC_REPRESENTATION_CONTEXT() REPRESENTATION_CONTEXT('2D SPACE',''
  ) );
#16288 = ORIENTED_EDGE('',*,*,#9732,.T.);
#16289 = ORIENTED_EDGE('',*,*,#16162,.T.);
#16290 = ORIENTED_EDGE('',*,*,#16291,.F.);
#16291 = EDGE_CURVE('',#16267,#16163,#16292,.T.);
#16292 = SURFACE_CURVE('',#16293,(#16297,#16304),.PCURVE_S1.);
#16293 = LINE('',#16294,#16295);
#16294 = CARTESIAN_POINT('',(25.2,13.,8.4));
#16295 = VECTOR('',#16296,1.);
#16296 = DIRECTION('',(-0.,1.,0.));
#16297 = PCURVE('',#9748,#16298);
#16298 = DEFINITIONAL_REPRESENTATION('',(#16299),#16303);
#16299 = LINE('',#16300,#16301);
#16300 = CARTESIAN_POINT('',(6.,0.));
#16301 = VECTOR('',#16302,1.);
#16302 = DIRECTION('',(0.,-1.));
#16303 = ( GEOMETRIC_REPRESENTATION_CONTEXT(2) 
PARAMETRIC_REPRESENTATION_CONTEXT() REPRESENTATION_CONTEXT('2D SPACE',''
  ) );
#16304 = PCURVE('',#16201,#16305);
#16305 = DEFINITIONAL_REPRESENTATION('',(#16306),#16310);
#16306 = LINE('',#16307,#16308);
#16307 = CARTESIAN_POINT('',(0.,0.));
#16308 = VECTOR('',#16309,1.);
#16309 = DIRECTION('',(0.,1.));
#16310 = ( GEOMETRIC_REPRESENTATION_CONTEXT(2) 
PARAMETRIC_REPRESENTATION_CONTEXT() REPRESENTATION_CONTEXT('2D SPACE',''
  ) );
#16311 = ADVANCED_FACE('',(#16312),#9720,.F.);
#16312 = FACE_BOUND('',#16313,.F.);
#16313 = EDGE_LOOP('',(#16314,#16339,#16358,#16359,#16360,#16383));
#16314 = ORIENTED_EDGE('',*,*,#16315,.T.);
#16315 = EDGE_CURVE('',#16316,#16318,#16320,.T.);
#16316 = VERTEX_POINT('',#16317);
#16317 = CARTESIAN_POINT('',(26.4,13.,10.2));
#16318 = VERTEX_POINT('',#16319);
#16319 = CARTESIAN_POINT('',(29.066969722018,13.,10.2));
#16320 = SURFACE_CURVE('',#16321,(#16325,#16332),.PCURVE_S1.);
#16321 = LINE('',#16322,#16323);
#16322 = CARTESIAN_POINT('',(26.4,13.,10.2));
#16323 = VECTOR('',#16324,1.);
#16324 = DIRECTION('',(1.,0.,-0.));
#16325 = PCURVE('',#9720,#16326);
#16326 = DEFINITIONAL_REPRESENTATION('',(#16327),#16331);
#16327 = LINE('',#16328,#16329);
#16328 = CARTESIAN_POINT('',(7.8,0.));
#16329 = VECTOR('',#16330,1.);
#16330 = DIRECTION('',(0.,1.));
#16331 = ( GEOMETRIC_REPRESENTATION_CONTEXT(2) 
PARAMETRIC_REPRESENTATION_CONTEXT() REPRESENTATION_CONTEXT('2D SPACE',''
  ) );
#16332 = PCURVE('',#10791,#16333);
#16333 = DEFINITIONAL_REPRESENTATION('',(#16334),#16338);
#16334 = LINE('',#16335,#16336);
#16335 = CARTESIAN_POINT('',(0.,0.));
#16336 = VECTOR('',#16337,1.);
#16337 = DIRECTION('',(1.,0.));
#16338 = ( GEOMETRIC_REPRESENTATION_CONTEXT(2) 
PARAMETRIC_REPRESENTATION_CONTEXT() REPRESENTATION_CONTEXT('2D SPACE',''
  ) );
#16339 = ORIENTED_EDGE('',*,*,#16340,.F.);
#16340 = EDGE_CURVE('',#9676,#16318,#16341,.T.);
#16341 = SURFACE_CURVE('',#16342,(#16346,#16352),.PCURVE_S1.);
#16342 = LINE('',#16343,#16344);
#16343 = CARTESIAN_POINT('',(29.066969722018,13.,2.4));
#16344 = VECTOR('',#16345,1.);
#16345 = DIRECTION('',(0.,0.,1.));
#16346 = PCURVE('',#9720,#16347);
#16347 = DEFINITIONAL_REPRESENTATION('',(#16348),#16351);
#16348 = B_SPLINE_CURVE_WITH_KNOTS('',1,(#16349,#16350),.UNSPECIFIED.,
  .F.,.F.,(2,2),(-2.400000000069E-06,7.8000024),
  .PIECEWISE_BEZIER_KNOTS.);
#16349 = CARTESIAN_POINT('',(-2.400000000069E-06,2.666969722018));
#16350 = CARTESIAN_POINT('',(7.8000024,2.666969722018));
#16351 = ( GEOMETRIC_REPRESENTATION_CONTEXT(2) 
PARAMETRIC_REPRESENTATION_CONTEXT() REPRESENTATION_CONTEXT('2D SPACE',''
  ) );
#16352 = PCURVE('',#9692,#16353);
#16353 = DEFINITIONAL_REPRESENTATION('',(#16354),#16357);
#16354 = B_SPLINE_CURVE_WITH_KNOTS('',1,(#16355,#16356),.UNSPECIFIED.,
  .F.,.F.,(2,2),(-2.400000000069E-06,7.8000024),
  .PIECEWISE_BEZIER_KNOTS.);
#16355 = CARTESIAN_POINT('',(4.282689314233,-2.400000000069E-06));
#16356 = CARTESIAN_POINT('',(4.282689314233,7.8000024));
#16357 = ( GEOMETRIC_REPRESENTATION_CONTEXT(2) 
PARAMETRIC_REPRESENTATION_CONTEXT() REPRESENTATION_CONTEXT('2D SPACE',''
  ) );
#16358 = ORIENTED_EDGE('',*,*,#9704,.T.);
#16359 = ORIENTED_EDGE('',*,*,#16266,.T.);
#16360 = ORIENTED_EDGE('',*,*,#16361,.T.);
#16361 = EDGE_CURVE('',#16267,#16362,#16364,.T.);
#16362 = VERTEX_POINT('',#16363);
#16363 = CARTESIAN_POINT('',(26.4,13.,8.4));
#16364 = SURFACE_CURVE('',#16365,(#16369,#16376),.PCURVE_S1.);
#16365 = LINE('',#16366,#16367);
#16366 = CARTESIAN_POINT('',(25.2,13.,8.4));
#16367 = VECTOR('',#16368,1.);
#16368 = DIRECTION('',(1.,0.,-0.));
#16369 = PCURVE('',#9720,#16370);
#16370 = DEFINITIONAL_REPRESENTATION('',(#16371),#16375);
#16371 = LINE('',#16372,#16373);
#16372 = CARTESIAN_POINT('',(6.,-1.2));
#16373 = VECTOR('',#16374,1.);
#16374 = DIRECTION('',(0.,1.));
#16375 = ( GEOMETRIC_REPRESENTATION_CONTEXT(2) 
PARAMETRIC_REPRESENTATION_CONTEXT() REPRESENTATION_CONTEXT('2D SPACE',''
  ) );
#16376 = PCURVE('',#16201,#16377);
#16377 = DEFINITIONAL_REPRESENTATION('',(#16378),#16382);
#16378 = LINE('',#16379,#16380);
#16379 = CARTESIAN_POINT('',(0.,0.));
#16380 = VECTOR('',#16381,1.);
#16381 = DIRECTION('',(1.,0.));
#16382 = ( GEOMETRIC_REPRESENTATION_CONTEXT(2) 
PARAMETRIC_REPRESENTATION_CONTEXT() REPRESENTATION_CONTEXT('2D SPACE',''
  ) );
#16383 = ORIENTED_EDGE('',*,*,#16384,.T.);
#16384 = EDGE_CURVE('',#16362,#16316,#16385,.T.);
#16385 = SURFACE_CURVE('',#16386,(#16390,#16397),.PCURVE_S1.);
#16386 = LINE('',#16387,#16388);
#16387 = CARTESIAN_POINT('',(26.4,13.,2.4));
#16388 = VECTOR('',#16389,1.);
#16389 = DIRECTION('',(0.,0.,1.));
#16390 = PCURVE('',#9720,#16391);
#16391 = DEFINITIONAL_REPRESENTATION('',(#16392),#16396);
#16392 = LINE('',#16393,#16394);
#16393 = CARTESIAN_POINT('',(0.,0.));
#16394 = VECTOR('',#16395,1.);
#16395 = DIRECTION('',(1.,0.));
#16396 = ( GEOMETRIC_REPRESENTATION_CONTEXT(2) 
PARAMETRIC_REPRESENTATION_CONTEXT() REPRESENTATION_CONTEXT('2D SPACE',''
  ) );
#16397 = PCURVE('',#16229,#16398);
#16398 = DEFINITIONAL_REPRESENTATION('',(#16399),#16403);
#16399 = LINE('',#16400,#16401);
#16400 = CARTESIAN_POINT('',(0.,0.));
#16401 = VECTOR('',#16402,1.);
#16402 = DIRECTION('',(1.,0.));
#16403 = ( GEOMETRIC_REPRESENTATION_CONTEXT(2) 
PARAMETRIC_REPRESENTATION_CONTEXT() REPRESENTATION_CONTEXT('2D SPACE',''
  ) );
#16404 = ADVANCED_FACE('',(#16405),#9692,.T.);
#16405 = FACE_BOUND('',#16406,.T.);
#16406 = EDGE_LOOP('',(#16407,#16428,#16450,#16451));
#16407 = ORIENTED_EDGE('',*,*,#16408,.T.);
#16408 = EDGE_CURVE('',#9648,#16409,#16411,.T.);
#16409 = VERTEX_POINT('',#16410);
#16410 = CARTESIAN_POINT('',(32.733030277982,13.,10.2));
#16411 = SURFACE_CURVE('',#16412,(#16416,#16422),.PCURVE_S1.);
#16412 = LINE('',#16413,#16414);
#16413 = CARTESIAN_POINT('',(32.733030277982,13.,2.4));
#16414 = VECTOR('',#16415,1.);
#16415 = DIRECTION('',(0.,0.,1.));
#16416 = PCURVE('',#9692,#16417);
#16417 = DEFINITIONAL_REPRESENTATION('',(#16418),#16421);
#16418 = B_SPLINE_CURVE_WITH_KNOTS('',1,(#16419,#16420),.UNSPECIFIED.,
  .F.,.F.,(2,2),(-2.400000000069E-06,7.8000024),
  .PIECEWISE_BEZIER_KNOTS.);
#16419 = CARTESIAN_POINT('',(5.142088646536,-2.400000000069E-06));
#16420 = CARTESIAN_POINT('',(5.142088646536,7.8000024));
#16421 = ( GEOMETRIC_REPRESENTATION_CONTEXT(2) 
PARAMETRIC_REPRESENTATION_CONTEXT() REPRESENTATION_CONTEXT('2D SPACE',''
  ) );
#16422 = PCURVE('',#9663,#16423);
#16423 = DEFINITIONAL_REPRESENTATION('',(#16424),#16427);
#16424 = B_SPLINE_CURVE_WITH_KNOTS('',1,(#16425,#16426),.UNSPECIFIED.,
  .F.,.F.,(2,2),(-2.400000000069E-06,7.8000024),
  .PIECEWISE_BEZIER_KNOTS.);
#16425 = CARTESIAN_POINT('',(-2.400000000069E-06,6.333030277982));
#16426 = CARTESIAN_POINT('',(7.8000024,6.333030277982));
#16427 = ( GEOMETRIC_REPRESENTATION_CONTEXT(2) 
PARAMETRIC_REPRESENTATION_CONTEXT() REPRESENTATION_CONTEXT('2D SPACE',''
  ) );
#16428 = ORIENTED_EDGE('',*,*,#16429,.F.);
#16429 = EDGE_CURVE('',#16318,#16409,#16430,.T.);
#16430 = SURFACE_CURVE('',#16431,(#16436,#16443),.PCURVE_S1.);
#16431 = CIRCLE('',#16432,4.4);
#16432 = AXIS2_PLACEMENT_3D('',#16433,#16434,#16435);
#16433 = CARTESIAN_POINT('',(30.9,17.,10.2));
#16434 = DIRECTION('',(0.,0.,1.));
#16435 = DIRECTION('',(1.,0.,-0.));
#16436 = PCURVE('',#9692,#16437);
#16437 = DEFINITIONAL_REPRESENTATION('',(#16438),#16442);
#16438 = LINE('',#16439,#16440);
#16439 = CARTESIAN_POINT('',(0.,7.8));
#16440 = VECTOR('',#16441,1.);
#16441 = DIRECTION('',(1.,0.));
#16442 = ( GEOMETRIC_REPRESENTATION_CONTEXT(2) 
PARAMETRIC_REPRESENTATION_CONTEXT() REPRESENTATION_CONTEXT('2D SPACE',''
  ) );
#16443 = PCURVE('',#10791,#16444);
#16444 = DEFINITIONAL_REPRESENTATION('',(#16445),#16449);
#16445 = CIRCLE('',#16446,4.4);
#16446 = AXIS2_PLACEMENT_2D('',#16447,#16448);
#16447 = CARTESIAN_POINT('',(4.5,4.));
#16448 = DIRECTION('',(1.,0.));
#16449 = ( GEOMETRIC_REPRESENTATION_CONTEXT(2) 
PARAMETRIC_REPRESENTATION_CONTEXT() REPRESENTATION_CONTEXT('2D SPACE',''
  ) );
#16450 = ORIENTED_EDGE('',*,*,#16340,.F.);
#16451 = ORIENTED_EDGE('',*,*,#9675,.T.);
#16452 = ADVANCED_FACE('',(#16453),#9663,.F.);
#16453 = FACE_BOUND('',#16454,.F.);
#16454 = EDGE_LOOP('',(#16455,#16476,#16477,#16478));
#16455 = ORIENTED_EDGE('',*,*,#16456,.T.);
#16456 = EDGE_CURVE('',#16409,#10753,#16457,.T.);
#16457 = SURFACE_CURVE('',#16458,(#16462,#16469),.PCURVE_S1.);
#16458 = LINE('',#16459,#16460);
#16459 = CARTESIAN_POINT('',(26.4,13.,10.2));
#16460 = VECTOR('',#16461,1.);
#16461 = DIRECTION('',(1.,0.,-0.));
#16462 = PCURVE('',#9663,#16463);
#16463 = DEFINITIONAL_REPRESENTATION('',(#16464),#16468);
#16464 = LINE('',#16465,#16466);
#16465 = CARTESIAN_POINT('',(7.8,0.));
#16466 = VECTOR('',#16467,1.);
#16467 = DIRECTION('',(0.,1.));
#16468 = ( GEOMETRIC_REPRESENTATION_CONTEXT(2) 
PARAMETRIC_REPRESENTATION_CONTEXT() REPRESENTATION_CONTEXT('2D SPACE',''
  ) );
#16469 = PCURVE('',#10791,#16470);
#16470 = DEFINITIONAL_REPRESENTATION('',(#16471),#16475);
#16471 = LINE('',#16472,#16473);
#16472 = CARTESIAN_POINT('',(0.,0.));
#16473 = VECTOR('',#16474,1.);
#16474 = DIRECTION('',(1.,0.));
#16475 = ( GEOMETRIC_REPRESENTATION_CONTEXT(2) 
PARAMETRIC_REPRESENTATION_CONTEXT() REPRESENTATION_CONTEXT('2D SPACE',''
  ) );
#16476 = ORIENTED_EDGE('',*,*,#10752,.T.);
#16477 = ORIENTED_EDGE('',*,*,#9647,.T.);
#16478 = ORIENTED_EDGE('',*,*,#16408,.T.);
#16479 = ADVANCED_FACE('',(#16480),#9612,.T.);
#16480 = FACE_BOUND('',#16481,.T.);
#16481 = EDGE_LOOP('',(#16482,#16483,#16504,#16525));
#16482 = ORIENTED_EDGE('',*,*,#9596,.F.);
#16483 = ORIENTED_EDGE('',*,*,#16484,.T.);
#16484 = EDGE_CURVE('',#9568,#16485,#16487,.T.);
#16485 = VERTEX_POINT('',#16486);
#16486 = CARTESIAN_POINT('',(32.733030277982,-13.,10.2));
#16487 = SURFACE_CURVE('',#16488,(#16492,#16498),.PCURVE_S1.);
#16488 = LINE('',#16489,#16490);
#16489 = CARTESIAN_POINT('',(32.733030277982,-13.,2.4));
#16490 = VECTOR('',#16491,1.);
#16491 = DIRECTION('',(0.,0.,1.));
#16492 = PCURVE('',#9612,#16493);
#16493 = DEFINITIONAL_REPRESENTATION('',(#16494),#16497);
#16494 = B_SPLINE_CURVE_WITH_KNOTS('',1,(#16495,#16496),.UNSPECIFIED.,
  .F.,.F.,(2,2),(-2.400000000069E-06,7.8000024),
  .PIECEWISE_BEZIER_KNOTS.);
#16495 = CARTESIAN_POINT('',(-2.400000000069E-06,7.533030277982));
#16496 = CARTESIAN_POINT('',(7.8000024,7.533030277982));
#16497 = ( GEOMETRIC_REPRESENTATION_CONTEXT(2) 
PARAMETRIC_REPRESENTATION_CONTEXT() REPRESENTATION_CONTEXT('2D SPACE',''
  ) );
#16498 = PCURVE('',#9584,#16499);
#16499 = DEFINITIONAL_REPRESENTATION('',(#16500),#16503);
#16500 = B_SPLINE_CURVE_WITH_KNOTS('',1,(#16501,#16502),.UNSPECIFIED.,
  .F.,.F.,(2,2),(-2.400000000069E-06,7.8000024),
  .PIECEWISE_BEZIER_KNOTS.);
#16501 = CARTESIAN_POINT('',(1.141096660643,-2.400000000069E-06));
#16502 = CARTESIAN_POINT('',(1.141096660643,7.8000024));
#16503 = ( GEOMETRIC_REPRESENTATION_CONTEXT(2) 
PARAMETRIC_REPRESENTATION_CONTEXT() REPRESENTATION_CONTEXT('2D SPACE',''
  ) );
#16504 = ORIENTED_EDGE('',*,*,#16505,.T.);
#16505 = EDGE_CURVE('',#16485,#10703,#16506,.T.);
#16506 = SURFACE_CURVE('',#16507,(#16511,#16518),.PCURVE_S1.);
#16507 = LINE('',#16508,#16509);
#16508 = CARTESIAN_POINT('',(26.4,-13.,10.2));
#16509 = VECTOR('',#16510,1.);
#16510 = DIRECTION('',(1.,0.,-0.));
#16511 = PCURVE('',#9612,#16512);
#16512 = DEFINITIONAL_REPRESENTATION('',(#16513),#16517);
#16513 = LINE('',#16514,#16515);
#16514 = CARTESIAN_POINT('',(7.8,1.2));
#16515 = VECTOR('',#16516,1.);
#16516 = DIRECTION('',(0.,1.));
#16517 = ( GEOMETRIC_REPRESENTATION_CONTEXT(2) 
PARAMETRIC_REPRESENTATION_CONTEXT() REPRESENTATION_CONTEXT('2D SPACE',''
  ) );
#16518 = PCURVE('',#10718,#16519);
#16519 = DEFINITIONAL_REPRESENTATION('',(#16520),#16524);
#16520 = LINE('',#16521,#16522);
#16521 = CARTESIAN_POINT('',(0.,8.));
#16522 = VECTOR('',#16523,1.);
#16523 = DIRECTION('',(1.,0.));
#16524 = ( GEOMETRIC_REPRESENTATION_CONTEXT(2) 
PARAMETRIC_REPRESENTATION_CONTEXT() REPRESENTATION_CONTEXT('2D SPACE',''
  ) );
#16525 = ORIENTED_EDGE('',*,*,#10730,.F.);
#16526 = ADVANCED_FACE('',(#16527),#9584,.T.);
#16527 = FACE_BOUND('',#16528,.T.);
#16528 = EDGE_LOOP('',(#16529,#16553,#16554,#16555));
#16529 = ORIENTED_EDGE('',*,*,#16530,.F.);
#16530 = EDGE_CURVE('',#16485,#16531,#16533,.T.);
#16531 = VERTEX_POINT('',#16532);
#16532 = CARTESIAN_POINT('',(29.066969722018,-13.,10.2));
#16533 = SURFACE_CURVE('',#16534,(#16539,#16546),.PCURVE_S1.);
#16534 = CIRCLE('',#16535,4.4);
#16535 = AXIS2_PLACEMENT_3D('',#16536,#16537,#16538);
#16536 = CARTESIAN_POINT('',(30.9,-17.,10.2));
#16537 = DIRECTION('',(0.,0.,1.));
#16538 = DIRECTION('',(1.,0.,-0.));
#16539 = PCURVE('',#9584,#16540);
#16540 = DEFINITIONAL_REPRESENTATION('',(#16541),#16545);
#16541 = LINE('',#16542,#16543);
#16542 = CARTESIAN_POINT('',(0.,7.8));
#16543 = VECTOR('',#16544,1.);
#16544 = DIRECTION('',(1.,0.));
#16545 = ( GEOMETRIC_REPRESENTATION_CONTEXT(2) 
PARAMETRIC_REPRESENTATION_CONTEXT() REPRESENTATION_CONTEXT('2D SPACE',''
  ) );
#16546 = PCURVE('',#10718,#16547);
#16547 = DEFINITIONAL_REPRESENTATION('',(#16548),#16552);
#16548 = CIRCLE('',#16549,4.4);
#16549 = AXIS2_PLACEMENT_2D('',#16550,#16551);
#16550 = CARTESIAN_POINT('',(4.5,4.));
#16551 = DIRECTION('',(1.,0.));
#16552 = ( GEOMETRIC_REPRESENTATION_CONTEXT(2) 
PARAMETRIC_REPRESENTATION_CONTEXT() REPRESENTATION_CONTEXT('2D SPACE',''
  ) );
#16553 = ORIENTED_EDGE('',*,*,#16484,.F.);
#16554 = ORIENTED_EDGE('',*,*,#9567,.T.);
#16555 = ORIENTED_EDGE('',*,*,#16556,.T.);
#16556 = EDGE_CURVE('',#9540,#16531,#16557,.T.);
#16557 = SURFACE_CURVE('',#16558,(#16562,#16568),.PCURVE_S1.);
#16558 = LINE('',#16559,#16560);
#16559 = CARTESIAN_POINT('',(29.066969722018,-13.,2.4));
#16560 = VECTOR('',#16561,1.);
#16561 = DIRECTION('',(0.,0.,1.));
#16562 = PCURVE('',#9584,#16563);
#16563 = DEFINITIONAL_REPRESENTATION('',(#16564),#16567);
#16564 = B_SPLINE_CURVE_WITH_KNOTS('',1,(#16565,#16566),.UNSPECIFIED.,
  .F.,.F.,(2,2),(-2.400000000069E-06,7.8000024),
  .PIECEWISE_BEZIER_KNOTS.);
#16565 = CARTESIAN_POINT('',(2.000495992946,-2.400000000069E-06));
#16566 = CARTESIAN_POINT('',(2.000495992946,7.8000024));
#16567 = ( GEOMETRIC_REPRESENTATION_CONTEXT(2) 
PARAMETRIC_REPRESENTATION_CONTEXT() REPRESENTATION_CONTEXT('2D SPACE',''
  ) );
#16568 = PCURVE('',#9555,#16569);
#16569 = DEFINITIONAL_REPRESENTATION('',(#16570),#16573);
#16570 = B_SPLINE_CURVE_WITH_KNOTS('',1,(#16571,#16572),.UNSPECIFIED.,
  .F.,.F.,(2,2),(-2.400000000069E-06,7.8000024),
  .PIECEWISE_BEZIER_KNOTS.);
#16571 = CARTESIAN_POINT('',(-2.400000000069E-06,3.866969722018));
#16572 = CARTESIAN_POINT('',(7.8000024,3.866969722018));
#16573 = ( GEOMETRIC_REPRESENTATION_CONTEXT(2) 
PARAMETRIC_REPRESENTATION_CONTEXT() REPRESENTATION_CONTEXT('2D SPACE',''
  ) );
#16574 = ADVANCED_FACE('',(#16575),#9555,.T.);
#16575 = FACE_BOUND('',#16576,.T.);
#16576 = EDGE_LOOP('',(#16577,#16578,#16601,#16629,#16657,#16678));
#16577 = ORIENTED_EDGE('',*,*,#9539,.F.);
#16578 = ORIENTED_EDGE('',*,*,#16579,.T.);
#16579 = EDGE_CURVE('',#9512,#16580,#16582,.T.);
#16580 = VERTEX_POINT('',#16581);
#16581 = CARTESIAN_POINT('',(25.2,-13.,8.4));
#16582 = SURFACE_CURVE('',#16583,(#16587,#16594),.PCURVE_S1.);
#16583 = LINE('',#16584,#16585);
#16584 = CARTESIAN_POINT('',(25.2,-13.,2.4));
#16585 = VECTOR('',#16586,1.);
#16586 = DIRECTION('',(0.,0.,1.));
#16587 = PCURVE('',#9555,#16588);
#16588 = DEFINITIONAL_REPRESENTATION('',(#16589),#16593);
#16589 = LINE('',#16590,#16591);
#16590 = CARTESIAN_POINT('',(0.,0.));
#16591 = VECTOR('',#16592,1.);
#16592 = DIRECTION('',(1.,0.));
#16593 = ( GEOMETRIC_REPRESENTATION_CONTEXT(2) 
PARAMETRIC_REPRESENTATION_CONTEXT() REPRESENTATION_CONTEXT('2D SPACE',''
  ) );
#16594 = PCURVE('',#9527,#16595);
#16595 = DEFINITIONAL_REPRESENTATION('',(#16596),#16600);
#16596 = LINE('',#16597,#16598);
#16597 = CARTESIAN_POINT('',(0.,-8.));
#16598 = VECTOR('',#16599,1.);
#16599 = DIRECTION('',(1.,0.));
#16600 = ( GEOMETRIC_REPRESENTATION_CONTEXT(2) 
PARAMETRIC_REPRESENTATION_CONTEXT() REPRESENTATION_CONTEXT('2D SPACE',''
  ) );
#16601 = ORIENTED_EDGE('',*,*,#16602,.T.);
#16602 = EDGE_CURVE('',#16580,#16603,#16605,.T.);
#16603 = VERTEX_POINT('',#16604);
#16604 = CARTESIAN_POINT('',(26.4,-13.,8.4));
#16605 = SURFACE_CURVE('',#16606,(#16610,#16617),.PCURVE_S1.);
#16606 = LINE('',#16607,#16608);
#16607 = CARTESIAN_POINT('',(25.2,-13.,8.4));
#16608 = VECTOR('',#16609,1.);
#16609 = DIRECTION('',(1.,0.,-0.));
#16610 = PCURVE('',#9555,#16611);
#16611 = DEFINITIONAL_REPRESENTATION('',(#16612),#16616);
#16612 = LINE('',#16613,#16614);
#16613 = CARTESIAN_POINT('',(6.,0.));
#16614 = VECTOR('',#16615,1.);
#16615 = DIRECTION('',(0.,1.));
#16616 = ( GEOMETRIC_REPRESENTATION_CONTEXT(2) 
PARAMETRIC_REPRESENTATION_CONTEXT() REPRESENTATION_CONTEXT('2D SPACE',''
  ) );
#16617 = PCURVE('',#16618,#16623);
#16618 = PLANE('',#16619);
#16619 = AXIS2_PLACEMENT_3D('',#16620,#16621,#16622);
#16620 = CARTESIAN_POINT('',(25.2,-21.,8.4));
#16621 = DIRECTION('',(0.,0.,1.));
#16622 = DIRECTION('',(1.,0.,-0.));
#16623 = DEFINITIONAL_REPRESENTATION('',(#16624),#16628);
#16624 = LINE('',#16625,#16626);
#16625 = CARTESIAN_POINT('',(0.,8.));
#16626 = VECTOR('',#16627,1.);
#16627 = DIRECTION('',(1.,0.));
#16628 = ( GEOMETRIC_REPRESENTATION_CONTEXT(2) 
PARAMETRIC_REPRESENTATION_CONTEXT() REPRESENTATION_CONTEXT('2D SPACE',''
  ) );
#16629 = ORIENTED_EDGE('',*,*,#16630,.T.);
#16630 = EDGE_CURVE('',#16603,#16631,#16633,.T.);
#16631 = VERTEX_POINT('',#16632);
#16632 = CARTESIAN_POINT('',(26.4,-13.,10.2));
#16633 = SURFACE_CURVE('',#16634,(#16638,#16645),.PCURVE_S1.);
#16634 = LINE('',#16635,#16636);
#16635 = CARTESIAN_POINT('',(26.4,-13.,2.4));
#16636 = VECTOR('',#16637,1.);
#16637 = DIRECTION('',(0.,0.,1.));
#16638 = PCURVE('',#9555,#16639);
#16639 = DEFINITIONAL_REPRESENTATION('',(#16640),#16644);
#16640 = LINE('',#16641,#16642);
#16641 = CARTESIAN_POINT('',(0.,1.2));
#16642 = VECTOR('',#16643,1.);
#16643 = DIRECTION('',(1.,0.));
#16644 = ( GEOMETRIC_REPRESENTATION_CONTEXT(2) 
PARAMETRIC_REPRESENTATION_CONTEXT() REPRESENTATION_CONTEXT('2D SPACE',''
  ) );
#16645 = PCURVE('',#16646,#16651);
#16646 = PLANE('',#16647);
#16647 = AXIS2_PLACEMENT_3D('',#16648,#16649,#16650);
#16648 = CARTESIAN_POINT('',(26.4,-21.,2.4));
#16649 = DIRECTION('',(1.,0.,-0.));
#16650 = DIRECTION('',(0.,0.,1.));
#16651 = DEFINITIONAL_REPRESENTATION('',(#16652),#16656);
#16652 = LINE('',#16653,#16654);
#16653 = CARTESIAN_POINT('',(0.,-8.));
#16654 = VECTOR('',#16655,1.);
#16655 = DIRECTION('',(1.,0.));
#16656 = ( GEOMETRIC_REPRESENTATION_CONTEXT(2) 
PARAMETRIC_REPRESENTATION_CONTEXT() REPRESENTATION_CONTEXT('2D SPACE',''
  ) );
#16657 = ORIENTED_EDGE('',*,*,#16658,.T.);
#16658 = EDGE_CURVE('',#16631,#16531,#16659,.T.);
#16659 = SURFACE_CURVE('',#16660,(#16664,#16671),.PCURVE_S1.);
#16660 = LINE('',#16661,#16662);
#16661 = CARTESIAN_POINT('',(26.4,-13.,10.2));
#16662 = VECTOR('',#16663,1.);
#16663 = DIRECTION('',(1.,0.,-0.));
#16664 = PCURVE('',#9555,#16665);
#16665 = DEFINITIONAL_REPRESENTATION('',(#16666),#16670);
#16666 = LINE('',#16667,#16668);
#16667 = CARTESIAN_POINT('',(7.8,1.2));
#16668 = VECTOR('',#16669,1.);
#16669 = DIRECTION('',(0.,1.));
#16670 = ( GEOMETRIC_REPRESENTATION_CONTEXT(2) 
PARAMETRIC_REPRESENTATION_CONTEXT() REPRESENTATION_CONTEXT('2D SPACE',''
  ) );
#16671 = PCURVE('',#10718,#16672);
#16672 = DEFINITIONAL_REPRESENTATION('',(#16673),#16677);
#16673 = LINE('',#16674,#16675);
#16674 = CARTESIAN_POINT('',(0.,8.));
#16675 = VECTOR('',#16676,1.);
#16676 = DIRECTION('',(1.,0.));
#16677 = ( GEOMETRIC_REPRESENTATION_CONTEXT(2) 
PARAMETRIC_REPRESENTATION_CONTEXT() REPRESENTATION_CONTEXT('2D SPACE',''
  ) );
#16678 = ORIENTED_EDGE('',*,*,#16556,.F.);
#16679 = ADVANCED_FACE('',(#16680),#9527,.F.);
#16680 = FACE_BOUND('',#16681,.F.);
#16681 = EDGE_LOOP('',(#16682,#16705,#16706,#16707));
#16682 = ORIENTED_EDGE('',*,*,#16683,.F.);
#16683 = EDGE_CURVE('',#9484,#16684,#16686,.T.);
#16684 = VERTEX_POINT('',#16685);
#16685 = CARTESIAN_POINT('',(25.2,-21.,8.4));
#16686 = SURFACE_CURVE('',#16687,(#16691,#16698),.PCURVE_S1.);
#16687 = LINE('',#16688,#16689);
#16688 = CARTESIAN_POINT('',(25.2,-21.,2.4));
#16689 = VECTOR('',#16690,1.);
#16690 = DIRECTION('',(0.,0.,1.));
#16691 = PCURVE('',#9527,#16692);
#16692 = DEFINITIONAL_REPRESENTATION('',(#16693),#16697);
#16693 = LINE('',#16694,#16695);
#16694 = CARTESIAN_POINT('',(0.,0.));
#16695 = VECTOR('',#16696,1.);
#16696 = DIRECTION('',(1.,0.));
#16697 = ( GEOMETRIC_REPRESENTATION_CONTEXT(2) 
PARAMETRIC_REPRESENTATION_CONTEXT() REPRESENTATION_CONTEXT('2D SPACE',''
  ) );
#16698 = PCURVE('',#9499,#16699);
#16699 = DEFINITIONAL_REPRESENTATION('',(#16700),#16704);
#16700 = LINE('',#16701,#16702);
#16701 = CARTESIAN_POINT('',(0.,-1.2));
#16702 = VECTOR('',#16703,1.);
#16703 = DIRECTION('',(1.,0.));
#16704 = ( GEOMETRIC_REPRESENTATION_CONTEXT(2) 
PARAMETRIC_REPRESENTATION_CONTEXT() REPRESENTATION_CONTEXT('2D SPACE',''
  ) );
#16705 = ORIENTED_EDGE('',*,*,#9511,.T.);
#16706 = ORIENTED_EDGE('',*,*,#16579,.T.);
#16707 = ORIENTED_EDGE('',*,*,#16708,.F.);
#16708 = EDGE_CURVE('',#16684,#16580,#16709,.T.);
#16709 = SURFACE_CURVE('',#16710,(#16714,#16721),.PCURVE_S1.);
#16710 = LINE('',#16711,#16712);
#16711 = CARTESIAN_POINT('',(25.2,-21.,8.4));
#16712 = VECTOR('',#16713,1.);
#16713 = DIRECTION('',(-0.,1.,0.));
#16714 = PCURVE('',#9527,#16715);
#16715 = DEFINITIONAL_REPRESENTATION('',(#16716),#16720);
#16716 = LINE('',#16717,#16718);
#16717 = CARTESIAN_POINT('',(6.,0.));
#16718 = VECTOR('',#16719,1.);
#16719 = DIRECTION('',(0.,-1.));
#16720 = ( GEOMETRIC_REPRESENTATION_CONTEXT(2) 
PARAMETRIC_REPRESENTATION_CONTEXT() REPRESENTATION_CONTEXT('2D SPACE',''
  ) );
#16721 = PCURVE('',#16618,#16722);
#16722 = DEFINITIONAL_REPRESENTATION('',(#16723),#16727);
#16723 = LINE('',#16724,#16725);
#16724 = CARTESIAN_POINT('',(0.,0.));
#16725 = VECTOR('',#16726,1.);
#16726 = DIRECTION('',(0.,1.));
#16727 = ( GEOMETRIC_REPRESENTATION_CONTEXT(2) 
PARAMETRIC_REPRESENTATION_CONTEXT() REPRESENTATION_CONTEXT('2D SPACE',''
  ) );
#16728 = ADVANCED_FACE('',(#16729),#9499,.F.);
#16729 = FACE_BOUND('',#16730,.F.);
#16730 = EDGE_LOOP('',(#16731,#16756,#16775,#16776,#16777,#16800));
#16731 = ORIENTED_EDGE('',*,*,#16732,.T.);
#16732 = EDGE_CURVE('',#16733,#16735,#16737,.T.);
#16733 = VERTEX_POINT('',#16734);
#16734 = CARTESIAN_POINT('',(26.4,-21.,10.2));
#16735 = VERTEX_POINT('',#16736);
#16736 = CARTESIAN_POINT('',(29.066969722018,-21.,10.2));
#16737 = SURFACE_CURVE('',#16738,(#16742,#16749),.PCURVE_S1.);
#16738 = LINE('',#16739,#16740);
#16739 = CARTESIAN_POINT('',(26.4,-21.,10.2));
#16740 = VECTOR('',#16741,1.);
#16741 = DIRECTION('',(1.,0.,-0.));
#16742 = PCURVE('',#9499,#16743);
#16743 = DEFINITIONAL_REPRESENTATION('',(#16744),#16748);
#16744 = LINE('',#16745,#16746);
#16745 = CARTESIAN_POINT('',(7.8,0.));
#16746 = VECTOR('',#16747,1.);
#16747 = DIRECTION('',(0.,1.));
#16748 = ( GEOMETRIC_REPRESENTATION_CONTEXT(2) 
PARAMETRIC_REPRESENTATION_CONTEXT() REPRESENTATION_CONTEXT('2D SPACE',''
  ) );
#16749 = PCURVE('',#10718,#16750);
#16750 = DEFINITIONAL_REPRESENTATION('',(#16751),#16755);
#16751 = LINE('',#16752,#16753);
#16752 = CARTESIAN_POINT('',(0.,0.));
#16753 = VECTOR('',#16754,1.);
#16754 = DIRECTION('',(1.,0.));
#16755 = ( GEOMETRIC_REPRESENTATION_CONTEXT(2) 
PARAMETRIC_REPRESENTATION_CONTEXT() REPRESENTATION_CONTEXT('2D SPACE',''
  ) );
#16756 = ORIENTED_EDGE('',*,*,#16757,.F.);
#16757 = EDGE_CURVE('',#9455,#16735,#16758,.T.);
#16758 = SURFACE_CURVE('',#16759,(#16763,#16769),.PCURVE_S1.);
#16759 = LINE('',#16760,#16761);
#16760 = CARTESIAN_POINT('',(29.066969722018,-21.,2.4));
#16761 = VECTOR('',#16762,1.);
#16762 = DIRECTION('',(0.,0.,1.));
#16763 = PCURVE('',#9499,#16764);
#16764 = DEFINITIONAL_REPRESENTATION('',(#16765),#16768);
#16765 = B_SPLINE_CURVE_WITH_KNOTS('',1,(#16766,#16767),.UNSPECIFIED.,
  .F.,.F.,(2,2),(-2.400000000069E-06,7.8000024),
  .PIECEWISE_BEZIER_KNOTS.);
#16766 = CARTESIAN_POINT('',(-2.400000000069E-06,2.666969722018));
#16767 = CARTESIAN_POINT('',(7.8000024,2.666969722018));
#16768 = ( GEOMETRIC_REPRESENTATION_CONTEXT(2) 
PARAMETRIC_REPRESENTATION_CONTEXT() REPRESENTATION_CONTEXT('2D SPACE',''
  ) );
#16769 = PCURVE('',#9471,#16770);
#16770 = DEFINITIONAL_REPRESENTATION('',(#16771),#16774);
#16771 = B_SPLINE_CURVE_WITH_KNOTS('',1,(#16772,#16773),.UNSPECIFIED.,
  .F.,.F.,(2,2),(-2.400000000069E-06,7.8000024),
  .PIECEWISE_BEZIER_KNOTS.);
#16772 = CARTESIAN_POINT('',(4.282689314233,-2.400000000069E-06));
#16773 = CARTESIAN_POINT('',(4.282689314233,7.8000024));
#16774 = ( GEOMETRIC_REPRESENTATION_CONTEXT(2) 
PARAMETRIC_REPRESENTATION_CONTEXT() REPRESENTATION_CONTEXT('2D SPACE',''
  ) );
#16775 = ORIENTED_EDGE('',*,*,#9483,.T.);
#16776 = ORIENTED_EDGE('',*,*,#16683,.T.);
#16777 = ORIENTED_EDGE('',*,*,#16778,.T.);
#16778 = EDGE_CURVE('',#16684,#16779,#16781,.T.);
#16779 = VERTEX_POINT('',#16780);
#16780 = CARTESIAN_POINT('',(26.4,-21.,8.4));
#16781 = SURFACE_CURVE('',#16782,(#16786,#16793),.PCURVE_S1.);
#16782 = LINE('',#16783,#16784);
#16783 = CARTESIAN_POINT('',(25.2,-21.,8.4));
#16784 = VECTOR('',#16785,1.);
#16785 = DIRECTION('',(1.,0.,-0.));
#16786 = PCURVE('',#9499,#16787);
#16787 = DEFINITIONAL_REPRESENTATION('',(#16788),#16792);
#16788 = LINE('',#16789,#16790);
#16789 = CARTESIAN_POINT('',(6.,-1.2));
#16790 = VECTOR('',#16791,1.);
#16791 = DIRECTION('',(0.,1.));
#16792 = ( GEOMETRIC_REPRESENTATION_CONTEXT(2) 
PARAMETRIC_REPRESENTATION_CONTEXT() REPRESENTATION_CONTEXT('2D SPACE',''
  ) );
#16793 = PCURVE('',#16618,#16794);
#16794 = DEFINITIONAL_REPRESENTATION('',(#16795),#16799);
#16795 = LINE('',#16796,#16797);
#16796 = CARTESIAN_POINT('',(0.,0.));
#16797 = VECTOR('',#16798,1.);
#16798 = DIRECTION('',(1.,0.));
#16799 = ( GEOMETRIC_REPRESENTATION_CONTEXT(2) 
PARAMETRIC_REPRESENTATION_CONTEXT() REPRESENTATION_CONTEXT('2D SPACE',''
  ) );
#16800 = ORIENTED_EDGE('',*,*,#16801,.T.);
#16801 = EDGE_CURVE('',#16779,#16733,#16802,.T.);
#16802 = SURFACE_CURVE('',#16803,(#16807,#16814),.PCURVE_S1.);
#16803 = LINE('',#16804,#16805);
#16804 = CARTESIAN_POINT('',(26.4,-21.,2.4));
#16805 = VECTOR('',#16806,1.);
#16806 = DIRECTION('',(0.,0.,1.));
#16807 = PCURVE('',#9499,#16808);
#16808 = DEFINITIONAL_REPRESENTATION('',(#16809),#16813);
#16809 = LINE('',#16810,#16811);
#16810 = CARTESIAN_POINT('',(0.,0.));
#16811 = VECTOR('',#16812,1.);
#16812 = DIRECTION('',(1.,0.));
#16813 = ( GEOMETRIC_REPRESENTATION_CONTEXT(2) 
PARAMETRIC_REPRESENTATION_CONTEXT() REPRESENTATION_CONTEXT('2D SPACE',''
  ) );
#16814 = PCURVE('',#16646,#16815);
#16815 = DEFINITIONAL_REPRESENTATION('',(#16816),#16820);
#16816 = LINE('',#16817,#16818);
#16817 = CARTESIAN_POINT('',(0.,0.));
#16818 = VECTOR('',#16819,1.);
#16819 = DIRECTION('',(1.,0.));
#16820 = ( GEOMETRIC_REPRESENTATION_CONTEXT(2) 
PARAMETRIC_REPRESENTATION_CONTEXT() REPRESENTATION_CONTEXT('2D SPACE',''
  ) );
#16821 = ADVANCED_FACE('',(#16822),#9471,.T.);
#16822 = FACE_BOUND('',#16823,.T.);
#16823 = EDGE_LOOP('',(#16824,#16845,#16867,#16868));
#16824 = ORIENTED_EDGE('',*,*,#16825,.T.);
#16825 = EDGE_CURVE('',#9427,#16826,#16828,.T.);
#16826 = VERTEX_POINT('',#16827);
#16827 = CARTESIAN_POINT('',(32.733030277982,-21.,10.2));
#16828 = SURFACE_CURVE('',#16829,(#16833,#16839),.PCURVE_S1.);
#16829 = LINE('',#16830,#16831);
#16830 = CARTESIAN_POINT('',(32.733030277982,-21.,2.4));
#16831 = VECTOR('',#16832,1.);
#16832 = DIRECTION('',(0.,0.,1.));
#16833 = PCURVE('',#9471,#16834);
#16834 = DEFINITIONAL_REPRESENTATION('',(#16835),#16838);
#16835 = B_SPLINE_CURVE_WITH_KNOTS('',1,(#16836,#16837),.UNSPECIFIED.,
  .F.,.F.,(2,2),(-2.400000000069E-06,7.8000024),
  .PIECEWISE_BEZIER_KNOTS.);
#16836 = CARTESIAN_POINT('',(5.142088646536,-2.400000000069E-06));
#16837 = CARTESIAN_POINT('',(5.142088646536,7.8000024));
#16838 = ( GEOMETRIC_REPRESENTATION_CONTEXT(2) 
PARAMETRIC_REPRESENTATION_CONTEXT() REPRESENTATION_CONTEXT('2D SPACE',''
  ) );
#16839 = PCURVE('',#9442,#16840);
#16840 = DEFINITIONAL_REPRESENTATION('',(#16841),#16844);
#16841 = B_SPLINE_CURVE_WITH_KNOTS('',1,(#16842,#16843),.UNSPECIFIED.,
  .F.,.F.,(2,2),(-2.400000000069E-06,7.8000024),
  .PIECEWISE_BEZIER_KNOTS.);
#16842 = CARTESIAN_POINT('',(-2.400000000069E-06,6.333030277982));
#16843 = CARTESIAN_POINT('',(7.8000024,6.333030277982));
#16844 = ( GEOMETRIC_REPRESENTATION_CONTEXT(2) 
PARAMETRIC_REPRESENTATION_CONTEXT() REPRESENTATION_CONTEXT('2D SPACE',''
  ) );
#16845 = ORIENTED_EDGE('',*,*,#16846,.F.);
#16846 = EDGE_CURVE('',#16735,#16826,#16847,.T.);
#16847 = SURFACE_CURVE('',#16848,(#16853,#16860),.PCURVE_S1.);
#16848 = CIRCLE('',#16849,4.4);
#16849 = AXIS2_PLACEMENT_3D('',#16850,#16851,#16852);
#16850 = CARTESIAN_POINT('',(30.9,-17.,10.2));
#16851 = DIRECTION('',(0.,0.,1.));
#16852 = DIRECTION('',(1.,0.,-0.));
#16853 = PCURVE('',#9471,#16854);
#16854 = DEFINITIONAL_REPRESENTATION('',(#16855),#16859);
#16855 = LINE('',#16856,#16857);
#16856 = CARTESIAN_POINT('',(0.,7.8));
#16857 = VECTOR('',#16858,1.);
#16858 = DIRECTION('',(1.,0.));
#16859 = ( GEOMETRIC_REPRESENTATION_CONTEXT(2) 
PARAMETRIC_REPRESENTATION_CONTEXT() REPRESENTATION_CONTEXT('2D SPACE',''
  ) );
#16860 = PCURVE('',#10718,#16861);
#16861 = DEFINITIONAL_REPRESENTATION('',(#16862),#16866);
#16862 = CIRCLE('',#16863,4.4);
#16863 = AXIS2_PLACEMENT_2D('',#16864,#16865);
#16864 = CARTESIAN_POINT('',(4.5,4.));
#16865 = DIRECTION('',(1.,0.));
#16866 = ( GEOMETRIC_REPRESENTATION_CONTEXT(2) 
PARAMETRIC_REPRESENTATION_CONTEXT() REPRESENTATION_CONTEXT('2D SPACE',''
  ) );
#16867 = ORIENTED_EDGE('',*,*,#16757,.F.);
#16868 = ORIENTED_EDGE('',*,*,#9454,.T.);
#16869 = ADVANCED_FACE('',(#16870),#9442,.F.);
#16870 = FACE_BOUND('',#16871,.F.);
#16871 = EDGE_LOOP('',(#16872,#16893,#16894,#16895));
#16872 = ORIENTED_EDGE('',*,*,#16873,.T.);
#16873 = EDGE_CURVE('',#16826,#10680,#16874,.T.);
#16874 = SURFACE_CURVE('',#16875,(#16879,#16886),.PCURVE_S1.);
#16875 = LINE('',#16876,#16877);
#16876 = CARTESIAN_POINT('',(26.4,-21.,10.2));
#16877 = VECTOR('',#16878,1.);
#16878 = DIRECTION('',(1.,0.,-0.));
#16879 = PCURVE('',#9442,#16880);
#16880 = DEFINITIONAL_REPRESENTATION('',(#16881),#16885);
#16881 = LINE('',#16882,#16883);
#16882 = CARTESIAN_POINT('',(7.8,0.));
#16883 = VECTOR('',#16884,1.);
#16884 = DIRECTION('',(0.,1.));
#16885 = ( GEOMETRIC_REPRESENTATION_CONTEXT(2) 
PARAMETRIC_REPRESENTATION_CONTEXT() REPRESENTATION_CONTEXT('2D SPACE',''
  ) );
#16886 = PCURVE('',#10718,#16887);
#16887 = DEFINITIONAL_REPRESENTATION('',(#16888),#16892);
#16888 = LINE('',#16889,#16890);
#16889 = CARTESIAN_POINT('',(0.,0.));
#16890 = VECTOR('',#16891,1.);
#16891 = DIRECTION('',(1.,0.));
#16892 = ( GEOMETRIC_REPRESENTATION_CONTEXT(2) 
PARAMETRIC_REPRESENTATION_CONTEXT() REPRESENTATION_CONTEXT('2D SPACE',''
  ) );
#16893 = ORIENTED_EDGE('',*,*,#10679,.T.);
#16894 = ORIENTED_EDGE('',*,*,#9426,.T.);
#16895 = ORIENTED_EDGE('',*,*,#16825,.T.);
#16896 = ADVANCED_FACE('',(#16897),#10227,.F.);
#16897 = FACE_BOUND('',#16898,.F.);
#16898 = EDGE_LOOP('',(#16899,#16922,#16923,#16946));
#16899 = ORIENTED_EDGE('',*,*,#16900,.F.);
#16900 = EDGE_CURVE('',#10210,#16901,#16903,.T.);
#16901 = VERTEX_POINT('',#16902);
#16902 = CARTESIAN_POINT('',(-6.,-37.4,9.2));
#16903 = SURFACE_CURVE('',#16904,(#16908,#16915),.PCURVE_S1.);
#16904 = LINE('',#16905,#16906);
#16905 = CARTESIAN_POINT('',(-6.,-37.4,2.4));
#16906 = VECTOR('',#16907,1.);
#16907 = DIRECTION('',(0.,0.,1.));
#16908 = PCURVE('',#10227,#16909);
#16909 = DEFINITIONAL_REPRESENTATION('',(#16910),#16914);
#16910 = LINE('',#16911,#16912);
#16911 = CARTESIAN_POINT('',(0.,0.));
#16912 = VECTOR('',#16913,1.);
#16913 = DIRECTION('',(1.,0.));
#16914 = ( GEOMETRIC_REPRESENTATION_CONTEXT(2) 
PARAMETRIC_REPRESENTATION_CONTEXT() REPRESENTATION_CONTEXT('2D SPACE',''
  ) );
#16915 = PCURVE('',#10309,#16916);
#16916 = DEFINITIONAL_REPRESENTATION('',(#16917),#16921);
#16917 = LINE('',#16918,#16919);
#16918 = CARTESIAN_POINT('',(0.,0.));
#16919 = VECTOR('',#16920,1.);
#16920 = DIRECTION('',(1.,0.));
#16921 = ( GEOMETRIC_REPRESENTATION_CONTEXT(2) 
PARAMETRIC_REPRESENTATION_CONTEXT() REPRESENTATION_CONTEXT('2D SPACE',''
  ) );
#16922 = ORIENTED_EDGE('',*,*,#10209,.T.);
#16923 = ORIENTED_EDGE('',*,*,#16924,.T.);
#16924 = EDGE_CURVE('',#10212,#16925,#16927,.T.);
#16925 = VERTEX_POINT('',#16926);
#16926 = CARTESIAN_POINT('',(-6.,-35.4,9.2));
#16927 = SURFACE_CURVE('',#16928,(#16932,#16939),.PCURVE_S1.);
#16928 = LINE('',#16929,#16930);
#16929 = CARTESIAN_POINT('',(-6.,-35.4,2.4));
#16930 = VECTOR('',#16931,1.);
#16931 = DIRECTION('',(0.,0.,1.));
#16932 = PCURVE('',#10227,#16933);
#16933 = DEFINITIONAL_REPRESENTATION('',(#16934),#16938);
#16934 = LINE('',#16935,#16936);
#16935 = CARTESIAN_POINT('',(0.,-2.));
#16936 = VECTOR('',#16937,1.);
#16937 = DIRECTION('',(1.,0.));
#16938 = ( GEOMETRIC_REPRESENTATION_CONTEXT(2) 
PARAMETRIC_REPRESENTATION_CONTEXT() REPRESENTATION_CONTEXT('2D SPACE',''
  ) );
#16939 = PCURVE('',#10255,#16940);
#16940 = DEFINITIONAL_REPRESENTATION('',(#16941),#16945);
#16941 = LINE('',#16942,#16943);
#16942 = CARTESIAN_POINT('',(0.,0.));
#16943 = VECTOR('',#16944,1.);
#16944 = DIRECTION('',(1.,0.));
#16945 = ( GEOMETRIC_REPRESENTATION_CONTEXT(2) 
PARAMETRIC_REPRESENTATION_CONTEXT() REPRESENTATION_CONTEXT('2D SPACE',''
  ) );
#16946 = ORIENTED_EDGE('',*,*,#16947,.F.);
#16947 = EDGE_CURVE('',#16901,#16925,#16948,.T.);
#16948 = SURFACE_CURVE('',#16949,(#16953,#16960),.PCURVE_S1.);
#16949 = LINE('',#16950,#16951);
#16950 = CARTESIAN_POINT('',(-6.,-37.4,9.2));
#16951 = VECTOR('',#16952,1.);
#16952 = DIRECTION('',(-0.,1.,0.));
#16953 = PCURVE('',#10227,#16954);
#16954 = DEFINITIONAL_REPRESENTATION('',(#16955),#16959);
#16955 = LINE('',#16956,#16957);
#16956 = CARTESIAN_POINT('',(6.8,0.));
#16957 = VECTOR('',#16958,1.);
#16958 = DIRECTION('',(0.,-1.));
#16959 = ( GEOMETRIC_REPRESENTATION_CONTEXT(2) 
PARAMETRIC_REPRESENTATION_CONTEXT() REPRESENTATION_CONTEXT('2D SPACE',''
  ) );
#16960 = PCURVE('',#16961,#16966);
#16961 = PLANE('',#16962);
#16962 = AXIS2_PLACEMENT_3D('',#16963,#16964,#16965);
#16963 = CARTESIAN_POINT('',(-6.,-37.4,9.2));
#16964 = DIRECTION('',(0.,0.,1.));
#16965 = DIRECTION('',(1.,0.,-0.));
#16966 = DEFINITIONAL_REPRESENTATION('',(#16967),#16971);
#16967 = LINE('',#16968,#16969);
#16968 = CARTESIAN_POINT('',(0.,0.));
#16969 = VECTOR('',#16970,1.);
#16970 = DIRECTION('',(0.,1.));
#16971 = ( GEOMETRIC_REPRESENTATION_CONTEXT(2) 
PARAMETRIC_REPRESENTATION_CONTEXT() REPRESENTATION_CONTEXT('2D SPACE',''
  ) );
#16972 = ADVANCED_FACE('',(#16973),#10255,.T.);
#16973 = FACE_BOUND('',#16974,.T.);
#16974 = EDGE_LOOP('',(#16975,#16976,#16977,#17000));
#16975 = ORIENTED_EDGE('',*,*,#10239,.F.);
#16976 = ORIENTED_EDGE('',*,*,#16924,.T.);
#16977 = ORIENTED_EDGE('',*,*,#16978,.T.);
#16978 = EDGE_CURVE('',#16925,#16979,#16981,.T.);
#16979 = VERTEX_POINT('',#16980);
#16980 = CARTESIAN_POINT('',(6.,-35.4,9.2));
#16981 = SURFACE_CURVE('',#16982,(#16986,#16993),.PCURVE_S1.);
#16982 = LINE('',#16983,#16984);
#16983 = CARTESIAN_POINT('',(-6.,-35.4,9.2));
#16984 = VECTOR('',#16985,1.);
#16985 = DIRECTION('',(1.,0.,-0.));
#16986 = PCURVE('',#10255,#16987);
#16987 = DEFINITIONAL_REPRESENTATION('',(#16988),#16992);
#16988 = LINE('',#16989,#16990);
#16989 = CARTESIAN_POINT('',(6.8,0.));
#16990 = VECTOR('',#16991,1.);
#16991 = DIRECTION('',(0.,1.));
#16992 = ( GEOMETRIC_REPRESENTATION_CONTEXT(2) 
PARAMETRIC_REPRESENTATION_CONTEXT() REPRESENTATION_CONTEXT('2D SPACE',''
  ) );
#16993 = PCURVE('',#16961,#16994);
#16994 = DEFINITIONAL_REPRESENTATION('',(#16995),#16999);
#16995 = LINE('',#16996,#16997);
#16996 = CARTESIAN_POINT('',(0.,2.));
#16997 = VECTOR('',#16998,1.);
#16998 = DIRECTION('',(1.,0.));
#16999 = ( GEOMETRIC_REPRESENTATION_CONTEXT(2) 
PARAMETRIC_REPRESENTATION_CONTEXT() REPRESENTATION_CONTEXT('2D SPACE',''
  ) );
#17000 = ORIENTED_EDGE('',*,*,#17001,.F.);
#17001 = EDGE_CURVE('',#10240,#16979,#17002,.T.);
#17002 = SURFACE_CURVE('',#17003,(#17007,#17014),.PCURVE_S1.);
#17003 = LINE('',#17004,#17005);
#17004 = CARTESIAN_POINT('',(6.,-35.4,2.4));
#17005 = VECTOR('',#17006,1.);
#17006 = DIRECTION('',(0.,0.,1.));
#17007 = PCURVE('',#10255,#17008);
#17008 = DEFINITIONAL_REPRESENTATION('',(#17009),#17013);
#17009 = LINE('',#17010,#17011);
#17010 = CARTESIAN_POINT('',(0.,12.));
#17011 = VECTOR('',#17012,1.);
#17012 = DIRECTION('',(1.,0.));
#17013 = ( GEOMETRIC_REPRESENTATION_CONTEXT(2) 
PARAMETRIC_REPRESENTATION_CONTEXT() REPRESENTATION_CONTEXT('2D SPACE',''
  ) );
#17014 = PCURVE('',#10283,#17015);
#17015 = DEFINITIONAL_REPRESENTATION('',(#17016),#17020);
#17016 = LINE('',#17017,#17018);
#17017 = CARTESIAN_POINT('',(0.,-2.));
#17018 = VECTOR('',#17019,1.);
#17019 = DIRECTION('',(1.,0.));
#17020 = ( GEOMETRIC_REPRESENTATION_CONTEXT(2) 
PARAMETRIC_REPRESENTATION_CONTEXT() REPRESENTATION_CONTEXT('2D SPACE',''
  ) );
#17021 = ADVANCED_FACE('',(#17022),#10309,.F.);
#17022 = FACE_BOUND('',#17023,.F.);
#17023 = EDGE_LOOP('',(#17024,#17025,#17026,#17049));
#17024 = ORIENTED_EDGE('',*,*,#10295,.F.);
#17025 = ORIENTED_EDGE('',*,*,#16900,.T.);
#17026 = ORIENTED_EDGE('',*,*,#17027,.T.);
#17027 = EDGE_CURVE('',#16901,#17028,#17030,.T.);
#17028 = VERTEX_POINT('',#17029);
#17029 = CARTESIAN_POINT('',(6.,-37.4,9.2));
#17030 = SURFACE_CURVE('',#17031,(#17035,#17042),.PCURVE_S1.);
#17031 = LINE('',#17032,#17033);
#17032 = CARTESIAN_POINT('',(-6.,-37.4,9.2));
#17033 = VECTOR('',#17034,1.);
#17034 = DIRECTION('',(1.,0.,-0.));
#17035 = PCURVE('',#10309,#17036);
#17036 = DEFINITIONAL_REPRESENTATION('',(#17037),#17041);
#17037 = LINE('',#17038,#17039);
#17038 = CARTESIAN_POINT('',(6.8,0.));
#17039 = VECTOR('',#17040,1.);
#17040 = DIRECTION('',(0.,1.));
#17041 = ( GEOMETRIC_REPRESENTATION_CONTEXT(2) 
PARAMETRIC_REPRESENTATION_CONTEXT() REPRESENTATION_CONTEXT('2D SPACE',''
  ) );
#17042 = PCURVE('',#16961,#17043);
#17043 = DEFINITIONAL_REPRESENTATION('',(#17044),#17048);
#17044 = LINE('',#17045,#17046);
#17045 = CARTESIAN_POINT('',(0.,0.));
#17046 = VECTOR('',#17047,1.);
#17047 = DIRECTION('',(1.,0.));
#17048 = ( GEOMETRIC_REPRESENTATION_CONTEXT(2) 
PARAMETRIC_REPRESENTATION_CONTEXT() REPRESENTATION_CONTEXT('2D SPACE',''
  ) );
#17049 = ORIENTED_EDGE('',*,*,#17050,.F.);
#17050 = EDGE_CURVE('',#10268,#17028,#17051,.T.);
#17051 = SURFACE_CURVE('',#17052,(#17056,#17063),.PCURVE_S1.);
#17052 = LINE('',#17053,#17054);
#17053 = CARTESIAN_POINT('',(6.,-37.4,2.4));
#17054 = VECTOR('',#17055,1.);
#17055 = DIRECTION('',(0.,0.,1.));
#17056 = PCURVE('',#10309,#17057);
#17057 = DEFINITIONAL_REPRESENTATION('',(#17058),#17062);
#17058 = LINE('',#17059,#17060);
#17059 = CARTESIAN_POINT('',(0.,12.));
#17060 = VECTOR('',#17061,1.);
#17061 = DIRECTION('',(1.,0.));
#17062 = ( GEOMETRIC_REPRESENTATION_CONTEXT(2) 
PARAMETRIC_REPRESENTATION_CONTEXT() REPRESENTATION_CONTEXT('2D SPACE',''
  ) );
#17063 = PCURVE('',#10283,#17064);
#17064 = DEFINITIONAL_REPRESENTATION('',(#17065),#17069);
#17065 = LINE('',#17066,#17067);
#17066 = CARTESIAN_POINT('',(0.,0.));
#17067 = VECTOR('',#17068,1.);
#17068 = DIRECTION('',(1.,0.));
#17069 = ( GEOMETRIC_REPRESENTATION_CONTEXT(2) 
PARAMETRIC_REPRESENTATION_CONTEXT() REPRESENTATION_CONTEXT('2D SPACE',''
  ) );
#17070 = ADVANCED_FACE('',(#17071),#10283,.T.);
#17071 = FACE_BOUND('',#17072,.T.);
#17072 = EDGE_LOOP('',(#17073,#17074,#17075,#17076));
#17073 = ORIENTED_EDGE('',*,*,#17050,.F.);
#17074 = ORIENTED_EDGE('',*,*,#10267,.T.);
#17075 = ORIENTED_EDGE('',*,*,#17001,.T.);
#17076 = ORIENTED_EDGE('',*,*,#17077,.F.);
#17077 = EDGE_CURVE('',#17028,#16979,#17078,.T.);
#17078 = SURFACE_CURVE('',#17079,(#17083,#17090),.PCURVE_S1.);
#17079 = LINE('',#17080,#17081);
#17080 = CARTESIAN_POINT('',(6.,-37.4,9.2));
#17081 = VECTOR('',#17082,1.);
#17082 = DIRECTION('',(-0.,1.,0.));
#17083 = PCURVE('',#10283,#17084);
#17084 = DEFINITIONAL_REPRESENTATION('',(#17085),#17089);
#17085 = LINE('',#17086,#17087);
#17086 = CARTESIAN_POINT('',(6.8,0.));
#17087 = VECTOR('',#17088,1.);
#17088 = DIRECTION('',(0.,-1.));
#17089 = ( GEOMETRIC_REPRESENTATION_CONTEXT(2) 
PARAMETRIC_REPRESENTATION_CONTEXT() REPRESENTATION_CONTEXT('2D SPACE',''
  ) );
#17090 = PCURVE('',#16961,#17091);
#17091 = DEFINITIONAL_REPRESENTATION('',(#17092),#17096);
#17092 = LINE('',#17093,#17094);
#17093 = CARTESIAN_POINT('',(12.,0.));
#17094 = VECTOR('',#17095,1.);
#17095 = DIRECTION('',(0.,1.));
#17096 = ( GEOMETRIC_REPRESENTATION_CONTEXT(2) 
PARAMETRIC_REPRESENTATION_CONTEXT() REPRESENTATION_CONTEXT('2D SPACE',''
  ) );
#17097 = ADVANCED_FACE('',(#17098),#10353,.F.);
#17098 = FACE_BOUND('',#17099,.F.);
#17099 = EDGE_LOOP('',(#17100,#17123,#17124,#17147));
#17100 = ORIENTED_EDGE('',*,*,#17101,.F.);
#17101 = EDGE_CURVE('',#10336,#17102,#17104,.T.);
#17102 = VERTEX_POINT('',#17103);
#17103 = CARTESIAN_POINT('',(-6.,35.4,9.2));
#17104 = SURFACE_CURVE('',#17105,(#17109,#17116),.PCURVE_S1.);
#17105 = LINE('',#17106,#17107);
#17106 = CARTESIAN_POINT('',(-6.,35.4,2.4));
#17107 = VECTOR('',#17108,1.);
#17108 = DIRECTION('',(0.,0.,1.));
#17109 = PCURVE('',#10353,#17110);
#17110 = DEFINITIONAL_REPRESENTATION('',(#17111),#17115);
#17111 = LINE('',#17112,#17113);
#17112 = CARTESIAN_POINT('',(0.,0.));
#17113 = VECTOR('',#17114,1.);
#17114 = DIRECTION('',(1.,0.));
#17115 = ( GEOMETRIC_REPRESENTATION_CONTEXT(2) 
PARAMETRIC_REPRESENTATION_CONTEXT() REPRESENTATION_CONTEXT('2D SPACE',''
  ) );
#17116 = PCURVE('',#10435,#17117);
#17117 = DEFINITIONAL_REPRESENTATION('',(#17118),#17122);
#17118 = LINE('',#17119,#17120);
#17119 = CARTESIAN_POINT('',(0.,0.));
#17120 = VECTOR('',#17121,1.);
#17121 = DIRECTION('',(1.,0.));
#17122 = ( GEOMETRIC_REPRESENTATION_CONTEXT(2) 
PARAMETRIC_REPRESENTATION_CONTEXT() REPRESENTATION_CONTEXT('2D SPACE',''
  ) );
#17123 = ORIENTED_EDGE('',*,*,#10335,.T.);
#17124 = ORIENTED_EDGE('',*,*,#17125,.T.);
#17125 = EDGE_CURVE('',#10338,#17126,#17128,.T.);
#17126 = VERTEX_POINT('',#17127);
#17127 = CARTESIAN_POINT('',(-6.,37.4,9.2));
#17128 = SURFACE_CURVE('',#17129,(#17133,#17140),.PCURVE_S1.);
#17129 = LINE('',#17130,#17131);
#17130 = CARTESIAN_POINT('',(-6.,37.4,2.4));
#17131 = VECTOR('',#17132,1.);
#17132 = DIRECTION('',(0.,0.,1.));
#17133 = PCURVE('',#10353,#17134);
#17134 = DEFINITIONAL_REPRESENTATION('',(#17135),#17139);
#17135 = LINE('',#17136,#17137);
#17136 = CARTESIAN_POINT('',(0.,-2.));
#17137 = VECTOR('',#17138,1.);
#17138 = DIRECTION('',(1.,0.));
#17139 = ( GEOMETRIC_REPRESENTATION_CONTEXT(2) 
PARAMETRIC_REPRESENTATION_CONTEXT() REPRESENTATION_CONTEXT('2D SPACE',''
  ) );
#17140 = PCURVE('',#10381,#17141);
#17141 = DEFINITIONAL_REPRESENTATION('',(#17142),#17146);
#17142 = LINE('',#17143,#17144);
#17143 = CARTESIAN_POINT('',(0.,0.));
#17144 = VECTOR('',#17145,1.);
#17145 = DIRECTION('',(1.,0.));
#17146 = ( GEOMETRIC_REPRESENTATION_CONTEXT(2) 
PARAMETRIC_REPRESENTATION_CONTEXT() REPRESENTATION_CONTEXT('2D SPACE',''
  ) );
#17147 = ORIENTED_EDGE('',*,*,#17148,.F.);
#17148 = EDGE_CURVE('',#17102,#17126,#17149,.T.);
#17149 = SURFACE_CURVE('',#17150,(#17154,#17161),.PCURVE_S1.);
#17150 = LINE('',#17151,#17152);
#17151 = CARTESIAN_POINT('',(-6.,35.4,9.2));
#17152 = VECTOR('',#17153,1.);
#17153 = DIRECTION('',(-0.,1.,0.));
#17154 = PCURVE('',#10353,#17155);
#17155 = DEFINITIONAL_REPRESENTATION('',(#17156),#17160);
#17156 = LINE('',#17157,#17158);
#17157 = CARTESIAN_POINT('',(6.8,0.));
#17158 = VECTOR('',#17159,1.);
#17159 = DIRECTION('',(0.,-1.));
#17160 = ( GEOMETRIC_REPRESENTATION_CONTEXT(2) 
PARAMETRIC_REPRESENTATION_CONTEXT() REPRESENTATION_CONTEXT('2D SPACE',''
  ) );
#17161 = PCURVE('',#17162,#17167);
#17162 = PLANE('',#17163);
#17163 = AXIS2_PLACEMENT_3D('',#17164,#17165,#17166);
#17164 = CARTESIAN_POINT('',(-6.,35.4,9.2));
#17165 = DIRECTION('',(0.,0.,1.));
#17166 = DIRECTION('',(1.,0.,-0.));
#17167 = DEFINITIONAL_REPRESENTATION('',(#17168),#17172);
#17168 = LINE('',#17169,#17170);
#17169 = CARTESIAN_POINT('',(0.,0.));
#17170 = VECTOR('',#17171,1.);
#17171 = DIRECTION('',(0.,1.));
#17172 = ( GEOMETRIC_REPRESENTATION_CONTEXT(2) 
PARAMETRIC_REPRESENTATION_CONTEXT() REPRESENTATION_CONTEXT('2D SPACE',''
  ) );
#17173 = ADVANCED_FACE('',(#17174),#10381,.T.);
#17174 = FACE_BOUND('',#17175,.T.);
#17175 = EDGE_LOOP('',(#17176,#17177,#17178,#17201));
#17176 = ORIENTED_EDGE('',*,*,#10365,.F.);
#17177 = ORIENTED_EDGE('',*,*,#17125,.T.);
#17178 = ORIENTED_EDGE('',*,*,#17179,.T.);
#17179 = EDGE_CURVE('',#17126,#17180,#17182,.T.);
#17180 = VERTEX_POINT('',#17181);
#17181 = CARTESIAN_POINT('',(6.,37.4,9.2));
#17182 = SURFACE_CURVE('',#17183,(#17187,#17194),.PCURVE_S1.);
#17183 = LINE('',#17184,#17185);
#17184 = CARTESIAN_POINT('',(-6.,37.4,9.2));
#17185 = VECTOR('',#17186,1.);
#17186 = DIRECTION('',(1.,0.,-0.));
#17187 = PCURVE('',#10381,#17188);
#17188 = DEFINITIONAL_REPRESENTATION('',(#17189),#17193);
#17189 = LINE('',#17190,#17191);
#17190 = CARTESIAN_POINT('',(6.8,0.));
#17191 = VECTOR('',#17192,1.);
#17192 = DIRECTION('',(0.,1.));
#17193 = ( GEOMETRIC_REPRESENTATION_CONTEXT(2) 
PARAMETRIC_REPRESENTATION_CONTEXT() REPRESENTATION_CONTEXT('2D SPACE',''
  ) );
#17194 = PCURVE('',#17162,#17195);
#17195 = DEFINITIONAL_REPRESENTATION('',(#17196),#17200);
#17196 = LINE('',#17197,#17198);
#17197 = CARTESIAN_POINT('',(0.,2.));
#17198 = VECTOR('',#17199,1.);
#17199 = DIRECTION('',(1.,0.));
#17200 = ( GEOMETRIC_REPRESENTATION_CONTEXT(2) 
PARAMETRIC_REPRESENTATION_CONTEXT() REPRESENTATION_CONTEXT('2D SPACE',''
  ) );
#17201 = ORIENTED_EDGE('',*,*,#17202,.F.);
#17202 = EDGE_CURVE('',#10366,#17180,#17203,.T.);
#17203 = SURFACE_CURVE('',#17204,(#17208,#17215),.PCURVE_S1.);
#17204 = LINE('',#17205,#17206);
#17205 = CARTESIAN_POINT('',(6.,37.4,2.4));
#17206 = VECTOR('',#17207,1.);
#17207 = DIRECTION('',(0.,0.,1.));
#17208 = PCURVE('',#10381,#17209);
#17209 = DEFINITIONAL_REPRESENTATION('',(#17210),#17214);
#17210 = LINE('',#17211,#17212);
#17211 = CARTESIAN_POINT('',(0.,12.));
#17212 = VECTOR('',#17213,1.);
#17213 = DIRECTION('',(1.,0.));
#17214 = ( GEOMETRIC_REPRESENTATION_CONTEXT(2) 
PARAMETRIC_REPRESENTATION_CONTEXT() REPRESENTATION_CONTEXT('2D SPACE',''
  ) );
#17215 = PCURVE('',#10409,#17216);
#17216 = DEFINITIONAL_REPRESENTATION('',(#17217),#17221);
#17217 = LINE('',#17218,#17219);
#17218 = CARTESIAN_POINT('',(0.,-2.));
#17219 = VECTOR('',#17220,1.);
#17220 = DIRECTION('',(1.,0.));
#17221 = ( GEOMETRIC_REPRESENTATION_CONTEXT(2) 
PARAMETRIC_REPRESENTATION_CONTEXT() REPRESENTATION_CONTEXT('2D SPACE',''
  ) );
#17222 = ADVANCED_FACE('',(#17223),#10435,.F.);
#17223 = FACE_BOUND('',#17224,.F.);
#17224 = EDGE_LOOP('',(#17225,#17226,#17227,#17250));
#17225 = ORIENTED_EDGE('',*,*,#10421,.F.);
#17226 = ORIENTED_EDGE('',*,*,#17101,.T.);
#17227 = ORIENTED_EDGE('',*,*,#17228,.T.);
#17228 = EDGE_CURVE('',#17102,#17229,#17231,.T.);
#17229 = VERTEX_POINT('',#17230);
#17230 = CARTESIAN_POINT('',(6.,35.4,9.2));
#17231 = SURFACE_CURVE('',#17232,(#17236,#17243),.PCURVE_S1.);
#17232 = LINE('',#17233,#17234);
#17233 = CARTESIAN_POINT('',(-6.,35.4,9.2));
#17234 = VECTOR('',#17235,1.);
#17235 = DIRECTION('',(1.,0.,-0.));
#17236 = PCURVE('',#10435,#17237);
#17237 = DEFINITIONAL_REPRESENTATION('',(#17238),#17242);
#17238 = LINE('',#17239,#17240);
#17239 = CARTESIAN_POINT('',(6.8,0.));
#17240 = VECTOR('',#17241,1.);
#17241 = DIRECTION('',(0.,1.));
#17242 = ( GEOMETRIC_REPRESENTATION_CONTEXT(2) 
PARAMETRIC_REPRESENTATION_CONTEXT() REPRESENTATION_CONTEXT('2D SPACE',''
  ) );
#17243 = PCURVE('',#17162,#17244);
#17244 = DEFINITIONAL_REPRESENTATION('',(#17245),#17249);
#17245 = LINE('',#17246,#17247);
#17246 = CARTESIAN_POINT('',(0.,0.));
#17247 = VECTOR('',#17248,1.);
#17248 = DIRECTION('',(1.,0.));
#17249 = ( GEOMETRIC_REPRESENTATION_CONTEXT(2) 
PARAMETRIC_REPRESENTATION_CONTEXT() REPRESENTATION_CONTEXT('2D SPACE',''
  ) );
#17250 = ORIENTED_EDGE('',*,*,#17251,.F.);
#17251 = EDGE_CURVE('',#10394,#17229,#17252,.T.);
#17252 = SURFACE_CURVE('',#17253,(#17257,#17264),.PCURVE_S1.);
#17253 = LINE('',#17254,#17255);
#17254 = CARTESIAN_POINT('',(6.,35.4,2.4));
#17255 = VECTOR('',#17256,1.);
#17256 = DIRECTION('',(0.,0.,1.));
#17257 = PCURVE('',#10435,#17258);
#17258 = DEFINITIONAL_REPRESENTATION('',(#17259),#17263);
#17259 = LINE('',#17260,#17261);
#17260 = CARTESIAN_POINT('',(0.,12.));
#17261 = VECTOR('',#17262,1.);
#17262 = DIRECTION('',(1.,0.));
#17263 = ( GEOMETRIC_REPRESENTATION_CONTEXT(2) 
PARAMETRIC_REPRESENTATION_CONTEXT() REPRESENTATION_CONTEXT('2D SPACE',''
  ) );
#17264 = PCURVE('',#10409,#17265);
#17265 = DEFINITIONAL_REPRESENTATION('',(#17266),#17270);
#17266 = LINE('',#17267,#17268);
#17267 = CARTESIAN_POINT('',(0.,0.));
#17268 = VECTOR('',#17269,1.);
#17269 = DIRECTION('',(1.,0.));
#17270 = ( GEOMETRIC_REPRESENTATION_CONTEXT(2) 
PARAMETRIC_REPRESENTATION_CONTEXT() REPRESENTATION_CONTEXT('2D SPACE',''
  ) );
#17271 = ADVANCED_FACE('',(#17272),#10409,.T.);
#17272 = FACE_BOUND('',#17273,.T.);
#17273 = EDGE_LOOP('',(#17274,#17275,#17276,#17277));
#17274 = ORIENTED_EDGE('',*,*,#17251,.F.);
#17275 = ORIENTED_EDGE('',*,*,#10393,.T.);
#17276 = ORIENTED_EDGE('',*,*,#17202,.T.);
#17277 = ORIENTED_EDGE('',*,*,#17278,.F.);
#17278 = EDGE_CURVE('',#17229,#17180,#17279,.T.);
#17279 = SURFACE_CURVE('',#17280,(#17284,#17291),.PCURVE_S1.);
#17280 = LINE('',#17281,#17282);
#17281 = CARTESIAN_POINT('',(6.,35.4,9.2));
#17282 = VECTOR('',#17283,1.);
#17283 = DIRECTION('',(-0.,1.,0.));
#17284 = PCURVE('',#10409,#17285);
#17285 = DEFINITIONAL_REPRESENTATION('',(#17286),#17290);
#17286 = LINE('',#17287,#17288);
#17287 = CARTESIAN_POINT('',(6.8,0.));
#17288 = VECTOR('',#17289,1.);
#17289 = DIRECTION('',(0.,-1.));
#17290 = ( GEOMETRIC_REPRESENTATION_CONTEXT(2) 
PARAMETRIC_REPRESENTATION_CONTEXT() REPRESENTATION_CONTEXT('2D SPACE',''
  ) );
#17291 = PCURVE('',#17162,#17292);
#17292 = DEFINITIONAL_REPRESENTATION('',(#17293),#17297);
#17293 = LINE('',#17294,#17295);
#17294 = CARTESIAN_POINT('',(12.,0.));
#17295 = VECTOR('',#17296,1.);
#17296 = DIRECTION('',(0.,1.));
#17297 = ( GEOMETRIC_REPRESENTATION_CONTEXT(2) 
PARAMETRIC_REPRESENTATION_CONTEXT() REPRESENTATION_CONTEXT('2D SPACE',''
  ) );
#17298 = ADVANCED_FACE('',(#17299),#10477,.T.);
#17299 = FACE_BOUND('',#17300,.F.);
#17300 = EDGE_LOOP('',(#17301,#17320,#17321,#17322));
#17301 = ORIENTED_EDGE('',*,*,#17302,.F.);
#17302 = EDGE_CURVE('',#15437,#12078,#17303,.T.);
#17303 = SURFACE_CURVE('',#17304,(#17308,#17314),.PCURVE_S1.);
#17304 = LINE('',#17305,#17306);
#17305 = CARTESIAN_POINT('',(37.,-43.4,7.8));
#17306 = VECTOR('',#17307,1.);
#17307 = DIRECTION('',(-0.707106781187,-0.,0.707106781187));
#17308 = PCURVE('',#10477,#17309);
#17309 = DEFINITIONAL_REPRESENTATION('',(#17310),#17313);
#17310 = B_SPLINE_CURVE_WITH_KNOTS('',1,(#17311,#17312),.UNSPECIFIED.,
  .F.,.F.,(2,2),(-0.848528137424,0.848528137424),
  .PIECEWISE_BEZIER_KNOTS.);
#17311 = CARTESIAN_POINT('',(0.,0.));
#17312 = CARTESIAN_POINT('',(0.,-1.2));
#17313 = ( GEOMETRIC_REPRESENTATION_CONTEXT(2) 
PARAMETRIC_REPRESENTATION_CONTEXT() REPRESENTATION_CONTEXT('2D SPACE',''
  ) );
#17314 = PCURVE('',#12114,#17315);
#17315 = DEFINITIONAL_REPRESENTATION('',(#17316),#17319);
#17316 = B_SPLINE_CURVE_WITH_KNOTS('',1,(#17317,#17318),.UNSPECIFIED.,
  .F.,.F.,(2,2),(-0.848528137424,0.848528137424),
  .PIECEWISE_BEZIER_KNOTS.);
#17317 = CARTESIAN_POINT('',(-86.8,-0.848528137424));
#17318 = CARTESIAN_POINT('',(-86.8,0.848528137424));
#17319 = ( GEOMETRIC_REPRESENTATION_CONTEXT(2) 
PARAMETRIC_REPRESENTATION_CONTEXT() REPRESENTATION_CONTEXT('2D SPACE',''
  ) );
#17320 = ORIENTED_EDGE('',*,*,#15461,.T.);
#17321 = ORIENTED_EDGE('',*,*,#10462,.T.);
#17322 = ORIENTED_EDGE('',*,*,#13524,.F.);
#17323 = ADVANCED_FACE('',(#17324,#17354),#10718,.T.);
#17324 = FACE_BOUND('',#17325,.T.);
#17325 = EDGE_LOOP('',(#17326,#17327,#17328,#17329,#17330,#17351,#17352,
    #17353));
#17326 = ORIENTED_EDGE('',*,*,#10702,.F.);
#17327 = ORIENTED_EDGE('',*,*,#16505,.F.);
#17328 = ORIENTED_EDGE('',*,*,#16530,.T.);
#17329 = ORIENTED_EDGE('',*,*,#16658,.F.);
#17330 = ORIENTED_EDGE('',*,*,#17331,.F.);
#17331 = EDGE_CURVE('',#16733,#16631,#17332,.T.);
#17332 = SURFACE_CURVE('',#17333,(#17337,#17344),.PCURVE_S1.);
#17333 = LINE('',#17334,#17335);
#17334 = CARTESIAN_POINT('',(26.4,-21.,10.2));
#17335 = VECTOR('',#17336,1.);
#17336 = DIRECTION('',(-0.,1.,0.));
#17337 = PCURVE('',#10718,#17338);
#17338 = DEFINITIONAL_REPRESENTATION('',(#17339),#17343);
#17339 = LINE('',#17340,#17341);
#17340 = CARTESIAN_POINT('',(0.,0.));
#17341 = VECTOR('',#17342,1.);
#17342 = DIRECTION('',(0.,1.));
#17343 = ( GEOMETRIC_REPRESENTATION_CONTEXT(2) 
PARAMETRIC_REPRESENTATION_CONTEXT() REPRESENTATION_CONTEXT('2D SPACE',''
  ) );
#17344 = PCURVE('',#16646,#17345);
#17345 = DEFINITIONAL_REPRESENTATION('',(#17346),#17350);
#17346 = LINE('',#17347,#17348);
#17347 = CARTESIAN_POINT('',(7.8,0.));
#17348 = VECTOR('',#17349,1.);
#17349 = DIRECTION('',(0.,-1.));
#17350 = ( GEOMETRIC_REPRESENTATION_CONTEXT(2) 
PARAMETRIC_REPRESENTATION_CONTEXT() REPRESENTATION_CONTEXT('2D SPACE',''
  ) );
#17351 = ORIENTED_EDGE('',*,*,#16732,.T.);
#17352 = ORIENTED_EDGE('',*,*,#16846,.T.);
#17353 = ORIENTED_EDGE('',*,*,#16873,.T.);
#17354 = FACE_BOUND('',#17355,.T.);
#17355 = EDGE_LOOP('',(#17356));
#17356 = ORIENTED_EDGE('',*,*,#17357,.F.);
#17357 = EDGE_CURVE('',#17358,#17358,#17360,.T.);
#17358 = VERTEX_POINT('',#17359);
#17359 = CARTESIAN_POINT('',(32.9,-17.,10.2));
#17360 = SURFACE_CURVE('',#17361,(#17366,#17373),.PCURVE_S1.);
#17361 = CIRCLE('',#17362,2.);
#17362 = AXIS2_PLACEMENT_3D('',#17363,#17364,#17365);
#17363 = CARTESIAN_POINT('',(30.9,-17.,10.2));
#17364 = DIRECTION('',(0.,0.,1.));
#17365 = DIRECTION('',(1.,0.,-0.));
#17366 = PCURVE('',#10718,#17367);
#17367 = DEFINITIONAL_REPRESENTATION('',(#17368),#17372);
#17368 = CIRCLE('',#17369,2.);
#17369 = AXIS2_PLACEMENT_2D('',#17370,#17371);
#17370 = CARTESIAN_POINT('',(4.5,4.));
#17371 = DIRECTION('',(1.,0.));
#17372 = ( GEOMETRIC_REPRESENTATION_CONTEXT(2) 
PARAMETRIC_REPRESENTATION_CONTEXT() REPRESENTATION_CONTEXT('2D SPACE',''
  ) );
#17373 = PCURVE('',#17374,#17379);
#17374 = CYLINDRICAL_SURFACE('',#17375,2.);
#17375 = AXIS2_PLACEMENT_3D('',#17376,#17377,#17378);
#17376 = CARTESIAN_POINT('',(30.9,-17.,4.2));
#17377 = DIRECTION('',(0.,0.,1.));
#17378 = DIRECTION('',(1.,0.,-0.));
#17379 = DEFINITIONAL_REPRESENTATION('',(#17380),#17384);
#17380 = LINE('',#17381,#17382);
#17381 = CARTESIAN_POINT('',(0.,6.));
#17382 = VECTOR('',#17383,1.);
#17383 = DIRECTION('',(1.,0.));
#17384 = ( GEOMETRIC_REPRESENTATION_CONTEXT(2) 
PARAMETRIC_REPRESENTATION_CONTEXT() REPRESENTATION_CONTEXT('2D SPACE',''
  ) );
#17385 = ADVANCED_FACE('',(#17386,#17416),#10791,.T.);
#17386 = FACE_BOUND('',#17387,.T.);
#17387 = EDGE_LOOP('',(#17388,#17389,#17390,#17391,#17392,#17413,#17414,
    #17415));
#17388 = ORIENTED_EDGE('',*,*,#10775,.F.);
#17389 = ORIENTED_EDGE('',*,*,#16088,.F.);
#17390 = ORIENTED_EDGE('',*,*,#16113,.T.);
#17391 = ORIENTED_EDGE('',*,*,#16241,.F.);
#17392 = ORIENTED_EDGE('',*,*,#17393,.F.);
#17393 = EDGE_CURVE('',#16316,#16214,#17394,.T.);
#17394 = SURFACE_CURVE('',#17395,(#17399,#17406),.PCURVE_S1.);
#17395 = LINE('',#17396,#17397);
#17396 = CARTESIAN_POINT('',(26.4,13.,10.2));
#17397 = VECTOR('',#17398,1.);
#17398 = DIRECTION('',(-0.,1.,0.));
#17399 = PCURVE('',#10791,#17400);
#17400 = DEFINITIONAL_REPRESENTATION('',(#17401),#17405);
#17401 = LINE('',#17402,#17403);
#17402 = CARTESIAN_POINT('',(0.,0.));
#17403 = VECTOR('',#17404,1.);
#17404 = DIRECTION('',(0.,1.));
#17405 = ( GEOMETRIC_REPRESENTATION_CONTEXT(2) 
PARAMETRIC_REPRESENTATION_CONTEXT() REPRESENTATION_CONTEXT('2D SPACE',''
  ) );
#17406 = PCURVE('',#16229,#17407);
#17407 = DEFINITIONAL_REPRESENTATION('',(#17408),#17412);
#17408 = LINE('',#17409,#17410);
#17409 = CARTESIAN_POINT('',(7.8,0.));
#17410 = VECTOR('',#17411,1.);
#17411 = DIRECTION('',(0.,-1.));
#17412 = ( GEOMETRIC_REPRESENTATION_CONTEXT(2) 
PARAMETRIC_REPRESENTATION_CONTEXT() REPRESENTATION_CONTEXT('2D SPACE',''
  ) );
#17413 = ORIENTED_EDGE('',*,*,#16315,.T.);
#17414 = ORIENTED_EDGE('',*,*,#16429,.T.);
#17415 = ORIENTED_EDGE('',*,*,#16456,.T.);
#17416 = FACE_BOUND('',#17417,.T.);
#17417 = EDGE_LOOP('',(#17418));
#17418 = ORIENTED_EDGE('',*,*,#17419,.F.);
#17419 = EDGE_CURVE('',#17420,#17420,#17422,.T.);
#17420 = VERTEX_POINT('',#17421);
#17421 = CARTESIAN_POINT('',(32.9,17.,10.2));
#17422 = SURFACE_CURVE('',#17423,(#17428,#17435),.PCURVE_S1.);
#17423 = CIRCLE('',#17424,2.);
#17424 = AXIS2_PLACEMENT_3D('',#17425,#17426,#17427);
#17425 = CARTESIAN_POINT('',(30.9,17.,10.2));
#17426 = DIRECTION('',(0.,0.,1.));
#17427 = DIRECTION('',(1.,0.,-0.));
#17428 = PCURVE('',#10791,#17429);
#17429 = DEFINITIONAL_REPRESENTATION('',(#17430),#17434);
#17430 = CIRCLE('',#17431,2.);
#17431 = AXIS2_PLACEMENT_2D('',#17432,#17433);
#17432 = CARTESIAN_POINT('',(4.5,4.));
#17433 = DIRECTION('',(1.,0.));
#17434 = ( GEOMETRIC_REPRESENTATION_CONTEXT(2) 
PARAMETRIC_REPRESENTATION_CONTEXT() REPRESENTATION_CONTEXT('2D SPACE',''
  ) );
#17435 = PCURVE('',#17436,#17441);
#17436 = CYLINDRICAL_SURFACE('',#17437,2.);
#17437 = AXIS2_PLACEMENT_3D('',#17438,#17439,#17440);
#17438 = CARTESIAN_POINT('',(30.9,17.,4.2));
#17439 = DIRECTION('',(0.,0.,1.));
#17440 = DIRECTION('',(1.,0.,-0.));
#17441 = DEFINITIONAL_REPRESENTATION('',(#17442),#17446);
#17442 = LINE('',#17443,#17444);
#17443 = CARTESIAN_POINT('',(0.,6.));
#17444 = VECTOR('',#17445,1.);
#17445 = DIRECTION('',(1.,0.));
#17446 = ( GEOMETRIC_REPRESENTATION_CONTEXT(2) 
PARAMETRIC_REPRESENTATION_CONTEXT() REPRESENTATION_CONTEXT('2D SPACE',''
  ) );
#17447 = ADVANCED_FACE('',(#17448),#10864,.F.);
#17448 = FACE_BOUND('',#17449,.F.);
#17449 = EDGE_LOOP('',(#17450,#17451,#17472,#17473));
#17450 = ORIENTED_EDGE('',*,*,#10847,.T.);
#17451 = ORIENTED_EDGE('',*,*,#17452,.T.);
#17452 = EDGE_CURVE('',#10850,#12483,#17453,.T.);
#17453 = SURFACE_CURVE('',#17454,(#17458,#17465),.PCURVE_S1.);
#17454 = LINE('',#17455,#17456);
#17455 = CARTESIAN_POINT('',(33.5,14.917790391812,18.016326216868));
#17456 = VECTOR('',#17457,1.);
#17457 = DIRECTION('',(1.,0.,-0.));
#17458 = PCURVE('',#10864,#17459);
#17459 = DEFINITIONAL_REPRESENTATION('',(#17460),#17464);
#17460 = LINE('',#17461,#17462);
#17461 = CARTESIAN_POINT('',(0.,0.));
#17462 = VECTOR('',#17463,1.);
#17463 = DIRECTION('',(0.,-1.));
#17464 = ( GEOMETRIC_REPRESENTATION_CONTEXT(2) 
PARAMETRIC_REPRESENTATION_CONTEXT() REPRESENTATION_CONTEXT('2D SPACE',''
  ) );
#17465 = PCURVE('',#10953,#17466);
#17466 = DEFINITIONAL_REPRESENTATION('',(#17467),#17471);
#17467 = LINE('',#17468,#17469);
#17468 = CARTESIAN_POINT('',(4.712388980385,0.));
#17469 = VECTOR('',#17470,1.);
#17470 = DIRECTION('',(0.,-1.));
#17471 = ( GEOMETRIC_REPRESENTATION_CONTEXT(2) 
PARAMETRIC_REPRESENTATION_CONTEXT() REPRESENTATION_CONTEXT('2D SPACE',''
  ) );
#17472 = ORIENTED_EDGE('',*,*,#12480,.F.);
#17473 = ORIENTED_EDGE('',*,*,#17474,.F.);
#17474 = EDGE_CURVE('',#10848,#12481,#17475,.T.);
#17475 = SURFACE_CURVE('',#17476,(#17480,#17487),.PCURVE_S1.);
#17476 = LINE('',#17477,#17478);
#17477 = CARTESIAN_POINT('',(33.5,17.7070709193,23.99795761131));
#17478 = VECTOR('',#17479,1.);
#17479 = DIRECTION('',(1.,0.,-0.));
#17480 = PCURVE('',#10864,#17481);
#17481 = DEFINITIONAL_REPRESENTATION('',(#17482),#17486);
#17482 = LINE('',#17483,#17484);
#17483 = CARTESIAN_POINT('',(6.6,0.));
#17484 = VECTOR('',#17485,1.);
#17485 = DIRECTION('',(0.,-1.));
#17486 = ( GEOMETRIC_REPRESENTATION_CONTEXT(2) 
PARAMETRIC_REPRESENTATION_CONTEXT() REPRESENTATION_CONTEXT('2D SPACE',''
  ) );
#17487 = PCURVE('',#10896,#17488);
#17488 = DEFINITIONAL_REPRESENTATION('',(#17489),#17493);
#17489 = LINE('',#17490,#17491);
#17490 = CARTESIAN_POINT('',(1.570796326795,0.));
#17491 = VECTOR('',#17492,1.);
#17492 = DIRECTION('',(0.,-1.));
#17493 = ( GEOMETRIC_REPRESENTATION_CONTEXT(2) 
PARAMETRIC_REPRESENTATION_CONTEXT() REPRESENTATION_CONTEXT('2D SPACE',''
  ) );
#17494 = ADVANCED_FACE('',(#17495),#10896,.F.);
#17495 = FACE_BOUND('',#17496,.F.);
#17496 = EDGE_LOOP('',(#17497,#17498,#17499,#17500));
#17497 = ORIENTED_EDGE('',*,*,#10875,.F.);
#17498 = ORIENTED_EDGE('',*,*,#17474,.T.);
#17499 = ORIENTED_EDGE('',*,*,#12503,.T.);
#17500 = ORIENTED_EDGE('',*,*,#17501,.F.);
#17501 = EDGE_CURVE('',#10876,#12504,#17502,.T.);
#17502 = SURFACE_CURVE('',#17503,(#17507,#17514),.PCURVE_S1.);
#17503 = LINE('',#17504,#17505);
#17504 = CARTESIAN_POINT('',(33.5,19.882209608188,22.983673783132));
#17505 = VECTOR('',#17506,1.);
#17506 = DIRECTION('',(1.,0.,-0.));
#17507 = PCURVE('',#10896,#17508);
#17508 = DEFINITIONAL_REPRESENTATION('',(#17509),#17513);
#17509 = LINE('',#17510,#17511);
#17510 = CARTESIAN_POINT('',(4.712388980385,0.));
#17511 = VECTOR('',#17512,1.);
#17512 = DIRECTION('',(0.,-1.));
#17513 = ( GEOMETRIC_REPRESENTATION_CONTEXT(2) 
PARAMETRIC_REPRESENTATION_CONTEXT() REPRESENTATION_CONTEXT('2D SPACE',''
  ) );
#17514 = PCURVE('',#10923,#17515);
#17515 = DEFINITIONAL_REPRESENTATION('',(#17516),#17520);
#17516 = LINE('',#17517,#17518);
#17517 = CARTESIAN_POINT('',(3.3,0.));
#17518 = VECTOR('',#17519,1.);
#17519 = DIRECTION('',(0.,-1.));
#17520 = ( GEOMETRIC_REPRESENTATION_CONTEXT(2) 
PARAMETRIC_REPRESENTATION_CONTEXT() REPRESENTATION_CONTEXT('2D SPACE',''
  ) );
#17521 = ADVANCED_FACE('',(#17522),#10923,.T.);
#17522 = FACE_BOUND('',#17523,.T.);
#17523 = EDGE_LOOP('',(#17524,#17525,#17526,#17547));
#17524 = ORIENTED_EDGE('',*,*,#17501,.F.);
#17525 = ORIENTED_EDGE('',*,*,#10908,.T.);
#17526 = ORIENTED_EDGE('',*,*,#17527,.T.);
#17527 = EDGE_CURVE('',#10909,#12532,#17528,.T.);
#17528 = SURFACE_CURVE('',#17529,(#17533,#17540),.PCURVE_S1.);
#17529 = LINE('',#17530,#17531);
#17530 = CARTESIAN_POINT('',(33.5,17.0929290807,17.00204238869));
#17531 = VECTOR('',#17532,1.);
#17532 = DIRECTION('',(1.,0.,-0.));
#17533 = PCURVE('',#10923,#17534);
#17534 = DEFINITIONAL_REPRESENTATION('',(#17535),#17539);
#17535 = LINE('',#17536,#17537);
#17536 = CARTESIAN_POINT('',(-3.3,-0.));
#17537 = VECTOR('',#17538,1.);
#17538 = DIRECTION('',(0.,-1.));
#17539 = ( GEOMETRIC_REPRESENTATION_CONTEXT(2) 
PARAMETRIC_REPRESENTATION_CONTEXT() REPRESENTATION_CONTEXT('2D SPACE',''
  ) );
#17540 = PCURVE('',#10953,#17541);
#17541 = DEFINITIONAL_REPRESENTATION('',(#17542),#17546);
#17542 = LINE('',#17543,#17544);
#17543 = CARTESIAN_POINT('',(1.570796326795,0.));
#17544 = VECTOR('',#17545,1.);
#17545 = DIRECTION('',(0.,-1.));
#17546 = ( GEOMETRIC_REPRESENTATION_CONTEXT(2) 
PARAMETRIC_REPRESENTATION_CONTEXT() REPRESENTATION_CONTEXT('2D SPACE',''
  ) );
#17547 = ORIENTED_EDGE('',*,*,#12531,.F.);
#17548 = ADVANCED_FACE('',(#17549),#10953,.F.);
#17549 = FACE_BOUND('',#17550,.F.);
#17550 = EDGE_LOOP('',(#17551,#17552,#17553,#17554));
#17551 = ORIENTED_EDGE('',*,*,#10934,.F.);
#17552 = ORIENTED_EDGE('',*,*,#17527,.T.);
#17553 = ORIENTED_EDGE('',*,*,#12552,.T.);
#17554 = ORIENTED_EDGE('',*,*,#17452,.F.);
#17555 = ADVANCED_FACE('',(#17556),#10984,.F.);
#17556 = FACE_BOUND('',#17557,.F.);
#17557 = EDGE_LOOP('',(#17558,#17559,#17580,#17581));
#17558 = ORIENTED_EDGE('',*,*,#10967,.T.);
#17559 = ORIENTED_EDGE('',*,*,#17560,.T.);
#17560 = EDGE_CURVE('',#10970,#12583,#17561,.T.);
#17561 = SURFACE_CURVE('',#17562,(#17566,#17573),.PCURVE_S1.);
#17562 = LINE('',#17563,#17564);
#17563 = CARTESIAN_POINT('',(33.5,9.117790391812,18.016326216868));
#17564 = VECTOR('',#17565,1.);
#17565 = DIRECTION('',(1.,0.,-0.));
#17566 = PCURVE('',#10984,#17567);
#17567 = DEFINITIONAL_REPRESENTATION('',(#17568),#17572);
#17568 = LINE('',#17569,#17570);
#17569 = CARTESIAN_POINT('',(0.,0.));
#17570 = VECTOR('',#17571,1.);
#17571 = DIRECTION('',(0.,-1.));
#17572 = ( GEOMETRIC_REPRESENTATION_CONTEXT(2) 
PARAMETRIC_REPRESENTATION_CONTEXT() REPRESENTATION_CONTEXT('2D SPACE',''
  ) );
#17573 = PCURVE('',#11073,#17574);
#17574 = DEFINITIONAL_REPRESENTATION('',(#17575),#17579);
#17575 = LINE('',#17576,#17577);
#17576 = CARTESIAN_POINT('',(4.712388980385,0.));
#17577 = VECTOR('',#17578,1.);
#17578 = DIRECTION('',(0.,-1.));
#17579 = ( GEOMETRIC_REPRESENTATION_CONTEXT(2) 
PARAMETRIC_REPRESENTATION_CONTEXT() REPRESENTATION_CONTEXT('2D SPACE',''
  ) );
#17580 = ORIENTED_EDGE('',*,*,#12580,.F.);
#17581 = ORIENTED_EDGE('',*,*,#17582,.F.);
#17582 = EDGE_CURVE('',#10968,#12581,#17583,.T.);
#17583 = SURFACE_CURVE('',#17584,(#17588,#17595),.PCURVE_S1.);
#17584 = LINE('',#17585,#17586);
#17585 = CARTESIAN_POINT('',(33.5,11.9070709193,23.99795761131));
#17586 = VECTOR('',#17587,1.);
#17587 = DIRECTION('',(1.,0.,-0.));
#17588 = PCURVE('',#10984,#17589);
#17589 = DEFINITIONAL_REPRESENTATION('',(#17590),#17594);
#17590 = LINE('',#17591,#17592);
#17591 = CARTESIAN_POINT('',(6.6,0.));
#17592 = VECTOR('',#17593,1.);
#17593 = DIRECTION('',(0.,-1.));
#17594 = ( GEOMETRIC_REPRESENTATION_CONTEXT(2) 
PARAMETRIC_REPRESENTATION_CONTEXT() REPRESENTATION_CONTEXT('2D SPACE',''
  ) );
#17595 = PCURVE('',#11016,#17596);
#17596 = DEFINITIONAL_REPRESENTATION('',(#17597),#17601);
#17597 = LINE('',#17598,#17599);
#17598 = CARTESIAN_POINT('',(1.570796326795,0.));
#17599 = VECTOR('',#17600,1.);
#17600 = DIRECTION('',(0.,-1.));
#17601 = ( GEOMETRIC_REPRESENTATION_CONTEXT(2) 
PARAMETRIC_REPRESENTATION_CONTEXT() REPRESENTATION_CONTEXT('2D SPACE',''
  ) );
#17602 = ADVANCED_FACE('',(#17603),#11016,.F.);
#17603 = FACE_BOUND('',#17604,.F.);
#17604 = EDGE_LOOP('',(#17605,#17606,#17607,#17608));
#17605 = ORIENTED_EDGE('',*,*,#10995,.F.);
#17606 = ORIENTED_EDGE('',*,*,#17582,.T.);
#17607 = ORIENTED_EDGE('',*,*,#12603,.T.);
#17608 = ORIENTED_EDGE('',*,*,#17609,.F.);
#17609 = EDGE_CURVE('',#10996,#12604,#17610,.T.);
#17610 = SURFACE_CURVE('',#17611,(#17615,#17622),.PCURVE_S1.);
#17611 = LINE('',#17612,#17613);
#17612 = CARTESIAN_POINT('',(33.5,14.082209608188,22.983673783132));
#17613 = VECTOR('',#17614,1.);
#17614 = DIRECTION('',(1.,0.,-0.));
#17615 = PCURVE('',#11016,#17616);
#17616 = DEFINITIONAL_REPRESENTATION('',(#17617),#17621);
#17617 = LINE('',#17618,#17619);
#17618 = CARTESIAN_POINT('',(4.712388980385,0.));
#17619 = VECTOR('',#17620,1.);
#17620 = DIRECTION('',(0.,-1.));
#17621 = ( GEOMETRIC_REPRESENTATION_CONTEXT(2) 
PARAMETRIC_REPRESENTATION_CONTEXT() REPRESENTATION_CONTEXT('2D SPACE',''
  ) );
#17622 = PCURVE('',#11043,#17623);
#17623 = DEFINITIONAL_REPRESENTATION('',(#17624),#17628);
#17624 = LINE('',#17625,#17626);
#17625 = CARTESIAN_POINT('',(3.3,0.));
#17626 = VECTOR('',#17627,1.);
#17627 = DIRECTION('',(0.,-1.));
#17628 = ( GEOMETRIC_REPRESENTATION_CONTEXT(2) 
PARAMETRIC_REPRESENTATION_CONTEXT() REPRESENTATION_CONTEXT('2D SPACE',''
  ) );
#17629 = ADVANCED_FACE('',(#17630),#11043,.T.);
#17630 = FACE_BOUND('',#17631,.T.);
#17631 = EDGE_LOOP('',(#17632,#17633,#17634,#17655));
#17632 = ORIENTED_EDGE('',*,*,#17609,.F.);
#17633 = ORIENTED_EDGE('',*,*,#11028,.T.);
#17634 = ORIENTED_EDGE('',*,*,#17635,.T.);
#17635 = EDGE_CURVE('',#11029,#12632,#17636,.T.);
#17636 = SURFACE_CURVE('',#17637,(#17641,#17648),.PCURVE_S1.);
#17637 = LINE('',#17638,#17639);
#17638 = CARTESIAN_POINT('',(33.5,11.2929290807,17.00204238869));
#17639 = VECTOR('',#17640,1.);
#17640 = DIRECTION('',(1.,0.,-0.));
#17641 = PCURVE('',#11043,#17642);
#17642 = DEFINITIONAL_REPRESENTATION('',(#17643),#17647);
#17643 = LINE('',#17644,#17645);
#17644 = CARTESIAN_POINT('',(-3.3,-0.));
#17645 = VECTOR('',#17646,1.);
#17646 = DIRECTION('',(0.,-1.));
#17647 = ( GEOMETRIC_REPRESENTATION_CONTEXT(2) 
PARAMETRIC_REPRESENTATION_CONTEXT() REPRESENTATION_CONTEXT('2D SPACE',''
  ) );
#17648 = PCURVE('',#11073,#17649);
#17649 = DEFINITIONAL_REPRESENTATION('',(#17650),#17654);
#17650 = LINE('',#17651,#17652);
#17651 = CARTESIAN_POINT('',(1.570796326795,0.));
#17652 = VECTOR('',#17653,1.);
#17653 = DIRECTION('',(0.,-1.));
#17654 = ( GEOMETRIC_REPRESENTATION_CONTEXT(2) 
PARAMETRIC_REPRESENTATION_CONTEXT() REPRESENTATION_CONTEXT('2D SPACE',''
  ) );
#17655 = ORIENTED_EDGE('',*,*,#12631,.F.);
#17656 = ADVANCED_FACE('',(#17657),#11073,.F.);
#17657 = FACE_BOUND('',#17658,.F.);
#17658 = EDGE_LOOP('',(#17659,#17660,#17661,#17662));
#17659 = ORIENTED_EDGE('',*,*,#11054,.F.);
#17660 = ORIENTED_EDGE('',*,*,#17635,.T.);
#17661 = ORIENTED_EDGE('',*,*,#12652,.T.);
#17662 = ORIENTED_EDGE('',*,*,#17560,.F.);
#17663 = ADVANCED_FACE('',(#17664),#11104,.F.);
#17664 = FACE_BOUND('',#17665,.F.);
#17665 = EDGE_LOOP('',(#17666,#17667,#17688,#17689));
#17666 = ORIENTED_EDGE('',*,*,#11087,.T.);
#17667 = ORIENTED_EDGE('',*,*,#17668,.T.);
#17668 = EDGE_CURVE('',#11090,#12683,#17669,.T.);
#17669 = SURFACE_CURVE('',#17670,(#17674,#17681),.PCURVE_S1.);
#17670 = LINE('',#17671,#17672);
#17671 = CARTESIAN_POINT('',(33.5,3.317790391812,18.016326216868));
#17672 = VECTOR('',#17673,1.);
#17673 = DIRECTION('',(1.,0.,-0.));
#17674 = PCURVE('',#11104,#17675);
#17675 = DEFINITIONAL_REPRESENTATION('',(#17676),#17680);
#17676 = LINE('',#17677,#17678);
#17677 = CARTESIAN_POINT('',(0.,0.));
#17678 = VECTOR('',#17679,1.);
#17679 = DIRECTION('',(0.,-1.));
#17680 = ( GEOMETRIC_REPRESENTATION_CONTEXT(2) 
PARAMETRIC_REPRESENTATION_CONTEXT() REPRESENTATION_CONTEXT('2D SPACE',''
  ) );
#17681 = PCURVE('',#11193,#17682);
#17682 = DEFINITIONAL_REPRESENTATION('',(#17683),#17687);
#17683 = LINE('',#17684,#17685);
#17684 = CARTESIAN_POINT('',(4.712388980385,0.));
#17685 = VECTOR('',#17686,1.);
#17686 = DIRECTION('',(0.,-1.));
#17687 = ( GEOMETRIC_REPRESENTATION_CONTEXT(2) 
PARAMETRIC_REPRESENTATION_CONTEXT() REPRESENTATION_CONTEXT('2D SPACE',''
  ) );
#17688 = ORIENTED_EDGE('',*,*,#12680,.F.);
#17689 = ORIENTED_EDGE('',*,*,#17690,.F.);
#17690 = EDGE_CURVE('',#11088,#12681,#17691,.T.);
#17691 = SURFACE_CURVE('',#17692,(#17696,#17703),.PCURVE_S1.);
#17692 = LINE('',#17693,#17694);
#17693 = CARTESIAN_POINT('',(33.5,6.1070709193,23.99795761131));
#17694 = VECTOR('',#17695,1.);
#17695 = DIRECTION('',(1.,0.,-0.));
#17696 = PCURVE('',#11104,#17697);
#17697 = DEFINITIONAL_REPRESENTATION('',(#17698),#17702);
#17698 = LINE('',#17699,#17700);
#17699 = CARTESIAN_POINT('',(6.6,0.));
#17700 = VECTOR('',#17701,1.);
#17701 = DIRECTION('',(0.,-1.));
#17702 = ( GEOMETRIC_REPRESENTATION_CONTEXT(2) 
PARAMETRIC_REPRESENTATION_CONTEXT() REPRESENTATION_CONTEXT('2D SPACE',''
  ) );
#17703 = PCURVE('',#11136,#17704);
#17704 = DEFINITIONAL_REPRESENTATION('',(#17705),#17709);
#17705 = LINE('',#17706,#17707);
#17706 = CARTESIAN_POINT('',(1.570796326795,0.));
#17707 = VECTOR('',#17708,1.);
#17708 = DIRECTION('',(0.,-1.));
#17709 = ( GEOMETRIC_REPRESENTATION_CONTEXT(2) 
PARAMETRIC_REPRESENTATION_CONTEXT() REPRESENTATION_CONTEXT('2D SPACE',''
  ) );
#17710 = ADVANCED_FACE('',(#17711),#11136,.F.);
#17711 = FACE_BOUND('',#17712,.F.);
#17712 = EDGE_LOOP('',(#17713,#17714,#17715,#17716));
#17713 = ORIENTED_EDGE('',*,*,#11115,.F.);
#17714 = ORIENTED_EDGE('',*,*,#17690,.T.);
#17715 = ORIENTED_EDGE('',*,*,#12703,.T.);
#17716 = ORIENTED_EDGE('',*,*,#17717,.F.);
#17717 = EDGE_CURVE('',#11116,#12704,#17718,.T.);
#17718 = SURFACE_CURVE('',#17719,(#17723,#17730),.PCURVE_S1.);
#17719 = LINE('',#17720,#17721);
#17720 = CARTESIAN_POINT('',(33.5,8.282209608188,22.983673783132));
#17721 = VECTOR('',#17722,1.);
#17722 = DIRECTION('',(1.,0.,-0.));
#17723 = PCURVE('',#11136,#17724);
#17724 = DEFINITIONAL_REPRESENTATION('',(#17725),#17729);
#17725 = LINE('',#17726,#17727);
#17726 = CARTESIAN_POINT('',(4.712388980385,0.));
#17727 = VECTOR('',#17728,1.);
#17728 = DIRECTION('',(0.,-1.));
#17729 = ( GEOMETRIC_REPRESENTATION_CONTEXT(2) 
PARAMETRIC_REPRESENTATION_CONTEXT() REPRESENTATION_CONTEXT('2D SPACE',''
  ) );
#17730 = PCURVE('',#11163,#17731);
#17731 = DEFINITIONAL_REPRESENTATION('',(#17732),#17736);
#17732 = LINE('',#17733,#17734);
#17733 = CARTESIAN_POINT('',(3.3,0.));
#17734 = VECTOR('',#17735,1.);
#17735 = DIRECTION('',(0.,-1.));
#17736 = ( GEOMETRIC_REPRESENTATION_CONTEXT(2) 
PARAMETRIC_REPRESENTATION_CONTEXT() REPRESENTATION_CONTEXT('2D SPACE',''
  ) );
#17737 = ADVANCED_FACE('',(#17738),#11163,.T.);
#17738 = FACE_BOUND('',#17739,.T.);
#17739 = EDGE_LOOP('',(#17740,#17741,#17742,#17763));
#17740 = ORIENTED_EDGE('',*,*,#17717,.F.);
#17741 = ORIENTED_EDGE('',*,*,#11148,.T.);
#17742 = ORIENTED_EDGE('',*,*,#17743,.T.);
#17743 = EDGE_CURVE('',#11149,#12732,#17744,.T.);
#17744 = SURFACE_CURVE('',#17745,(#17749,#17756),.PCURVE_S1.);
#17745 = LINE('',#17746,#17747);
#17746 = CARTESIAN_POINT('',(33.5,5.4929290807,17.00204238869));
#17747 = VECTOR('',#17748,1.);
#17748 = DIRECTION('',(1.,0.,-0.));
#17749 = PCURVE('',#11163,#17750);
#17750 = DEFINITIONAL_REPRESENTATION('',(#17751),#17755);
#17751 = LINE('',#17752,#17753);
#17752 = CARTESIAN_POINT('',(-3.3,-0.));
#17753 = VECTOR('',#17754,1.);
#17754 = DIRECTION('',(0.,-1.));
#17755 = ( GEOMETRIC_REPRESENTATION_CONTEXT(2) 
PARAMETRIC_REPRESENTATION_CONTEXT() REPRESENTATION_CONTEXT('2D SPACE',''
  ) );
#17756 = PCURVE('',#11193,#17757);
#17757 = DEFINITIONAL_REPRESENTATION('',(#17758),#17762);
#17758 = LINE('',#17759,#17760);
#17759 = CARTESIAN_POINT('',(1.570796326795,0.));
#17760 = VECTOR('',#17761,1.);
#17761 = DIRECTION('',(0.,-1.));
#17762 = ( GEOMETRIC_REPRESENTATION_CONTEXT(2) 
PARAMETRIC_REPRESENTATION_CONTEXT() REPRESENTATION_CONTEXT('2D SPACE',''
  ) );
#17763 = ORIENTED_EDGE('',*,*,#12731,.F.);
#17764 = ADVANCED_FACE('',(#17765),#11193,.F.);
#17765 = FACE_BOUND('',#17766,.F.);
#17766 = EDGE_LOOP('',(#17767,#17768,#17769,#17770));
#17767 = ORIENTED_EDGE('',*,*,#11174,.F.);
#17768 = ORIENTED_EDGE('',*,*,#17743,.T.);
#17769 = ORIENTED_EDGE('',*,*,#12752,.T.);
#17770 = ORIENTED_EDGE('',*,*,#17668,.F.);
#17771 = ADVANCED_FACE('',(#17772),#11224,.F.);
#17772 = FACE_BOUND('',#17773,.F.);
#17773 = EDGE_LOOP('',(#17774,#17775,#17796,#17797));
#17774 = ORIENTED_EDGE('',*,*,#11207,.T.);
#17775 = ORIENTED_EDGE('',*,*,#17776,.T.);
#17776 = EDGE_CURVE('',#11210,#12783,#17777,.T.);
#17777 = SURFACE_CURVE('',#17778,(#17782,#17789),.PCURVE_S1.);
#17778 = LINE('',#17779,#17780);
#17779 = CARTESIAN_POINT('',(33.5,-2.482209608188,18.016326216868));
#17780 = VECTOR('',#17781,1.);
#17781 = DIRECTION('',(1.,0.,-0.));
#17782 = PCURVE('',#11224,#17783);
#17783 = DEFINITIONAL_REPRESENTATION('',(#17784),#17788);
#17784 = LINE('',#17785,#17786);
#17785 = CARTESIAN_POINT('',(0.,0.));
#17786 = VECTOR('',#17787,1.);
#17787 = DIRECTION('',(0.,-1.));
#17788 = ( GEOMETRIC_REPRESENTATION_CONTEXT(2) 
PARAMETRIC_REPRESENTATION_CONTEXT() REPRESENTATION_CONTEXT('2D SPACE',''
  ) );
#17789 = PCURVE('',#11313,#17790);
#17790 = DEFINITIONAL_REPRESENTATION('',(#17791),#17795);
#17791 = LINE('',#17792,#17793);
#17792 = CARTESIAN_POINT('',(4.712388980385,0.));
#17793 = VECTOR('',#17794,1.);
#17794 = DIRECTION('',(0.,-1.));
#17795 = ( GEOMETRIC_REPRESENTATION_CONTEXT(2) 
PARAMETRIC_REPRESENTATION_CONTEXT() REPRESENTATION_CONTEXT('2D SPACE',''
  ) );
#17796 = ORIENTED_EDGE('',*,*,#12780,.F.);
#17797 = ORIENTED_EDGE('',*,*,#17798,.F.);
#17798 = EDGE_CURVE('',#11208,#12781,#17799,.T.);
#17799 = SURFACE_CURVE('',#17800,(#17804,#17811),.PCURVE_S1.);
#17800 = LINE('',#17801,#17802);
#17801 = CARTESIAN_POINT('',(33.5,0.3070709193,23.99795761131));
#17802 = VECTOR('',#17803,1.);
#17803 = DIRECTION('',(1.,0.,-0.));
#17804 = PCURVE('',#11224,#17805);
#17805 = DEFINITIONAL_REPRESENTATION('',(#17806),#17810);
#17806 = LINE('',#17807,#17808);
#17807 = CARTESIAN_POINT('',(6.6,0.));
#17808 = VECTOR('',#17809,1.);
#17809 = DIRECTION('',(0.,-1.));
#17810 = ( GEOMETRIC_REPRESENTATION_CONTEXT(2) 
PARAMETRIC_REPRESENTATION_CONTEXT() REPRESENTATION_CONTEXT('2D SPACE',''
  ) );
#17811 = PCURVE('',#11256,#17812);
#17812 = DEFINITIONAL_REPRESENTATION('',(#17813),#17817);
#17813 = LINE('',#17814,#17815);
#17814 = CARTESIAN_POINT('',(1.570796326795,0.));
#17815 = VECTOR('',#17816,1.);
#17816 = DIRECTION('',(0.,-1.));
#17817 = ( GEOMETRIC_REPRESENTATION_CONTEXT(2) 
PARAMETRIC_REPRESENTATION_CONTEXT() REPRESENTATION_CONTEXT('2D SPACE',''
  ) );
#17818 = ADVANCED_FACE('',(#17819),#11256,.F.);
#17819 = FACE_BOUND('',#17820,.F.);
#17820 = EDGE_LOOP('',(#17821,#17822,#17823,#17824));
#17821 = ORIENTED_EDGE('',*,*,#11235,.F.);
#17822 = ORIENTED_EDGE('',*,*,#17798,.T.);
#17823 = ORIENTED_EDGE('',*,*,#12803,.T.);
#17824 = ORIENTED_EDGE('',*,*,#17825,.F.);
#17825 = EDGE_CURVE('',#11236,#12804,#17826,.T.);
#17826 = SURFACE_CURVE('',#17827,(#17831,#17838),.PCURVE_S1.);
#17827 = LINE('',#17828,#17829);
#17828 = CARTESIAN_POINT('',(33.5,2.482209608188,22.983673783132));
#17829 = VECTOR('',#17830,1.);
#17830 = DIRECTION('',(1.,0.,-0.));
#17831 = PCURVE('',#11256,#17832);
#17832 = DEFINITIONAL_REPRESENTATION('',(#17833),#17837);
#17833 = LINE('',#17834,#17835);
#17834 = CARTESIAN_POINT('',(4.712388980385,0.));
#17835 = VECTOR('',#17836,1.);
#17836 = DIRECTION('',(0.,-1.));
#17837 = ( GEOMETRIC_REPRESENTATION_CONTEXT(2) 
PARAMETRIC_REPRESENTATION_CONTEXT() REPRESENTATION_CONTEXT('2D SPACE',''
  ) );
#17838 = PCURVE('',#11283,#17839);
#17839 = DEFINITIONAL_REPRESENTATION('',(#17840),#17844);
#17840 = LINE('',#17841,#17842);
#17841 = CARTESIAN_POINT('',(3.3,0.));
#17842 = VECTOR('',#17843,1.);
#17843 = DIRECTION('',(0.,-1.));
#17844 = ( GEOMETRIC_REPRESENTATION_CONTEXT(2) 
PARAMETRIC_REPRESENTATION_CONTEXT() REPRESENTATION_CONTEXT('2D SPACE',''
  ) );
#17845 = ADVANCED_FACE('',(#17846),#11283,.T.);
#17846 = FACE_BOUND('',#17847,.T.);
#17847 = EDGE_LOOP('',(#17848,#17849,#17850,#17871));
#17848 = ORIENTED_EDGE('',*,*,#17825,.F.);
#17849 = ORIENTED_EDGE('',*,*,#11268,.T.);
#17850 = ORIENTED_EDGE('',*,*,#17851,.T.);
#17851 = EDGE_CURVE('',#11269,#12832,#17852,.T.);
#17852 = SURFACE_CURVE('',#17853,(#17857,#17864),.PCURVE_S1.);
#17853 = LINE('',#17854,#17855);
#17854 = CARTESIAN_POINT('',(33.5,-0.3070709193,17.00204238869));
#17855 = VECTOR('',#17856,1.);
#17856 = DIRECTION('',(1.,0.,-0.));
#17857 = PCURVE('',#11283,#17858);
#17858 = DEFINITIONAL_REPRESENTATION('',(#17859),#17863);
#17859 = LINE('',#17860,#17861);
#17860 = CARTESIAN_POINT('',(-3.3,-0.));
#17861 = VECTOR('',#17862,1.);
#17862 = DIRECTION('',(0.,-1.));
#17863 = ( GEOMETRIC_REPRESENTATION_CONTEXT(2) 
PARAMETRIC_REPRESENTATION_CONTEXT() REPRESENTATION_CONTEXT('2D SPACE',''
  ) );
#17864 = PCURVE('',#11313,#17865);
#17865 = DEFINITIONAL_REPRESENTATION('',(#17866),#17870);
#17866 = LINE('',#17867,#17868);
#17867 = CARTESIAN_POINT('',(1.570796326795,0.));
#17868 = VECTOR('',#17869,1.);
#17869 = DIRECTION('',(0.,-1.));
#17870 = ( GEOMETRIC_REPRESENTATION_CONTEXT(2) 
PARAMETRIC_REPRESENTATION_CONTEXT() REPRESENTATION_CONTEXT('2D SPACE',''
  ) );
#17871 = ORIENTED_EDGE('',*,*,#12831,.F.);
#17872 = ADVANCED_FACE('',(#17873),#11313,.F.);
#17873 = FACE_BOUND('',#17874,.F.);
#17874 = EDGE_LOOP('',(#17875,#17876,#17877,#17878));
#17875 = ORIENTED_EDGE('',*,*,#11294,.F.);
#17876 = ORIENTED_EDGE('',*,*,#17851,.T.);
#17877 = ORIENTED_EDGE('',*,*,#12852,.T.);
#17878 = ORIENTED_EDGE('',*,*,#17776,.F.);
#17879 = ADVANCED_FACE('',(#17880),#11344,.F.);
#17880 = FACE_BOUND('',#17881,.F.);
#17881 = EDGE_LOOP('',(#17882,#17883,#17904,#17905));
#17882 = ORIENTED_EDGE('',*,*,#11327,.T.);
#17883 = ORIENTED_EDGE('',*,*,#17884,.T.);
#17884 = EDGE_CURVE('',#11330,#12883,#17885,.T.);
#17885 = SURFACE_CURVE('',#17886,(#17890,#17897),.PCURVE_S1.);
#17886 = LINE('',#17887,#17888);
#17887 = CARTESIAN_POINT('',(33.5,-8.282209608188,18.016326216868));
#17888 = VECTOR('',#17889,1.);
#17889 = DIRECTION('',(1.,0.,-0.));
#17890 = PCURVE('',#11344,#17891);
#17891 = DEFINITIONAL_REPRESENTATION('',(#17892),#17896);
#17892 = LINE('',#17893,#17894);
#17893 = CARTESIAN_POINT('',(0.,0.));
#17894 = VECTOR('',#17895,1.);
#17895 = DIRECTION('',(0.,-1.));
#17896 = ( GEOMETRIC_REPRESENTATION_CONTEXT(2) 
PARAMETRIC_REPRESENTATION_CONTEXT() REPRESENTATION_CONTEXT('2D SPACE',''
  ) );
#17897 = PCURVE('',#11433,#17898);
#17898 = DEFINITIONAL_REPRESENTATION('',(#17899),#17903);
#17899 = LINE('',#17900,#17901);
#17900 = CARTESIAN_POINT('',(4.712388980385,0.));
#17901 = VECTOR('',#17902,1.);
#17902 = DIRECTION('',(0.,-1.));
#17903 = ( GEOMETRIC_REPRESENTATION_CONTEXT(2) 
PARAMETRIC_REPRESENTATION_CONTEXT() REPRESENTATION_CONTEXT('2D SPACE',''
  ) );
#17904 = ORIENTED_EDGE('',*,*,#12880,.F.);
#17905 = ORIENTED_EDGE('',*,*,#17906,.F.);
#17906 = EDGE_CURVE('',#11328,#12881,#17907,.T.);
#17907 = SURFACE_CURVE('',#17908,(#17912,#17919),.PCURVE_S1.);
#17908 = LINE('',#17909,#17910);
#17909 = CARTESIAN_POINT('',(33.5,-5.4929290807,23.99795761131));
#17910 = VECTOR('',#17911,1.);
#17911 = DIRECTION('',(1.,0.,-0.));
#17912 = PCURVE('',#11344,#17913);
#17913 = DEFINITIONAL_REPRESENTATION('',(#17914),#17918);
#17914 = LINE('',#17915,#17916);
#17915 = CARTESIAN_POINT('',(6.6,0.));
#17916 = VECTOR('',#17917,1.);
#17917 = DIRECTION('',(0.,-1.));
#17918 = ( GEOMETRIC_REPRESENTATION_CONTEXT(2) 
PARAMETRIC_REPRESENTATION_CONTEXT() REPRESENTATION_CONTEXT('2D SPACE',''
  ) );
#17919 = PCURVE('',#11376,#17920);
#17920 = DEFINITIONAL_REPRESENTATION('',(#17921),#17925);
#17921 = LINE('',#17922,#17923);
#17922 = CARTESIAN_POINT('',(1.570796326795,0.));
#17923 = VECTOR('',#17924,1.);
#17924 = DIRECTION('',(0.,-1.));
#17925 = ( GEOMETRIC_REPRESENTATION_CONTEXT(2) 
PARAMETRIC_REPRESENTATION_CONTEXT() REPRESENTATION_CONTEXT('2D SPACE',''
  ) );
#17926 = ADVANCED_FACE('',(#17927),#11376,.F.);
#17927 = FACE_BOUND('',#17928,.F.);
#17928 = EDGE_LOOP('',(#17929,#17930,#17931,#17932));
#17929 = ORIENTED_EDGE('',*,*,#11355,.F.);
#17930 = ORIENTED_EDGE('',*,*,#17906,.T.);
#17931 = ORIENTED_EDGE('',*,*,#12903,.T.);
#17932 = ORIENTED_EDGE('',*,*,#17933,.F.);
#17933 = EDGE_CURVE('',#11356,#12904,#17934,.T.);
#17934 = SURFACE_CURVE('',#17935,(#17939,#17946),.PCURVE_S1.);
#17935 = LINE('',#17936,#17937);
#17936 = CARTESIAN_POINT('',(33.5,-3.317790391812,22.983673783132));
#17937 = VECTOR('',#17938,1.);
#17938 = DIRECTION('',(1.,0.,-0.));
#17939 = PCURVE('',#11376,#17940);
#17940 = DEFINITIONAL_REPRESENTATION('',(#17941),#17945);
#17941 = LINE('',#17942,#17943);
#17942 = CARTESIAN_POINT('',(4.712388980385,0.));
#17943 = VECTOR('',#17944,1.);
#17944 = DIRECTION('',(0.,-1.));
#17945 = ( GEOMETRIC_REPRESENTATION_CONTEXT(2) 
PARAMETRIC_REPRESENTATION_CONTEXT() REPRESENTATION_CONTEXT('2D SPACE',''
  ) );
#17946 = PCURVE('',#11403,#17947);
#17947 = DEFINITIONAL_REPRESENTATION('',(#17948),#17952);
#17948 = LINE('',#17949,#17950);
#17949 = CARTESIAN_POINT('',(3.3,0.));
#17950 = VECTOR('',#17951,1.);
#17951 = DIRECTION('',(0.,-1.));
#17952 = ( GEOMETRIC_REPRESENTATION_CONTEXT(2) 
PARAMETRIC_REPRESENTATION_CONTEXT() REPRESENTATION_CONTEXT('2D SPACE',''
  ) );
#17953 = ADVANCED_FACE('',(#17954),#11403,.T.);
#17954 = FACE_BOUND('',#17955,.T.);
#17955 = EDGE_LOOP('',(#17956,#17957,#17958,#17979));
#17956 = ORIENTED_EDGE('',*,*,#17933,.F.);
#17957 = ORIENTED_EDGE('',*,*,#11388,.T.);
#17958 = ORIENTED_EDGE('',*,*,#17959,.T.);
#17959 = EDGE_CURVE('',#11389,#12932,#17960,.T.);
#17960 = SURFACE_CURVE('',#17961,(#17965,#17972),.PCURVE_S1.);
#17961 = LINE('',#17962,#17963);
#17962 = CARTESIAN_POINT('',(33.5,-6.1070709193,17.00204238869));
#17963 = VECTOR('',#17964,1.);
#17964 = DIRECTION('',(1.,0.,-0.));
#17965 = PCURVE('',#11403,#17966);
#17966 = DEFINITIONAL_REPRESENTATION('',(#17967),#17971);
#17967 = LINE('',#17968,#17969);
#17968 = CARTESIAN_POINT('',(-3.3,-0.));
#17969 = VECTOR('',#17970,1.);
#17970 = DIRECTION('',(0.,-1.));
#17971 = ( GEOMETRIC_REPRESENTATION_CONTEXT(2) 
PARAMETRIC_REPRESENTATION_CONTEXT() REPRESENTATION_CONTEXT('2D SPACE',''
  ) );
#17972 = PCURVE('',#11433,#17973);
#17973 = DEFINITIONAL_REPRESENTATION('',(#17974),#17978);
#17974 = LINE('',#17975,#17976);
#17975 = CARTESIAN_POINT('',(1.570796326795,0.));
#17976 = VECTOR('',#17977,1.);
#17977 = DIRECTION('',(0.,-1.));
#17978 = ( GEOMETRIC_REPRESENTATION_CONTEXT(2) 
PARAMETRIC_REPRESENTATION_CONTEXT() REPRESENTATION_CONTEXT('2D SPACE',''
  ) );
#17979 = ORIENTED_EDGE('',*,*,#12931,.F.);
#17980 = ADVANCED_FACE('',(#17981),#11433,.F.);
#17981 = FACE_BOUND('',#17982,.F.);
#17982 = EDGE_LOOP('',(#17983,#17984,#17985,#17986));
#17983 = ORIENTED_EDGE('',*,*,#11414,.F.);
#17984 = ORIENTED_EDGE('',*,*,#17959,.T.);
#17985 = ORIENTED_EDGE('',*,*,#12952,.T.);
#17986 = ORIENTED_EDGE('',*,*,#17884,.F.);
#17987 = ADVANCED_FACE('',(#17988),#11464,.F.);
#17988 = FACE_BOUND('',#17989,.F.);
#17989 = EDGE_LOOP('',(#17990,#17991,#18012,#18013));
#17990 = ORIENTED_EDGE('',*,*,#11447,.T.);
#17991 = ORIENTED_EDGE('',*,*,#17992,.T.);
#17992 = EDGE_CURVE('',#11450,#12983,#17993,.T.);
#17993 = SURFACE_CURVE('',#17994,(#17998,#18005),.PCURVE_S1.);
#17994 = LINE('',#17995,#17996);
#17995 = CARTESIAN_POINT('',(33.5,-14.08220960818,18.016326216868));
#17996 = VECTOR('',#17997,1.);
#17997 = DIRECTION('',(1.,0.,-0.));
#17998 = PCURVE('',#11464,#17999);
#17999 = DEFINITIONAL_REPRESENTATION('',(#18000),#18004);
#18000 = LINE('',#18001,#18002);
#18001 = CARTESIAN_POINT('',(0.,0.));
#18002 = VECTOR('',#18003,1.);
#18003 = DIRECTION('',(0.,-1.));
#18004 = ( GEOMETRIC_REPRESENTATION_CONTEXT(2) 
PARAMETRIC_REPRESENTATION_CONTEXT() REPRESENTATION_CONTEXT('2D SPACE',''
  ) );
#18005 = PCURVE('',#11553,#18006);
#18006 = DEFINITIONAL_REPRESENTATION('',(#18007),#18011);
#18007 = LINE('',#18008,#18009);
#18008 = CARTESIAN_POINT('',(4.712388980385,0.));
#18009 = VECTOR('',#18010,1.);
#18010 = DIRECTION('',(0.,-1.));
#18011 = ( GEOMETRIC_REPRESENTATION_CONTEXT(2) 
PARAMETRIC_REPRESENTATION_CONTEXT() REPRESENTATION_CONTEXT('2D SPACE',''
  ) );
#18012 = ORIENTED_EDGE('',*,*,#12980,.F.);
#18013 = ORIENTED_EDGE('',*,*,#18014,.F.);
#18014 = EDGE_CURVE('',#11448,#12981,#18015,.T.);
#18015 = SURFACE_CURVE('',#18016,(#18020,#18027),.PCURVE_S1.);
#18016 = LINE('',#18017,#18018);
#18017 = CARTESIAN_POINT('',(33.5,-11.2929290807,23.99795761131));
#18018 = VECTOR('',#18019,1.);
#18019 = DIRECTION('',(1.,0.,-0.));
#18020 = PCURVE('',#11464,#18021);
#18021 = DEFINITIONAL_REPRESENTATION('',(#18022),#18026);
#18022 = LINE('',#18023,#18024);
#18023 = CARTESIAN_POINT('',(6.6,0.));
#18024 = VECTOR('',#18025,1.);
#18025 = DIRECTION('',(0.,-1.));
#18026 = ( GEOMETRIC_REPRESENTATION_CONTEXT(2) 
PARAMETRIC_REPRESENTATION_CONTEXT() REPRESENTATION_CONTEXT('2D SPACE',''
  ) );
#18027 = PCURVE('',#11496,#18028);
#18028 = DEFINITIONAL_REPRESENTATION('',(#18029),#18033);
#18029 = LINE('',#18030,#18031);
#18030 = CARTESIAN_POINT('',(1.570796326795,0.));
#18031 = VECTOR('',#18032,1.);
#18032 = DIRECTION('',(0.,-1.));
#18033 = ( GEOMETRIC_REPRESENTATION_CONTEXT(2) 
PARAMETRIC_REPRESENTATION_CONTEXT() REPRESENTATION_CONTEXT('2D SPACE',''
  ) );
#18034 = ADVANCED_FACE('',(#18035),#11496,.F.);
#18035 = FACE_BOUND('',#18036,.F.);
#18036 = EDGE_LOOP('',(#18037,#18038,#18039,#18040));
#18037 = ORIENTED_EDGE('',*,*,#11475,.F.);
#18038 = ORIENTED_EDGE('',*,*,#18014,.T.);
#18039 = ORIENTED_EDGE('',*,*,#13003,.T.);
#18040 = ORIENTED_EDGE('',*,*,#18041,.F.);
#18041 = EDGE_CURVE('',#11476,#13004,#18042,.T.);
#18042 = SURFACE_CURVE('',#18043,(#18047,#18054),.PCURVE_S1.);
#18043 = LINE('',#18044,#18045);
#18044 = CARTESIAN_POINT('',(33.5,-9.117790391812,22.983673783132));
#18045 = VECTOR('',#18046,1.);
#18046 = DIRECTION('',(1.,0.,-0.));
#18047 = PCURVE('',#11496,#18048);
#18048 = DEFINITIONAL_REPRESENTATION('',(#18049),#18053);
#18049 = LINE('',#18050,#18051);
#18050 = CARTESIAN_POINT('',(4.712388980385,0.));
#18051 = VECTOR('',#18052,1.);
#18052 = DIRECTION('',(0.,-1.));
#18053 = ( GEOMETRIC_REPRESENTATION_CONTEXT(2) 
PARAMETRIC_REPRESENTATION_CONTEXT() REPRESENTATION_CONTEXT('2D SPACE',''
  ) );
#18054 = PCURVE('',#11523,#18055);
#18055 = DEFINITIONAL_REPRESENTATION('',(#18056),#18060);
#18056 = LINE('',#18057,#18058);
#18057 = CARTESIAN_POINT('',(3.3,0.));
#18058 = VECTOR('',#18059,1.);
#18059 = DIRECTION('',(0.,-1.));
#18060 = ( GEOMETRIC_REPRESENTATION_CONTEXT(2) 
PARAMETRIC_REPRESENTATION_CONTEXT() REPRESENTATION_CONTEXT('2D SPACE',''
  ) );
#18061 = ADVANCED_FACE('',(#18062),#11523,.T.);
#18062 = FACE_BOUND('',#18063,.T.);
#18063 = EDGE_LOOP('',(#18064,#18065,#18066,#18087));
#18064 = ORIENTED_EDGE('',*,*,#18041,.F.);
#18065 = ORIENTED_EDGE('',*,*,#11508,.T.);
#18066 = ORIENTED_EDGE('',*,*,#18067,.T.);
#18067 = EDGE_CURVE('',#11509,#13032,#18068,.T.);
#18068 = SURFACE_CURVE('',#18069,(#18073,#18080),.PCURVE_S1.);
#18069 = LINE('',#18070,#18071);
#18070 = CARTESIAN_POINT('',(33.5,-11.9070709193,17.00204238869));
#18071 = VECTOR('',#18072,1.);
#18072 = DIRECTION('',(1.,0.,-0.));
#18073 = PCURVE('',#11523,#18074);
#18074 = DEFINITIONAL_REPRESENTATION('',(#18075),#18079);
#18075 = LINE('',#18076,#18077);
#18076 = CARTESIAN_POINT('',(-3.3,-0.));
#18077 = VECTOR('',#18078,1.);
#18078 = DIRECTION('',(0.,-1.));
#18079 = ( GEOMETRIC_REPRESENTATION_CONTEXT(2) 
PARAMETRIC_REPRESENTATION_CONTEXT() REPRESENTATION_CONTEXT('2D SPACE',''
  ) );
#18080 = PCURVE('',#11553,#18081);
#18081 = DEFINITIONAL_REPRESENTATION('',(#18082),#18086);
#18082 = LINE('',#18083,#18084);
#18083 = CARTESIAN_POINT('',(1.570796326795,0.));
#18084 = VECTOR('',#18085,1.);
#18085 = DIRECTION('',(0.,-1.));
#18086 = ( GEOMETRIC_REPRESENTATION_CONTEXT(2) 
PARAMETRIC_REPRESENTATION_CONTEXT() REPRESENTATION_CONTEXT('2D SPACE',''
  ) );
#18087 = ORIENTED_EDGE('',*,*,#13031,.F.);
#18088 = ADVANCED_FACE('',(#18089),#11553,.F.);
#18089 = FACE_BOUND('',#18090,.F.);
#18090 = EDGE_LOOP('',(#18091,#18092,#18093,#18094));
#18091 = ORIENTED_EDGE('',*,*,#11534,.F.);
#18092 = ORIENTED_EDGE('',*,*,#18067,.T.);
#18093 = ORIENTED_EDGE('',*,*,#13052,.T.);
#18094 = ORIENTED_EDGE('',*,*,#17992,.F.);
#18095 = ADVANCED_FACE('',(#18096),#11584,.F.);
#18096 = FACE_BOUND('',#18097,.F.);
#18097 = EDGE_LOOP('',(#18098,#18099,#18120,#18121));
#18098 = ORIENTED_EDGE('',*,*,#11567,.T.);
#18099 = ORIENTED_EDGE('',*,*,#18100,.T.);
#18100 = EDGE_CURVE('',#11570,#13083,#18101,.T.);
#18101 = SURFACE_CURVE('',#18102,(#18106,#18113),.PCURVE_S1.);
#18102 = LINE('',#18103,#18104);
#18103 = CARTESIAN_POINT('',(33.5,-19.88220960818,18.016326216868));
#18104 = VECTOR('',#18105,1.);
#18105 = DIRECTION('',(1.,0.,-0.));
#18106 = PCURVE('',#11584,#18107);
#18107 = DEFINITIONAL_REPRESENTATION('',(#18108),#18112);
#18108 = LINE('',#18109,#18110);
#18109 = CARTESIAN_POINT('',(0.,0.));
#18110 = VECTOR('',#18111,1.);
#18111 = DIRECTION('',(0.,-1.));
#18112 = ( GEOMETRIC_REPRESENTATION_CONTEXT(2) 
PARAMETRIC_REPRESENTATION_CONTEXT() REPRESENTATION_CONTEXT('2D SPACE',''
  ) );
#18113 = PCURVE('',#11673,#18114);
#18114 = DEFINITIONAL_REPRESENTATION('',(#18115),#18119);
#18115 = LINE('',#18116,#18117);
#18116 = CARTESIAN_POINT('',(4.712388980385,0.));
#18117 = VECTOR('',#18118,1.);
#18118 = DIRECTION('',(0.,-1.));
#18119 = ( GEOMETRIC_REPRESENTATION_CONTEXT(2) 
PARAMETRIC_REPRESENTATION_CONTEXT() REPRESENTATION_CONTEXT('2D SPACE',''
  ) );
#18120 = ORIENTED_EDGE('',*,*,#13080,.F.);
#18121 = ORIENTED_EDGE('',*,*,#18122,.F.);
#18122 = EDGE_CURVE('',#11568,#13081,#18123,.T.);
#18123 = SURFACE_CURVE('',#18124,(#18128,#18135),.PCURVE_S1.);
#18124 = LINE('',#18125,#18126);
#18125 = CARTESIAN_POINT('',(33.5,-17.0929290807,23.99795761131));
#18126 = VECTOR('',#18127,1.);
#18127 = DIRECTION('',(1.,0.,-0.));
#18128 = PCURVE('',#11584,#18129);
#18129 = DEFINITIONAL_REPRESENTATION('',(#18130),#18134);
#18130 = LINE('',#18131,#18132);
#18131 = CARTESIAN_POINT('',(6.6,0.));
#18132 = VECTOR('',#18133,1.);
#18133 = DIRECTION('',(0.,-1.));
#18134 = ( GEOMETRIC_REPRESENTATION_CONTEXT(2) 
PARAMETRIC_REPRESENTATION_CONTEXT() REPRESENTATION_CONTEXT('2D SPACE',''
  ) );
#18135 = PCURVE('',#11616,#18136);
#18136 = DEFINITIONAL_REPRESENTATION('',(#18137),#18141);
#18137 = LINE('',#18138,#18139);
#18138 = CARTESIAN_POINT('',(1.570796326795,0.));
#18139 = VECTOR('',#18140,1.);
#18140 = DIRECTION('',(0.,-1.));
#18141 = ( GEOMETRIC_REPRESENTATION_CONTEXT(2) 
PARAMETRIC_REPRESENTATION_CONTEXT() REPRESENTATION_CONTEXT('2D SPACE',''
  ) );
#18142 = ADVANCED_FACE('',(#18143),#11616,.F.);
#18143 = FACE_BOUND('',#18144,.F.);
#18144 = EDGE_LOOP('',(#18145,#18146,#18147,#18148));
#18145 = ORIENTED_EDGE('',*,*,#11595,.F.);
#18146 = ORIENTED_EDGE('',*,*,#18122,.T.);
#18147 = ORIENTED_EDGE('',*,*,#13103,.T.);
#18148 = ORIENTED_EDGE('',*,*,#18149,.F.);
#18149 = EDGE_CURVE('',#11596,#13104,#18150,.T.);
#18150 = SURFACE_CURVE('',#18151,(#18155,#18162),.PCURVE_S1.);
#18151 = LINE('',#18152,#18153);
#18152 = CARTESIAN_POINT('',(33.5,-14.91779039181,22.983673783132));
#18153 = VECTOR('',#18154,1.);
#18154 = DIRECTION('',(1.,0.,-0.));
#18155 = PCURVE('',#11616,#18156);
#18156 = DEFINITIONAL_REPRESENTATION('',(#18157),#18161);
#18157 = LINE('',#18158,#18159);
#18158 = CARTESIAN_POINT('',(4.712388980385,0.));
#18159 = VECTOR('',#18160,1.);
#18160 = DIRECTION('',(0.,-1.));
#18161 = ( GEOMETRIC_REPRESENTATION_CONTEXT(2) 
PARAMETRIC_REPRESENTATION_CONTEXT() REPRESENTATION_CONTEXT('2D SPACE',''
  ) );
#18162 = PCURVE('',#11643,#18163);
#18163 = DEFINITIONAL_REPRESENTATION('',(#18164),#18168);
#18164 = LINE('',#18165,#18166);
#18165 = CARTESIAN_POINT('',(3.3,0.));
#18166 = VECTOR('',#18167,1.);
#18167 = DIRECTION('',(0.,-1.));
#18168 = ( GEOMETRIC_REPRESENTATION_CONTEXT(2) 
PARAMETRIC_REPRESENTATION_CONTEXT() REPRESENTATION_CONTEXT('2D SPACE',''
  ) );
#18169 = ADVANCED_FACE('',(#18170),#11643,.T.);
#18170 = FACE_BOUND('',#18171,.T.);
#18171 = EDGE_LOOP('',(#18172,#18173,#18174,#18195));
#18172 = ORIENTED_EDGE('',*,*,#18149,.F.);
#18173 = ORIENTED_EDGE('',*,*,#11628,.T.);
#18174 = ORIENTED_EDGE('',*,*,#18175,.T.);
#18175 = EDGE_CURVE('',#11629,#13132,#18176,.T.);
#18176 = SURFACE_CURVE('',#18177,(#18181,#18188),.PCURVE_S1.);
#18177 = LINE('',#18178,#18179);
#18178 = CARTESIAN_POINT('',(33.5,-17.7070709193,17.00204238869));
#18179 = VECTOR('',#18180,1.);
#18180 = DIRECTION('',(1.,0.,-0.));
#18181 = PCURVE('',#11643,#18182);
#18182 = DEFINITIONAL_REPRESENTATION('',(#18183),#18187);
#18183 = LINE('',#18184,#18185);
#18184 = CARTESIAN_POINT('',(-3.3,-0.));
#18185 = VECTOR('',#18186,1.);
#18186 = DIRECTION('',(0.,-1.));
#18187 = ( GEOMETRIC_REPRESENTATION_CONTEXT(2) 
PARAMETRIC_REPRESENTATION_CONTEXT() REPRESENTATION_CONTEXT('2D SPACE',''
  ) );
#18188 = PCURVE('',#11673,#18189);
#18189 = DEFINITIONAL_REPRESENTATION('',(#18190),#18194);
#18190 = LINE('',#18191,#18192);
#18191 = CARTESIAN_POINT('',(1.570796326795,0.));
#18192 = VECTOR('',#18193,1.);
#18193 = DIRECTION('',(0.,-1.));
#18194 = ( GEOMETRIC_REPRESENTATION_CONTEXT(2) 
PARAMETRIC_REPRESENTATION_CONTEXT() REPRESENTATION_CONTEXT('2D SPACE',''
  ) );
#18195 = ORIENTED_EDGE('',*,*,#13131,.F.);
#18196 = ADVANCED_FACE('',(#18197),#11673,.F.);
#18197 = FACE_BOUND('',#18198,.F.);
#18198 = EDGE_LOOP('',(#18199,#18200,#18201,#18202));
#18199 = ORIENTED_EDGE('',*,*,#11654,.F.);
#18200 = ORIENTED_EDGE('',*,*,#18175,.T.);
#18201 = ORIENTED_EDGE('',*,*,#13152,.T.);
#18202 = ORIENTED_EDGE('',*,*,#18100,.F.);
#18203 = ADVANCED_FACE('',(#18204),#11799,.T.);
#18204 = FACE_BOUND('',#18205,.T.);
#18205 = EDGE_LOOP('',(#18206,#18227,#18228,#18229));
#18206 = ORIENTED_EDGE('',*,*,#18207,.F.);
#18207 = EDGE_CURVE('',#11759,#11957,#18208,.T.);
#18208 = SURFACE_CURVE('',#18209,(#18213,#18220),.PCURVE_S1.);
#18209 = LINE('',#18210,#18211);
#18210 = CARTESIAN_POINT('',(-12.,43.5,16.));
#18211 = VECTOR('',#18212,1.);
#18212 = DIRECTION('',(-0.,1.,0.));
#18213 = PCURVE('',#11799,#18214);
#18214 = DEFINITIONAL_REPRESENTATION('',(#18215),#18219);
#18215 = LINE('',#18216,#18217);
#18216 = CARTESIAN_POINT('',(0.,0.));
#18217 = VECTOR('',#18218,1.);
#18218 = DIRECTION('',(0.,1.));
#18219 = ( GEOMETRIC_REPRESENTATION_CONTEXT(2) 
PARAMETRIC_REPRESENTATION_CONTEXT() REPRESENTATION_CONTEXT('2D SPACE',''
  ) );
#18220 = PCURVE('',#11773,#18221);
#18221 = DEFINITIONAL_REPRESENTATION('',(#18222),#18226);
#18222 = LINE('',#18223,#18224);
#18223 = CARTESIAN_POINT('',(0.,0.));
#18224 = VECTOR('',#18225,1.);
#18225 = DIRECTION('',(0.,-1.));
#18226 = ( GEOMETRIC_REPRESENTATION_CONTEXT(2) 
PARAMETRIC_REPRESENTATION_CONTEXT() REPRESENTATION_CONTEXT('2D SPACE',''
  ) );
#18227 = ORIENTED_EDGE('',*,*,#11784,.T.);
#18228 = ORIENTED_EDGE('',*,*,#11834,.T.);
#18229 = ORIENTED_EDGE('',*,*,#11977,.F.);
#18230 = ADVANCED_FACE('',(#18231),#11773,.T.);
#18231 = FACE_BOUND('',#18232,.T.);
#18232 = EDGE_LOOP('',(#18233,#18234,#18235,#18236));
#18233 = ORIENTED_EDGE('',*,*,#11758,.T.);
#18234 = ORIENTED_EDGE('',*,*,#18207,.T.);
#18235 = ORIENTED_EDGE('',*,*,#11956,.F.);
#18236 = ORIENTED_EDGE('',*,*,#14291,.F.);
#18237 = ADVANCED_FACE('',(#18238),#11898,.T.);
#18238 = FACE_BOUND('',#18239,.F.);
#18239 = EDGE_LOOP('',(#18240,#18241,#18264,#18283));
#18240 = ORIENTED_EDGE('',*,*,#15679,.F.);
#18241 = ORIENTED_EDGE('',*,*,#18242,.T.);
#18242 = EDGE_CURVE('',#15630,#18243,#18245,.T.);
#18243 = VERTEX_POINT('',#18244);
#18244 = CARTESIAN_POINT('',(33.4,47.6,7.2));
#18245 = SURFACE_CURVE('',#18246,(#18250,#18257),.PCURVE_S1.);
#18246 = LINE('',#18247,#18248);
#18247 = CARTESIAN_POINT('',(-33.4,47.6,7.2));
#18248 = VECTOR('',#18249,1.);
#18249 = DIRECTION('',(1.,0.,-0.));
#18250 = PCURVE('',#11898,#18251);
#18251 = DEFINITIONAL_REPRESENTATION('',(#18252),#18256);
#18252 = LINE('',#18253,#18254);
#18253 = CARTESIAN_POINT('',(-0.,-0.848528137424));
#18254 = VECTOR('',#18255,1.);
#18255 = DIRECTION('',(-1.,0.));
#18256 = ( GEOMETRIC_REPRESENTATION_CONTEXT(2) 
PARAMETRIC_REPRESENTATION_CONTEXT() REPRESENTATION_CONTEXT('2D SPACE',''
  ) );
#18257 = PCURVE('',#15582,#18258);
#18258 = DEFINITIONAL_REPRESENTATION('',(#18259),#18263);
#18259 = LINE('',#18260,#18261);
#18260 = CARTESIAN_POINT('',(3.6,4.2));
#18261 = VECTOR('',#18262,1.);
#18262 = DIRECTION('',(0.,1.));
#18263 = ( GEOMETRIC_REPRESENTATION_CONTEXT(2) 
PARAMETRIC_REPRESENTATION_CONTEXT() REPRESENTATION_CONTEXT('2D SPACE',''
  ) );
#18264 = ORIENTED_EDGE('',*,*,#18265,.T.);
#18265 = EDGE_CURVE('',#18243,#11883,#18266,.T.);
#18266 = SURFACE_CURVE('',#18267,(#18271,#18277),.PCURVE_S1.);
#18267 = LINE('',#18268,#18269);
#18268 = CARTESIAN_POINT('',(33.4,47.,7.8));
#18269 = VECTOR('',#18270,1.);
#18270 = DIRECTION('',(0.,-0.707106781187,0.707106781187));
#18271 = PCURVE('',#11898,#18272);
#18272 = DEFINITIONAL_REPRESENTATION('',(#18273),#18276);
#18273 = B_SPLINE_CURVE_WITH_KNOTS('',1,(#18274,#18275),.UNSPECIFIED.,
  .F.,.F.,(2,2),(-0.848528137424,0.848528137424),
  .PIECEWISE_BEZIER_KNOTS.);
#18274 = CARTESIAN_POINT('',(-66.8,-0.848528137424));
#18275 = CARTESIAN_POINT('',(-66.8,0.848528137424));
#18276 = ( GEOMETRIC_REPRESENTATION_CONTEXT(2) 
PARAMETRIC_REPRESENTATION_CONTEXT() REPRESENTATION_CONTEXT('2D SPACE',''
  ) );
#18277 = PCURVE('',#12060,#18278);
#18278 = DEFINITIONAL_REPRESENTATION('',(#18279),#18282);
#18279 = B_SPLINE_CURVE_WITH_KNOTS('',1,(#18280,#18281),.UNSPECIFIED.,
  .F.,.F.,(2,2),(-0.848528137424,0.848528137424),
  .PIECEWISE_BEZIER_KNOTS.);
#18280 = CARTESIAN_POINT('',(0.,0.));
#18281 = CARTESIAN_POINT('',(0.,-1.2));
#18282 = ( GEOMETRIC_REPRESENTATION_CONTEXT(2) 
PARAMETRIC_REPRESENTATION_CONTEXT() REPRESENTATION_CONTEXT('2D SPACE',''
  ) );
#18283 = ORIENTED_EDGE('',*,*,#11880,.F.);
#18284 = ADVANCED_FACE('',(#18285),#12060,.T.);
#18285 = FACE_BOUND('',#18286,.F.);
#18286 = EDGE_LOOP('',(#18287,#18288,#18312,#18331));
#18287 = ORIENTED_EDGE('',*,*,#18265,.F.);
#18288 = ORIENTED_EDGE('',*,*,#18289,.T.);
#18289 = EDGE_CURVE('',#18243,#18290,#18292,.T.);
#18290 = VERTEX_POINT('',#18291);
#18291 = CARTESIAN_POINT('',(37.6,43.4,7.2));
#18292 = SURFACE_CURVE('',#18293,(#18298,#18305),.PCURVE_S1.);
#18293 = CIRCLE('',#18294,4.2);
#18294 = AXIS2_PLACEMENT_3D('',#18295,#18296,#18297);
#18295 = CARTESIAN_POINT('',(33.4,43.4,7.2));
#18296 = DIRECTION('',(0.,-0.,-1.));
#18297 = DIRECTION('',(1.691768418476E-15,1.,-0.));
#18298 = PCURVE('',#12060,#18299);
#18299 = DEFINITIONAL_REPRESENTATION('',(#18300),#18304);
#18300 = LINE('',#18301,#18302);
#18301 = CARTESIAN_POINT('',(0.,-0.));
#18302 = VECTOR('',#18303,1.);
#18303 = DIRECTION('',(1.,-0.));
#18304 = ( GEOMETRIC_REPRESENTATION_CONTEXT(2) 
PARAMETRIC_REPRESENTATION_CONTEXT() REPRESENTATION_CONTEXT('2D SPACE',''
  ) );
#18305 = PCURVE('',#15530,#18306);
#18306 = DEFINITIONAL_REPRESENTATION('',(#18307),#18311);
#18307 = LINE('',#18308,#18309);
#18308 = CARTESIAN_POINT('',(1.570796326795,3.6));
#18309 = VECTOR('',#18310,1.);
#18310 = DIRECTION('',(-1.,-0.));
#18311 = ( GEOMETRIC_REPRESENTATION_CONTEXT(2) 
PARAMETRIC_REPRESENTATION_CONTEXT() REPRESENTATION_CONTEXT('2D SPACE',''
  ) );
#18312 = ORIENTED_EDGE('',*,*,#18313,.T.);
#18313 = EDGE_CURVE('',#18290,#12023,#18314,.T.);
#18314 = SURFACE_CURVE('',#18315,(#18319,#18325),.PCURVE_S1.);
#18315 = LINE('',#18316,#18317);
#18316 = CARTESIAN_POINT('',(37.6,43.4,7.2));
#18317 = VECTOR('',#18318,1.);
#18318 = DIRECTION('',(-0.707106781187,1.15296311809E-15,0.707106781187)
  );
#18319 = PCURVE('',#12060,#18320);
#18320 = DEFINITIONAL_REPRESENTATION('',(#18321),#18324);
#18321 = B_SPLINE_CURVE_WITH_KNOTS('',1,(#18322,#18323),.UNSPECIFIED.,
  .F.,.F.,(2,2),(0.,1.697056274848),.PIECEWISE_BEZIER_KNOTS.);
#18322 = CARTESIAN_POINT('',(1.570796326795,0.));
#18323 = CARTESIAN_POINT('',(1.570796326795,-1.2));
#18324 = ( GEOMETRIC_REPRESENTATION_CONTEXT(2) 
PARAMETRIC_REPRESENTATION_CONTEXT() REPRESENTATION_CONTEXT('2D SPACE',''
  ) );
#18325 = PCURVE('',#12114,#18326);
#18326 = DEFINITIONAL_REPRESENTATION('',(#18327),#18330);
#18327 = B_SPLINE_CURVE_WITH_KNOTS('',1,(#18328,#18329),.UNSPECIFIED.,
  .F.,.F.,(2,2),(0.,1.697056274848),.PIECEWISE_BEZIER_KNOTS.);
#18328 = CARTESIAN_POINT('',(0.,-0.848528137424));
#18329 = CARTESIAN_POINT('',(0.,0.848528137424));
#18330 = ( GEOMETRIC_REPRESENTATION_CONTEXT(2) 
PARAMETRIC_REPRESENTATION_CONTEXT() REPRESENTATION_CONTEXT('2D SPACE',''
  ) );
#18331 = ORIENTED_EDGE('',*,*,#12045,.F.);
#18332 = ADVANCED_FACE('',(#18333),#12114,.T.);
#18333 = FACE_BOUND('',#18334,.F.);
#18334 = EDGE_LOOP('',(#18335,#18336,#18357,#18358));
#18335 = ORIENTED_EDGE('',*,*,#18313,.F.);
#18336 = ORIENTED_EDGE('',*,*,#18337,.T.);
#18337 = EDGE_CURVE('',#18290,#15437,#18338,.T.);
#18338 = SURFACE_CURVE('',#18339,(#18343,#18350),.PCURVE_S1.);
#18339 = LINE('',#18340,#18341);
#18340 = CARTESIAN_POINT('',(37.6,43.4,7.2));
#18341 = VECTOR('',#18342,1.);
#18342 = DIRECTION('',(0.,-1.,-0.));
#18343 = PCURVE('',#12114,#18344);
#18344 = DEFINITIONAL_REPRESENTATION('',(#18345),#18349);
#18345 = LINE('',#18346,#18347);
#18346 = CARTESIAN_POINT('',(-0.,-0.848528137424));
#18347 = VECTOR('',#18348,1.);
#18348 = DIRECTION('',(-1.,0.));
#18349 = ( GEOMETRIC_REPRESENTATION_CONTEXT(2) 
PARAMETRIC_REPRESENTATION_CONTEXT() REPRESENTATION_CONTEXT('2D SPACE',''
  ) );
#18350 = PCURVE('',#15419,#18351);
#18351 = DEFINITIONAL_REPRESENTATION('',(#18352),#18356);
#18352 = LINE('',#18353,#18354);
#18353 = CARTESIAN_POINT('',(3.6,-91.));
#18354 = VECTOR('',#18355,1.);
#18355 = DIRECTION('',(0.,1.));
#18356 = ( GEOMETRIC_REPRESENTATION_CONTEXT(2) 
PARAMETRIC_REPRESENTATION_CONTEXT() REPRESENTATION_CONTEXT('2D SPACE',''
  ) );
#18357 = ORIENTED_EDGE('',*,*,#17302,.T.);
#18358 = ORIENTED_EDGE('',*,*,#12100,.F.);
#18359 = ADVANCED_FACE('',(#18360),#12445,.T.);
#18360 = FACE_BOUND('',#18361,.T.);
#18361 = EDGE_LOOP('',(#18362,#18363,#18384,#18385));
#18362 = ORIENTED_EDGE('',*,*,#12430,.T.);
#18363 = ORIENTED_EDGE('',*,*,#18364,.T.);
#18364 = EDGE_CURVE('',#12405,#13425,#18365,.T.);
#18365 = SURFACE_CURVE('',#18366,(#18370,#18377),.PCURVE_S1.);
#18366 = LINE('',#18367,#18368);
#18367 = CARTESIAN_POINT('',(36.1,-40.,14.7));
#18368 = VECTOR('',#18369,1.);
#18369 = DIRECTION('',(0.707106781187,0.,0.707106781187));
#18370 = PCURVE('',#12445,#18371);
#18371 = DEFINITIONAL_REPRESENTATION('',(#18372),#18376);
#18372 = LINE('',#18373,#18374);
#18373 = CARTESIAN_POINT('',(0.,-1.2));
#18374 = VECTOR('',#18375,1.);
#18375 = DIRECTION('',(1.,0.));
#18376 = ( GEOMETRIC_REPRESENTATION_CONTEXT(2) 
PARAMETRIC_REPRESENTATION_CONTEXT() REPRESENTATION_CONTEXT('2D SPACE',''
  ) );
#18377 = PCURVE('',#12419,#18378);
#18378 = DEFINITIONAL_REPRESENTATION('',(#18379),#18383);
#18379 = LINE('',#18380,#18381);
#18380 = CARTESIAN_POINT('',(-4.348706704297,-7.951293295703));
#18381 = VECTOR('',#18382,1.);
#18382 = DIRECTION('',(0.707106781187,0.707106781187));
#18383 = ( GEOMETRIC_REPRESENTATION_CONTEXT(2) 
PARAMETRIC_REPRESENTATION_CONTEXT() REPRESENTATION_CONTEXT('2D SPACE',''
  ) );
#18384 = ORIENTED_EDGE('',*,*,#13424,.F.);
#18385 = ORIENTED_EDGE('',*,*,#13497,.F.);
#18386 = ADVANCED_FACE('',(#18387),#12419,.F.);
#18387 = FACE_BOUND('',#18388,.F.);
#18388 = EDGE_LOOP('',(#18389,#18390,#18391));
#18389 = ORIENTED_EDGE('',*,*,#12404,.T.);
#18390 = ORIENTED_EDGE('',*,*,#18364,.T.);
#18391 = ORIENTED_EDGE('',*,*,#18392,.T.);
#18392 = EDGE_CURVE('',#13425,#12379,#18393,.T.);
#18393 = SURFACE_CURVE('',#18394,(#18398,#18405),.PCURVE_S1.);
#18394 = LINE('',#18395,#18396);
#18395 = CARTESIAN_POINT('',(48.4,-40.,27.));
#18396 = VECTOR('',#18397,1.);
#18397 = DIRECTION('',(-1.,0.,0.));
#18398 = PCURVE('',#12419,#18399);
#18399 = DEFINITIONAL_REPRESENTATION('',(#18400),#18404);
#18400 = LINE('',#18401,#18402);
#18401 = CARTESIAN_POINT('',(7.951293295703,4.348706704297));
#18402 = VECTOR('',#18403,1.);
#18403 = DIRECTION('',(-1.,0.));
#18404 = ( GEOMETRIC_REPRESENTATION_CONTEXT(2) 
PARAMETRIC_REPRESENTATION_CONTEXT() REPRESENTATION_CONTEXT('2D SPACE',''
  ) );
#18405 = PCURVE('',#12393,#18406);
#18406 = DEFINITIONAL_REPRESENTATION('',(#18407),#18411);
#18407 = LINE('',#18408,#18409);
#18408 = CARTESIAN_POINT('',(12.3,2.4));
#18409 = VECTOR('',#18410,1.);
#18410 = DIRECTION('',(-1.,0.));
#18411 = ( GEOMETRIC_REPRESENTATION_CONTEXT(2) 
PARAMETRIC_REPRESENTATION_CONTEXT() REPRESENTATION_CONTEXT('2D SPACE',''
  ) );
#18412 = ADVANCED_FACE('',(#18413),#12166,.T.);
#18413 = FACE_BOUND('',#18414,.T.);
#18414 = EDGE_LOOP('',(#18415,#18416,#18417,#18418));
#18415 = ORIENTED_EDGE('',*,*,#12151,.T.);
#18416 = ORIENTED_EDGE('',*,*,#13204,.T.);
#18417 = ORIENTED_EDGE('',*,*,#13299,.F.);
#18418 = ORIENTED_EDGE('',*,*,#18419,.F.);
#18419 = EDGE_CURVE('',#12152,#13277,#18420,.T.);
#18420 = SURFACE_CURVE('',#18421,(#18425,#18432),.PCURVE_S1.);
#18421 = LINE('',#18422,#18423);
#18422 = CARTESIAN_POINT('',(36.1,40.,14.7));
#18423 = VECTOR('',#18424,1.);
#18424 = DIRECTION('',(0.707106781187,0.,0.707106781187));
#18425 = PCURVE('',#12166,#18426);
#18426 = DEFINITIONAL_REPRESENTATION('',(#18427),#18431);
#18427 = LINE('',#18428,#18429);
#18428 = CARTESIAN_POINT('',(0.,1.2));
#18429 = VECTOR('',#18430,1.);
#18430 = DIRECTION('',(1.,0.));
#18431 = ( GEOMETRIC_REPRESENTATION_CONTEXT(2) 
PARAMETRIC_REPRESENTATION_CONTEXT() REPRESENTATION_CONTEXT('2D SPACE',''
  ) );
#18432 = PCURVE('',#12192,#18433);
#18433 = DEFINITIONAL_REPRESENTATION('',(#18434),#18438);
#18434 = LINE('',#18435,#18436);
#18435 = CARTESIAN_POINT('',(-4.348706704297,-7.951293295703));
#18436 = VECTOR('',#18437,1.);
#18437 = DIRECTION('',(0.707106781187,0.707106781187));
#18438 = ( GEOMETRIC_REPRESENTATION_CONTEXT(2) 
PARAMETRIC_REPRESENTATION_CONTEXT() REPRESENTATION_CONTEXT('2D SPACE',''
  ) );
#18439 = ADVANCED_FACE('',(#18440,#18466),#12393,.F.);
#18440 = FACE_BOUND('',#18441,.F.);
#18441 = EDGE_LOOP('',(#18442,#18463,#18464,#18465));
#18442 = ORIENTED_EDGE('',*,*,#18443,.T.);
#18443 = EDGE_CURVE('',#13448,#12353,#18444,.T.);
#18444 = SURFACE_CURVE('',#18445,(#18449,#18456),.PCURVE_S1.);
#18445 = LINE('',#18446,#18447);
#18446 = CARTESIAN_POINT('',(48.4,-30.8,27.));
#18447 = VECTOR('',#18448,1.);
#18448 = DIRECTION('',(-1.,0.,0.));
#18449 = PCURVE('',#12393,#18450);
#18450 = DEFINITIONAL_REPRESENTATION('',(#18451),#18455);
#18451 = LINE('',#18452,#18453);
#18452 = CARTESIAN_POINT('',(12.3,11.6));
#18453 = VECTOR('',#18454,1.);
#18454 = DIRECTION('',(-1.,0.));
#18455 = ( GEOMETRIC_REPRESENTATION_CONTEXT(2) 
PARAMETRIC_REPRESENTATION_CONTEXT() REPRESENTATION_CONTEXT('2D SPACE',''
  ) );
#18456 = PCURVE('',#12367,#18457);
#18457 = DEFINITIONAL_REPRESENTATION('',(#18458),#18462);
#18458 = LINE('',#18459,#18460);
#18459 = CARTESIAN_POINT('',(7.951293295703,4.348706704297));
#18460 = VECTOR('',#18461,1.);
#18461 = DIRECTION('',(-1.,0.));
#18462 = ( GEOMETRIC_REPRESENTATION_CONTEXT(2) 
PARAMETRIC_REPRESENTATION_CONTEXT() REPRESENTATION_CONTEXT('2D SPACE',''
  ) );
#18463 = ORIENTED_EDGE('',*,*,#12378,.T.);
#18464 = ORIENTED_EDGE('',*,*,#18392,.F.);
#18465 = ORIENTED_EDGE('',*,*,#13447,.T.);
#18466 = FACE_BOUND('',#18467,.F.);
#18467 = EDGE_LOOP('',(#18468));
#18468 = ORIENTED_EDGE('',*,*,#14010,.F.);
#18469 = ADVANCED_FACE('',(#18470),#12192,.T.);
#18470 = FACE_BOUND('',#18471,.T.);
#18471 = EDGE_LOOP('',(#18472,#18473,#18474));
#18472 = ORIENTED_EDGE('',*,*,#12177,.T.);
#18473 = ORIENTED_EDGE('',*,*,#18419,.T.);
#18474 = ORIENTED_EDGE('',*,*,#18475,.T.);
#18475 = EDGE_CURVE('',#13277,#12178,#18476,.T.);
#18476 = SURFACE_CURVE('',#18477,(#18481,#18488),.PCURVE_S1.);
#18477 = LINE('',#18478,#18479);
#18478 = CARTESIAN_POINT('',(48.4,40.,27.));
#18479 = VECTOR('',#18480,1.);
#18480 = DIRECTION('',(-1.,0.,0.));
#18481 = PCURVE('',#12192,#18482);
#18482 = DEFINITIONAL_REPRESENTATION('',(#18483),#18487);
#18483 = LINE('',#18484,#18485);
#18484 = CARTESIAN_POINT('',(7.951293295703,4.348706704297));
#18485 = VECTOR('',#18486,1.);
#18486 = DIRECTION('',(-1.,0.));
#18487 = ( GEOMETRIC_REPRESENTATION_CONTEXT(2) 
PARAMETRIC_REPRESENTATION_CONTEXT() REPRESENTATION_CONTEXT('2D SPACE',''
  ) );
#18488 = PCURVE('',#12218,#18489);
#18489 = DEFINITIONAL_REPRESENTATION('',(#18490),#18494);
#18490 = LINE('',#18491,#18492);
#18491 = CARTESIAN_POINT('',(12.3,11.6));
#18492 = VECTOR('',#18493,1.);
#18493 = DIRECTION('',(-1.,0.));
#18494 = ( GEOMETRIC_REPRESENTATION_CONTEXT(2) 
PARAMETRIC_REPRESENTATION_CONTEXT() REPRESENTATION_CONTEXT('2D SPACE',''
  ) );
#18495 = ADVANCED_FACE('',(#18496),#12367,.T.);
#18496 = FACE_BOUND('',#18497,.T.);
#18497 = EDGE_LOOP('',(#18498,#18499,#18520));
#18498 = ORIENTED_EDGE('',*,*,#12352,.T.);
#18499 = ORIENTED_EDGE('',*,*,#18500,.T.);
#18500 = EDGE_CURVE('',#12327,#13448,#18501,.T.);
#18501 = SURFACE_CURVE('',#18502,(#18506,#18513),.PCURVE_S1.);
#18502 = LINE('',#18503,#18504);
#18503 = CARTESIAN_POINT('',(36.1,-30.8,14.7));
#18504 = VECTOR('',#18505,1.);
#18505 = DIRECTION('',(0.707106781187,0.,0.707106781187));
#18506 = PCURVE('',#12367,#18507);
#18507 = DEFINITIONAL_REPRESENTATION('',(#18508),#18512);
#18508 = LINE('',#18509,#18510);
#18509 = CARTESIAN_POINT('',(-4.348706704297,-7.951293295703));
#18510 = VECTOR('',#18511,1.);
#18511 = DIRECTION('',(0.707106781187,0.707106781187));
#18512 = ( GEOMETRIC_REPRESENTATION_CONTEXT(2) 
PARAMETRIC_REPRESENTATION_CONTEXT() REPRESENTATION_CONTEXT('2D SPACE',''
  ) );
#18513 = PCURVE('',#12341,#18514);
#18514 = DEFINITIONAL_REPRESENTATION('',(#18515),#18519);
#18515 = LINE('',#18516,#18517);
#18516 = CARTESIAN_POINT('',(0.,1.2));
#18517 = VECTOR('',#18518,1.);
#18518 = DIRECTION('',(1.,0.));
#18519 = ( GEOMETRIC_REPRESENTATION_CONTEXT(2) 
PARAMETRIC_REPRESENTATION_CONTEXT() REPRESENTATION_CONTEXT('2D SPACE',''
  ) );
#18520 = ORIENTED_EDGE('',*,*,#18443,.T.);
#18521 = ADVANCED_FACE('',(#18522,#18548),#12218,.F.);
#18522 = FACE_BOUND('',#18523,.F.);
#18523 = EDGE_LOOP('',(#18524,#18525,#18526,#18547));
#18524 = ORIENTED_EDGE('',*,*,#18475,.T.);
#18525 = ORIENTED_EDGE('',*,*,#12203,.T.);
#18526 = ORIENTED_EDGE('',*,*,#18527,.F.);
#18527 = EDGE_CURVE('',#13254,#12204,#18528,.T.);
#18528 = SURFACE_CURVE('',#18529,(#18533,#18540),.PCURVE_S1.);
#18529 = LINE('',#18530,#18531);
#18530 = CARTESIAN_POINT('',(48.4,30.8,27.));
#18531 = VECTOR('',#18532,1.);
#18532 = DIRECTION('',(-1.,0.,0.));
#18533 = PCURVE('',#12218,#18534);
#18534 = DEFINITIONAL_REPRESENTATION('',(#18535),#18539);
#18535 = LINE('',#18536,#18537);
#18536 = CARTESIAN_POINT('',(12.3,2.4));
#18537 = VECTOR('',#18538,1.);
#18538 = DIRECTION('',(-1.,0.));
#18539 = ( GEOMETRIC_REPRESENTATION_CONTEXT(2) 
PARAMETRIC_REPRESENTATION_CONTEXT() REPRESENTATION_CONTEXT('2D SPACE',''
  ) );
#18540 = PCURVE('',#12244,#18541);
#18541 = DEFINITIONAL_REPRESENTATION('',(#18542),#18546);
#18542 = LINE('',#18543,#18544);
#18543 = CARTESIAN_POINT('',(7.951293295703,4.348706704297));
#18544 = VECTOR('',#18545,1.);
#18545 = DIRECTION('',(-1.,0.));
#18546 = ( GEOMETRIC_REPRESENTATION_CONTEXT(2) 
PARAMETRIC_REPRESENTATION_CONTEXT() REPRESENTATION_CONTEXT('2D SPACE',''
  ) );
#18547 = ORIENTED_EDGE('',*,*,#13276,.T.);
#18548 = FACE_BOUND('',#18549,.F.);
#18549 = EDGE_LOOP('',(#18550));
#18550 = ORIENTED_EDGE('',*,*,#14264,.F.);
#18551 = ADVANCED_FACE('',(#18552),#12341,.T.);
#18552 = FACE_BOUND('',#18553,.T.);
#18553 = EDGE_LOOP('',(#18554,#18555,#18556,#18557));
#18554 = ORIENTED_EDGE('',*,*,#12326,.T.);
#18555 = ORIENTED_EDGE('',*,*,#13375,.T.);
#18556 = ORIENTED_EDGE('',*,*,#13470,.F.);
#18557 = ORIENTED_EDGE('',*,*,#18500,.F.);
#18558 = ADVANCED_FACE('',(#18559),#12244,.F.);
#18559 = FACE_BOUND('',#18560,.F.);
#18560 = EDGE_LOOP('',(#18561,#18562,#18583));
#18561 = ORIENTED_EDGE('',*,*,#12229,.T.);
#18562 = ORIENTED_EDGE('',*,*,#18563,.T.);
#18563 = EDGE_CURVE('',#12230,#13254,#18564,.T.);
#18564 = SURFACE_CURVE('',#18565,(#18569,#18576),.PCURVE_S1.);
#18565 = LINE('',#18566,#18567);
#18566 = CARTESIAN_POINT('',(36.1,30.8,14.7));
#18567 = VECTOR('',#18568,1.);
#18568 = DIRECTION('',(0.707106781187,0.,0.707106781187));
#18569 = PCURVE('',#12244,#18570);
#18570 = DEFINITIONAL_REPRESENTATION('',(#18571),#18575);
#18571 = LINE('',#18572,#18573);
#18572 = CARTESIAN_POINT('',(-4.348706704297,-7.951293295703));
#18573 = VECTOR('',#18574,1.);
#18574 = DIRECTION('',(0.707106781187,0.707106781187));
#18575 = ( GEOMETRIC_REPRESENTATION_CONTEXT(2) 
PARAMETRIC_REPRESENTATION_CONTEXT() REPRESENTATION_CONTEXT('2D SPACE',''
  ) );
#18576 = PCURVE('',#12270,#18577);
#18577 = DEFINITIONAL_REPRESENTATION('',(#18578),#18582);
#18578 = LINE('',#18579,#18580);
#18579 = CARTESIAN_POINT('',(0.,-1.2));
#18580 = VECTOR('',#18581,1.);
#18581 = DIRECTION('',(1.,0.));
#18582 = ( GEOMETRIC_REPRESENTATION_CONTEXT(2) 
PARAMETRIC_REPRESENTATION_CONTEXT() REPRESENTATION_CONTEXT('2D SPACE',''
  ) );
#18583 = ORIENTED_EDGE('',*,*,#18527,.T.);
#18584 = ADVANCED_FACE('',(#18585),#12270,.T.);
#18585 = FACE_BOUND('',#18586,.T.);
#18586 = EDGE_LOOP('',(#18587,#18588,#18589,#18590));
#18587 = ORIENTED_EDGE('',*,*,#12255,.T.);
#18588 = ORIENTED_EDGE('',*,*,#18563,.T.);
#18589 = ORIENTED_EDGE('',*,*,#13253,.F.);
#18590 = ORIENTED_EDGE('',*,*,#13326,.F.);
#18591 = ADVANCED_FACE('',(#18592),#13617,.T.);
#18592 = FACE_BOUND('',#18593,.T.);
#18593 = EDGE_LOOP('',(#18594,#18595,#18596));
#18594 = ORIENTED_EDGE('',*,*,#13601,.F.);
#18595 = ORIENTED_EDGE('',*,*,#13673,.T.);
#18596 = ORIENTED_EDGE('',*,*,#13701,.F.);
#18597 = ADVANCED_FACE('',(#18598),#13766,.T.);
#18598 = FACE_BOUND('',#18599,.F.);
#18599 = EDGE_LOOP('',(#18600));
#18600 = ORIENTED_EDGE('',*,*,#13751,.F.);
#18601 = ADVANCED_FACE('',(#18602),#13821,.T.);
#18602 = FACE_BOUND('',#18603,.T.);
#18603 = EDGE_LOOP('',(#18604,#18605,#18606));
#18604 = ORIENTED_EDGE('',*,*,#13906,.F.);
#18605 = ORIENTED_EDGE('',*,*,#13857,.T.);
#18606 = ORIENTED_EDGE('',*,*,#13805,.T.);
#18607 = ADVANCED_FACE('',(#18608),#13970,.T.);
#18608 = FACE_BOUND('',#18609,.F.);
#18609 = EDGE_LOOP('',(#18610));
#18610 = ORIENTED_EDGE('',*,*,#13955,.F.);
#18611 = ADVANCED_FACE('',(#18612),#14075,.T.);
#18612 = FACE_BOUND('',#18613,.F.);
#18613 = EDGE_LOOP('',(#18614));
#18614 = ORIENTED_EDGE('',*,*,#14060,.F.);
#18615 = ADVANCED_FACE('',(#18616),#14128,.T.);
#18616 = FACE_BOUND('',#18617,.T.);
#18617 = EDGE_LOOP('',(#18618,#18619,#18620));
#18618 = ORIENTED_EDGE('',*,*,#14214,.F.);
#18619 = ORIENTED_EDGE('',*,*,#14167,.F.);
#18620 = ORIENTED_EDGE('',*,*,#14112,.T.);
#18621 = ADVANCED_FACE('',(#18622),#14405,.F.);
#18622 = FACE_BOUND('',#18623,.F.);
#18623 = EDGE_LOOP('',(#18624,#18625,#18626,#18627));
#18624 = ORIENTED_EDGE('',*,*,#14389,.T.);
#18625 = ORIENTED_EDGE('',*,*,#14633,.T.);
#18626 = ORIENTED_EDGE('',*,*,#14658,.T.);
#18627 = ORIENTED_EDGE('',*,*,#18628,.T.);
#18628 = EDGE_CURVE('',#14659,#14362,#18629,.T.);
#18629 = SURFACE_CURVE('',#18630,(#18634,#18641),.PCURVE_S1.);
#18630 = LINE('',#18631,#18632);
#18631 = CARTESIAN_POINT('',(-48.4,28.4,27.));
#18632 = VECTOR('',#18633,1.);
#18633 = DIRECTION('',(0.,0.,1.));
#18634 = PCURVE('',#14405,#18635);
#18635 = DEFINITIONAL_REPRESENTATION('',(#18636),#18640);
#18636 = LINE('',#18637,#18638);
#18637 = CARTESIAN_POINT('',(0.,0.));
#18638 = VECTOR('',#18639,1.);
#18639 = DIRECTION('',(1.,0.));
#18640 = ( GEOMETRIC_REPRESENTATION_CONTEXT(2) 
PARAMETRIC_REPRESENTATION_CONTEXT() REPRESENTATION_CONTEXT('2D SPACE',''
  ) );
#18641 = PCURVE('',#14377,#18642);
#18642 = DEFINITIONAL_REPRESENTATION('',(#18643),#18647);
#18643 = LINE('',#18644,#18645);
#18644 = CARTESIAN_POINT('',(0.,0.));
#18645 = VECTOR('',#18646,1.);
#18646 = DIRECTION('',(1.,0.));
#18647 = ( GEOMETRIC_REPRESENTATION_CONTEXT(2) 
PARAMETRIC_REPRESENTATION_CONTEXT() REPRESENTATION_CONTEXT('2D SPACE',''
  ) );
#18648 = ADVANCED_FACE('',(#18649),#14377,.F.);
#18649 = FACE_BOUND('',#18650,.F.);
#18650 = EDGE_LOOP('',(#18651,#18652,#18653,#18654,#18655,#18656));
#18651 = ORIENTED_EDGE('',*,*,#18628,.F.);
#18652 = ORIENTED_EDGE('',*,*,#14681,.T.);
#18653 = ORIENTED_EDGE('',*,*,#15202,.T.);
#18654 = ORIENTED_EDGE('',*,*,#15282,.T.);
#18655 = ORIENTED_EDGE('',*,*,#15331,.T.);
#18656 = ORIENTED_EDGE('',*,*,#14361,.F.);
#18657 = ADVANCED_FACE('',(#18658),#14479,.F.);
#18658 = FACE_BOUND('',#18659,.F.);
#18659 = EDGE_LOOP('',(#18660,#18661,#18682,#18683));
#18660 = ORIENTED_EDGE('',*,*,#14462,.F.);
#18661 = ORIENTED_EDGE('',*,*,#18662,.F.);
#18662 = EDGE_CURVE('',#15228,#14463,#18663,.T.);
#18663 = SEAM_CURVE('',#18664,(#18668,#18675),.PCURVE_S1.);
#18664 = LINE('',#18665,#18666);
#18665 = CARTESIAN_POINT('',(-40.7,35.4,26.5));
#18666 = VECTOR('',#18667,1.);
#18667 = DIRECTION('',(0.,0.,1.));
#18668 = PCURVE('',#14479,#18669);
#18669 = DEFINITIONAL_REPRESENTATION('',(#18670),#18674);
#18670 = LINE('',#18671,#18672);
#18671 = CARTESIAN_POINT('',(6.28318530718,-0.));
#18672 = VECTOR('',#18673,1.);
#18673 = DIRECTION('',(0.,1.));
#18674 = ( GEOMETRIC_REPRESENTATION_CONTEXT(2) 
PARAMETRIC_REPRESENTATION_CONTEXT() REPRESENTATION_CONTEXT('2D SPACE',''
  ) );
#18675 = PCURVE('',#14479,#18676);
#18676 = DEFINITIONAL_REPRESENTATION('',(#18677),#18681);
#18677 = LINE('',#18678,#18679);
#18678 = CARTESIAN_POINT('',(0.,-0.));
#18679 = VECTOR('',#18680,1.);
#18680 = DIRECTION('',(0.,1.));
#18681 = ( GEOMETRIC_REPRESENTATION_CONTEXT(2) 
PARAMETRIC_REPRESENTATION_CONTEXT() REPRESENTATION_CONTEXT('2D SPACE',''
  ) );
#18682 = ORIENTED_EDGE('',*,*,#15227,.T.);
#18683 = ORIENTED_EDGE('',*,*,#18662,.T.);
#18684 = ADVANCED_FACE('',(#18685),#14510,.F.);
#18685 = FACE_BOUND('',#18686,.F.);
#18686 = EDGE_LOOP('',(#18687,#18688,#18711,#18738));
#18687 = ORIENTED_EDGE('',*,*,#14493,.F.);
#18688 = ORIENTED_EDGE('',*,*,#18689,.F.);
#18689 = EDGE_CURVE('',#18690,#14494,#18692,.T.);
#18690 = VERTEX_POINT('',#18691);
#18691 = CARTESIAN_POINT('',(-28.,40.,26.));
#18692 = SEAM_CURVE('',#18693,(#18697,#18704),.PCURVE_S1.);
#18693 = LINE('',#18694,#18695);
#18694 = CARTESIAN_POINT('',(-28.,40.,26.));
#18695 = VECTOR('',#18696,1.);
#18696 = DIRECTION('',(0.,0.,1.));
#18697 = PCURVE('',#14510,#18698);
#18698 = DEFINITIONAL_REPRESENTATION('',(#18699),#18703);
#18699 = LINE('',#18700,#18701);
#18700 = CARTESIAN_POINT('',(6.28318530718,-0.));
#18701 = VECTOR('',#18702,1.);
#18702 = DIRECTION('',(0.,1.));
#18703 = ( GEOMETRIC_REPRESENTATION_CONTEXT(2) 
PARAMETRIC_REPRESENTATION_CONTEXT() REPRESENTATION_CONTEXT('2D SPACE',''
  ) );
#18704 = PCURVE('',#14510,#18705);
#18705 = DEFINITIONAL_REPRESENTATION('',(#18706),#18710);
#18706 = LINE('',#18707,#18708);
#18707 = CARTESIAN_POINT('',(0.,-0.));
#18708 = VECTOR('',#18709,1.);
#18709 = DIRECTION('',(0.,1.));
#18710 = ( GEOMETRIC_REPRESENTATION_CONTEXT(2) 
PARAMETRIC_REPRESENTATION_CONTEXT() REPRESENTATION_CONTEXT('2D SPACE',''
  ) );
#18711 = ORIENTED_EDGE('',*,*,#18712,.T.);
#18712 = EDGE_CURVE('',#18690,#18690,#18713,.T.);
#18713 = SURFACE_CURVE('',#18714,(#18719,#18726),.PCURVE_S1.);
#18714 = CIRCLE('',#18715,2.);
#18715 = AXIS2_PLACEMENT_3D('',#18716,#18717,#18718);
#18716 = CARTESIAN_POINT('',(-30.,40.,26.));
#18717 = DIRECTION('',(0.,0.,1.));
#18718 = DIRECTION('',(1.,0.,-0.));
#18719 = PCURVE('',#14510,#18720);
#18720 = DEFINITIONAL_REPRESENTATION('',(#18721),#18725);
#18721 = LINE('',#18722,#18723);
#18722 = CARTESIAN_POINT('',(0.,0.));
#18723 = VECTOR('',#18724,1.);
#18724 = DIRECTION('',(1.,0.));
#18725 = ( GEOMETRIC_REPRESENTATION_CONTEXT(2) 
PARAMETRIC_REPRESENTATION_CONTEXT() REPRESENTATION_CONTEXT('2D SPACE',''
  ) );
#18726 = PCURVE('',#18727,#18732);
#18727 = PLANE('',#18728);
#18728 = AXIS2_PLACEMENT_3D('',#18729,#18730,#18731);
#18729 = CARTESIAN_POINT('',(-30.,40.,26.));
#18730 = DIRECTION('',(0.,0.,1.));
#18731 = DIRECTION('',(1.,0.,-0.));
#18732 = DEFINITIONAL_REPRESENTATION('',(#18733),#18737);
#18733 = CIRCLE('',#18734,2.);
#18734 = AXIS2_PLACEMENT_2D('',#18735,#18736);
#18735 = CARTESIAN_POINT('',(0.,0.));
#18736 = DIRECTION('',(1.,0.));
#18737 = ( GEOMETRIC_REPRESENTATION_CONTEXT(2) 
PARAMETRIC_REPRESENTATION_CONTEXT() REPRESENTATION_CONTEXT('2D SPACE',''
  ) );
#18738 = ORIENTED_EDGE('',*,*,#18689,.T.);
#18739 = ADVANCED_FACE('',(#18740),#14542,.F.);
#18740 = FACE_BOUND('',#18741,.F.);
#18741 = EDGE_LOOP('',(#18742,#18763,#18791,#18812));
#18742 = ORIENTED_EDGE('',*,*,#18743,.F.);
#18743 = EDGE_CURVE('',#18744,#14525,#18746,.T.);
#18744 = VERTEX_POINT('',#18745);
#18745 = CARTESIAN_POINT('',(-31.83303027798,44.,2.4));
#18746 = SURFACE_CURVE('',#18747,(#18751,#18757),.PCURVE_S1.);
#18747 = LINE('',#18748,#18749);
#18748 = CARTESIAN_POINT('',(-31.83303027798,44.,2.4));
#18749 = VECTOR('',#18750,1.);
#18750 = DIRECTION('',(0.,0.,1.));
#18751 = PCURVE('',#14542,#18752);
#18752 = DEFINITIONAL_REPRESENTATION('',(#18753),#18756);
#18753 = B_SPLINE_CURVE_WITH_KNOTS('',1,(#18754,#18755),.UNSPECIFIED.,
  .F.,.F.,(2,2),(-2.400000000069E-06,29.6000024),
  .PIECEWISE_BEZIER_KNOTS.);
#18754 = CARTESIAN_POINT('',(-2.400000000069E-06,2.166969722018));
#18755 = CARTESIAN_POINT('',(29.6000024,2.166969722018));
#18756 = ( GEOMETRIC_REPRESENTATION_CONTEXT(2) 
PARAMETRIC_REPRESENTATION_CONTEXT() REPRESENTATION_CONTEXT('2D SPACE',''
  ) );
#18757 = PCURVE('',#14570,#18758);
#18758 = DEFINITIONAL_REPRESENTATION('',(#18759),#18762);
#18759 = B_SPLINE_CURVE_WITH_KNOTS('',1,(#18760,#18761),.UNSPECIFIED.,
  .F.,.F.,(2,2),(-2.400000000069E-06,29.6000024),
  .PIECEWISE_BEZIER_KNOTS.);
#18760 = CARTESIAN_POINT('',(2.000495992946,-2.400000000069E-06));
#18761 = CARTESIAN_POINT('',(2.000495992946,29.6000024));
#18762 = ( GEOMETRIC_REPRESENTATION_CONTEXT(2) 
PARAMETRIC_REPRESENTATION_CONTEXT() REPRESENTATION_CONTEXT('2D SPACE',''
  ) );
#18763 = ORIENTED_EDGE('',*,*,#18764,.F.);
#18764 = EDGE_CURVE('',#18765,#18744,#18767,.T.);
#18765 = VERTEX_POINT('',#18766);
#18766 = CARTESIAN_POINT('',(-34.,44.,2.4));
#18767 = SURFACE_CURVE('',#18768,(#18772,#18779),.PCURVE_S1.);
#18768 = LINE('',#18769,#18770);
#18769 = CARTESIAN_POINT('',(-34.,44.,2.4));
#18770 = VECTOR('',#18771,1.);
#18771 = DIRECTION('',(1.,0.,-0.));
#18772 = PCURVE('',#14542,#18773);
#18773 = DEFINITIONAL_REPRESENTATION('',(#18774),#18778);
#18774 = LINE('',#18775,#18776);
#18775 = CARTESIAN_POINT('',(0.,0.));
#18776 = VECTOR('',#18777,1.);
#18777 = DIRECTION('',(0.,1.));
#18778 = ( GEOMETRIC_REPRESENTATION_CONTEXT(2) 
PARAMETRIC_REPRESENTATION_CONTEXT() REPRESENTATION_CONTEXT('2D SPACE',''
  ) );
#18779 = PCURVE('',#18780,#18785);
#18780 = PLANE('',#18781);
#18781 = AXIS2_PLACEMENT_3D('',#18782,#18783,#18784);
#18782 = CARTESIAN_POINT('',(-34.,-44.,2.4));
#18783 = DIRECTION('',(0.,0.,1.));
#18784 = DIRECTION('',(1.,0.,-0.));
#18785 = DEFINITIONAL_REPRESENTATION('',(#18786),#18790);
#18786 = LINE('',#18787,#18788);
#18787 = CARTESIAN_POINT('',(0.,88.));
#18788 = VECTOR('',#18789,1.);
#18789 = DIRECTION('',(1.,0.));
#18790 = ( GEOMETRIC_REPRESENTATION_CONTEXT(2) 
PARAMETRIC_REPRESENTATION_CONTEXT() REPRESENTATION_CONTEXT('2D SPACE',''
  ) );
#18791 = ORIENTED_EDGE('',*,*,#18792,.T.);
#18792 = EDGE_CURVE('',#18765,#14527,#18793,.T.);
#18793 = SURFACE_CURVE('',#18794,(#18798,#18805),.PCURVE_S1.);
#18794 = LINE('',#18795,#18796);
#18795 = CARTESIAN_POINT('',(-34.,44.,2.4));
#18796 = VECTOR('',#18797,1.);
#18797 = DIRECTION('',(0.,0.,1.));
#18798 = PCURVE('',#14542,#18799);
#18799 = DEFINITIONAL_REPRESENTATION('',(#18800),#18804);
#18800 = LINE('',#18801,#18802);
#18801 = CARTESIAN_POINT('',(0.,0.));
#18802 = VECTOR('',#18803,1.);
#18803 = DIRECTION('',(1.,0.));
#18804 = ( GEOMETRIC_REPRESENTATION_CONTEXT(2) 
PARAMETRIC_REPRESENTATION_CONTEXT() REPRESENTATION_CONTEXT('2D SPACE',''
  ) );
#18805 = PCURVE('',#14596,#18806);
#18806 = DEFINITIONAL_REPRESENTATION('',(#18807),#18811);
#18807 = LINE('',#18808,#18809);
#18808 = CARTESIAN_POINT('',(0.,-88.));
#18809 = VECTOR('',#18810,1.);
#18810 = DIRECTION('',(1.,0.));
#18811 = ( GEOMETRIC_REPRESENTATION_CONTEXT(2) 
PARAMETRIC_REPRESENTATION_CONTEXT() REPRESENTATION_CONTEXT('2D SPACE',''
  ) );
#18812 = ORIENTED_EDGE('',*,*,#14524,.F.);
#18813 = ADVANCED_FACE('',(#18814),#14570,.T.);
#18814 = FACE_BOUND('',#18815,.T.);
#18815 = EDGE_LOOP('',(#18816,#18817,#18818,#18842));
#18816 = ORIENTED_EDGE('',*,*,#14553,.F.);
#18817 = ORIENTED_EDGE('',*,*,#18743,.F.);
#18818 = ORIENTED_EDGE('',*,*,#18819,.T.);
#18819 = EDGE_CURVE('',#18744,#18820,#18822,.T.);
#18820 = VERTEX_POINT('',#18821);
#18821 = CARTESIAN_POINT('',(-34.,41.833030277982,2.4));
#18822 = SURFACE_CURVE('',#18823,(#18828,#18835),.PCURVE_S1.);
#18823 = CIRCLE('',#18824,4.4);
#18824 = AXIS2_PLACEMENT_3D('',#18825,#18826,#18827);
#18825 = CARTESIAN_POINT('',(-30.,40.,2.4));
#18826 = DIRECTION('',(0.,0.,1.));
#18827 = DIRECTION('',(1.,0.,-0.));
#18828 = PCURVE('',#14570,#18829);
#18829 = DEFINITIONAL_REPRESENTATION('',(#18830),#18834);
#18830 = LINE('',#18831,#18832);
#18831 = CARTESIAN_POINT('',(0.,0.));
#18832 = VECTOR('',#18833,1.);
#18833 = DIRECTION('',(1.,0.));
#18834 = ( GEOMETRIC_REPRESENTATION_CONTEXT(2) 
PARAMETRIC_REPRESENTATION_CONTEXT() REPRESENTATION_CONTEXT('2D SPACE',''
  ) );
#18835 = PCURVE('',#18780,#18836);
#18836 = DEFINITIONAL_REPRESENTATION('',(#18837),#18841);
#18837 = CIRCLE('',#18838,4.4);
#18838 = AXIS2_PLACEMENT_2D('',#18839,#18840);
#18839 = CARTESIAN_POINT('',(4.,84.));
#18840 = DIRECTION('',(1.,0.));
#18841 = ( GEOMETRIC_REPRESENTATION_CONTEXT(2) 
PARAMETRIC_REPRESENTATION_CONTEXT() REPRESENTATION_CONTEXT('2D SPACE',''
  ) );
#18842 = ORIENTED_EDGE('',*,*,#18843,.T.);
#18843 = EDGE_CURVE('',#18820,#14554,#18844,.T.);
#18844 = SURFACE_CURVE('',#18845,(#18849,#18855),.PCURVE_S1.);
#18845 = LINE('',#18846,#18847);
#18846 = CARTESIAN_POINT('',(-34.,41.833030277982,2.4));
#18847 = VECTOR('',#18848,1.);
#18848 = DIRECTION('',(0.,0.,1.));
#18849 = PCURVE('',#14570,#18850);
#18850 = DEFINITIONAL_REPRESENTATION('',(#18851),#18854);
#18851 = B_SPLINE_CURVE_WITH_KNOTS('',1,(#18852,#18853),.UNSPECIFIED.,
  .F.,.F.,(2,2),(-2.400000000069E-06,29.6000024),
  .PIECEWISE_BEZIER_KNOTS.);
#18852 = CARTESIAN_POINT('',(2.711892987438,-2.400000000069E-06));
#18853 = CARTESIAN_POINT('',(2.711892987438,29.6000024));
#18854 = ( GEOMETRIC_REPRESENTATION_CONTEXT(2) 
PARAMETRIC_REPRESENTATION_CONTEXT() REPRESENTATION_CONTEXT('2D SPACE',''
  ) );
#18855 = PCURVE('',#14596,#18856);
#18856 = DEFINITIONAL_REPRESENTATION('',(#18857),#18860);
#18857 = B_SPLINE_CURVE_WITH_KNOTS('',1,(#18858,#18859),.UNSPECIFIED.,
  .F.,.F.,(2,2),(-2.400000000069E-06,29.6000024),
  .PIECEWISE_BEZIER_KNOTS.);
#18858 = CARTESIAN_POINT('',(-2.400000000069E-06,-85.83303027798));
#18859 = CARTESIAN_POINT('',(29.6000024,-85.83303027798));
#18860 = ( GEOMETRIC_REPRESENTATION_CONTEXT(2) 
PARAMETRIC_REPRESENTATION_CONTEXT() REPRESENTATION_CONTEXT('2D SPACE',''
  ) );
#18861 = ADVANCED_FACE('',(#18862),#14596,.T.);
#18862 = FACE_BOUND('',#18863,.T.);
#18863 = EDGE_LOOP('',(#18864,#18865,#18886,#18887));
#18864 = ORIENTED_EDGE('',*,*,#18843,.F.);
#18865 = ORIENTED_EDGE('',*,*,#18866,.T.);
#18866 = EDGE_CURVE('',#18820,#18765,#18867,.T.);
#18867 = SURFACE_CURVE('',#18868,(#18872,#18879),.PCURVE_S1.);
#18868 = LINE('',#18869,#18870);
#18869 = CARTESIAN_POINT('',(-34.,-44.,2.4));
#18870 = VECTOR('',#18871,1.);
#18871 = DIRECTION('',(-0.,1.,0.));
#18872 = PCURVE('',#14596,#18873);
#18873 = DEFINITIONAL_REPRESENTATION('',(#18874),#18878);
#18874 = LINE('',#18875,#18876);
#18875 = CARTESIAN_POINT('',(0.,0.));
#18876 = VECTOR('',#18877,1.);
#18877 = DIRECTION('',(0.,-1.));
#18878 = ( GEOMETRIC_REPRESENTATION_CONTEXT(2) 
PARAMETRIC_REPRESENTATION_CONTEXT() REPRESENTATION_CONTEXT('2D SPACE',''
  ) );
#18879 = PCURVE('',#18780,#18880);
#18880 = DEFINITIONAL_REPRESENTATION('',(#18881),#18885);
#18881 = LINE('',#18882,#18883);
#18882 = CARTESIAN_POINT('',(0.,0.));
#18883 = VECTOR('',#18884,1.);
#18884 = DIRECTION('',(0.,1.));
#18885 = ( GEOMETRIC_REPRESENTATION_CONTEXT(2) 
PARAMETRIC_REPRESENTATION_CONTEXT() REPRESENTATION_CONTEXT('2D SPACE',''
  ) );
#18886 = ORIENTED_EDGE('',*,*,#18792,.T.);
#18887 = ORIENTED_EDGE('',*,*,#14582,.F.);
#18888 = ADVANCED_FACE('',(#18889),#14847,.T.);
#18889 = FACE_BOUND('',#18890,.T.);
#18890 = EDGE_LOOP('',(#18891,#18892,#18911,#18912));
#18891 = ORIENTED_EDGE('',*,*,#15888,.F.);
#18892 = ORIENTED_EDGE('',*,*,#18893,.T.);
#18893 = EDGE_CURVE('',#15889,#16019,#18894,.T.);
#18894 = SURFACE_CURVE('',#18895,(#18899,#18905),.PCURVE_S1.);
#18895 = LINE('',#18896,#18897);
#18896 = CARTESIAN_POINT('',(-26.4,13.,8.4));
#18897 = VECTOR('',#18898,1.);
#18898 = DIRECTION('',(-0.,1.,0.));
#18899 = PCURVE('',#14847,#18900);
#18900 = DEFINITIONAL_REPRESENTATION('',(#18901),#18904);
#18901 = B_SPLINE_CURVE_WITH_KNOTS('',1,(#18902,#18903),.UNSPECIFIED.,
  .F.,.F.,(2,2),(0.,8.),.PIECEWISE_BEZIER_KNOTS.);
#18902 = CARTESIAN_POINT('',(6.,0.));
#18903 = CARTESIAN_POINT('',(6.,-8.));
#18904 = ( GEOMETRIC_REPRESENTATION_CONTEXT(2) 
PARAMETRIC_REPRESENTATION_CONTEXT() REPRESENTATION_CONTEXT('2D SPACE',''
  ) );
#18905 = PCURVE('',#15927,#18906);
#18906 = DEFINITIONAL_REPRESENTATION('',(#18907),#18910);
#18907 = B_SPLINE_CURVE_WITH_KNOTS('',1,(#18908,#18909),.UNSPECIFIED.,
  .F.,.F.,(2,2),(0.,8.),.PIECEWISE_BEZIER_KNOTS.);
#18908 = CARTESIAN_POINT('',(7.6,0.));
#18909 = CARTESIAN_POINT('',(7.6,8.));
#18910 = ( GEOMETRIC_REPRESENTATION_CONTEXT(2) 
PARAMETRIC_REPRESENTATION_CONTEXT() REPRESENTATION_CONTEXT('2D SPACE',''
  ) );
#18911 = ORIENTED_EDGE('',*,*,#16018,.T.);
#18912 = ORIENTED_EDGE('',*,*,#14831,.F.);
#18913 = ADVANCED_FACE('',(#18914),#14904,.F.);
#18914 = FACE_BOUND('',#18915,.F.);
#18915 = EDGE_LOOP('',(#18916,#18917,#18940,#18967));
#18916 = ORIENTED_EDGE('',*,*,#14887,.F.);
#18917 = ORIENTED_EDGE('',*,*,#18918,.F.);
#18918 = EDGE_CURVE('',#18919,#14888,#18921,.T.);
#18919 = VERTEX_POINT('',#18920);
#18920 = CARTESIAN_POINT('',(-28.9,17.,4.2));
#18921 = SEAM_CURVE('',#18922,(#18926,#18933),.PCURVE_S1.);
#18922 = LINE('',#18923,#18924);
#18923 = CARTESIAN_POINT('',(-28.9,17.,4.2));
#18924 = VECTOR('',#18925,1.);
#18925 = DIRECTION('',(0.,0.,1.));
#18926 = PCURVE('',#14904,#18927);
#18927 = DEFINITIONAL_REPRESENTATION('',(#18928),#18932);
#18928 = LINE('',#18929,#18930);
#18929 = CARTESIAN_POINT('',(6.28318530718,-0.));
#18930 = VECTOR('',#18931,1.);
#18931 = DIRECTION('',(0.,1.));
#18932 = ( GEOMETRIC_REPRESENTATION_CONTEXT(2) 
PARAMETRIC_REPRESENTATION_CONTEXT() REPRESENTATION_CONTEXT('2D SPACE',''
  ) );
#18933 = PCURVE('',#14904,#18934);
#18934 = DEFINITIONAL_REPRESENTATION('',(#18935),#18939);
#18935 = LINE('',#18936,#18937);
#18936 = CARTESIAN_POINT('',(0.,-0.));
#18937 = VECTOR('',#18938,1.);
#18938 = DIRECTION('',(0.,1.));
#18939 = ( GEOMETRIC_REPRESENTATION_CONTEXT(2) 
PARAMETRIC_REPRESENTATION_CONTEXT() REPRESENTATION_CONTEXT('2D SPACE',''
  ) );
#18940 = ORIENTED_EDGE('',*,*,#18941,.T.);
#18941 = EDGE_CURVE('',#18919,#18919,#18942,.T.);
#18942 = SURFACE_CURVE('',#18943,(#18948,#18955),.PCURVE_S1.);
#18943 = CIRCLE('',#18944,2.);
#18944 = AXIS2_PLACEMENT_3D('',#18945,#18946,#18947);
#18945 = CARTESIAN_POINT('',(-30.9,17.,4.2));
#18946 = DIRECTION('',(0.,0.,1.));
#18947 = DIRECTION('',(1.,0.,-0.));
#18948 = PCURVE('',#14904,#18949);
#18949 = DEFINITIONAL_REPRESENTATION('',(#18950),#18954);
#18950 = LINE('',#18951,#18952);
#18951 = CARTESIAN_POINT('',(0.,0.));
#18952 = VECTOR('',#18953,1.);
#18953 = DIRECTION('',(1.,0.));
#18954 = ( GEOMETRIC_REPRESENTATION_CONTEXT(2) 
PARAMETRIC_REPRESENTATION_CONTEXT() REPRESENTATION_CONTEXT('2D SPACE',''
  ) );
#18955 = PCURVE('',#18956,#18961);
#18956 = PLANE('',#18957);
#18957 = AXIS2_PLACEMENT_3D('',#18958,#18959,#18960);
#18958 = CARTESIAN_POINT('',(-30.9,17.,4.2));
#18959 = DIRECTION('',(0.,0.,1.));
#18960 = DIRECTION('',(1.,0.,-0.));
#18961 = DEFINITIONAL_REPRESENTATION('',(#18962),#18966);
#18962 = CIRCLE('',#18963,2.);
#18963 = AXIS2_PLACEMENT_2D('',#18964,#18965);
#18964 = CARTESIAN_POINT('',(0.,0.));
#18965 = DIRECTION('',(1.,0.));
#18966 = ( GEOMETRIC_REPRESENTATION_CONTEXT(2) 
PARAMETRIC_REPRESENTATION_CONTEXT() REPRESENTATION_CONTEXT('2D SPACE',''
  ) );
#18967 = ORIENTED_EDGE('',*,*,#18918,.T.);
#18968 = ADVANCED_FACE('',(#18969),#15056,.T.);
#18969 = FACE_BOUND('',#18970,.T.);
#18970 = EDGE_LOOP('',(#18971,#18972,#18991,#18992));
#18971 = ORIENTED_EDGE('',*,*,#15710,.F.);
#18972 = ORIENTED_EDGE('',*,*,#18973,.T.);
#18973 = EDGE_CURVE('',#15711,#15841,#18974,.T.);
#18974 = SURFACE_CURVE('',#18975,(#18979,#18985),.PCURVE_S1.);
#18975 = LINE('',#18976,#18977);
#18976 = CARTESIAN_POINT('',(-26.4,-21.,8.4));
#18977 = VECTOR('',#18978,1.);
#18978 = DIRECTION('',(-0.,1.,0.));
#18979 = PCURVE('',#15056,#18980);
#18980 = DEFINITIONAL_REPRESENTATION('',(#18981),#18984);
#18981 = B_SPLINE_CURVE_WITH_KNOTS('',1,(#18982,#18983),.UNSPECIFIED.,
  .F.,.F.,(2,2),(0.,8.),.PIECEWISE_BEZIER_KNOTS.);
#18982 = CARTESIAN_POINT('',(6.,0.));
#18983 = CARTESIAN_POINT('',(6.,-8.));
#18984 = ( GEOMETRIC_REPRESENTATION_CONTEXT(2) 
PARAMETRIC_REPRESENTATION_CONTEXT() REPRESENTATION_CONTEXT('2D SPACE',''
  ) );
#18985 = PCURVE('',#15749,#18986);
#18986 = DEFINITIONAL_REPRESENTATION('',(#18987),#18990);
#18987 = B_SPLINE_CURVE_WITH_KNOTS('',1,(#18988,#18989),.UNSPECIFIED.,
  .F.,.F.,(2,2),(0.,8.),.PIECEWISE_BEZIER_KNOTS.);
#18988 = CARTESIAN_POINT('',(7.6,0.));
#18989 = CARTESIAN_POINT('',(7.6,8.));
#18990 = ( GEOMETRIC_REPRESENTATION_CONTEXT(2) 
PARAMETRIC_REPRESENTATION_CONTEXT() REPRESENTATION_CONTEXT('2D SPACE',''
  ) );
#18991 = ORIENTED_EDGE('',*,*,#15840,.T.);
#18992 = ORIENTED_EDGE('',*,*,#15040,.F.);
#18993 = ADVANCED_FACE('',(#18994),#15113,.F.);
#18994 = FACE_BOUND('',#18995,.F.);
#18995 = EDGE_LOOP('',(#18996,#18997,#19020,#19047));
#18996 = ORIENTED_EDGE('',*,*,#15096,.F.);
#18997 = ORIENTED_EDGE('',*,*,#18998,.F.);
#18998 = EDGE_CURVE('',#18999,#15097,#19001,.T.);
#18999 = VERTEX_POINT('',#19000);
#19000 = CARTESIAN_POINT('',(-28.9,-17.,4.2));
#19001 = SEAM_CURVE('',#19002,(#19006,#19013),.PCURVE_S1.);
#19002 = LINE('',#19003,#19004);
#19003 = CARTESIAN_POINT('',(-28.9,-17.,4.2));
#19004 = VECTOR('',#19005,1.);
#19005 = DIRECTION('',(0.,0.,1.));
#19006 = PCURVE('',#15113,#19007);
#19007 = DEFINITIONAL_REPRESENTATION('',(#19008),#19012);
#19008 = LINE('',#19009,#19010);
#19009 = CARTESIAN_POINT('',(6.28318530718,-0.));
#19010 = VECTOR('',#19011,1.);
#19011 = DIRECTION('',(0.,1.));
#19012 = ( GEOMETRIC_REPRESENTATION_CONTEXT(2) 
PARAMETRIC_REPRESENTATION_CONTEXT() REPRESENTATION_CONTEXT('2D SPACE',''
  ) );
#19013 = PCURVE('',#15113,#19014);
#19014 = DEFINITIONAL_REPRESENTATION('',(#19015),#19019);
#19015 = LINE('',#19016,#19017);
#19016 = CARTESIAN_POINT('',(0.,-0.));
#19017 = VECTOR('',#19018,1.);
#19018 = DIRECTION('',(0.,1.));
#19019 = ( GEOMETRIC_REPRESENTATION_CONTEXT(2) 
PARAMETRIC_REPRESENTATION_CONTEXT() REPRESENTATION_CONTEXT('2D SPACE',''
  ) );
#19020 = ORIENTED_EDGE('',*,*,#19021,.T.);
#19021 = EDGE_CURVE('',#18999,#18999,#19022,.T.);
#19022 = SURFACE_CURVE('',#19023,(#19028,#19035),.PCURVE_S1.);
#19023 = CIRCLE('',#19024,2.);
#19024 = AXIS2_PLACEMENT_3D('',#19025,#19026,#19027);
#19025 = CARTESIAN_POINT('',(-30.9,-17.,4.2));
#19026 = DIRECTION('',(0.,0.,1.));
#19027 = DIRECTION('',(1.,0.,-0.));
#19028 = PCURVE('',#15113,#19029);
#19029 = DEFINITIONAL_REPRESENTATION('',(#19030),#19034);
#19030 = LINE('',#19031,#19032);
#19031 = CARTESIAN_POINT('',(0.,0.));
#19032 = VECTOR('',#19033,1.);
#19033 = DIRECTION('',(1.,0.));
#19034 = ( GEOMETRIC_REPRESENTATION_CONTEXT(2) 
PARAMETRIC_REPRESENTATION_CONTEXT() REPRESENTATION_CONTEXT('2D SPACE',''
  ) );
#19035 = PCURVE('',#19036,#19041);
#19036 = PLANE('',#19037);
#19037 = AXIS2_PLACEMENT_3D('',#19038,#19039,#19040);
#19038 = CARTESIAN_POINT('',(-30.9,-17.,4.2));
#19039 = DIRECTION('',(0.,0.,1.));
#19040 = DIRECTION('',(1.,0.,-0.));
#19041 = DEFINITIONAL_REPRESENTATION('',(#19042),#19046);
#19042 = CIRCLE('',#19043,2.);
#19043 = AXIS2_PLACEMENT_2D('',#19044,#19045);
#19044 = CARTESIAN_POINT('',(0.,0.));
#19045 = DIRECTION('',(1.,0.));
#19046 = ( GEOMETRIC_REPRESENTATION_CONTEXT(2) 
PARAMETRIC_REPRESENTATION_CONTEXT() REPRESENTATION_CONTEXT('2D SPACE',''
  ) );
#19047 = ORIENTED_EDGE('',*,*,#18998,.T.);
#19048 = ADVANCED_FACE('',(#19049),#15419,.T.);
#19049 = FACE_BOUND('',#19050,.T.);
#19050 = EDGE_LOOP('',(#19051,#19052,#19053,#19074));
#19051 = ORIENTED_EDGE('',*,*,#15436,.F.);
#19052 = ORIENTED_EDGE('',*,*,#15405,.F.);
#19053 = ORIENTED_EDGE('',*,*,#19054,.T.);
#19054 = EDGE_CURVE('',#15385,#18290,#19055,.T.);
#19055 = SURFACE_CURVE('',#19056,(#19060,#19067),.PCURVE_S1.);
#19056 = LINE('',#19057,#19058);
#19057 = CARTESIAN_POINT('',(37.6,43.4,3.6));
#19058 = VECTOR('',#19059,1.);
#19059 = DIRECTION('',(0.,0.,1.));
#19060 = PCURVE('',#15419,#19061);
#19061 = DEFINITIONAL_REPRESENTATION('',(#19062),#19066);
#19062 = LINE('',#19063,#19064);
#19063 = CARTESIAN_POINT('',(0.,-91.));
#19064 = VECTOR('',#19065,1.);
#19065 = DIRECTION('',(1.,0.));
#19066 = ( GEOMETRIC_REPRESENTATION_CONTEXT(2) 
PARAMETRIC_REPRESENTATION_CONTEXT() REPRESENTATION_CONTEXT('2D SPACE',''
  ) );
#19067 = PCURVE('',#15530,#19068);
#19068 = DEFINITIONAL_REPRESENTATION('',(#19069),#19073);
#19069 = LINE('',#19070,#19071);
#19070 = CARTESIAN_POINT('',(0.,0.));
#19071 = VECTOR('',#19072,1.);
#19072 = DIRECTION('',(0.,1.));
#19073 = ( GEOMETRIC_REPRESENTATION_CONTEXT(2) 
PARAMETRIC_REPRESENTATION_CONTEXT() REPRESENTATION_CONTEXT('2D SPACE',''
  ) );
#19074 = ORIENTED_EDGE('',*,*,#18337,.T.);
#19075 = ADVANCED_FACE('',(#19076),#15530,.T.);
#19076 = FACE_BOUND('',#19077,.T.);
#19077 = EDGE_LOOP('',(#19078,#19079,#19080,#19101));
#19078 = ORIENTED_EDGE('',*,*,#19054,.F.);
#19079 = ORIENTED_EDGE('',*,*,#15515,.F.);
#19080 = ORIENTED_EDGE('',*,*,#19081,.T.);
#19081 = EDGE_CURVE('',#15495,#18243,#19082,.T.);
#19082 = SURFACE_CURVE('',#19083,(#19087,#19094),.PCURVE_S1.);
#19083 = LINE('',#19084,#19085);
#19084 = CARTESIAN_POINT('',(33.4,47.6,3.6));
#19085 = VECTOR('',#19086,1.);
#19086 = DIRECTION('',(0.,0.,1.));
#19087 = PCURVE('',#15530,#19088);
#19088 = DEFINITIONAL_REPRESENTATION('',(#19089),#19093);
#19089 = LINE('',#19090,#19091);
#19090 = CARTESIAN_POINT('',(1.570796326795,0.));
#19091 = VECTOR('',#19092,1.);
#19092 = DIRECTION('',(0.,1.));
#19093 = ( GEOMETRIC_REPRESENTATION_CONTEXT(2) 
PARAMETRIC_REPRESENTATION_CONTEXT() REPRESENTATION_CONTEXT('2D SPACE',''
  ) );
#19094 = PCURVE('',#15582,#19095);
#19095 = DEFINITIONAL_REPRESENTATION('',(#19096),#19100);
#19096 = LINE('',#19097,#19098);
#19097 = CARTESIAN_POINT('',(0.,71.));
#19098 = VECTOR('',#19099,1.);
#19099 = DIRECTION('',(1.,0.));
#19100 = ( GEOMETRIC_REPRESENTATION_CONTEXT(2) 
PARAMETRIC_REPRESENTATION_CONTEXT() REPRESENTATION_CONTEXT('2D SPACE',''
  ) );
#19101 = ORIENTED_EDGE('',*,*,#18289,.T.);
#19102 = ADVANCED_FACE('',(#19103),#15582,.T.);
#19103 = FACE_BOUND('',#19104,.T.);
#19104 = EDGE_LOOP('',(#19105,#19106,#19107,#19108));
#19105 = ORIENTED_EDGE('',*,*,#15629,.T.);
#19106 = ORIENTED_EDGE('',*,*,#18242,.T.);
#19107 = ORIENTED_EDGE('',*,*,#19081,.F.);
#19108 = ORIENTED_EDGE('',*,*,#15568,.F.);
#19109 = ADVANCED_FACE('',(#19110),#15749,.T.);
#19110 = FACE_BOUND('',#19111,.T.);
#19111 = EDGE_LOOP('',(#19112,#19113,#19114,#19115));
#19112 = ORIENTED_EDGE('',*,*,#15863,.F.);
#19113 = ORIENTED_EDGE('',*,*,#18973,.F.);
#19114 = ORIENTED_EDGE('',*,*,#15733,.T.);
#19115 = ORIENTED_EDGE('',*,*,#15813,.T.);
#19116 = ADVANCED_FACE('',(#19117),#15927,.T.);
#19117 = FACE_BOUND('',#19118,.T.);
#19118 = EDGE_LOOP('',(#19119,#19120,#19121,#19122));
#19119 = ORIENTED_EDGE('',*,*,#16041,.F.);
#19120 = ORIENTED_EDGE('',*,*,#18893,.F.);
#19121 = ORIENTED_EDGE('',*,*,#15911,.T.);
#19122 = ORIENTED_EDGE('',*,*,#15991,.T.);
#19123 = ADVANCED_FACE('',(#19124),#16229,.F.);
#19124 = FACE_BOUND('',#19125,.F.);
#19125 = EDGE_LOOP('',(#19126,#19127,#19146,#19147));
#19126 = ORIENTED_EDGE('',*,*,#16384,.F.);
#19127 = ORIENTED_EDGE('',*,*,#19128,.T.);
#19128 = EDGE_CURVE('',#16362,#16186,#19129,.T.);
#19129 = SURFACE_CURVE('',#19130,(#19134,#19140),.PCURVE_S1.);
#19130 = LINE('',#19131,#19132);
#19131 = CARTESIAN_POINT('',(26.4,13.,8.4));
#19132 = VECTOR('',#19133,1.);
#19133 = DIRECTION('',(-0.,1.,0.));
#19134 = PCURVE('',#16229,#19135);
#19135 = DEFINITIONAL_REPRESENTATION('',(#19136),#19139);
#19136 = B_SPLINE_CURVE_WITH_KNOTS('',1,(#19137,#19138),.UNSPECIFIED.,
  .F.,.F.,(2,2),(0.,8.),.PIECEWISE_BEZIER_KNOTS.);
#19137 = CARTESIAN_POINT('',(6.,0.));
#19138 = CARTESIAN_POINT('',(6.,-8.));
#19139 = ( GEOMETRIC_REPRESENTATION_CONTEXT(2) 
PARAMETRIC_REPRESENTATION_CONTEXT() REPRESENTATION_CONTEXT('2D SPACE',''
  ) );
#19140 = PCURVE('',#16201,#19141);
#19141 = DEFINITIONAL_REPRESENTATION('',(#19142),#19145);
#19142 = B_SPLINE_CURVE_WITH_KNOTS('',1,(#19143,#19144),.UNSPECIFIED.,
  .F.,.F.,(2,2),(0.,8.),.PIECEWISE_BEZIER_KNOTS.);
#19143 = CARTESIAN_POINT('',(1.2,0.));
#19144 = CARTESIAN_POINT('',(1.2,8.));
#19145 = ( GEOMETRIC_REPRESENTATION_CONTEXT(2) 
PARAMETRIC_REPRESENTATION_CONTEXT() REPRESENTATION_CONTEXT('2D SPACE',''
  ) );
#19146 = ORIENTED_EDGE('',*,*,#16213,.T.);
#19147 = ORIENTED_EDGE('',*,*,#17393,.F.);
#19148 = ADVANCED_FACE('',(#19149),#16201,.T.);
#19149 = FACE_BOUND('',#19150,.T.);
#19150 = EDGE_LOOP('',(#19151,#19152,#19153,#19154));
#19151 = ORIENTED_EDGE('',*,*,#16185,.F.);
#19152 = ORIENTED_EDGE('',*,*,#16291,.F.);
#19153 = ORIENTED_EDGE('',*,*,#16361,.T.);
#19154 = ORIENTED_EDGE('',*,*,#19128,.T.);
#19155 = ADVANCED_FACE('',(#19156),#16646,.F.);
#19156 = FACE_BOUND('',#19157,.F.);
#19157 = EDGE_LOOP('',(#19158,#19159,#19178,#19179));
#19158 = ORIENTED_EDGE('',*,*,#16801,.F.);
#19159 = ORIENTED_EDGE('',*,*,#19160,.T.);
#19160 = EDGE_CURVE('',#16779,#16603,#19161,.T.);
#19161 = SURFACE_CURVE('',#19162,(#19166,#19172),.PCURVE_S1.);
#19162 = LINE('',#19163,#19164);
#19163 = CARTESIAN_POINT('',(26.4,-21.,8.4));
#19164 = VECTOR('',#19165,1.);
#19165 = DIRECTION('',(-0.,1.,0.));
#19166 = PCURVE('',#16646,#19167);
#19167 = DEFINITIONAL_REPRESENTATION('',(#19168),#19171);
#19168 = B_SPLINE_CURVE_WITH_KNOTS('',1,(#19169,#19170),.UNSPECIFIED.,
  .F.,.F.,(2,2),(0.,8.),.PIECEWISE_BEZIER_KNOTS.);
#19169 = CARTESIAN_POINT('',(6.,0.));
#19170 = CARTESIAN_POINT('',(6.,-8.));
#19171 = ( GEOMETRIC_REPRESENTATION_CONTEXT(2) 
PARAMETRIC_REPRESENTATION_CONTEXT() REPRESENTATION_CONTEXT('2D SPACE',''
  ) );
#19172 = PCURVE('',#16618,#19173);
#19173 = DEFINITIONAL_REPRESENTATION('',(#19174),#19177);
#19174 = B_SPLINE_CURVE_WITH_KNOTS('',1,(#19175,#19176),.UNSPECIFIED.,
  .F.,.F.,(2,2),(0.,8.),.PIECEWISE_BEZIER_KNOTS.);
#19175 = CARTESIAN_POINT('',(1.2,0.));
#19176 = CARTESIAN_POINT('',(1.2,8.));
#19177 = ( GEOMETRIC_REPRESENTATION_CONTEXT(2) 
PARAMETRIC_REPRESENTATION_CONTEXT() REPRESENTATION_CONTEXT('2D SPACE',''
  ) );
#19178 = ORIENTED_EDGE('',*,*,#16630,.T.);
#19179 = ORIENTED_EDGE('',*,*,#17331,.F.);
#19180 = ADVANCED_FACE('',(#19181),#16618,.T.);
#19181 = FACE_BOUND('',#19182,.T.);
#19182 = EDGE_LOOP('',(#19183,#19184,#19185,#19186));
#19183 = ORIENTED_EDGE('',*,*,#16602,.F.);
#19184 = ORIENTED_EDGE('',*,*,#16708,.F.);
#19185 = ORIENTED_EDGE('',*,*,#16778,.T.);
#19186 = ORIENTED_EDGE('',*,*,#19160,.T.);
#19187 = ADVANCED_FACE('',(#19188),#16961,.T.);
#19188 = FACE_BOUND('',#19189,.T.);
#19189 = EDGE_LOOP('',(#19190,#19191,#19192,#19193));
#19190 = ORIENTED_EDGE('',*,*,#16947,.F.);
#19191 = ORIENTED_EDGE('',*,*,#17027,.T.);
#19192 = ORIENTED_EDGE('',*,*,#17077,.T.);
#19193 = ORIENTED_EDGE('',*,*,#16978,.F.);
#19194 = ADVANCED_FACE('',(#19195),#17162,.T.);
#19195 = FACE_BOUND('',#19196,.T.);
#19196 = EDGE_LOOP('',(#19197,#19198,#19199,#19200));
#19197 = ORIENTED_EDGE('',*,*,#17148,.F.);
#19198 = ORIENTED_EDGE('',*,*,#17228,.T.);
#19199 = ORIENTED_EDGE('',*,*,#17278,.T.);
#19200 = ORIENTED_EDGE('',*,*,#17179,.F.);
#19201 = ADVANCED_FACE('',(#19202),#17374,.F.);
#19202 = FACE_BOUND('',#19203,.F.);
#19203 = EDGE_LOOP('',(#19204,#19205,#19228,#19255));
#19204 = ORIENTED_EDGE('',*,*,#17357,.F.);
#19205 = ORIENTED_EDGE('',*,*,#19206,.F.);
#19206 = EDGE_CURVE('',#19207,#17358,#19209,.T.);
#19207 = VERTEX_POINT('',#19208);
#19208 = CARTESIAN_POINT('',(32.9,-17.,4.2));
#19209 = SEAM_CURVE('',#19210,(#19214,#19221),.PCURVE_S1.);
#19210 = LINE('',#19211,#19212);
#19211 = CARTESIAN_POINT('',(32.9,-17.,4.2));
#19212 = VECTOR('',#19213,1.);
#19213 = DIRECTION('',(0.,0.,1.));
#19214 = PCURVE('',#17374,#19215);
#19215 = DEFINITIONAL_REPRESENTATION('',(#19216),#19220);
#19216 = LINE('',#19217,#19218);
#19217 = CARTESIAN_POINT('',(6.28318530718,-0.));
#19218 = VECTOR('',#19219,1.);
#19219 = DIRECTION('',(0.,1.));
#19220 = ( GEOMETRIC_REPRESENTATION_CONTEXT(2) 
PARAMETRIC_REPRESENTATION_CONTEXT() REPRESENTATION_CONTEXT('2D SPACE',''
  ) );
#19221 = PCURVE('',#17374,#19222);
#19222 = DEFINITIONAL_REPRESENTATION('',(#19223),#19227);
#19223 = LINE('',#19224,#19225);
#19224 = CARTESIAN_POINT('',(0.,-0.));
#19225 = VECTOR('',#19226,1.);
#19226 = DIRECTION('',(0.,1.));
#19227 = ( GEOMETRIC_REPRESENTATION_CONTEXT(2) 
PARAMETRIC_REPRESENTATION_CONTEXT() REPRESENTATION_CONTEXT('2D SPACE',''
  ) );
#19228 = ORIENTED_EDGE('',*,*,#19229,.T.);
#19229 = EDGE_CURVE('',#19207,#19207,#19230,.T.);
#19230 = SURFACE_CURVE('',#19231,(#19236,#19243),.PCURVE_S1.);
#19231 = CIRCLE('',#19232,2.);
#19232 = AXIS2_PLACEMENT_3D('',#19233,#19234,#19235);
#19233 = CARTESIAN_POINT('',(30.9,-17.,4.2));
#19234 = DIRECTION('',(0.,0.,1.));
#19235 = DIRECTION('',(1.,0.,-0.));
#19236 = PCURVE('',#17374,#19237);
#19237 = DEFINITIONAL_REPRESENTATION('',(#19238),#19242);
#19238 = LINE('',#19239,#19240);
#19239 = CARTESIAN_POINT('',(0.,0.));
#19240 = VECTOR('',#19241,1.);
#19241 = DIRECTION('',(1.,0.));
#19242 = ( GEOMETRIC_REPRESENTATION_CONTEXT(2) 
PARAMETRIC_REPRESENTATION_CONTEXT() REPRESENTATION_CONTEXT('2D SPACE',''
  ) );
#19243 = PCURVE('',#19244,#19249);
#19244 = PLANE('',#19245);
#19245 = AXIS2_PLACEMENT_3D('',#19246,#19247,#19248);
#19246 = CARTESIAN_POINT('',(30.9,-17.,4.2));
#19247 = DIRECTION('',(0.,0.,1.));
#19248 = DIRECTION('',(1.,0.,-0.));
#19249 = DEFINITIONAL_REPRESENTATION('',(#19250),#19254);
#19250 = CIRCLE('',#19251,2.);
#19251 = AXIS2_PLACEMENT_2D('',#19252,#19253);
#19252 = CARTESIAN_POINT('',(0.,0.));
#19253 = DIRECTION('',(1.,0.));
#19254 = ( GEOMETRIC_REPRESENTATION_CONTEXT(2) 
PARAMETRIC_REPRESENTATION_CONTEXT() REPRESENTATION_CONTEXT('2D SPACE',''
  ) );
#19255 = ORIENTED_EDGE('',*,*,#19206,.T.);
#19256 = ADVANCED_FACE('',(#19257),#17436,.F.);
#19257 = FACE_BOUND('',#19258,.F.);
#19258 = EDGE_LOOP('',(#19259,#19260,#19283,#19310));
#19259 = ORIENTED_EDGE('',*,*,#17419,.F.);
#19260 = ORIENTED_EDGE('',*,*,#19261,.F.);
#19261 = EDGE_CURVE('',#19262,#17420,#19264,.T.);
#19262 = VERTEX_POINT('',#19263);
#19263 = CARTESIAN_POINT('',(32.9,17.,4.2));
#19264 = SEAM_CURVE('',#19265,(#19269,#19276),.PCURVE_S1.);
#19265 = LINE('',#19266,#19267);
#19266 = CARTESIAN_POINT('',(32.9,17.,4.2));
#19267 = VECTOR('',#19268,1.);
#19268 = DIRECTION('',(0.,0.,1.));
#19269 = PCURVE('',#17436,#19270);
#19270 = DEFINITIONAL_REPRESENTATION('',(#19271),#19275);
#19271 = LINE('',#19272,#19273);
#19272 = CARTESIAN_POINT('',(6.28318530718,-0.));
#19273 = VECTOR('',#19274,1.);
#19274 = DIRECTION('',(0.,1.));
#19275 = ( GEOMETRIC_REPRESENTATION_CONTEXT(2) 
PARAMETRIC_REPRESENTATION_CONTEXT() REPRESENTATION_CONTEXT('2D SPACE',''
  ) );
#19276 = PCURVE('',#17436,#19277);
#19277 = DEFINITIONAL_REPRESENTATION('',(#19278),#19282);
#19278 = LINE('',#19279,#19280);
#19279 = CARTESIAN_POINT('',(0.,-0.));
#19280 = VECTOR('',#19281,1.);
#19281 = DIRECTION('',(0.,1.));
#19282 = ( GEOMETRIC_REPRESENTATION_CONTEXT(2) 
PARAMETRIC_REPRESENTATION_CONTEXT() REPRESENTATION_CONTEXT('2D SPACE',''
  ) );
#19283 = ORIENTED_EDGE('',*,*,#19284,.T.);
#19284 = EDGE_CURVE('',#19262,#19262,#19285,.T.);
#19285 = SURFACE_CURVE('',#19286,(#19291,#19298),.PCURVE_S1.);
#19286 = CIRCLE('',#19287,2.);
#19287 = AXIS2_PLACEMENT_3D('',#19288,#19289,#19290);
#19288 = CARTESIAN_POINT('',(30.9,17.,4.2));
#19289 = DIRECTION('',(0.,0.,1.));
#19290 = DIRECTION('',(1.,0.,-0.));
#19291 = PCURVE('',#17436,#19292);
#19292 = DEFINITIONAL_REPRESENTATION('',(#19293),#19297);
#19293 = LINE('',#19294,#19295);
#19294 = CARTESIAN_POINT('',(0.,0.));
#19295 = VECTOR('',#19296,1.);
#19296 = DIRECTION('',(1.,0.));
#19297 = ( GEOMETRIC_REPRESENTATION_CONTEXT(2) 
PARAMETRIC_REPRESENTATION_CONTEXT() REPRESENTATION_CONTEXT('2D SPACE',''
  ) );
#19298 = PCURVE('',#19299,#19304);
#19299 = PLANE('',#19300);
#19300 = AXIS2_PLACEMENT_3D('',#19301,#19302,#19303);
#19301 = CARTESIAN_POINT('',(30.9,17.,4.2));
#19302 = DIRECTION('',(0.,0.,1.));
#19303 = DIRECTION('',(1.,0.,-0.));
#19304 = DEFINITIONAL_REPRESENTATION('',(#19305),#19309);
#19305 = CIRCLE('',#19306,2.);
#19306 = AXIS2_PLACEMENT_2D('',#19307,#19308);
#19307 = CARTESIAN_POINT('',(0.,0.));
#19308 = DIRECTION('',(1.,0.));
#19309 = ( GEOMETRIC_REPRESENTATION_CONTEXT(2) 
PARAMETRIC_REPRESENTATION_CONTEXT() REPRESENTATION_CONTEXT('2D SPACE',''
  ) );
#19310 = ORIENTED_EDGE('',*,*,#19261,.T.);
#19311 = ADVANCED_FACE('',(#19312),#18727,.T.);
#19312 = FACE_BOUND('',#19313,.F.);
#19313 = EDGE_LOOP('',(#19314));
#19314 = ORIENTED_EDGE('',*,*,#18712,.F.);
#19315 = ADVANCED_FACE('',(#19316),#18780,.T.);
#19316 = FACE_BOUND('',#19317,.T.);
#19317 = EDGE_LOOP('',(#19318,#19319,#19320));
#19318 = ORIENTED_EDGE('',*,*,#18866,.F.);
#19319 = ORIENTED_EDGE('',*,*,#18819,.F.);
#19320 = ORIENTED_EDGE('',*,*,#18764,.F.);
#19321 = ADVANCED_FACE('',(#19322),#18956,.T.);
#19322 = FACE_BOUND('',#19323,.F.);
#19323 = EDGE_LOOP('',(#19324));
#19324 = ORIENTED_EDGE('',*,*,#18941,.F.);
#19325 = ADVANCED_FACE('',(#19326),#19036,.T.);
#19326 = FACE_BOUND('',#19327,.F.);
#19327 = EDGE_LOOP('',(#19328));
#19328 = ORIENTED_EDGE('',*,*,#19021,.F.);
#19329 = ADVANCED_FACE('',(#19330),#19244,.T.);
#19330 = FACE_BOUND('',#19331,.F.);
#19331 = EDGE_LOOP('',(#19332));
#19332 = ORIENTED_EDGE('',*,*,#19229,.F.);
#19333 = ADVANCED_FACE('',(#19334),#19299,.T.);
#19334 = FACE_BOUND('',#19335,.F.);
#19335 = EDGE_LOOP('',(#19336));
#19336 = ORIENTED_EDGE('',*,*,#19284,.F.);
#19337 = ( GEOMETRIC_REPRESENTATION_CONTEXT(3) 
GLOBAL_UNCERTAINTY_ASSIGNED_CONTEXT((#19341)) 
GLOBAL_UNIT_ASSIGNED_CONTEXT((#19338,#19339,#19340)) 
REPRESENTATION_CONTEXT('Context #1',
  '3D Context with UNIT and UNCERTAINTY') );
#19338 = ( LENGTH_UNIT() NAMED_UNIT(*) SI_UNIT(.MILLI.,.METRE.) );
#19339 = ( NAMED_UNIT(*) PLANE_ANGLE_UNIT() SI_UNIT($,.RADIAN.) );
#19340 = ( NAMED_UNIT(*) SI_UNIT($,.STERADIAN.) SOLID_ANGLE_UNIT() );
#19341 = UNCERTAINTY_MEASURE_WITH_UNIT(LENGTH_MEASURE(2.E-06),#19338,
  'distance_accuracy_value','confusion accuracy');
#19342 = CONTEXT_DEPENDENT_SHAPE_REPRESENTATION(#19343,#19345);
#19343 = ( REPRESENTATION_RELATIONSHIP('','',#32,#10) 
REPRESENTATION_RELATIONSHIP_WITH_TRANSFORMATION(#19344) 
SHAPE_REPRESENTATION_RELATIONSHIP() );
#19344 = ITEM_DEFINED_TRANSFORMATION('','',#11,#15);
#19345 = PRODUCT_DEFINITION_SHAPE('Placement','Placement of an item',
  #19346);
#19346 = NEXT_ASSEMBLY_USAGE_OCCURRENCE('1','=>[0:1:1:2]','',#5,#27,$);
#19347 = PRODUCT_RELATED_PRODUCT_CATEGORY('part',$,(#29));
ENDSEC;
END-ISO-10303-21;
