ISO-10303-21;
HEADER;
FILE_DESCRIPTION(('Open CASCADE Model'),'2;1');
FILE_NAME('Open CASCADE Shape Model','2026-09-09T18:34:50',('Author'),(
    'Open CASCADE'),'Open CASCADE STEP processor 7.9','build123d',
  'Unknown');
FILE_SCHEMA(('AUTOMOTIVE_DESIGN { 1 0 10303 214 1 1 1 1 }'));
ENDSEC;
DATA;
#1 = APPLICATION_PROTOCOL_DEFINITION('international standard',
  'automotive_design',2000,#2);
#2 = APPLICATION_CONTEXT(
  'core data for automotive mechanical design processes');
#3 = SHAPE_DEFINITION_REPRESENTATION(#4,#10);
#4 = PRODUCT_DEFINITION_SHAPE('','',#5);
#5 = PRODUCT_DEFINITION('design','',#6,#9);
#6 = PRODUCT_DEFINITION_FORMATION('','',#7);
#7 = PRODUCT('=>[0:1:1:2]','=>[0:1:1:2]','',(#8));
#8 = PRODUCT_CONTEXT('',#2,'mechanical');
#9 = PRODUCT_DEFINITION_CONTEXT('part definition',#2,'design');
#10 = SHAPE_REPRESENTATION('',(#11,#15),#19);
#11 = AXIS2_PLACEMENT_3D('',#12,#13,#14);
#12 = CARTESIAN_POINT('',(0.,0.,0.));
#13 = DIRECTION('',(0.,0.,1.));
#14 = DIRECTION('',(1.,0.,-0.));
#15 = AXIS2_PLACEMENT_3D('',#16,#17,#18);
#16 = CARTESIAN_POINT('',(0.,0.,1.554312234475E-15));
#17 = DIRECTION('',(0.,0.,1.));
#18 = DIRECTION('',(1.,0.,-0.));
#19 = ( GEOMETRIC_REPRESENTATION_CONTEXT(3) 
GLOBAL_UNCERTAINTY_ASSIGNED_CONTEXT((#23)) GLOBAL_UNIT_ASSIGNED_CONTEXT(
(#20,#21,#22)) REPRESENTATION_CONTEXT('Context #1',
  '3D Context with UNIT and UNCERTAINTY') );
#20 = ( LENGTH_UNIT() NAMED_UNIT(*) SI_UNIT(.MILLI.,.METRE.) );
#21 = ( NAMED_UNIT(*) PLANE_ANGLE_UNIT() SI_UNIT($,.RADIAN.) );
#22 = ( NAMED_UNIT(*) SI_UNIT($,.STERADIAN.) SOLID_ANGLE_UNIT() );
#23 = UNCERTAINTY_MEASURE_WITH_UNIT(LENGTH_MEASURE(2.E-07),#20,
  'distance_accuracy_value','confusion accuracy');
#24 = PRODUCT_RELATED_PRODUCT_CATEGORY('part',$,(#7));
#25 = SHAPE_DEFINITION_REPRESENTATION(#26,#32);
#26 = PRODUCT_DEFINITION_SHAPE('','',#27);
#27 = PRODUCT_DEFINITION('design','',#28,#31);
#28 = PRODUCT_DEFINITION_FORMATION('','',#29);
#29 = PRODUCT('COMPOUND','COMPOUND','',(#30));
#30 = PRODUCT_CONTEXT('',#2,'mechanical');
#31 = PRODUCT_DEFINITION_CONTEXT('part definition',#2,'design');
#32 = ADVANCED_BREP_SHAPE_REPRESENTATION('',(#11,#33),#18593);
#33 = MANIFOLD_SOLID_BREP('',#34);
#34 = CLOSED_SHELL('',(#35,#155,#243,#320,#403,#475,#533,#614,#666,#747,
    #800,#881,#933,#1501,#1558,#1613,#1638,#1716,#1793,#1848,#1900,#1925
    ,#1998,#2023,#2048,#2075,#2149,#2196,#2243,#2268,#2337,#2384,#2431,
    #2456,#2525,#2572,#2619,#2644,#2713,#2760,#2807,#2832,#2890,#2944,
    #2997,#3024,#3527,#3580,#3634,#3682,#4611,#4643,#4698,#4750,#4800,
    #5911,#5960,#6009,#6035,#6110,#6136,#6227,#6296,#6525,#6619,#6722,
    #6748,#6828,#6854,#6903,#6952,#7308,#7335,#7387,#7437,#7484,#7621,
    #7859,#7884,#7933,#8070,#8185,#9196,#9223,#9434,#9672,#9721,#9770,
    #9843,#9958,#9985,#10196,#10333,#10382,#10474,#10547,#10666,#10742,
    #10791,#10840,#10867,#10943,#10992,#11041,#11068,#11100,#11148,
    #11175,#11204,#11229,#11236,#11283,#11352,#11402,#12499,#12548,
    #12643,#12670,#12719,#12814,#12841,#12848,#12875,#12949,#12996,
    #13024,#13074,#13148,#13195,#13223,#13273,#13323,#13373,#13447,
    #13495,#13522,#13572,#13597,#13622,#13647,#13676,#13683,#13710,
    #13737,#13787,#13861,#13909,#13936,#13961,#14096,#14145,#14220,
    #14247,#14292,#14330,#14337,#14467,#14516,#14565,#14646,#14781,
    #14830,#14905,#14932,#14990,#15048,#15095,#15122,#15149,#15156,
    #15203,#15230,#15257,#15264,#15311,#15338,#15365,#15372,#15419,
    #15446,#15473,#15480,#15527,#15554,#15581,#15588,#15635,#15662,
    #15689,#15696,#15743,#15770,#15797,#15804,#15829,#15836,#15966,
    #16015,#16118,#16145,#16190,#16228,#16235,#16365,#16414,#16463,
    #16544,#16569,#16576,#16706,#16755,#16858,#16885,#16961,#17069,
    #17118,#17171,#17178,#17254,#17362,#17411,#17464,#17471,#17478,
    #17485,#17512,#17538,#17565,#17595,#17621,#17647,#17677,#17684,
    #17710,#17717,#17723,#17729,#17735,#17741,#17768,#17775,#17830,
    #17857,#17884,#17891,#17946,#17973,#17980,#18035,#18062,#18089,
    #18116,#18123,#18178,#18205,#18232,#18239,#18294,#18321,#18328,
    #18383,#18410,#18417,#18472,#18499,#18506,#18561,#18565,#18569,
    #18573,#18577,#18581,#18585,#18589));
#35 = ADVANCED_FACE('',(#36),#50,.F.);
#36 = FACE_BOUND('',#37,.F.);
#37 = EDGE_LOOP('',(#38,#73,#101,#129));
#38 = ORIENTED_EDGE('',*,*,#39,.F.);
#39 = EDGE_CURVE('',#40,#42,#44,.T.);
#40 = VERTEX_POINT('',#41);
#41 = CARTESIAN_POINT('',(-36.4,-43.4,0.8));
#42 = VERTEX_POINT('',#43);
#43 = CARTESIAN_POINT('',(-36.4,-43.4,3.6));
#44 = SURFACE_CURVE('',#45,(#49,#61),.PCURVE_S1.);
#45 = LINE('',#46,#47);
#46 = CARTESIAN_POINT('',(-36.4,-43.4,0.));
#47 = VECTOR('',#48,1.);
#48 = DIRECTION('',(0.,0.,1.));
#49 = PCURVE('',#50,#55);
#50 = PLANE('',#51);
#51 = AXIS2_PLACEMENT_3D('',#52,#53,#54);
#52 = CARTESIAN_POINT('',(-36.4,-46.4,0.));
#53 = DIRECTION('',(1.,0.,-0.));
#54 = DIRECTION('',(0.,0.,1.));
#55 = DEFINITIONAL_REPRESENTATION('',(#56),#60);
#56 = LINE('',#57,#58);
#57 = CARTESIAN_POINT('',(0.,-3.));
#58 = VECTOR('',#59,1.);
#59 = DIRECTION('',(1.,0.));
#60 = ( GEOMETRIC_REPRESENTATION_CONTEXT(2) 
PARAMETRIC_REPRESENTATION_CONTEXT() REPRESENTATION_CONTEXT('2D SPACE',''
  ) );
#61 = PCURVE('',#62,#67);
#62 = CYLINDRICAL_SURFACE('',#63,3.);
#63 = AXIS2_PLACEMENT_3D('',#64,#65,#66);
#64 = CARTESIAN_POINT('',(-33.4,-43.4,0.));
#65 = DIRECTION('',(0.,0.,1.));
#66 = DIRECTION('',(-1.,-0.,0.));
#67 = DEFINITIONAL_REPRESENTATION('',(#68),#72);
#68 = LINE('',#69,#70);
#69 = CARTESIAN_POINT('',(0.,0.));
#70 = VECTOR('',#71,1.);
#71 = DIRECTION('',(0.,1.));
#72 = ( GEOMETRIC_REPRESENTATION_CONTEXT(2) 
PARAMETRIC_REPRESENTATION_CONTEXT() REPRESENTATION_CONTEXT('2D SPACE',''
  ) );
#73 = ORIENTED_EDGE('',*,*,#74,.T.);
#74 = EDGE_CURVE('',#40,#75,#77,.T.);
#75 = VERTEX_POINT('',#76);
#76 = CARTESIAN_POINT('',(-36.4,43.4,0.8));
#77 = SURFACE_CURVE('',#78,(#82,#89),.PCURVE_S1.);
#78 = LINE('',#79,#80);
#79 = CARTESIAN_POINT('',(-36.4,-43.4,0.8));
#80 = VECTOR('',#81,1.);
#81 = DIRECTION('',(-0.,1.,0.));
#82 = PCURVE('',#50,#83);
#83 = DEFINITIONAL_REPRESENTATION('',(#84),#88);
#84 = LINE('',#85,#86);
#85 = CARTESIAN_POINT('',(0.8,-3.));
#86 = VECTOR('',#87,1.);
#87 = DIRECTION('',(0.,-1.));
#88 = ( GEOMETRIC_REPRESENTATION_CONTEXT(2) 
PARAMETRIC_REPRESENTATION_CONTEXT() REPRESENTATION_CONTEXT('2D SPACE',''
  ) );
#89 = PCURVE('',#90,#95);
#90 = PLANE('',#91);
#91 = AXIS2_PLACEMENT_3D('',#92,#93,#94);
#92 = CARTESIAN_POINT('',(-36.,-43.4,0.4));
#93 = DIRECTION('',(-0.707106781187,6.983161618628E-18,-0.707106781187)
  );
#94 = DIRECTION('',(4.937840934654E-18,1.,4.937840934654E-18));
#95 = DEFINITIONAL_REPRESENTATION('',(#96),#100);
#96 = LINE('',#97,#98);
#97 = CARTESIAN_POINT('',(0.,-0.565685424949));
#98 = VECTOR('',#99,1.);
#99 = DIRECTION('',(1.,0.));
#100 = ( GEOMETRIC_REPRESENTATION_CONTEXT(2) 
PARAMETRIC_REPRESENTATION_CONTEXT() REPRESENTATION_CONTEXT('2D SPACE',''
  ) );
#101 = ORIENTED_EDGE('',*,*,#102,.T.);
#102 = EDGE_CURVE('',#75,#103,#105,.T.);
#103 = VERTEX_POINT('',#104);
#104 = CARTESIAN_POINT('',(-36.4,43.4,3.6));
#105 = SURFACE_CURVE('',#106,(#110,#117),.PCURVE_S1.);
#106 = LINE('',#107,#108);
#107 = CARTESIAN_POINT('',(-36.4,43.4,0.));
#108 = VECTOR('',#109,1.);
#109 = DIRECTION('',(0.,0.,1.));
#110 = PCURVE('',#50,#111);
#111 = DEFINITIONAL_REPRESENTATION('',(#112),#116);
#112 = LINE('',#113,#114);
#113 = CARTESIAN_POINT('',(0.,-89.8));
#114 = VECTOR('',#115,1.);
#115 = DIRECTION('',(1.,0.));
#116 = ( GEOMETRIC_REPRESENTATION_CONTEXT(2) 
PARAMETRIC_REPRESENTATION_CONTEXT() REPRESENTATION_CONTEXT('2D SPACE',''
  ) );
#117 = PCURVE('',#118,#123);
#118 = CYLINDRICAL_SURFACE('',#119,3.);
#119 = AXIS2_PLACEMENT_3D('',#120,#121,#122);
#120 = CARTESIAN_POINT('',(-33.4,43.4,0.));
#121 = DIRECTION('',(0.,0.,1.));
#122 = DIRECTION('',(-1.,-0.,0.));
#123 = DEFINITIONAL_REPRESENTATION('',(#124),#128);
#124 = LINE('',#125,#126);
#125 = CARTESIAN_POINT('',(-0.,0.));
#126 = VECTOR('',#127,1.);
#127 = DIRECTION('',(-0.,1.));
#128 = ( GEOMETRIC_REPRESENTATION_CONTEXT(2) 
PARAMETRIC_REPRESENTATION_CONTEXT() REPRESENTATION_CONTEXT('2D SPACE',''
  ) );
#129 = ORIENTED_EDGE('',*,*,#130,.F.);
#130 = EDGE_CURVE('',#42,#103,#131,.T.);
#131 = SURFACE_CURVE('',#132,(#136,#143),.PCURVE_S1.);
#132 = LINE('',#133,#134);
#133 = CARTESIAN_POINT('',(-36.4,-43.4,3.6));
#134 = VECTOR('',#135,1.);
#135 = DIRECTION('',(-0.,1.,0.));
#136 = PCURVE('',#50,#137);
#137 = DEFINITIONAL_REPRESENTATION('',(#138),#142);
#138 = LINE('',#139,#140);
#139 = CARTESIAN_POINT('',(3.6,-3.));
#140 = VECTOR('',#141,1.);
#141 = DIRECTION('',(0.,-1.));
#142 = ( GEOMETRIC_REPRESENTATION_CONTEXT(2) 
PARAMETRIC_REPRESENTATION_CONTEXT() REPRESENTATION_CONTEXT('2D SPACE',''
  ) );
#143 = PCURVE('',#144,#149);
#144 = PLANE('',#145);
#145 = AXIS2_PLACEMENT_3D('',#146,#147,#148);
#146 = CARTESIAN_POINT('',(-37.,-43.4,4.2));
#147 = DIRECTION('',(-0.707106781187,0.,-0.707106781187));
#148 = DIRECTION('',(0.,1.,0.));
#149 = DEFINITIONAL_REPRESENTATION('',(#150),#154);
#150 = LINE('',#151,#152);
#151 = CARTESIAN_POINT('',(0.,0.848528137424));
#152 = VECTOR('',#153,1.);
#153 = DIRECTION('',(1.,0.));
#154 = ( GEOMETRIC_REPRESENTATION_CONTEXT(2) 
PARAMETRIC_REPRESENTATION_CONTEXT() REPRESENTATION_CONTEXT('2D SPACE',''
  ) );
#155 = ADVANCED_FACE('',(#156),#62,.T.);
#156 = FACE_BOUND('',#157,.T.);
#157 = EDGE_LOOP('',(#158,#159,#188,#216));
#158 = ORIENTED_EDGE('',*,*,#39,.F.);
#159 = ORIENTED_EDGE('',*,*,#160,.F.);
#160 = EDGE_CURVE('',#161,#40,#163,.T.);
#161 = VERTEX_POINT('',#162);
#162 = CARTESIAN_POINT('',(-33.4,-46.4,0.8));
#163 = SURFACE_CURVE('',#164,(#169,#176),.PCURVE_S1.);
#164 = CIRCLE('',#165,3.);
#165 = AXIS2_PLACEMENT_3D('',#166,#167,#168);
#166 = CARTESIAN_POINT('',(-33.4,-43.4,0.8));
#167 = DIRECTION('',(-0.,-0.,-1.));
#168 = DIRECTION('',(0.,-1.,0.));
#169 = PCURVE('',#62,#170);
#170 = DEFINITIONAL_REPRESENTATION('',(#171),#175);
#171 = LINE('',#172,#173);
#172 = CARTESIAN_POINT('',(1.570796326795,0.8));
#173 = VECTOR('',#174,1.);
#174 = DIRECTION('',(-1.,-0.));
#175 = ( GEOMETRIC_REPRESENTATION_CONTEXT(2) 
PARAMETRIC_REPRESENTATION_CONTEXT() REPRESENTATION_CONTEXT('2D SPACE',''
  ) );
#176 = PCURVE('',#177,#182);
#177 = CONICAL_SURFACE('',#178,3.,0.785398163397);
#178 = AXIS2_PLACEMENT_3D('',#179,#180,#181);
#179 = CARTESIAN_POINT('',(-33.4,-43.4,0.8));
#180 = DIRECTION('',(0.,0.,1.));
#181 = DIRECTION('',(0.,-1.,0.));
#182 = DEFINITIONAL_REPRESENTATION('',(#183),#187);
#183 = LINE('',#184,#185);
#184 = CARTESIAN_POINT('',(-0.,-0.));
#185 = VECTOR('',#186,1.);
#186 = DIRECTION('',(-1.,-0.));
#187 = ( GEOMETRIC_REPRESENTATION_CONTEXT(2) 
PARAMETRIC_REPRESENTATION_CONTEXT() REPRESENTATION_CONTEXT('2D SPACE',''
  ) );
#188 = ORIENTED_EDGE('',*,*,#189,.T.);
#189 = EDGE_CURVE('',#161,#190,#192,.T.);
#190 = VERTEX_POINT('',#191);
#191 = CARTESIAN_POINT('',(-33.4,-46.4,3.6));
#192 = SURFACE_CURVE('',#193,(#197,#204),.PCURVE_S1.);
#193 = LINE('',#194,#195);
#194 = CARTESIAN_POINT('',(-33.4,-46.4,0.));
#195 = VECTOR('',#196,1.);
#196 = DIRECTION('',(0.,0.,1.));
#197 = PCURVE('',#62,#198);
#198 = DEFINITIONAL_REPRESENTATION('',(#199),#203);
#199 = LINE('',#200,#201);
#200 = CARTESIAN_POINT('',(1.570796326795,0.));
#201 = VECTOR('',#202,1.);
#202 = DIRECTION('',(0.,1.));
#203 = ( GEOMETRIC_REPRESENTATION_CONTEXT(2) 
PARAMETRIC_REPRESENTATION_CONTEXT() REPRESENTATION_CONTEXT('2D SPACE',''
  ) );
#204 = PCURVE('',#205,#210);
#205 = PLANE('',#206);
#206 = AXIS2_PLACEMENT_3D('',#207,#208,#209);
#207 = CARTESIAN_POINT('',(-36.4,-46.4,0.));
#208 = DIRECTION('',(-0.,1.,0.));
#209 = DIRECTION('',(0.,0.,1.));
#210 = DEFINITIONAL_REPRESENTATION('',(#211),#215);
#211 = LINE('',#212,#213);
#212 = CARTESIAN_POINT('',(0.,3.));
#213 = VECTOR('',#214,1.);
#214 = DIRECTION('',(1.,0.));
#215 = ( GEOMETRIC_REPRESENTATION_CONTEXT(2) 
PARAMETRIC_REPRESENTATION_CONTEXT() REPRESENTATION_CONTEXT('2D SPACE',''
  ) );
#216 = ORIENTED_EDGE('',*,*,#217,.T.);
#217 = EDGE_CURVE('',#190,#42,#218,.T.);
#218 = SURFACE_CURVE('',#219,(#224,#231),.PCURVE_S1.);
#219 = CIRCLE('',#220,3.);
#220 = AXIS2_PLACEMENT_3D('',#221,#222,#223);
#221 = CARTESIAN_POINT('',(-33.4,-43.4,3.6));
#222 = DIRECTION('',(-0.,-0.,-1.));
#223 = DIRECTION('',(0.,-1.,0.));
#224 = PCURVE('',#62,#225);
#225 = DEFINITIONAL_REPRESENTATION('',(#226),#230);
#226 = LINE('',#227,#228);
#227 = CARTESIAN_POINT('',(1.570796326795,3.6));
#228 = VECTOR('',#229,1.);
#229 = DIRECTION('',(-1.,0.));
#230 = ( GEOMETRIC_REPRESENTATION_CONTEXT(2) 
PARAMETRIC_REPRESENTATION_CONTEXT() REPRESENTATION_CONTEXT('2D SPACE',''
  ) );
#231 = PCURVE('',#232,#237);
#232 = CONICAL_SURFACE('',#233,4.2,0.785398163397);
#233 = AXIS2_PLACEMENT_3D('',#234,#235,#236);
#234 = CARTESIAN_POINT('',(-33.4,-43.4,4.8));
#235 = DIRECTION('',(0.,0.,1.));
#236 = DIRECTION('',(0.,-1.,0.));
#237 = DEFINITIONAL_REPRESENTATION('',(#238),#242);
#238 = LINE('',#239,#240);
#239 = CARTESIAN_POINT('',(-0.,-1.2));
#240 = VECTOR('',#241,1.);
#241 = DIRECTION('',(-1.,-0.));
#242 = ( GEOMETRIC_REPRESENTATION_CONTEXT(2) 
PARAMETRIC_REPRESENTATION_CONTEXT() REPRESENTATION_CONTEXT('2D SPACE',''
  ) );
#243 = ADVANCED_FACE('',(#244),#144,.T.);
#244 = FACE_BOUND('',#245,.T.);
#245 = EDGE_LOOP('',(#246,#267,#295,#319));
#246 = ORIENTED_EDGE('',*,*,#247,.F.);
#247 = EDGE_CURVE('',#248,#42,#250,.T.);
#248 = VERTEX_POINT('',#249);
#249 = CARTESIAN_POINT('',(-37.6,-43.4,4.8));
#250 = SURFACE_CURVE('',#251,(#255,#261),.PCURVE_S1.);
#251 = LINE('',#252,#253);
#252 = CARTESIAN_POINT('',(-37.,-43.4,4.2));
#253 = VECTOR('',#254,1.);
#254 = DIRECTION('',(0.707106781187,0.,-0.707106781187));
#255 = PCURVE('',#144,#256);
#256 = DEFINITIONAL_REPRESENTATION('',(#257),#260);
#257 = B_SPLINE_CURVE_WITH_KNOTS('',1,(#258,#259),.UNSPECIFIED.,.F.,.F.,
  (2,2),(-0.848528137424,0.848528137424),.PIECEWISE_BEZIER_KNOTS.);
#258 = CARTESIAN_POINT('',(0.,-0.848528137424));
#259 = CARTESIAN_POINT('',(0.,0.848528137424));
#260 = ( GEOMETRIC_REPRESENTATION_CONTEXT(2) 
PARAMETRIC_REPRESENTATION_CONTEXT() REPRESENTATION_CONTEXT('2D SPACE',''
  ) );
#261 = PCURVE('',#232,#262);
#262 = DEFINITIONAL_REPRESENTATION('',(#263),#266);
#263 = B_SPLINE_CURVE_WITH_KNOTS('',1,(#264,#265),.UNSPECIFIED.,.F.,.F.,
  (2,2),(-0.848528137424,0.848528137424),.PIECEWISE_BEZIER_KNOTS.);
#264 = CARTESIAN_POINT('',(-1.570796326795,0.));
#265 = CARTESIAN_POINT('',(-1.570796326795,-1.2));
#266 = ( GEOMETRIC_REPRESENTATION_CONTEXT(2) 
PARAMETRIC_REPRESENTATION_CONTEXT() REPRESENTATION_CONTEXT('2D SPACE',''
  ) );
#267 = ORIENTED_EDGE('',*,*,#268,.T.);
#268 = EDGE_CURVE('',#248,#269,#271,.T.);
#269 = VERTEX_POINT('',#270);
#270 = CARTESIAN_POINT('',(-37.6,43.4,4.8));
#271 = SURFACE_CURVE('',#272,(#276,#283),.PCURVE_S1.);
#272 = LINE('',#273,#274);
#273 = CARTESIAN_POINT('',(-37.6,-43.4,4.8));
#274 = VECTOR('',#275,1.);
#275 = DIRECTION('',(-0.,1.,0.));
#276 = PCURVE('',#144,#277);
#277 = DEFINITIONAL_REPRESENTATION('',(#278),#282);
#278 = LINE('',#279,#280);
#279 = CARTESIAN_POINT('',(0.,-0.848528137424));
#280 = VECTOR('',#281,1.);
#281 = DIRECTION('',(1.,0.));
#282 = ( GEOMETRIC_REPRESENTATION_CONTEXT(2) 
PARAMETRIC_REPRESENTATION_CONTEXT() REPRESENTATION_CONTEXT('2D SPACE',''
  ) );
#283 = PCURVE('',#284,#289);
#284 = PLANE('',#285);
#285 = AXIS2_PLACEMENT_3D('',#286,#287,#288);
#286 = CARTESIAN_POINT('',(-37.6,-47.6,3.6));
#287 = DIRECTION('',(1.,0.,-0.));
#288 = DIRECTION('',(0.,0.,1.));
#289 = DEFINITIONAL_REPRESENTATION('',(#290),#294);
#290 = LINE('',#291,#292);
#291 = CARTESIAN_POINT('',(1.2,-4.2));
#292 = VECTOR('',#293,1.);
#293 = DIRECTION('',(0.,-1.));
#294 = ( GEOMETRIC_REPRESENTATION_CONTEXT(2) 
PARAMETRIC_REPRESENTATION_CONTEXT() REPRESENTATION_CONTEXT('2D SPACE',''
  ) );
#295 = ORIENTED_EDGE('',*,*,#296,.T.);
#296 = EDGE_CURVE('',#269,#103,#297,.T.);
#297 = SURFACE_CURVE('',#298,(#302,#308),.PCURVE_S1.);
#298 = LINE('',#299,#300);
#299 = CARTESIAN_POINT('',(-37.,43.4,4.2));
#300 = VECTOR('',#301,1.);
#301 = DIRECTION('',(0.707106781187,0.,-0.707106781187));
#302 = PCURVE('',#144,#303);
#303 = DEFINITIONAL_REPRESENTATION('',(#304),#307);
#304 = B_SPLINE_CURVE_WITH_KNOTS('',1,(#305,#306),.UNSPECIFIED.,.F.,.F.,
  (2,2),(-0.848528137424,0.848528137424),.PIECEWISE_BEZIER_KNOTS.);
#305 = CARTESIAN_POINT('',(86.8,-0.848528137424));
#306 = CARTESIAN_POINT('',(86.8,0.848528137424));
#307 = ( GEOMETRIC_REPRESENTATION_CONTEXT(2) 
PARAMETRIC_REPRESENTATION_CONTEXT() REPRESENTATION_CONTEXT('2D SPACE',''
  ) );
#308 = PCURVE('',#309,#314);
#309 = CONICAL_SURFACE('',#310,4.2,0.785398163397);
#310 = AXIS2_PLACEMENT_3D('',#311,#312,#313);
#311 = CARTESIAN_POINT('',(-33.4,43.4,4.8));
#312 = DIRECTION('',(0.,0.,1.));
#313 = DIRECTION('',(-1.,1.691768418476E-15,0.));
#314 = DEFINITIONAL_REPRESENTATION('',(#315),#318);
#315 = B_SPLINE_CURVE_WITH_KNOTS('',1,(#316,#317),.UNSPECIFIED.,.F.,.F.,
  (2,2),(-0.848528137424,0.848528137424),.PIECEWISE_BEZIER_KNOTS.);
#316 = CARTESIAN_POINT('',(0.,0.));
#317 = CARTESIAN_POINT('',(0.,-1.2));
#318 = ( GEOMETRIC_REPRESENTATION_CONTEXT(2) 
PARAMETRIC_REPRESENTATION_CONTEXT() REPRESENTATION_CONTEXT('2D SPACE',''
  ) );
#319 = ORIENTED_EDGE('',*,*,#130,.F.);
#320 = ADVANCED_FACE('',(#321),#118,.T.);
#321 = FACE_BOUND('',#322,.F.);
#322 = EDGE_LOOP('',(#323,#324,#353,#381));
#323 = ORIENTED_EDGE('',*,*,#102,.F.);
#324 = ORIENTED_EDGE('',*,*,#325,.T.);
#325 = EDGE_CURVE('',#75,#326,#328,.T.);
#326 = VERTEX_POINT('',#327);
#327 = CARTESIAN_POINT('',(-33.4,46.4,0.8));
#328 = SURFACE_CURVE('',#329,(#334,#341),.PCURVE_S1.);
#329 = CIRCLE('',#330,3.);
#330 = AXIS2_PLACEMENT_3D('',#331,#332,#333);
#331 = CARTESIAN_POINT('',(-33.4,43.4,0.8));
#332 = DIRECTION('',(-0.,0.,-1.));
#333 = DIRECTION('',(-1.,0.,0.));
#334 = PCURVE('',#118,#335);
#335 = DEFINITIONAL_REPRESENTATION('',(#336),#340);
#336 = LINE('',#337,#338);
#337 = CARTESIAN_POINT('',(-0.,0.8));
#338 = VECTOR('',#339,1.);
#339 = DIRECTION('',(-1.,0.));
#340 = ( GEOMETRIC_REPRESENTATION_CONTEXT(2) 
PARAMETRIC_REPRESENTATION_CONTEXT() REPRESENTATION_CONTEXT('2D SPACE',''
  ) );
#341 = PCURVE('',#342,#347);
#342 = CONICAL_SURFACE('',#343,3.,0.785398163397);
#343 = AXIS2_PLACEMENT_3D('',#344,#345,#346);
#344 = CARTESIAN_POINT('',(-33.4,43.4,0.8));
#345 = DIRECTION('',(0.,0.,1.));
#346 = DIRECTION('',(-1.,0.,0.));
#347 = DEFINITIONAL_REPRESENTATION('',(#348),#352);
#348 = LINE('',#349,#350);
#349 = CARTESIAN_POINT('',(-0.,-0.));
#350 = VECTOR('',#351,1.);
#351 = DIRECTION('',(-1.,-0.));
#352 = ( GEOMETRIC_REPRESENTATION_CONTEXT(2) 
PARAMETRIC_REPRESENTATION_CONTEXT() REPRESENTATION_CONTEXT('2D SPACE',''
  ) );
#353 = ORIENTED_EDGE('',*,*,#354,.T.);
#354 = EDGE_CURVE('',#326,#355,#357,.T.);
#355 = VERTEX_POINT('',#356);
#356 = CARTESIAN_POINT('',(-33.4,46.4,3.6));
#357 = SURFACE_CURVE('',#358,(#362,#369),.PCURVE_S1.);
#358 = LINE('',#359,#360);
#359 = CARTESIAN_POINT('',(-33.4,46.4,0.));
#360 = VECTOR('',#361,1.);
#361 = DIRECTION('',(0.,0.,1.));
#362 = PCURVE('',#118,#363);
#363 = DEFINITIONAL_REPRESENTATION('',(#364),#368);
#364 = LINE('',#365,#366);
#365 = CARTESIAN_POINT('',(-1.570796326795,0.));
#366 = VECTOR('',#367,1.);
#367 = DIRECTION('',(-0.,1.));
#368 = ( GEOMETRIC_REPRESENTATION_CONTEXT(2) 
PARAMETRIC_REPRESENTATION_CONTEXT() REPRESENTATION_CONTEXT('2D SPACE',''
  ) );
#369 = PCURVE('',#370,#375);
#370 = PLANE('',#371);
#371 = AXIS2_PLACEMENT_3D('',#372,#373,#374);
#372 = CARTESIAN_POINT('',(-36.4,46.4,0.));
#373 = DIRECTION('',(-0.,1.,0.));
#374 = DIRECTION('',(0.,0.,1.));
#375 = DEFINITIONAL_REPRESENTATION('',(#376),#380);
#376 = LINE('',#377,#378);
#377 = CARTESIAN_POINT('',(0.,3.));
#378 = VECTOR('',#379,1.);
#379 = DIRECTION('',(1.,0.));
#380 = ( GEOMETRIC_REPRESENTATION_CONTEXT(2) 
PARAMETRIC_REPRESENTATION_CONTEXT() REPRESENTATION_CONTEXT('2D SPACE',''
  ) );
#381 = ORIENTED_EDGE('',*,*,#382,.F.);
#382 = EDGE_CURVE('',#103,#355,#383,.T.);
#383 = SURFACE_CURVE('',#384,(#389,#396),.PCURVE_S1.);
#384 = CIRCLE('',#385,3.);
#385 = AXIS2_PLACEMENT_3D('',#386,#387,#388);
#386 = CARTESIAN_POINT('',(-33.4,43.4,3.6));
#387 = DIRECTION('',(-0.,0.,-1.));
#388 = DIRECTION('',(-1.,1.691768418476E-15,0.));
#389 = PCURVE('',#118,#390);
#390 = DEFINITIONAL_REPRESENTATION('',(#391),#395);
#391 = LINE('',#392,#393);
#392 = CARTESIAN_POINT('',(-1.691768418476E-15,3.6));
#393 = VECTOR('',#394,1.);
#394 = DIRECTION('',(-1.,0.));
#395 = ( GEOMETRIC_REPRESENTATION_CONTEXT(2) 
PARAMETRIC_REPRESENTATION_CONTEXT() REPRESENTATION_CONTEXT('2D SPACE',''
  ) );
#396 = PCURVE('',#309,#397);
#397 = DEFINITIONAL_REPRESENTATION('',(#398),#402);
#398 = LINE('',#399,#400);
#399 = CARTESIAN_POINT('',(-0.,-1.2));
#400 = VECTOR('',#401,1.);
#401 = DIRECTION('',(-1.,-0.));
#402 = ( GEOMETRIC_REPRESENTATION_CONTEXT(2) 
PARAMETRIC_REPRESENTATION_CONTEXT() REPRESENTATION_CONTEXT('2D SPACE',''
  ) );
#403 = ADVANCED_FACE('',(#404),#90,.T.);
#404 = FACE_BOUND('',#405,.T.);
#405 = EDGE_LOOP('',(#406,#427,#428,#449));
#406 = ORIENTED_EDGE('',*,*,#407,.F.);
#407 = EDGE_CURVE('',#40,#408,#410,.T.);
#408 = VERTEX_POINT('',#409);
#409 = CARTESIAN_POINT('',(-35.6,-43.4,1.110223024625E-16));
#410 = SURFACE_CURVE('',#411,(#415,#421),.PCURVE_S1.);
#411 = LINE('',#412,#413);
#412 = CARTESIAN_POINT('',(-36.,-43.4,0.4));
#413 = VECTOR('',#414,1.);
#414 = DIRECTION('',(0.707106781187,0.,-0.707106781187));
#415 = PCURVE('',#90,#416);
#416 = DEFINITIONAL_REPRESENTATION('',(#417),#420);
#417 = B_SPLINE_CURVE_WITH_KNOTS('',1,(#418,#419),.UNSPECIFIED.,.F.,.F.,
  (2,2),(-0.565685424949,0.565685424949),.PIECEWISE_BEZIER_KNOTS.);
#418 = CARTESIAN_POINT('',(0.,-0.565685424949));
#419 = CARTESIAN_POINT('',(0.,0.565685424949));
#420 = ( GEOMETRIC_REPRESENTATION_CONTEXT(2) 
PARAMETRIC_REPRESENTATION_CONTEXT() REPRESENTATION_CONTEXT('2D SPACE',''
  ) );
#421 = PCURVE('',#177,#422);
#422 = DEFINITIONAL_REPRESENTATION('',(#423),#426);
#423 = B_SPLINE_CURVE_WITH_KNOTS('',1,(#424,#425),.UNSPECIFIED.,.F.,.F.,
  (2,2),(-0.565685424949,0.565685424949),.PIECEWISE_BEZIER_KNOTS.);
#424 = CARTESIAN_POINT('',(-1.570796326795,0.));
#425 = CARTESIAN_POINT('',(-1.570796326795,-0.8));
#426 = ( GEOMETRIC_REPRESENTATION_CONTEXT(2) 
PARAMETRIC_REPRESENTATION_CONTEXT() REPRESENTATION_CONTEXT('2D SPACE',''
  ) );
#427 = ORIENTED_EDGE('',*,*,#74,.T.);
#428 = ORIENTED_EDGE('',*,*,#429,.T.);
#429 = EDGE_CURVE('',#75,#430,#432,.T.);
#430 = VERTEX_POINT('',#431);
#431 = CARTESIAN_POINT('',(-35.6,43.4,5.551115123126E-16));
#432 = SURFACE_CURVE('',#433,(#437,#443),.PCURVE_S1.);
#433 = LINE('',#434,#435);
#434 = CARTESIAN_POINT('',(-36.,43.4,0.4));
#435 = VECTOR('',#436,1.);
#436 = DIRECTION('',(0.707106781187,0.,-0.707106781187));
#437 = PCURVE('',#90,#438);
#438 = DEFINITIONAL_REPRESENTATION('',(#439),#442);
#439 = B_SPLINE_CURVE_WITH_KNOTS('',1,(#440,#441),.UNSPECIFIED.,.F.,.F.,
  (2,2),(-0.565685424949,0.565685424949),.PIECEWISE_BEZIER_KNOTS.);
#440 = CARTESIAN_POINT('',(86.8,-0.565685424949));
#441 = CARTESIAN_POINT('',(86.8,0.565685424949));
#442 = ( GEOMETRIC_REPRESENTATION_CONTEXT(2) 
PARAMETRIC_REPRESENTATION_CONTEXT() REPRESENTATION_CONTEXT('2D SPACE',''
  ) );
#443 = PCURVE('',#342,#444);
#444 = DEFINITIONAL_REPRESENTATION('',(#445),#448);
#445 = B_SPLINE_CURVE_WITH_KNOTS('',1,(#446,#447),.UNSPECIFIED.,.F.,.F.,
  (2,2),(-0.565685424949,0.565685424949),.PIECEWISE_BEZIER_KNOTS.);
#446 = CARTESIAN_POINT('',(0.,0.));
#447 = CARTESIAN_POINT('',(0.,-0.8));
#448 = ( GEOMETRIC_REPRESENTATION_CONTEXT(2) 
PARAMETRIC_REPRESENTATION_CONTEXT() REPRESENTATION_CONTEXT('2D SPACE',''
  ) );
#449 = ORIENTED_EDGE('',*,*,#450,.F.);
#450 = EDGE_CURVE('',#408,#430,#451,.T.);
#451 = SURFACE_CURVE('',#452,(#456,#463),.PCURVE_S1.);
#452 = LINE('',#453,#454);
#453 = CARTESIAN_POINT('',(-35.6,-43.4,0.));
#454 = VECTOR('',#455,1.);
#455 = DIRECTION('',(-0.,1.,0.));
#456 = PCURVE('',#90,#457);
#457 = DEFINITIONAL_REPRESENTATION('',(#458),#462);
#458 = LINE('',#459,#460);
#459 = CARTESIAN_POINT('',(0.,0.565685424949));
#460 = VECTOR('',#461,1.);
#461 = DIRECTION('',(1.,0.));
#462 = ( GEOMETRIC_REPRESENTATION_CONTEXT(2) 
PARAMETRIC_REPRESENTATION_CONTEXT() REPRESENTATION_CONTEXT('2D SPACE',''
  ) );
#463 = PCURVE('',#464,#469);
#464 = PLANE('',#465);
#465 = AXIS2_PLACEMENT_3D('',#466,#467,#468);
#466 = CARTESIAN_POINT('',(-36.4,-46.4,0.));
#467 = DIRECTION('',(0.,0.,1.));
#468 = DIRECTION('',(1.,0.,-0.));
#469 = DEFINITIONAL_REPRESENTATION('',(#470),#474);
#470 = LINE('',#471,#472);
#471 = CARTESIAN_POINT('',(0.8,3.));
#472 = VECTOR('',#473,1.);
#473 = DIRECTION('',(0.,1.));
#474 = ( GEOMETRIC_REPRESENTATION_CONTEXT(2) 
PARAMETRIC_REPRESENTATION_CONTEXT() REPRESENTATION_CONTEXT('2D SPACE',''
  ) );
#475 = ADVANCED_FACE('',(#476),#232,.T.);
#476 = FACE_BOUND('',#477,.T.);
#477 = EDGE_LOOP('',(#478,#504,#531,#532));
#478 = ORIENTED_EDGE('',*,*,#479,.F.);
#479 = EDGE_CURVE('',#480,#190,#482,.T.);
#480 = VERTEX_POINT('',#481);
#481 = CARTESIAN_POINT('',(-33.4,-47.6,4.8));
#482 = SURFACE_CURVE('',#483,(#487,#493),.PCURVE_S1.);
#483 = LINE('',#484,#485);
#484 = CARTESIAN_POINT('',(-33.4,-47.,4.2));
#485 = VECTOR('',#486,1.);
#486 = DIRECTION('',(-0.,0.707106781187,-0.707106781187));
#487 = PCURVE('',#232,#488);
#488 = DEFINITIONAL_REPRESENTATION('',(#489),#492);
#489 = B_SPLINE_CURVE_WITH_KNOTS('',1,(#490,#491),.UNSPECIFIED.,.F.,.F.,
  (2,2),(-0.848528137424,0.848528137424),.PIECEWISE_BEZIER_KNOTS.);
#490 = CARTESIAN_POINT('',(0.,0.));
#491 = CARTESIAN_POINT('',(0.,-1.2));
#492 = ( GEOMETRIC_REPRESENTATION_CONTEXT(2) 
PARAMETRIC_REPRESENTATION_CONTEXT() REPRESENTATION_CONTEXT('2D SPACE',''
  ) );
#493 = PCURVE('',#494,#499);
#494 = PLANE('',#495);
#495 = AXIS2_PLACEMENT_3D('',#496,#497,#498);
#496 = CARTESIAN_POINT('',(33.4,-47.,4.2));
#497 = DIRECTION('',(0.,-0.707106781187,-0.707106781187));
#498 = DIRECTION('',(-1.,-0.,0.));
#499 = DEFINITIONAL_REPRESENTATION('',(#500),#503);
#500 = B_SPLINE_CURVE_WITH_KNOTS('',1,(#501,#502),.UNSPECIFIED.,.F.,.F.,
  (2,2),(-0.848528137424,0.848528137424),.PIECEWISE_BEZIER_KNOTS.);
#501 = CARTESIAN_POINT('',(66.8,-0.848528137424));
#502 = CARTESIAN_POINT('',(66.8,0.848528137424));
#503 = ( GEOMETRIC_REPRESENTATION_CONTEXT(2) 
PARAMETRIC_REPRESENTATION_CONTEXT() REPRESENTATION_CONTEXT('2D SPACE',''
  ) );
#504 = ORIENTED_EDGE('',*,*,#505,.T.);
#505 = EDGE_CURVE('',#480,#248,#506,.T.);
#506 = SURFACE_CURVE('',#507,(#512,#519),.PCURVE_S1.);
#507 = CIRCLE('',#508,4.2);
#508 = AXIS2_PLACEMENT_3D('',#509,#510,#511);
#509 = CARTESIAN_POINT('',(-33.4,-43.4,4.8));
#510 = DIRECTION('',(-0.,-0.,-1.));
#511 = DIRECTION('',(0.,-1.,0.));
#512 = PCURVE('',#232,#513);
#513 = DEFINITIONAL_REPRESENTATION('',(#514),#518);
#514 = LINE('',#515,#516);
#515 = CARTESIAN_POINT('',(-0.,-0.));
#516 = VECTOR('',#517,1.);
#517 = DIRECTION('',(-1.,-0.));
#518 = ( GEOMETRIC_REPRESENTATION_CONTEXT(2) 
PARAMETRIC_REPRESENTATION_CONTEXT() REPRESENTATION_CONTEXT('2D SPACE',''
  ) );
#519 = PCURVE('',#520,#525);
#520 = CYLINDRICAL_SURFACE('',#521,4.2);
#521 = AXIS2_PLACEMENT_3D('',#522,#523,#524);
#522 = CARTESIAN_POINT('',(-33.4,-43.4,3.6));
#523 = DIRECTION('',(0.,0.,1.));
#524 = DIRECTION('',(-1.,-0.,0.));
#525 = DEFINITIONAL_REPRESENTATION('',(#526),#530);
#526 = LINE('',#527,#528);
#527 = CARTESIAN_POINT('',(1.570796326795,1.2));
#528 = VECTOR('',#529,1.);
#529 = DIRECTION('',(-1.,-0.));
#530 = ( GEOMETRIC_REPRESENTATION_CONTEXT(2) 
PARAMETRIC_REPRESENTATION_CONTEXT() REPRESENTATION_CONTEXT('2D SPACE',''
  ) );
#531 = ORIENTED_EDGE('',*,*,#247,.T.);
#532 = ORIENTED_EDGE('',*,*,#217,.F.);
#533 = ADVANCED_FACE('',(#534),#205,.F.);
#534 = FACE_BOUND('',#535,.F.);
#535 = EDGE_LOOP('',(#536,#564,#565,#588));
#536 = ORIENTED_EDGE('',*,*,#537,.T.);
#537 = EDGE_CURVE('',#538,#161,#540,.T.);
#538 = VERTEX_POINT('',#539);
#539 = CARTESIAN_POINT('',(33.4,-46.4,0.8));
#540 = SURFACE_CURVE('',#541,(#545,#552),.PCURVE_S1.);
#541 = LINE('',#542,#543);
#542 = CARTESIAN_POINT('',(33.4,-46.4,0.8));
#543 = VECTOR('',#544,1.);
#544 = DIRECTION('',(-1.,-0.,0.));
#545 = PCURVE('',#205,#546);
#546 = DEFINITIONAL_REPRESENTATION('',(#547),#551);
#547 = LINE('',#548,#549);
#548 = CARTESIAN_POINT('',(0.8,69.8));
#549 = VECTOR('',#550,1.);
#550 = DIRECTION('',(0.,-1.));
#551 = ( GEOMETRIC_REPRESENTATION_CONTEXT(2) 
PARAMETRIC_REPRESENTATION_CONTEXT() REPRESENTATION_CONTEXT('2D SPACE',''
  ) );
#552 = PCURVE('',#553,#558);
#553 = PLANE('',#554);
#554 = AXIS2_PLACEMENT_3D('',#555,#556,#557);
#555 = CARTESIAN_POINT('',(33.4,-46.,0.4));
#556 = DIRECTION('',(-6.983161618628E-18,-0.707106781187,-0.707106781187
    ));
#557 = DIRECTION('',(-1.,4.937840934654E-18,4.937840934654E-18));
#558 = DEFINITIONAL_REPRESENTATION('',(#559),#563);
#559 = LINE('',#560,#561);
#560 = CARTESIAN_POINT('',(0.,-0.565685424949));
#561 = VECTOR('',#562,1.);
#562 = DIRECTION('',(1.,0.));
#563 = ( GEOMETRIC_REPRESENTATION_CONTEXT(2) 
PARAMETRIC_REPRESENTATION_CONTEXT() REPRESENTATION_CONTEXT('2D SPACE',''
  ) );
#564 = ORIENTED_EDGE('',*,*,#189,.T.);
#565 = ORIENTED_EDGE('',*,*,#566,.F.);
#566 = EDGE_CURVE('',#567,#190,#569,.T.);
#567 = VERTEX_POINT('',#568);
#568 = CARTESIAN_POINT('',(33.4,-46.4,3.6));
#569 = SURFACE_CURVE('',#570,(#574,#581),.PCURVE_S1.);
#570 = LINE('',#571,#572);
#571 = CARTESIAN_POINT('',(33.4,-46.4,3.6));
#572 = VECTOR('',#573,1.);
#573 = DIRECTION('',(-1.,-0.,0.));
#574 = PCURVE('',#205,#575);
#575 = DEFINITIONAL_REPRESENTATION('',(#576),#580);
#576 = LINE('',#577,#578);
#577 = CARTESIAN_POINT('',(3.6,69.8));
#578 = VECTOR('',#579,1.);
#579 = DIRECTION('',(0.,-1.));
#580 = ( GEOMETRIC_REPRESENTATION_CONTEXT(2) 
PARAMETRIC_REPRESENTATION_CONTEXT() REPRESENTATION_CONTEXT('2D SPACE',''
  ) );
#581 = PCURVE('',#494,#582);
#582 = DEFINITIONAL_REPRESENTATION('',(#583),#587);
#583 = LINE('',#584,#585);
#584 = CARTESIAN_POINT('',(0.,0.848528137424));
#585 = VECTOR('',#586,1.);
#586 = DIRECTION('',(1.,0.));
#587 = ( GEOMETRIC_REPRESENTATION_CONTEXT(2) 
PARAMETRIC_REPRESENTATION_CONTEXT() REPRESENTATION_CONTEXT('2D SPACE',''
  ) );
#588 = ORIENTED_EDGE('',*,*,#589,.F.);
#589 = EDGE_CURVE('',#538,#567,#590,.T.);
#590 = SURFACE_CURVE('',#591,(#595,#602),.PCURVE_S1.);
#591 = LINE('',#592,#593);
#592 = CARTESIAN_POINT('',(33.4,-46.4,0.));
#593 = VECTOR('',#594,1.);
#594 = DIRECTION('',(0.,0.,1.));
#595 = PCURVE('',#205,#596);
#596 = DEFINITIONAL_REPRESENTATION('',(#597),#601);
#597 = LINE('',#598,#599);
#598 = CARTESIAN_POINT('',(0.,69.8));
#599 = VECTOR('',#600,1.);
#600 = DIRECTION('',(1.,0.));
#601 = ( GEOMETRIC_REPRESENTATION_CONTEXT(2) 
PARAMETRIC_REPRESENTATION_CONTEXT() REPRESENTATION_CONTEXT('2D SPACE',''
  ) );
#602 = PCURVE('',#603,#608);
#603 = CYLINDRICAL_SURFACE('',#604,3.);
#604 = AXIS2_PLACEMENT_3D('',#605,#606,#607);
#605 = CARTESIAN_POINT('',(33.4,-43.4,0.));
#606 = DIRECTION('',(0.,0.,1.));
#607 = DIRECTION('',(1.,0.,-0.));
#608 = DEFINITIONAL_REPRESENTATION('',(#609),#613);
#609 = LINE('',#610,#611);
#610 = CARTESIAN_POINT('',(-1.570796326795,0.));
#611 = VECTOR('',#612,1.);
#612 = DIRECTION('',(-0.,1.));
#613 = ( GEOMETRIC_REPRESENTATION_CONTEXT(2) 
PARAMETRIC_REPRESENTATION_CONTEXT() REPRESENTATION_CONTEXT('2D SPACE',''
  ) );
#614 = ADVANCED_FACE('',(#615),#177,.T.);
#615 = FACE_BOUND('',#616,.T.);
#616 = EDGE_LOOP('',(#617,#638,#639,#640));
#617 = ORIENTED_EDGE('',*,*,#618,.F.);
#618 = EDGE_CURVE('',#161,#619,#621,.T.);
#619 = VERTEX_POINT('',#620);
#620 = CARTESIAN_POINT('',(-33.4,-45.6,4.440892098501E-16));
#621 = SURFACE_CURVE('',#622,(#626,#632),.PCURVE_S1.);
#622 = LINE('',#623,#624);
#623 = CARTESIAN_POINT('',(-33.4,-46.,0.4));
#624 = VECTOR('',#625,1.);
#625 = DIRECTION('',(0.,0.707106781187,-0.707106781187));
#626 = PCURVE('',#177,#627);
#627 = DEFINITIONAL_REPRESENTATION('',(#628),#631);
#628 = B_SPLINE_CURVE_WITH_KNOTS('',1,(#629,#630),.UNSPECIFIED.,.F.,.F.,
  (2,2),(-0.565685424949,0.565685424949),.PIECEWISE_BEZIER_KNOTS.);
#629 = CARTESIAN_POINT('',(0.,0.));
#630 = CARTESIAN_POINT('',(0.,-0.8));
#631 = ( GEOMETRIC_REPRESENTATION_CONTEXT(2) 
PARAMETRIC_REPRESENTATION_CONTEXT() REPRESENTATION_CONTEXT('2D SPACE',''
  ) );
#632 = PCURVE('',#553,#633);
#633 = DEFINITIONAL_REPRESENTATION('',(#634),#637);
#634 = B_SPLINE_CURVE_WITH_KNOTS('',1,(#635,#636),.UNSPECIFIED.,.F.,.F.,
  (2,2),(-0.565685424949,0.565685424949),.PIECEWISE_BEZIER_KNOTS.);
#635 = CARTESIAN_POINT('',(66.8,-0.565685424949));
#636 = CARTESIAN_POINT('',(66.8,0.565685424949));
#637 = ( GEOMETRIC_REPRESENTATION_CONTEXT(2) 
PARAMETRIC_REPRESENTATION_CONTEXT() REPRESENTATION_CONTEXT('2D SPACE',''
  ) );
#638 = ORIENTED_EDGE('',*,*,#160,.T.);
#639 = ORIENTED_EDGE('',*,*,#407,.T.);
#640 = ORIENTED_EDGE('',*,*,#641,.F.);
#641 = EDGE_CURVE('',#619,#408,#642,.T.);
#642 = SURFACE_CURVE('',#643,(#648,#655),.PCURVE_S1.);
#643 = CIRCLE('',#644,2.2);
#644 = AXIS2_PLACEMENT_3D('',#645,#646,#647);
#645 = CARTESIAN_POINT('',(-33.4,-43.4,0.));
#646 = DIRECTION('',(-0.,-0.,-1.));
#647 = DIRECTION('',(0.,-1.,0.));
#648 = PCURVE('',#177,#649);
#649 = DEFINITIONAL_REPRESENTATION('',(#650),#654);
#650 = LINE('',#651,#652);
#651 = CARTESIAN_POINT('',(-0.,-0.8));
#652 = VECTOR('',#653,1.);
#653 = DIRECTION('',(-1.,-0.));
#654 = ( GEOMETRIC_REPRESENTATION_CONTEXT(2) 
PARAMETRIC_REPRESENTATION_CONTEXT() REPRESENTATION_CONTEXT('2D SPACE',''
  ) );
#655 = PCURVE('',#464,#656);
#656 = DEFINITIONAL_REPRESENTATION('',(#657),#665);
#657 = ( BOUNDED_CURVE() B_SPLINE_CURVE(2,(#658,#659,#660,#661,#662,#663
,#664),.UNSPECIFIED.,.T.,.F.) B_SPLINE_CURVE_WITH_KNOTS((1,2,2,2,2,1),(
    -2.094395102393,0.,2.094395102393,4.188790204786,6.28318530718,
8.377580409573),.UNSPECIFIED.) CURVE() GEOMETRIC_REPRESENTATION_ITEM() 
RATIONAL_B_SPLINE_CURVE((1.,0.5,1.,0.5,1.,0.5,1.)) REPRESENTATION_ITEM(
  '') );
#658 = CARTESIAN_POINT('',(3.,0.8));
#659 = CARTESIAN_POINT('',(-0.810511776652,0.8));
#660 = CARTESIAN_POINT('',(1.094744111674,4.1));
#661 = CARTESIAN_POINT('',(3.,7.4));
#662 = CARTESIAN_POINT('',(4.905255888326,4.1));
#663 = CARTESIAN_POINT('',(6.810511776652,0.8));
#664 = CARTESIAN_POINT('',(3.,0.8));
#665 = ( GEOMETRIC_REPRESENTATION_CONTEXT(2) 
PARAMETRIC_REPRESENTATION_CONTEXT() REPRESENTATION_CONTEXT('2D SPACE',''
  ) );
#666 = ADVANCED_FACE('',(#667),#284,.F.);
#667 = FACE_BOUND('',#668,.F.);
#668 = EDGE_LOOP('',(#669,#692,#693,#721));
#669 = ORIENTED_EDGE('',*,*,#670,.F.);
#670 = EDGE_CURVE('',#248,#671,#673,.T.);
#671 = VERTEX_POINT('',#672);
#672 = CARTESIAN_POINT('',(-37.6,-43.4,7.2));
#673 = SURFACE_CURVE('',#674,(#678,#685),.PCURVE_S1.);
#674 = LINE('',#675,#676);
#675 = CARTESIAN_POINT('',(-37.6,-43.4,3.6));
#676 = VECTOR('',#677,1.);
#677 = DIRECTION('',(0.,0.,1.));
#678 = PCURVE('',#284,#679);
#679 = DEFINITIONAL_REPRESENTATION('',(#680),#684);
#680 = LINE('',#681,#682);
#681 = CARTESIAN_POINT('',(0.,-4.2));
#682 = VECTOR('',#683,1.);
#683 = DIRECTION('',(1.,0.));
#684 = ( GEOMETRIC_REPRESENTATION_CONTEXT(2) 
PARAMETRIC_REPRESENTATION_CONTEXT() REPRESENTATION_CONTEXT('2D SPACE',''
  ) );
#685 = PCURVE('',#520,#686);
#686 = DEFINITIONAL_REPRESENTATION('',(#687),#691);
#687 = LINE('',#688,#689);
#688 = CARTESIAN_POINT('',(0.,0.));
#689 = VECTOR('',#690,1.);
#690 = DIRECTION('',(0.,1.));
#691 = ( GEOMETRIC_REPRESENTATION_CONTEXT(2) 
PARAMETRIC_REPRESENTATION_CONTEXT() REPRESENTATION_CONTEXT('2D SPACE',''
  ) );
#692 = ORIENTED_EDGE('',*,*,#268,.T.);
#693 = ORIENTED_EDGE('',*,*,#694,.T.);
#694 = EDGE_CURVE('',#269,#695,#697,.T.);
#695 = VERTEX_POINT('',#696);
#696 = CARTESIAN_POINT('',(-37.6,43.4,7.2));
#697 = SURFACE_CURVE('',#698,(#702,#709),.PCURVE_S1.);
#698 = LINE('',#699,#700);
#699 = CARTESIAN_POINT('',(-37.6,43.4,3.6));
#700 = VECTOR('',#701,1.);
#701 = DIRECTION('',(0.,0.,1.));
#702 = PCURVE('',#284,#703);
#703 = DEFINITIONAL_REPRESENTATION('',(#704),#708);
#704 = LINE('',#705,#706);
#705 = CARTESIAN_POINT('',(0.,-91.));
#706 = VECTOR('',#707,1.);
#707 = DIRECTION('',(1.,0.));
#708 = ( GEOMETRIC_REPRESENTATION_CONTEXT(2) 
PARAMETRIC_REPRESENTATION_CONTEXT() REPRESENTATION_CONTEXT('2D SPACE',''
  ) );
#709 = PCURVE('',#710,#715);
#710 = CYLINDRICAL_SURFACE('',#711,4.2);
#711 = AXIS2_PLACEMENT_3D('',#712,#713,#714);
#712 = CARTESIAN_POINT('',(-33.4,43.4,3.6));
#713 = DIRECTION('',(0.,0.,1.));
#714 = DIRECTION('',(-1.,-0.,0.));
#715 = DEFINITIONAL_REPRESENTATION('',(#716),#720);
#716 = LINE('',#717,#718);
#717 = CARTESIAN_POINT('',(-0.,0.));
#718 = VECTOR('',#719,1.);
#719 = DIRECTION('',(-0.,1.));
#720 = ( GEOMETRIC_REPRESENTATION_CONTEXT(2) 
PARAMETRIC_REPRESENTATION_CONTEXT() REPRESENTATION_CONTEXT('2D SPACE',''
  ) );
#721 = ORIENTED_EDGE('',*,*,#722,.F.);
#722 = EDGE_CURVE('',#671,#695,#723,.T.);
#723 = SURFACE_CURVE('',#724,(#728,#735),.PCURVE_S1.);
#724 = LINE('',#725,#726);
#725 = CARTESIAN_POINT('',(-37.6,-43.4,7.2));
#726 = VECTOR('',#727,1.);
#727 = DIRECTION('',(-0.,1.,0.));
#728 = PCURVE('',#284,#729);
#729 = DEFINITIONAL_REPRESENTATION('',(#730),#734);
#730 = LINE('',#731,#732);
#731 = CARTESIAN_POINT('',(3.6,-4.2));
#732 = VECTOR('',#733,1.);
#733 = DIRECTION('',(0.,-1.));
#734 = ( GEOMETRIC_REPRESENTATION_CONTEXT(2) 
PARAMETRIC_REPRESENTATION_CONTEXT() REPRESENTATION_CONTEXT('2D SPACE',''
  ) );
#735 = PCURVE('',#736,#741);
#736 = PLANE('',#737);
#737 = AXIS2_PLACEMENT_3D('',#738,#739,#740);
#738 = CARTESIAN_POINT('',(-37.,-43.4,7.8));
#739 = DIRECTION('',(0.707106781187,0.,-0.707106781187));
#740 = DIRECTION('',(0.,1.,0.));
#741 = DEFINITIONAL_REPRESENTATION('',(#742),#746);
#742 = LINE('',#743,#744);
#743 = CARTESIAN_POINT('',(0.,-0.848528137424));
#744 = VECTOR('',#745,1.);
#745 = DIRECTION('',(1.,0.));
#746 = ( GEOMETRIC_REPRESENTATION_CONTEXT(2) 
PARAMETRIC_REPRESENTATION_CONTEXT() REPRESENTATION_CONTEXT('2D SPACE',''
  ) );
#747 = ADVANCED_FACE('',(#748),#309,.T.);
#748 = FACE_BOUND('',#749,.T.);
#749 = EDGE_LOOP('',(#750,#751,#775,#799));
#750 = ORIENTED_EDGE('',*,*,#296,.F.);
#751 = ORIENTED_EDGE('',*,*,#752,.T.);
#752 = EDGE_CURVE('',#269,#753,#755,.T.);
#753 = VERTEX_POINT('',#754);
#754 = CARTESIAN_POINT('',(-33.4,47.6,4.8));
#755 = SURFACE_CURVE('',#756,(#761,#768),.PCURVE_S1.);
#756 = CIRCLE('',#757,4.2);
#757 = AXIS2_PLACEMENT_3D('',#758,#759,#760);
#758 = CARTESIAN_POINT('',(-33.4,43.4,4.8));
#759 = DIRECTION('',(-0.,0.,-1.));
#760 = DIRECTION('',(-1.,1.691768418476E-15,0.));
#761 = PCURVE('',#309,#762);
#762 = DEFINITIONAL_REPRESENTATION('',(#763),#767);
#763 = LINE('',#764,#765);
#764 = CARTESIAN_POINT('',(-0.,-0.));
#765 = VECTOR('',#766,1.);
#766 = DIRECTION('',(-1.,-0.));
#767 = ( GEOMETRIC_REPRESENTATION_CONTEXT(2) 
PARAMETRIC_REPRESENTATION_CONTEXT() REPRESENTATION_CONTEXT('2D SPACE',''
  ) );
#768 = PCURVE('',#710,#769);
#769 = DEFINITIONAL_REPRESENTATION('',(#770),#774);
#770 = LINE('',#771,#772);
#771 = CARTESIAN_POINT('',(-0.,1.2));
#772 = VECTOR('',#773,1.);
#773 = DIRECTION('',(-1.,0.));
#774 = ( GEOMETRIC_REPRESENTATION_CONTEXT(2) 
PARAMETRIC_REPRESENTATION_CONTEXT() REPRESENTATION_CONTEXT('2D SPACE',''
  ) );
#775 = ORIENTED_EDGE('',*,*,#776,.T.);
#776 = EDGE_CURVE('',#753,#355,#777,.T.);
#777 = SURFACE_CURVE('',#778,(#782,#788),.PCURVE_S1.);
#778 = LINE('',#779,#780);
#779 = CARTESIAN_POINT('',(-33.4,47.6,4.8));
#780 = VECTOR('',#781,1.);
#781 = DIRECTION('',(-1.15296311809E-15,-0.707106781187,-0.707106781187)
  );
#782 = PCURVE('',#309,#783);
#783 = DEFINITIONAL_REPRESENTATION('',(#784),#787);
#784 = B_SPLINE_CURVE_WITH_KNOTS('',1,(#785,#786),.UNSPECIFIED.,.F.,.F.,
  (2,2),(0.,1.697056274848),.PIECEWISE_BEZIER_KNOTS.);
#785 = CARTESIAN_POINT('',(-1.570796326795,0.));
#786 = CARTESIAN_POINT('',(-1.570796326795,-1.2));
#787 = ( GEOMETRIC_REPRESENTATION_CONTEXT(2) 
PARAMETRIC_REPRESENTATION_CONTEXT() REPRESENTATION_CONTEXT('2D SPACE',''
  ) );
#788 = PCURVE('',#789,#794);
#789 = PLANE('',#790);
#790 = AXIS2_PLACEMENT_3D('',#791,#792,#793);
#791 = CARTESIAN_POINT('',(-33.4,47.,4.2));
#792 = DIRECTION('',(0.,-0.707106781187,0.707106781187));
#793 = DIRECTION('',(-1.,-0.,-0.));
#794 = DEFINITIONAL_REPRESENTATION('',(#795),#798);
#795 = B_SPLINE_CURVE_WITH_KNOTS('',1,(#796,#797),.UNSPECIFIED.,.F.,.F.,
  (2,2),(0.,1.697056274848),.PIECEWISE_BEZIER_KNOTS.);
#796 = CARTESIAN_POINT('',(0.,-0.848528137424));
#797 = CARTESIAN_POINT('',(0.,0.848528137424));
#798 = ( GEOMETRIC_REPRESENTATION_CONTEXT(2) 
PARAMETRIC_REPRESENTATION_CONTEXT() REPRESENTATION_CONTEXT('2D SPACE',''
  ) );
#799 = ORIENTED_EDGE('',*,*,#382,.F.);
#800 = ADVANCED_FACE('',(#801),#370,.T.);
#801 = FACE_BOUND('',#802,.T.);
#802 = EDGE_LOOP('',(#803,#831,#832,#855));
#803 = ORIENTED_EDGE('',*,*,#804,.F.);
#804 = EDGE_CURVE('',#326,#805,#807,.T.);
#805 = VERTEX_POINT('',#806);
#806 = CARTESIAN_POINT('',(33.4,46.4,0.8));
#807 = SURFACE_CURVE('',#808,(#812,#819),.PCURVE_S1.);
#808 = LINE('',#809,#810);
#809 = CARTESIAN_POINT('',(-33.4,46.4,0.8));
#810 = VECTOR('',#811,1.);
#811 = DIRECTION('',(1.,0.,-0.));
#812 = PCURVE('',#370,#813);
#813 = DEFINITIONAL_REPRESENTATION('',(#814),#818);
#814 = LINE('',#815,#816);
#815 = CARTESIAN_POINT('',(0.8,3.));
#816 = VECTOR('',#817,1.);
#817 = DIRECTION('',(0.,1.));
#818 = ( GEOMETRIC_REPRESENTATION_CONTEXT(2) 
PARAMETRIC_REPRESENTATION_CONTEXT() REPRESENTATION_CONTEXT('2D SPACE',''
  ) );
#819 = PCURVE('',#820,#825);
#820 = PLANE('',#821);
#821 = AXIS2_PLACEMENT_3D('',#822,#823,#824);
#822 = CARTESIAN_POINT('',(-33.4,46.,0.4));
#823 = DIRECTION('',(6.983161618628E-18,-0.707106781187,0.707106781187)
  );
#824 = DIRECTION('',(-1.,-4.937840934654E-18,4.937840934654E-18));
#825 = DEFINITIONAL_REPRESENTATION('',(#826),#830);
#826 = LINE('',#827,#828);
#827 = CARTESIAN_POINT('',(-0.,-0.565685424949));
#828 = VECTOR('',#829,1.);
#829 = DIRECTION('',(-1.,0.));
#830 = ( GEOMETRIC_REPRESENTATION_CONTEXT(2) 
PARAMETRIC_REPRESENTATION_CONTEXT() REPRESENTATION_CONTEXT('2D SPACE',''
  ) );
#831 = ORIENTED_EDGE('',*,*,#354,.T.);
#832 = ORIENTED_EDGE('',*,*,#833,.T.);
#833 = EDGE_CURVE('',#355,#834,#836,.T.);
#834 = VERTEX_POINT('',#835);
#835 = CARTESIAN_POINT('',(33.4,46.4,3.6));
#836 = SURFACE_CURVE('',#837,(#841,#848),.PCURVE_S1.);
#837 = LINE('',#838,#839);
#838 = CARTESIAN_POINT('',(-33.4,46.4,3.6));
#839 = VECTOR('',#840,1.);
#840 = DIRECTION('',(1.,0.,-0.));
#841 = PCURVE('',#370,#842);
#842 = DEFINITIONAL_REPRESENTATION('',(#843),#847);
#843 = LINE('',#844,#845);
#844 = CARTESIAN_POINT('',(3.6,3.));
#845 = VECTOR('',#846,1.);
#846 = DIRECTION('',(0.,1.));
#847 = ( GEOMETRIC_REPRESENTATION_CONTEXT(2) 
PARAMETRIC_REPRESENTATION_CONTEXT() REPRESENTATION_CONTEXT('2D SPACE',''
  ) );
#848 = PCURVE('',#789,#849);
#849 = DEFINITIONAL_REPRESENTATION('',(#850),#854);
#850 = LINE('',#851,#852);
#851 = CARTESIAN_POINT('',(-0.,0.848528137424));
#852 = VECTOR('',#853,1.);
#853 = DIRECTION('',(-1.,0.));
#854 = ( GEOMETRIC_REPRESENTATION_CONTEXT(2) 
PARAMETRIC_REPRESENTATION_CONTEXT() REPRESENTATION_CONTEXT('2D SPACE',''
  ) );
#855 = ORIENTED_EDGE('',*,*,#856,.F.);
#856 = EDGE_CURVE('',#805,#834,#857,.T.);
#857 = SURFACE_CURVE('',#858,(#862,#869),.PCURVE_S1.);
#858 = LINE('',#859,#860);
#859 = CARTESIAN_POINT('',(33.4,46.4,0.));
#860 = VECTOR('',#861,1.);
#861 = DIRECTION('',(0.,0.,1.));
#862 = PCURVE('',#370,#863);
#863 = DEFINITIONAL_REPRESENTATION('',(#864),#868);
#864 = LINE('',#865,#866);
#865 = CARTESIAN_POINT('',(0.,69.8));
#866 = VECTOR('',#867,1.);
#867 = DIRECTION('',(1.,0.));
#868 = ( GEOMETRIC_REPRESENTATION_CONTEXT(2) 
PARAMETRIC_REPRESENTATION_CONTEXT() REPRESENTATION_CONTEXT('2D SPACE',''
  ) );
#869 = PCURVE('',#870,#875);
#870 = CYLINDRICAL_SURFACE('',#871,3.);
#871 = AXIS2_PLACEMENT_3D('',#872,#873,#874);
#872 = CARTESIAN_POINT('',(33.4,43.4,0.));
#873 = DIRECTION('',(0.,0.,1.));
#874 = DIRECTION('',(1.,0.,-0.));
#875 = DEFINITIONAL_REPRESENTATION('',(#876),#880);
#876 = LINE('',#877,#878);
#877 = CARTESIAN_POINT('',(1.570796326795,0.));
#878 = VECTOR('',#879,1.);
#879 = DIRECTION('',(0.,1.));
#880 = ( GEOMETRIC_REPRESENTATION_CONTEXT(2) 
PARAMETRIC_REPRESENTATION_CONTEXT() REPRESENTATION_CONTEXT('2D SPACE',''
  ) );
#881 = ADVANCED_FACE('',(#882),#342,.T.);
#882 = FACE_BOUND('',#883,.T.);
#883 = EDGE_LOOP('',(#884,#885,#886,#907));
#884 = ORIENTED_EDGE('',*,*,#429,.F.);
#885 = ORIENTED_EDGE('',*,*,#325,.T.);
#886 = ORIENTED_EDGE('',*,*,#887,.T.);
#887 = EDGE_CURVE('',#326,#888,#890,.T.);
#888 = VERTEX_POINT('',#889);
#889 = CARTESIAN_POINT('',(-33.4,45.6,-1.554312234475E-15));
#890 = SURFACE_CURVE('',#891,(#895,#901),.PCURVE_S1.);
#891 = LINE('',#892,#893);
#892 = CARTESIAN_POINT('',(-33.4,46.4,0.8));
#893 = VECTOR('',#894,1.);
#894 = DIRECTION('',(4.329780281177E-17,-0.707106781187,-0.707106781187)
  );
#895 = PCURVE('',#342,#896);
#896 = DEFINITIONAL_REPRESENTATION('',(#897),#900);
#897 = B_SPLINE_CURVE_WITH_KNOTS('',1,(#898,#899),.UNSPECIFIED.,.F.,.F.,
  (2,2),(0.,1.131370849898),.PIECEWISE_BEZIER_KNOTS.);
#898 = CARTESIAN_POINT('',(-1.570796326795,0.));
#899 = CARTESIAN_POINT('',(-1.570796326795,-0.8));
#900 = ( GEOMETRIC_REPRESENTATION_CONTEXT(2) 
PARAMETRIC_REPRESENTATION_CONTEXT() REPRESENTATION_CONTEXT('2D SPACE',''
  ) );
#901 = PCURVE('',#820,#902);
#902 = DEFINITIONAL_REPRESENTATION('',(#903),#906);
#903 = B_SPLINE_CURVE_WITH_KNOTS('',1,(#904,#905),.UNSPECIFIED.,.F.,.F.,
  (2,2),(0.,1.131370849898),.PIECEWISE_BEZIER_KNOTS.);
#904 = CARTESIAN_POINT('',(0.,-0.565685424949));
#905 = CARTESIAN_POINT('',(0.,0.565685424949));
#906 = ( GEOMETRIC_REPRESENTATION_CONTEXT(2) 
PARAMETRIC_REPRESENTATION_CONTEXT() REPRESENTATION_CONTEXT('2D SPACE',''
  ) );
#907 = ORIENTED_EDGE('',*,*,#908,.F.);
#908 = EDGE_CURVE('',#430,#888,#909,.T.);
#909 = SURFACE_CURVE('',#910,(#915,#922),.PCURVE_S1.);
#910 = CIRCLE('',#911,2.2);
#911 = AXIS2_PLACEMENT_3D('',#912,#913,#914);
#912 = CARTESIAN_POINT('',(-33.4,43.4,0.));
#913 = DIRECTION('',(-0.,0.,-1.));
#914 = DIRECTION('',(-1.,0.,0.));
#915 = PCURVE('',#342,#916);
#916 = DEFINITIONAL_REPRESENTATION('',(#917),#921);
#917 = LINE('',#918,#919);
#918 = CARTESIAN_POINT('',(-0.,-0.8));
#919 = VECTOR('',#920,1.);
#920 = DIRECTION('',(-1.,-0.));
#921 = ( GEOMETRIC_REPRESENTATION_CONTEXT(2) 
PARAMETRIC_REPRESENTATION_CONTEXT() REPRESENTATION_CONTEXT('2D SPACE',''
  ) );
#922 = PCURVE('',#464,#923);
#923 = DEFINITIONAL_REPRESENTATION('',(#924),#932);
#924 = ( BOUNDED_CURVE() B_SPLINE_CURVE(2,(#925,#926,#927,#928,#929,#930
,#931),.UNSPECIFIED.,.T.,.F.) B_SPLINE_CURVE_WITH_KNOTS((1,2,2,2,2,1),(
    -2.094395102393,0.,2.094395102393,4.188790204786,6.28318530718,
8.377580409573),.UNSPECIFIED.) CURVE() GEOMETRIC_REPRESENTATION_ITEM() 
RATIONAL_B_SPLINE_CURVE((1.,0.5,1.,0.5,1.,0.5,1.)) REPRESENTATION_ITEM(
  '') );
#925 = CARTESIAN_POINT('',(0.8,89.8));
#926 = CARTESIAN_POINT('',(0.8,93.610511776652));
#927 = CARTESIAN_POINT('',(4.1,91.705255888326));
#928 = CARTESIAN_POINT('',(7.4,89.8));
#929 = CARTESIAN_POINT('',(4.1,87.894744111674));
#930 = CARTESIAN_POINT('',(0.8,85.989488223348));
#931 = CARTESIAN_POINT('',(0.8,89.8));
#932 = ( GEOMETRIC_REPRESENTATION_CONTEXT(2) 
PARAMETRIC_REPRESENTATION_CONTEXT() REPRESENTATION_CONTEXT('2D SPACE',''
  ) );
#933 = ADVANCED_FACE('',(#934,#1077,#1183,#1289,#1395),#464,.F.);
#934 = FACE_BOUND('',#935,.F.);
#935 = EDGE_LOOP('',(#936,#937,#938,#961,#994,#1022,#1055,#1076));
#936 = ORIENTED_EDGE('',*,*,#450,.F.);
#937 = ORIENTED_EDGE('',*,*,#641,.F.);
#938 = ORIENTED_EDGE('',*,*,#939,.F.);
#939 = EDGE_CURVE('',#940,#619,#942,.T.);
#940 = VERTEX_POINT('',#941);
#941 = CARTESIAN_POINT('',(33.4,-45.6,-1.554312234475E-15));
#942 = SURFACE_CURVE('',#943,(#947,#954),.PCURVE_S1.);
#943 = LINE('',#944,#945);
#944 = CARTESIAN_POINT('',(33.4,-45.6,0.));
#945 = VECTOR('',#946,1.);
#946 = DIRECTION('',(-1.,-0.,0.));
#947 = PCURVE('',#464,#948);
#948 = DEFINITIONAL_REPRESENTATION('',(#949),#953);
#949 = LINE('',#950,#951);
#950 = CARTESIAN_POINT('',(69.8,0.8));
#951 = VECTOR('',#952,1.);
#952 = DIRECTION('',(-1.,0.));
#953 = ( GEOMETRIC_REPRESENTATION_CONTEXT(2) 
PARAMETRIC_REPRESENTATION_CONTEXT() REPRESENTATION_CONTEXT('2D SPACE',''
  ) );
#954 = PCURVE('',#553,#955);
#955 = DEFINITIONAL_REPRESENTATION('',(#956),#960);
#956 = LINE('',#957,#958);
#957 = CARTESIAN_POINT('',(0.,0.565685424949));
#958 = VECTOR('',#959,1.);
#959 = DIRECTION('',(1.,0.));
#960 = ( GEOMETRIC_REPRESENTATION_CONTEXT(2) 
PARAMETRIC_REPRESENTATION_CONTEXT() REPRESENTATION_CONTEXT('2D SPACE',''
  ) );
#961 = ORIENTED_EDGE('',*,*,#962,.F.);
#962 = EDGE_CURVE('',#963,#940,#965,.T.);
#963 = VERTEX_POINT('',#964);
#964 = CARTESIAN_POINT('',(35.6,-43.4,-3.330669073875E-16));
#965 = SURFACE_CURVE('',#966,(#971,#982),.PCURVE_S1.);
#966 = CIRCLE('',#967,2.2);
#967 = AXIS2_PLACEMENT_3D('',#968,#969,#970);
#968 = CARTESIAN_POINT('',(33.4,-43.4,0.));
#969 = DIRECTION('',(0.,-0.,-1.));
#970 = DIRECTION('',(1.,0.,-0.));
#971 = PCURVE('',#464,#972);
#972 = DEFINITIONAL_REPRESENTATION('',(#973),#981);
#973 = ( BOUNDED_CURVE() B_SPLINE_CURVE(2,(#974,#975,#976,#977,#978,#979
,#980),.UNSPECIFIED.,.T.,.F.) B_SPLINE_CURVE_WITH_KNOTS((1,2,2,2,2,1),(
    -2.094395102393,0.,2.094395102393,4.188790204786,6.28318530718,
8.377580409573),.UNSPECIFIED.) CURVE() GEOMETRIC_REPRESENTATION_ITEM() 
RATIONAL_B_SPLINE_CURVE((1.,0.5,1.,0.5,1.,0.5,1.)) REPRESENTATION_ITEM(
  '') );
#974 = CARTESIAN_POINT('',(72.,3.));
#975 = CARTESIAN_POINT('',(72.,-0.810511776652));
#976 = CARTESIAN_POINT('',(68.7,1.094744111674));
#977 = CARTESIAN_POINT('',(65.4,3.));
#978 = CARTESIAN_POINT('',(68.7,4.905255888326));
#979 = CARTESIAN_POINT('',(72.,6.810511776652));
#980 = CARTESIAN_POINT('',(72.,3.));
#981 = ( GEOMETRIC_REPRESENTATION_CONTEXT(2) 
PARAMETRIC_REPRESENTATION_CONTEXT() REPRESENTATION_CONTEXT('2D SPACE',''
  ) );
#982 = PCURVE('',#983,#988);
#983 = CONICAL_SURFACE('',#984,3.,0.785398163397);
#984 = AXIS2_PLACEMENT_3D('',#985,#986,#987);
#985 = CARTESIAN_POINT('',(33.4,-43.4,0.8));
#986 = DIRECTION('',(0.,0.,1.));
#987 = DIRECTION('',(1.,0.,-0.));
#988 = DEFINITIONAL_REPRESENTATION('',(#989),#993);
#989 = LINE('',#990,#991);
#990 = CARTESIAN_POINT('',(-0.,-0.8));
#991 = VECTOR('',#992,1.);
#992 = DIRECTION('',(-1.,-0.));
#993 = ( GEOMETRIC_REPRESENTATION_CONTEXT(2) 
PARAMETRIC_REPRESENTATION_CONTEXT() REPRESENTATION_CONTEXT('2D SPACE',''
  ) );
#994 = ORIENTED_EDGE('',*,*,#995,.F.);
#995 = EDGE_CURVE('',#996,#963,#998,.T.);
#996 = VERTEX_POINT('',#997);
#997 = CARTESIAN_POINT('',(35.6,43.4,-1.554312234475E-15));
#998 = SURFACE_CURVE('',#999,(#1003,#1010),.PCURVE_S1.);
#999 = LINE('',#1000,#1001);
#1000 = CARTESIAN_POINT('',(35.6,43.4,0.));
#1001 = VECTOR('',#1002,1.);
#1002 = DIRECTION('',(0.,-1.,-0.));
#1003 = PCURVE('',#464,#1004);
#1004 = DEFINITIONAL_REPRESENTATION('',(#1005),#1009);
#1005 = LINE('',#1006,#1007);
#1006 = CARTESIAN_POINT('',(72.,89.8));
#1007 = VECTOR('',#1008,1.);
#1008 = DIRECTION('',(0.,-1.));
#1009 = ( GEOMETRIC_REPRESENTATION_CONTEXT(2) 
PARAMETRIC_REPRESENTATION_CONTEXT() REPRESENTATION_CONTEXT('2D SPACE',''
  ) );
#1010 = PCURVE('',#1011,#1016);
#1011 = PLANE('',#1012);
#1012 = AXIS2_PLACEMENT_3D('',#1013,#1014,#1015);
#1013 = CARTESIAN_POINT('',(36.,43.4,0.4));
#1014 = DIRECTION('',(-0.707106781187,-6.983161618628E-18,0.707106781187
    ));
#1015 = DIRECTION('',(-4.937840934654E-18,1.,4.937840934654E-18));
#1016 = DEFINITIONAL_REPRESENTATION('',(#1017),#1021);
#1017 = LINE('',#1018,#1019);
#1018 = CARTESIAN_POINT('',(-0.,0.565685424949));
#1019 = VECTOR('',#1020,1.);
#1020 = DIRECTION('',(-1.,0.));
#1021 = ( GEOMETRIC_REPRESENTATION_CONTEXT(2) 
PARAMETRIC_REPRESENTATION_CONTEXT() REPRESENTATION_CONTEXT('2D SPACE',''
  ) );
#1022 = ORIENTED_EDGE('',*,*,#1023,.F.);
#1023 = EDGE_CURVE('',#1024,#996,#1026,.T.);
#1024 = VERTEX_POINT('',#1025);
#1025 = CARTESIAN_POINT('',(33.4,45.6,-2.22044604925E-16));
#1026 = SURFACE_CURVE('',#1027,(#1032,#1043),.PCURVE_S1.);
#1027 = CIRCLE('',#1028,2.2);
#1028 = AXIS2_PLACEMENT_3D('',#1029,#1030,#1031);
#1029 = CARTESIAN_POINT('',(33.4,43.4,0.));
#1030 = DIRECTION('',(0.,-0.,-1.));
#1031 = DIRECTION('',(0.,1.,-0.));
#1032 = PCURVE('',#464,#1033);
#1033 = DEFINITIONAL_REPRESENTATION('',(#1034),#1042);
#1034 = ( BOUNDED_CURVE() B_SPLINE_CURVE(2,(#1035,#1036,#1037,#1038,
#1039,#1040,#1041),.UNSPECIFIED.,.T.,.F.) B_SPLINE_CURVE_WITH_KNOTS((1,2
    ,2,2,2,1),(-2.094395102393,0.,2.094395102393,4.188790204786,
6.28318530718,8.377580409573),.UNSPECIFIED.) CURVE() 
GEOMETRIC_REPRESENTATION_ITEM() RATIONAL_B_SPLINE_CURVE((1.,0.5,1.,0.5,
1.,0.5,1.)) REPRESENTATION_ITEM('') );
#1035 = CARTESIAN_POINT('',(69.8,92.));
#1036 = CARTESIAN_POINT('',(73.610511776652,92.));
#1037 = CARTESIAN_POINT('',(71.705255888326,88.7));
#1038 = CARTESIAN_POINT('',(69.8,85.4));
#1039 = CARTESIAN_POINT('',(67.894744111674,88.7));
#1040 = CARTESIAN_POINT('',(65.989488223348,92.));
#1041 = CARTESIAN_POINT('',(69.8,92.));
#1042 = ( GEOMETRIC_REPRESENTATION_CONTEXT(2) 
PARAMETRIC_REPRESENTATION_CONTEXT() REPRESENTATION_CONTEXT('2D SPACE',''
  ) );
#1043 = PCURVE('',#1044,#1049);
#1044 = CONICAL_SURFACE('',#1045,3.,0.785398163397);
#1045 = AXIS2_PLACEMENT_3D('',#1046,#1047,#1048);
#1046 = CARTESIAN_POINT('',(33.4,43.4,0.8));
#1047 = DIRECTION('',(0.,0.,1.));
#1048 = DIRECTION('',(0.,1.,0.));
#1049 = DEFINITIONAL_REPRESENTATION('',(#1050),#1054);
#1050 = LINE('',#1051,#1052);
#1051 = CARTESIAN_POINT('',(-0.,-0.8));
#1052 = VECTOR('',#1053,1.);
#1053 = DIRECTION('',(-1.,-0.));
#1054 = ( GEOMETRIC_REPRESENTATION_CONTEXT(2) 
PARAMETRIC_REPRESENTATION_CONTEXT() REPRESENTATION_CONTEXT('2D SPACE',''
  ) );
#1055 = ORIENTED_EDGE('',*,*,#1056,.F.);
#1056 = EDGE_CURVE('',#888,#1024,#1057,.T.);
#1057 = SURFACE_CURVE('',#1058,(#1062,#1069),.PCURVE_S1.);
#1058 = LINE('',#1059,#1060);
#1059 = CARTESIAN_POINT('',(-33.4,45.6,0.));
#1060 = VECTOR('',#1061,1.);
#1061 = DIRECTION('',(1.,0.,-0.));
#1062 = PCURVE('',#464,#1063);
#1063 = DEFINITIONAL_REPRESENTATION('',(#1064),#1068);
#1064 = LINE('',#1065,#1066);
#1065 = CARTESIAN_POINT('',(3.,92.));
#1066 = VECTOR('',#1067,1.);
#1067 = DIRECTION('',(1.,0.));
#1068 = ( GEOMETRIC_REPRESENTATION_CONTEXT(2) 
PARAMETRIC_REPRESENTATION_CONTEXT() REPRESENTATION_CONTEXT('2D SPACE',''
  ) );
#1069 = PCURVE('',#820,#1070);
#1070 = DEFINITIONAL_REPRESENTATION('',(#1071),#1075);
#1071 = LINE('',#1072,#1073);
#1072 = CARTESIAN_POINT('',(-0.,0.565685424949));
#1073 = VECTOR('',#1074,1.);
#1074 = DIRECTION('',(-1.,0.));
#1075 = ( GEOMETRIC_REPRESENTATION_CONTEXT(2) 
PARAMETRIC_REPRESENTATION_CONTEXT() REPRESENTATION_CONTEXT('2D SPACE',''
  ) );
#1076 = ORIENTED_EDGE('',*,*,#908,.F.);
#1077 = FACE_BOUND('',#1078,.F.);
#1078 = EDGE_LOOP('',(#1079,#1107,#1133,#1159));
#1079 = ORIENTED_EDGE('',*,*,#1080,.T.);
#1080 = EDGE_CURVE('',#1081,#1083,#1085,.T.);
#1081 = VERTEX_POINT('',#1082);
#1082 = CARTESIAN_POINT('',(-14.1,30.9,0.));
#1083 = VERTEX_POINT('',#1084);
#1084 = CARTESIAN_POINT('',(-15.9,30.9,0.));
#1085 = SURFACE_CURVE('',#1086,(#1090,#1096),.PCURVE_S1.);
#1086 = LINE('',#1087,#1088);
#1087 = CARTESIAN_POINT('',(-26.15,30.9,0.));
#1088 = VECTOR('',#1089,1.);
#1089 = DIRECTION('',(-1.,-0.,0.));
#1090 = PCURVE('',#464,#1091);
#1091 = DEFINITIONAL_REPRESENTATION('',(#1092),#1095);
#1092 = B_SPLINE_CURVE_WITH_KNOTS('',1,(#1093,#1094),.UNSPECIFIED.,.F.,
  .F.,(2,2),(-12.05,-10.25),.PIECEWISE_BEZIER_KNOTS.);
#1093 = CARTESIAN_POINT('',(22.3,77.3));
#1094 = CARTESIAN_POINT('',(20.5,77.3));
#1095 = ( GEOMETRIC_REPRESENTATION_CONTEXT(2) 
PARAMETRIC_REPRESENTATION_CONTEXT() REPRESENTATION_CONTEXT('2D SPACE',''
  ) );
#1096 = PCURVE('',#1097,#1102);
#1097 = PLANE('',#1098);
#1098 = AXIS2_PLACEMENT_3D('',#1099,#1100,#1101);
#1099 = CARTESIAN_POINT('',(-15.9,30.9,-0.5));
#1100 = DIRECTION('',(-0.,1.,0.));
#1101 = DIRECTION('',(0.,0.,1.));
#1102 = DEFINITIONAL_REPRESENTATION('',(#1103),#1106);
#1103 = B_SPLINE_CURVE_WITH_KNOTS('',1,(#1104,#1105),.UNSPECIFIED.,.F.,
  .F.,(2,2),(-12.05,-10.25),.PIECEWISE_BEZIER_KNOTS.);
#1104 = CARTESIAN_POINT('',(0.5,1.8));
#1105 = CARTESIAN_POINT('',(0.5,0.));
#1106 = ( GEOMETRIC_REPRESENTATION_CONTEXT(2) 
PARAMETRIC_REPRESENTATION_CONTEXT() REPRESENTATION_CONTEXT('2D SPACE',''
  ) );
#1107 = ORIENTED_EDGE('',*,*,#1108,.T.);
#1108 = EDGE_CURVE('',#1083,#1109,#1111,.T.);
#1109 = VERTEX_POINT('',#1110);
#1110 = CARTESIAN_POINT('',(-15.9,34.1,0.));
#1111 = SURFACE_CURVE('',#1112,(#1116,#1122),.PCURVE_S1.);
#1112 = LINE('',#1113,#1114);
#1113 = CARTESIAN_POINT('',(-15.9,-7.75,0.));
#1114 = VECTOR('',#1115,1.);
#1115 = DIRECTION('',(-0.,1.,0.));
#1116 = PCURVE('',#464,#1117);
#1117 = DEFINITIONAL_REPRESENTATION('',(#1118),#1121);
#1118 = B_SPLINE_CURVE_WITH_KNOTS('',1,(#1119,#1120),.UNSPECIFIED.,.F.,
  .F.,(2,2),(38.65,41.85),.PIECEWISE_BEZIER_KNOTS.);
#1119 = CARTESIAN_POINT('',(20.5,77.3));
#1120 = CARTESIAN_POINT('',(20.5,80.5));
#1121 = ( GEOMETRIC_REPRESENTATION_CONTEXT(2) 
PARAMETRIC_REPRESENTATION_CONTEXT() REPRESENTATION_CONTEXT('2D SPACE',''
  ) );
#1122 = PCURVE('',#1123,#1128);
#1123 = PLANE('',#1124);
#1124 = AXIS2_PLACEMENT_3D('',#1125,#1126,#1127);
#1125 = CARTESIAN_POINT('',(-15.9,30.9,-0.5));
#1126 = DIRECTION('',(1.,0.,-0.));
#1127 = DIRECTION('',(0.,0.,1.));
#1128 = DEFINITIONAL_REPRESENTATION('',(#1129),#1132);
#1129 = B_SPLINE_CURVE_WITH_KNOTS('',1,(#1130,#1131),.UNSPECIFIED.,.F.,
  .F.,(2,2),(38.65,41.85),.PIECEWISE_BEZIER_KNOTS.);
#1130 = CARTESIAN_POINT('',(0.5,0.));
#1131 = CARTESIAN_POINT('',(0.5,-3.2));
#1132 = ( GEOMETRIC_REPRESENTATION_CONTEXT(2) 
PARAMETRIC_REPRESENTATION_CONTEXT() REPRESENTATION_CONTEXT('2D SPACE',''
  ) );
#1133 = ORIENTED_EDGE('',*,*,#1134,.F.);
#1134 = EDGE_CURVE('',#1135,#1109,#1137,.T.);
#1135 = VERTEX_POINT('',#1136);
#1136 = CARTESIAN_POINT('',(-14.1,34.1,0.));
#1137 = SURFACE_CURVE('',#1138,(#1142,#1148),.PCURVE_S1.);
#1138 = LINE('',#1139,#1140);
#1139 = CARTESIAN_POINT('',(-26.15,34.1,0.));
#1140 = VECTOR('',#1141,1.);
#1141 = DIRECTION('',(-1.,-0.,0.));
#1142 = PCURVE('',#464,#1143);
#1143 = DEFINITIONAL_REPRESENTATION('',(#1144),#1147);
#1144 = B_SPLINE_CURVE_WITH_KNOTS('',1,(#1145,#1146),.UNSPECIFIED.,.F.,
  .F.,(2,2),(-12.05,-10.25),.PIECEWISE_BEZIER_KNOTS.);
#1145 = CARTESIAN_POINT('',(22.3,80.5));
#1146 = CARTESIAN_POINT('',(20.5,80.5));
#1147 = ( GEOMETRIC_REPRESENTATION_CONTEXT(2) 
PARAMETRIC_REPRESENTATION_CONTEXT() REPRESENTATION_CONTEXT('2D SPACE',''
  ) );
#1148 = PCURVE('',#1149,#1154);
#1149 = PLANE('',#1150);
#1150 = AXIS2_PLACEMENT_3D('',#1151,#1152,#1153);
#1151 = CARTESIAN_POINT('',(-15.9,34.1,-0.5));
#1152 = DIRECTION('',(-0.,1.,0.));
#1153 = DIRECTION('',(0.,0.,1.));
#1154 = DEFINITIONAL_REPRESENTATION('',(#1155),#1158);
#1155 = B_SPLINE_CURVE_WITH_KNOTS('',1,(#1156,#1157),.UNSPECIFIED.,.F.,
  .F.,(2,2),(-12.05,-10.25),.PIECEWISE_BEZIER_KNOTS.);
#1156 = CARTESIAN_POINT('',(0.5,1.8));
#1157 = CARTESIAN_POINT('',(0.5,0.));
#1158 = ( GEOMETRIC_REPRESENTATION_CONTEXT(2) 
PARAMETRIC_REPRESENTATION_CONTEXT() REPRESENTATION_CONTEXT('2D SPACE',''
  ) );
#1159 = ORIENTED_EDGE('',*,*,#1160,.F.);
#1160 = EDGE_CURVE('',#1081,#1135,#1161,.T.);
#1161 = SURFACE_CURVE('',#1162,(#1166,#1172),.PCURVE_S1.);
#1162 = LINE('',#1163,#1164);
#1163 = CARTESIAN_POINT('',(-14.1,-7.75,0.));
#1164 = VECTOR('',#1165,1.);
#1165 = DIRECTION('',(-0.,1.,0.));
#1166 = PCURVE('',#464,#1167);
#1167 = DEFINITIONAL_REPRESENTATION('',(#1168),#1171);
#1168 = B_SPLINE_CURVE_WITH_KNOTS('',1,(#1169,#1170),.UNSPECIFIED.,.F.,
  .F.,(2,2),(38.65,41.85),.PIECEWISE_BEZIER_KNOTS.);
#1169 = CARTESIAN_POINT('',(22.3,77.3));
#1170 = CARTESIAN_POINT('',(22.3,80.5));
#1171 = ( GEOMETRIC_REPRESENTATION_CONTEXT(2) 
PARAMETRIC_REPRESENTATION_CONTEXT() REPRESENTATION_CONTEXT('2D SPACE',''
  ) );
#1172 = PCURVE('',#1173,#1178);
#1173 = PLANE('',#1174);
#1174 = AXIS2_PLACEMENT_3D('',#1175,#1176,#1177);
#1175 = CARTESIAN_POINT('',(-14.1,30.9,-0.5));
#1176 = DIRECTION('',(1.,0.,-0.));
#1177 = DIRECTION('',(0.,0.,1.));
#1178 = DEFINITIONAL_REPRESENTATION('',(#1179),#1182);
#1179 = B_SPLINE_CURVE_WITH_KNOTS('',1,(#1180,#1181),.UNSPECIFIED.,.F.,
  .F.,(2,2),(38.65,41.85),.PIECEWISE_BEZIER_KNOTS.);
#1180 = CARTESIAN_POINT('',(0.5,0.));
#1181 = CARTESIAN_POINT('',(0.5,-3.2));
#1182 = ( GEOMETRIC_REPRESENTATION_CONTEXT(2) 
PARAMETRIC_REPRESENTATION_CONTEXT() REPRESENTATION_CONTEXT('2D SPACE',''
  ) );
#1183 = FACE_BOUND('',#1184,.F.);
#1184 = EDGE_LOOP('',(#1185,#1213,#1239,#1265));
#1185 = ORIENTED_EDGE('',*,*,#1186,.T.);
#1186 = EDGE_CURVE('',#1187,#1189,#1191,.T.);
#1187 = VERTEX_POINT('',#1188);
#1188 = CARTESIAN_POINT('',(15.9,30.9,0.));
#1189 = VERTEX_POINT('',#1190);
#1190 = CARTESIAN_POINT('',(14.1,30.9,0.));
#1191 = SURFACE_CURVE('',#1192,(#1196,#1202),.PCURVE_S1.);
#1192 = LINE('',#1193,#1194);
#1193 = CARTESIAN_POINT('',(-11.15,30.9,0.));
#1194 = VECTOR('',#1195,1.);
#1195 = DIRECTION('',(-1.,-0.,0.));
#1196 = PCURVE('',#464,#1197);
#1197 = DEFINITIONAL_REPRESENTATION('',(#1198),#1201);
#1198 = B_SPLINE_CURVE_WITH_KNOTS('',1,(#1199,#1200),.UNSPECIFIED.,.F.,
  .F.,(2,2),(-27.05,-25.25),.PIECEWISE_BEZIER_KNOTS.);
#1199 = CARTESIAN_POINT('',(52.3,77.3));
#1200 = CARTESIAN_POINT('',(50.5,77.3));
#1201 = ( GEOMETRIC_REPRESENTATION_CONTEXT(2) 
PARAMETRIC_REPRESENTATION_CONTEXT() REPRESENTATION_CONTEXT('2D SPACE',''
  ) );
#1202 = PCURVE('',#1203,#1208);
#1203 = PLANE('',#1204);
#1204 = AXIS2_PLACEMENT_3D('',#1205,#1206,#1207);
#1205 = CARTESIAN_POINT('',(14.1,30.9,-0.5));
#1206 = DIRECTION('',(-0.,1.,0.));
#1207 = DIRECTION('',(0.,0.,1.));
#1208 = DEFINITIONAL_REPRESENTATION('',(#1209),#1212);
#1209 = B_SPLINE_CURVE_WITH_KNOTS('',1,(#1210,#1211),.UNSPECIFIED.,.F.,
  .F.,(2,2),(-27.05,-25.25),.PIECEWISE_BEZIER_KNOTS.);
#1210 = CARTESIAN_POINT('',(0.5,1.8));
#1211 = CARTESIAN_POINT('',(0.5,0.));
#1212 = ( GEOMETRIC_REPRESENTATION_CONTEXT(2) 
PARAMETRIC_REPRESENTATION_CONTEXT() REPRESENTATION_CONTEXT('2D SPACE',''
  ) );
#1213 = ORIENTED_EDGE('',*,*,#1214,.T.);
#1214 = EDGE_CURVE('',#1189,#1215,#1217,.T.);
#1215 = VERTEX_POINT('',#1216);
#1216 = CARTESIAN_POINT('',(14.1,34.1,0.));
#1217 = SURFACE_CURVE('',#1218,(#1222,#1228),.PCURVE_S1.);
#1218 = LINE('',#1219,#1220);
#1219 = CARTESIAN_POINT('',(14.1,-7.75,0.));
#1220 = VECTOR('',#1221,1.);
#1221 = DIRECTION('',(-0.,1.,0.));
#1222 = PCURVE('',#464,#1223);
#1223 = DEFINITIONAL_REPRESENTATION('',(#1224),#1227);
#1224 = B_SPLINE_CURVE_WITH_KNOTS('',1,(#1225,#1226),.UNSPECIFIED.,.F.,
  .F.,(2,2),(38.65,41.85),.PIECEWISE_BEZIER_KNOTS.);
#1225 = CARTESIAN_POINT('',(50.5,77.3));
#1226 = CARTESIAN_POINT('',(50.5,80.5));
#1227 = ( GEOMETRIC_REPRESENTATION_CONTEXT(2) 
PARAMETRIC_REPRESENTATION_CONTEXT() REPRESENTATION_CONTEXT('2D SPACE',''
  ) );
#1228 = PCURVE('',#1229,#1234);
#1229 = PLANE('',#1230);
#1230 = AXIS2_PLACEMENT_3D('',#1231,#1232,#1233);
#1231 = CARTESIAN_POINT('',(14.1,30.9,-0.5));
#1232 = DIRECTION('',(1.,0.,-0.));
#1233 = DIRECTION('',(0.,0.,1.));
#1234 = DEFINITIONAL_REPRESENTATION('',(#1235),#1238);
#1235 = B_SPLINE_CURVE_WITH_KNOTS('',1,(#1236,#1237),.UNSPECIFIED.,.F.,
  .F.,(2,2),(38.65,41.85),.PIECEWISE_BEZIER_KNOTS.);
#1236 = CARTESIAN_POINT('',(0.5,0.));
#1237 = CARTESIAN_POINT('',(0.5,-3.2));
#1238 = ( GEOMETRIC_REPRESENTATION_CONTEXT(2) 
PARAMETRIC_REPRESENTATION_CONTEXT() REPRESENTATION_CONTEXT('2D SPACE',''
  ) );
#1239 = ORIENTED_EDGE('',*,*,#1240,.F.);
#1240 = EDGE_CURVE('',#1241,#1215,#1243,.T.);
#1241 = VERTEX_POINT('',#1242);
#1242 = CARTESIAN_POINT('',(15.9,34.1,0.));
#1243 = SURFACE_CURVE('',#1244,(#1248,#1254),.PCURVE_S1.);
#1244 = LINE('',#1245,#1246);
#1245 = CARTESIAN_POINT('',(-11.15,34.1,0.));
#1246 = VECTOR('',#1247,1.);
#1247 = DIRECTION('',(-1.,-0.,0.));
#1248 = PCURVE('',#464,#1249);
#1249 = DEFINITIONAL_REPRESENTATION('',(#1250),#1253);
#1250 = B_SPLINE_CURVE_WITH_KNOTS('',1,(#1251,#1252),.UNSPECIFIED.,.F.,
  .F.,(2,2),(-27.05,-25.25),.PIECEWISE_BEZIER_KNOTS.);
#1251 = CARTESIAN_POINT('',(52.3,80.5));
#1252 = CARTESIAN_POINT('',(50.5,80.5));
#1253 = ( GEOMETRIC_REPRESENTATION_CONTEXT(2) 
PARAMETRIC_REPRESENTATION_CONTEXT() REPRESENTATION_CONTEXT('2D SPACE',''
  ) );
#1254 = PCURVE('',#1255,#1260);
#1255 = PLANE('',#1256);
#1256 = AXIS2_PLACEMENT_3D('',#1257,#1258,#1259);
#1257 = CARTESIAN_POINT('',(14.1,34.1,-0.5));
#1258 = DIRECTION('',(-0.,1.,0.));
#1259 = DIRECTION('',(0.,0.,1.));
#1260 = DEFINITIONAL_REPRESENTATION('',(#1261),#1264);
#1261 = B_SPLINE_CURVE_WITH_KNOTS('',1,(#1262,#1263),.UNSPECIFIED.,.F.,
  .F.,(2,2),(-27.05,-25.25),.PIECEWISE_BEZIER_KNOTS.);
#1262 = CARTESIAN_POINT('',(0.5,1.8));
#1263 = CARTESIAN_POINT('',(0.5,0.));
#1264 = ( GEOMETRIC_REPRESENTATION_CONTEXT(2) 
PARAMETRIC_REPRESENTATION_CONTEXT() REPRESENTATION_CONTEXT('2D SPACE',''
  ) );
#1265 = ORIENTED_EDGE('',*,*,#1266,.F.);
#1266 = EDGE_CURVE('',#1187,#1241,#1267,.T.);
#1267 = SURFACE_CURVE('',#1268,(#1272,#1278),.PCURVE_S1.);
#1268 = LINE('',#1269,#1270);
#1269 = CARTESIAN_POINT('',(15.9,-7.75,0.));
#1270 = VECTOR('',#1271,1.);
#1271 = DIRECTION('',(-0.,1.,0.));
#1272 = PCURVE('',#464,#1273);
#1273 = DEFINITIONAL_REPRESENTATION('',(#1274),#1277);
#1274 = B_SPLINE_CURVE_WITH_KNOTS('',1,(#1275,#1276),.UNSPECIFIED.,.F.,
  .F.,(2,2),(38.65,41.85),.PIECEWISE_BEZIER_KNOTS.);
#1275 = CARTESIAN_POINT('',(52.3,77.3));
#1276 = CARTESIAN_POINT('',(52.3,80.5));
#1277 = ( GEOMETRIC_REPRESENTATION_CONTEXT(2) 
PARAMETRIC_REPRESENTATION_CONTEXT() REPRESENTATION_CONTEXT('2D SPACE',''
  ) );
#1278 = PCURVE('',#1279,#1284);
#1279 = PLANE('',#1280);
#1280 = AXIS2_PLACEMENT_3D('',#1281,#1282,#1283);
#1281 = CARTESIAN_POINT('',(15.9,30.9,-0.5));
#1282 = DIRECTION('',(1.,0.,-0.));
#1283 = DIRECTION('',(0.,0.,1.));
#1284 = DEFINITIONAL_REPRESENTATION('',(#1285),#1288);
#1285 = B_SPLINE_CURVE_WITH_KNOTS('',1,(#1286,#1287),.UNSPECIFIED.,.F.,
  .F.,(2,2),(38.65,41.85),.PIECEWISE_BEZIER_KNOTS.);
#1286 = CARTESIAN_POINT('',(0.5,0.));
#1287 = CARTESIAN_POINT('',(0.5,-3.2));
#1288 = ( GEOMETRIC_REPRESENTATION_CONTEXT(2) 
PARAMETRIC_REPRESENTATION_CONTEXT() REPRESENTATION_CONTEXT('2D SPACE',''
  ) );
#1289 = FACE_BOUND('',#1290,.F.);
#1290 = EDGE_LOOP('',(#1291,#1319,#1345,#1371));
#1291 = ORIENTED_EDGE('',*,*,#1292,.T.);
#1292 = EDGE_CURVE('',#1293,#1295,#1297,.T.);
#1293 = VERTEX_POINT('',#1294);
#1294 = CARTESIAN_POINT('',(-14.1,35.9,0.));
#1295 = VERTEX_POINT('',#1296);
#1296 = CARTESIAN_POINT('',(-15.9,35.9,0.));
#1297 = SURFACE_CURVE('',#1298,(#1302,#1308),.PCURVE_S1.);
#1298 = LINE('',#1299,#1300);
#1299 = CARTESIAN_POINT('',(-26.15,35.9,0.));
#1300 = VECTOR('',#1301,1.);
#1301 = DIRECTION('',(-1.,-0.,0.));
#1302 = PCURVE('',#464,#1303);
#1303 = DEFINITIONAL_REPRESENTATION('',(#1304),#1307);
#1304 = B_SPLINE_CURVE_WITH_KNOTS('',1,(#1305,#1306),.UNSPECIFIED.,.F.,
  .F.,(2,2),(-12.05,-10.25),.PIECEWISE_BEZIER_KNOTS.);
#1305 = CARTESIAN_POINT('',(22.3,82.3));
#1306 = CARTESIAN_POINT('',(20.5,82.3));
#1307 = ( GEOMETRIC_REPRESENTATION_CONTEXT(2) 
PARAMETRIC_REPRESENTATION_CONTEXT() REPRESENTATION_CONTEXT('2D SPACE',''
  ) );
#1308 = PCURVE('',#1309,#1314);
#1309 = PLANE('',#1310);
#1310 = AXIS2_PLACEMENT_3D('',#1311,#1312,#1313);
#1311 = CARTESIAN_POINT('',(-15.9,35.9,-0.5));
#1312 = DIRECTION('',(-0.,1.,0.));
#1313 = DIRECTION('',(0.,0.,1.));
#1314 = DEFINITIONAL_REPRESENTATION('',(#1315),#1318);
#1315 = B_SPLINE_CURVE_WITH_KNOTS('',1,(#1316,#1317),.UNSPECIFIED.,.F.,
  .F.,(2,2),(-12.05,-10.25),.PIECEWISE_BEZIER_KNOTS.);
#1316 = CARTESIAN_POINT('',(0.5,1.8));
#1317 = CARTESIAN_POINT('',(0.5,0.));
#1318 = ( GEOMETRIC_REPRESENTATION_CONTEXT(2) 
PARAMETRIC_REPRESENTATION_CONTEXT() REPRESENTATION_CONTEXT('2D SPACE',''
  ) );
#1319 = ORIENTED_EDGE('',*,*,#1320,.T.);
#1320 = EDGE_CURVE('',#1295,#1321,#1323,.T.);
#1321 = VERTEX_POINT('',#1322);
#1322 = CARTESIAN_POINT('',(-15.9,39.1,0.));
#1323 = SURFACE_CURVE('',#1324,(#1328,#1334),.PCURVE_S1.);
#1324 = LINE('',#1325,#1326);
#1325 = CARTESIAN_POINT('',(-15.9,-5.25,0.));
#1326 = VECTOR('',#1327,1.);
#1327 = DIRECTION('',(-0.,1.,0.));
#1328 = PCURVE('',#464,#1329);
#1329 = DEFINITIONAL_REPRESENTATION('',(#1330),#1333);
#1330 = B_SPLINE_CURVE_WITH_KNOTS('',1,(#1331,#1332),.UNSPECIFIED.,.F.,
  .F.,(2,2),(41.15,44.35),.PIECEWISE_BEZIER_KNOTS.);
#1331 = CARTESIAN_POINT('',(20.5,82.3));
#1332 = CARTESIAN_POINT('',(20.5,85.5));
#1333 = ( GEOMETRIC_REPRESENTATION_CONTEXT(2) 
PARAMETRIC_REPRESENTATION_CONTEXT() REPRESENTATION_CONTEXT('2D SPACE',''
  ) );
#1334 = PCURVE('',#1335,#1340);
#1335 = PLANE('',#1336);
#1336 = AXIS2_PLACEMENT_3D('',#1337,#1338,#1339);
#1337 = CARTESIAN_POINT('',(-15.9,35.9,-0.5));
#1338 = DIRECTION('',(1.,0.,-0.));
#1339 = DIRECTION('',(0.,0.,1.));
#1340 = DEFINITIONAL_REPRESENTATION('',(#1341),#1344);
#1341 = B_SPLINE_CURVE_WITH_KNOTS('',1,(#1342,#1343),.UNSPECIFIED.,.F.,
  .F.,(2,2),(41.15,44.35),.PIECEWISE_BEZIER_KNOTS.);
#1342 = CARTESIAN_POINT('',(0.5,0.));
#1343 = CARTESIAN_POINT('',(0.5,-3.2));
#1344 = ( GEOMETRIC_REPRESENTATION_CONTEXT(2) 
PARAMETRIC_REPRESENTATION_CONTEXT() REPRESENTATION_CONTEXT('2D SPACE',''
  ) );
#1345 = ORIENTED_EDGE('',*,*,#1346,.F.);
#1346 = EDGE_CURVE('',#1347,#1321,#1349,.T.);
#1347 = VERTEX_POINT('',#1348);
#1348 = CARTESIAN_POINT('',(-14.1,39.1,0.));
#1349 = SURFACE_CURVE('',#1350,(#1354,#1360),.PCURVE_S1.);
#1350 = LINE('',#1351,#1352);
#1351 = CARTESIAN_POINT('',(-26.15,39.1,0.));
#1352 = VECTOR('',#1353,1.);
#1353 = DIRECTION('',(-1.,-0.,0.));
#1354 = PCURVE('',#464,#1355);
#1355 = DEFINITIONAL_REPRESENTATION('',(#1356),#1359);
#1356 = B_SPLINE_CURVE_WITH_KNOTS('',1,(#1357,#1358),.UNSPECIFIED.,.F.,
  .F.,(2,2),(-12.05,-10.25),.PIECEWISE_BEZIER_KNOTS.);
#1357 = CARTESIAN_POINT('',(22.3,85.5));
#1358 = CARTESIAN_POINT('',(20.5,85.5));
#1359 = ( GEOMETRIC_REPRESENTATION_CONTEXT(2) 
PARAMETRIC_REPRESENTATION_CONTEXT() REPRESENTATION_CONTEXT('2D SPACE',''
  ) );
#1360 = PCURVE('',#1361,#1366);
#1361 = PLANE('',#1362);
#1362 = AXIS2_PLACEMENT_3D('',#1363,#1364,#1365);
#1363 = CARTESIAN_POINT('',(-15.9,39.1,-0.5));
#1364 = DIRECTION('',(-0.,1.,0.));
#1365 = DIRECTION('',(0.,0.,1.));
#1366 = DEFINITIONAL_REPRESENTATION('',(#1367),#1370);
#1367 = B_SPLINE_CURVE_WITH_KNOTS('',1,(#1368,#1369),.UNSPECIFIED.,.F.,
  .F.,(2,2),(-12.05,-10.25),.PIECEWISE_BEZIER_KNOTS.);
#1368 = CARTESIAN_POINT('',(0.5,1.8));
#1369 = CARTESIAN_POINT('',(0.5,0.));
#1370 = ( GEOMETRIC_REPRESENTATION_CONTEXT(2) 
PARAMETRIC_REPRESENTATION_CONTEXT() REPRESENTATION_CONTEXT('2D SPACE',''
  ) );
#1371 = ORIENTED_EDGE('',*,*,#1372,.F.);
#1372 = EDGE_CURVE('',#1293,#1347,#1373,.T.);
#1373 = SURFACE_CURVE('',#1374,(#1378,#1384),.PCURVE_S1.);
#1374 = LINE('',#1375,#1376);
#1375 = CARTESIAN_POINT('',(-14.1,-5.25,0.));
#1376 = VECTOR('',#1377,1.);
#1377 = DIRECTION('',(-0.,1.,0.));
#1378 = PCURVE('',#464,#1379);
#1379 = DEFINITIONAL_REPRESENTATION('',(#1380),#1383);
#1380 = B_SPLINE_CURVE_WITH_KNOTS('',1,(#1381,#1382),.UNSPECIFIED.,.F.,
  .F.,(2,2),(41.15,44.35),.PIECEWISE_BEZIER_KNOTS.);
#1381 = CARTESIAN_POINT('',(22.3,82.3));
#1382 = CARTESIAN_POINT('',(22.3,85.5));
#1383 = ( GEOMETRIC_REPRESENTATION_CONTEXT(2) 
PARAMETRIC_REPRESENTATION_CONTEXT() REPRESENTATION_CONTEXT('2D SPACE',''
  ) );
#1384 = PCURVE('',#1385,#1390);
#1385 = PLANE('',#1386);
#1386 = AXIS2_PLACEMENT_3D('',#1387,#1388,#1389);
#1387 = CARTESIAN_POINT('',(-14.1,35.9,-0.5));
#1388 = DIRECTION('',(1.,0.,-0.));
#1389 = DIRECTION('',(0.,0.,1.));
#1390 = DEFINITIONAL_REPRESENTATION('',(#1391),#1394);
#1391 = B_SPLINE_CURVE_WITH_KNOTS('',1,(#1392,#1393),.UNSPECIFIED.,.F.,
  .F.,(2,2),(41.15,44.35),.PIECEWISE_BEZIER_KNOTS.);
#1392 = CARTESIAN_POINT('',(0.5,0.));
#1393 = CARTESIAN_POINT('',(0.5,-3.2));
#1394 = ( GEOMETRIC_REPRESENTATION_CONTEXT(2) 
PARAMETRIC_REPRESENTATION_CONTEXT() REPRESENTATION_CONTEXT('2D SPACE',''
  ) );
#1395 = FACE_BOUND('',#1396,.F.);
#1396 = EDGE_LOOP('',(#1397,#1425,#1451,#1477));
#1397 = ORIENTED_EDGE('',*,*,#1398,.T.);
#1398 = EDGE_CURVE('',#1399,#1401,#1403,.T.);
#1399 = VERTEX_POINT('',#1400);
#1400 = CARTESIAN_POINT('',(15.9,35.9,0.));
#1401 = VERTEX_POINT('',#1402);
#1402 = CARTESIAN_POINT('',(14.1,35.9,0.));
#1403 = SURFACE_CURVE('',#1404,(#1408,#1414),.PCURVE_S1.);
#1404 = LINE('',#1405,#1406);
#1405 = CARTESIAN_POINT('',(-11.15,35.9,0.));
#1406 = VECTOR('',#1407,1.);
#1407 = DIRECTION('',(-1.,-0.,0.));
#1408 = PCURVE('',#464,#1409);
#1409 = DEFINITIONAL_REPRESENTATION('',(#1410),#1413);
#1410 = B_SPLINE_CURVE_WITH_KNOTS('',1,(#1411,#1412),.UNSPECIFIED.,.F.,
  .F.,(2,2),(-27.05,-25.25),.PIECEWISE_BEZIER_KNOTS.);
#1411 = CARTESIAN_POINT('',(52.3,82.3));
#1412 = CARTESIAN_POINT('',(50.5,82.3));
#1413 = ( GEOMETRIC_REPRESENTATION_CONTEXT(2) 
PARAMETRIC_REPRESENTATION_CONTEXT() REPRESENTATION_CONTEXT('2D SPACE',''
  ) );
#1414 = PCURVE('',#1415,#1420);
#1415 = PLANE('',#1416);
#1416 = AXIS2_PLACEMENT_3D('',#1417,#1418,#1419);
#1417 = CARTESIAN_POINT('',(14.1,35.9,-0.5));
#1418 = DIRECTION('',(-0.,1.,0.));
#1419 = DIRECTION('',(0.,0.,1.));
#1420 = DEFINITIONAL_REPRESENTATION('',(#1421),#1424);
#1421 = B_SPLINE_CURVE_WITH_KNOTS('',1,(#1422,#1423),.UNSPECIFIED.,.F.,
  .F.,(2,2),(-27.05,-25.25),.PIECEWISE_BEZIER_KNOTS.);
#1422 = CARTESIAN_POINT('',(0.5,1.8));
#1423 = CARTESIAN_POINT('',(0.5,0.));
#1424 = ( GEOMETRIC_REPRESENTATION_CONTEXT(2) 
PARAMETRIC_REPRESENTATION_CONTEXT() REPRESENTATION_CONTEXT('2D SPACE',''
  ) );
#1425 = ORIENTED_EDGE('',*,*,#1426,.T.);
#1426 = EDGE_CURVE('',#1401,#1427,#1429,.T.);
#1427 = VERTEX_POINT('',#1428);
#1428 = CARTESIAN_POINT('',(14.1,39.1,0.));
#1429 = SURFACE_CURVE('',#1430,(#1434,#1440),.PCURVE_S1.);
#1430 = LINE('',#1431,#1432);
#1431 = CARTESIAN_POINT('',(14.1,-5.25,0.));
#1432 = VECTOR('',#1433,1.);
#1433 = DIRECTION('',(-0.,1.,0.));
#1434 = PCURVE('',#464,#1435);
#1435 = DEFINITIONAL_REPRESENTATION('',(#1436),#1439);
#1436 = B_SPLINE_CURVE_WITH_KNOTS('',1,(#1437,#1438),.UNSPECIFIED.,.F.,
  .F.,(2,2),(41.15,44.35),.PIECEWISE_BEZIER_KNOTS.);
#1437 = CARTESIAN_POINT('',(50.5,82.3));
#1438 = CARTESIAN_POINT('',(50.5,85.5));
#1439 = ( GEOMETRIC_REPRESENTATION_CONTEXT(2) 
PARAMETRIC_REPRESENTATION_CONTEXT() REPRESENTATION_CONTEXT('2D SPACE',''
  ) );
#1440 = PCURVE('',#1441,#1446);
#1441 = PLANE('',#1442);
#1442 = AXIS2_PLACEMENT_3D('',#1443,#1444,#1445);
#1443 = CARTESIAN_POINT('',(14.1,35.9,-0.5));
#1444 = DIRECTION('',(1.,0.,-0.));
#1445 = DIRECTION('',(0.,0.,1.));
#1446 = DEFINITIONAL_REPRESENTATION('',(#1447),#1450);
#1447 = B_SPLINE_CURVE_WITH_KNOTS('',1,(#1448,#1449),.UNSPECIFIED.,.F.,
  .F.,(2,2),(41.15,44.35),.PIECEWISE_BEZIER_KNOTS.);
#1448 = CARTESIAN_POINT('',(0.5,0.));
#1449 = CARTESIAN_POINT('',(0.5,-3.2));
#1450 = ( GEOMETRIC_REPRESENTATION_CONTEXT(2) 
PARAMETRIC_REPRESENTATION_CONTEXT() REPRESENTATION_CONTEXT('2D SPACE',''
  ) );
#1451 = ORIENTED_EDGE('',*,*,#1452,.F.);
#1452 = EDGE_CURVE('',#1453,#1427,#1455,.T.);
#1453 = VERTEX_POINT('',#1454);
#1454 = CARTESIAN_POINT('',(15.9,39.1,0.));
#1455 = SURFACE_CURVE('',#1456,(#1460,#1466),.PCURVE_S1.);
#1456 = LINE('',#1457,#1458);
#1457 = CARTESIAN_POINT('',(-11.15,39.1,0.));
#1458 = VECTOR('',#1459,1.);
#1459 = DIRECTION('',(-1.,-0.,0.));
#1460 = PCURVE('',#464,#1461);
#1461 = DEFINITIONAL_REPRESENTATION('',(#1462),#1465);
#1462 = B_SPLINE_CURVE_WITH_KNOTS('',1,(#1463,#1464),.UNSPECIFIED.,.F.,
  .F.,(2,2),(-27.05,-25.25),.PIECEWISE_BEZIER_KNOTS.);
#1463 = CARTESIAN_POINT('',(52.3,85.5));
#1464 = CARTESIAN_POINT('',(50.5,85.5));
#1465 = ( GEOMETRIC_REPRESENTATION_CONTEXT(2) 
PARAMETRIC_REPRESENTATION_CONTEXT() REPRESENTATION_CONTEXT('2D SPACE',''
  ) );
#1466 = PCURVE('',#1467,#1472);
#1467 = PLANE('',#1468);
#1468 = AXIS2_PLACEMENT_3D('',#1469,#1470,#1471);
#1469 = CARTESIAN_POINT('',(14.1,39.1,-0.5));
#1470 = DIRECTION('',(-0.,1.,0.));
#1471 = DIRECTION('',(0.,0.,1.));
#1472 = DEFINITIONAL_REPRESENTATION('',(#1473),#1476);
#1473 = B_SPLINE_CURVE_WITH_KNOTS('',1,(#1474,#1475),.UNSPECIFIED.,.F.,
  .F.,(2,2),(-27.05,-25.25),.PIECEWISE_BEZIER_KNOTS.);
#1474 = CARTESIAN_POINT('',(0.5,1.8));
#1475 = CARTESIAN_POINT('',(0.5,0.));
#1476 = ( GEOMETRIC_REPRESENTATION_CONTEXT(2) 
PARAMETRIC_REPRESENTATION_CONTEXT() REPRESENTATION_CONTEXT('2D SPACE',''
  ) );
#1477 = ORIENTED_EDGE('',*,*,#1478,.F.);
#1478 = EDGE_CURVE('',#1399,#1453,#1479,.T.);
#1479 = SURFACE_CURVE('',#1480,(#1484,#1490),.PCURVE_S1.);
#1480 = LINE('',#1481,#1482);
#1481 = CARTESIAN_POINT('',(15.9,-5.25,0.));
#1482 = VECTOR('',#1483,1.);
#1483 = DIRECTION('',(-0.,1.,0.));
#1484 = PCURVE('',#464,#1485);
#1485 = DEFINITIONAL_REPRESENTATION('',(#1486),#1489);
#1486 = B_SPLINE_CURVE_WITH_KNOTS('',1,(#1487,#1488),.UNSPECIFIED.,.F.,
  .F.,(2,2),(41.15,44.35),.PIECEWISE_BEZIER_KNOTS.);
#1487 = CARTESIAN_POINT('',(52.3,82.3));
#1488 = CARTESIAN_POINT('',(52.3,85.5));
#1489 = ( GEOMETRIC_REPRESENTATION_CONTEXT(2) 
PARAMETRIC_REPRESENTATION_CONTEXT() REPRESENTATION_CONTEXT('2D SPACE',''
  ) );
#1490 = PCURVE('',#1491,#1496);
#1491 = PLANE('',#1492);
#1492 = AXIS2_PLACEMENT_3D('',#1493,#1494,#1495);
#1493 = CARTESIAN_POINT('',(15.9,35.9,-0.5));
#1494 = DIRECTION('',(1.,0.,-0.));
#1495 = DIRECTION('',(0.,0.,1.));
#1496 = DEFINITIONAL_REPRESENTATION('',(#1497),#1500);
#1497 = B_SPLINE_CURVE_WITH_KNOTS('',1,(#1498,#1499),.UNSPECIFIED.,.F.,
  .F.,(2,2),(41.15,44.35),.PIECEWISE_BEZIER_KNOTS.);
#1498 = CARTESIAN_POINT('',(0.5,0.));
#1499 = CARTESIAN_POINT('',(0.5,-3.2));
#1500 = ( GEOMETRIC_REPRESENTATION_CONTEXT(2) 
PARAMETRIC_REPRESENTATION_CONTEXT() REPRESENTATION_CONTEXT('2D SPACE',''
  ) );
#1501 = ADVANCED_FACE('',(#1502),#494,.T.);
#1502 = FACE_BOUND('',#1503,.T.);
#1503 = EDGE_LOOP('',(#1504,#1530,#1556,#1557));
#1504 = ORIENTED_EDGE('',*,*,#1505,.F.);
#1505 = EDGE_CURVE('',#1506,#567,#1508,.T.);
#1506 = VERTEX_POINT('',#1507);
#1507 = CARTESIAN_POINT('',(33.4,-47.6,4.8));
#1508 = SURFACE_CURVE('',#1509,(#1513,#1519),.PCURVE_S1.);
#1509 = LINE('',#1510,#1511);
#1510 = CARTESIAN_POINT('',(33.4,-47.6,4.8));
#1511 = VECTOR('',#1512,1.);
#1512 = DIRECTION('',(-4.329780281177E-17,0.707106781187,-0.707106781187
    ));
#1513 = PCURVE('',#494,#1514);
#1514 = DEFINITIONAL_REPRESENTATION('',(#1515),#1518);
#1515 = B_SPLINE_CURVE_WITH_KNOTS('',1,(#1516,#1517),.UNSPECIFIED.,.F.,
  .F.,(2,2),(0.,1.697056274848),.PIECEWISE_BEZIER_KNOTS.);
#1516 = CARTESIAN_POINT('',(0.,-0.848528137424));
#1517 = CARTESIAN_POINT('',(0.,0.848528137424));
#1518 = ( GEOMETRIC_REPRESENTATION_CONTEXT(2) 
PARAMETRIC_REPRESENTATION_CONTEXT() REPRESENTATION_CONTEXT('2D SPACE',''
  ) );
#1519 = PCURVE('',#1520,#1525);
#1520 = CONICAL_SURFACE('',#1521,4.2,0.785398163397);
#1521 = AXIS2_PLACEMENT_3D('',#1522,#1523,#1524);
#1522 = CARTESIAN_POINT('',(33.4,-43.4,4.8));
#1523 = DIRECTION('',(0.,0.,1.));
#1524 = DIRECTION('',(1.,0.,-0.));
#1525 = DEFINITIONAL_REPRESENTATION('',(#1526),#1529);
#1526 = B_SPLINE_CURVE_WITH_KNOTS('',1,(#1527,#1528),.UNSPECIFIED.,.F.,
  .F.,(2,2),(0.,1.697056274848),.PIECEWISE_BEZIER_KNOTS.);
#1527 = CARTESIAN_POINT('',(-1.570796326795,0.));
#1528 = CARTESIAN_POINT('',(-1.570796326795,-1.2));
#1529 = ( GEOMETRIC_REPRESENTATION_CONTEXT(2) 
PARAMETRIC_REPRESENTATION_CONTEXT() REPRESENTATION_CONTEXT('2D SPACE',''
  ) );
#1530 = ORIENTED_EDGE('',*,*,#1531,.T.);
#1531 = EDGE_CURVE('',#1506,#480,#1532,.T.);
#1532 = SURFACE_CURVE('',#1533,(#1537,#1544),.PCURVE_S1.);
#1533 = LINE('',#1534,#1535);
#1534 = CARTESIAN_POINT('',(33.4,-47.6,4.8));
#1535 = VECTOR('',#1536,1.);
#1536 = DIRECTION('',(-1.,-0.,0.));
#1537 = PCURVE('',#494,#1538);
#1538 = DEFINITIONAL_REPRESENTATION('',(#1539),#1543);
#1539 = LINE('',#1540,#1541);
#1540 = CARTESIAN_POINT('',(0.,-0.848528137424));
#1541 = VECTOR('',#1542,1.);
#1542 = DIRECTION('',(1.,0.));
#1543 = ( GEOMETRIC_REPRESENTATION_CONTEXT(2) 
PARAMETRIC_REPRESENTATION_CONTEXT() REPRESENTATION_CONTEXT('2D SPACE',''
  ) );
#1544 = PCURVE('',#1545,#1550);
#1545 = PLANE('',#1546);
#1546 = AXIS2_PLACEMENT_3D('',#1547,#1548,#1549);
#1547 = CARTESIAN_POINT('',(-37.6,-47.6,3.6));
#1548 = DIRECTION('',(-0.,1.,0.));
#1549 = DIRECTION('',(0.,0.,1.));
#1550 = DEFINITIONAL_REPRESENTATION('',(#1551),#1555);
#1551 = LINE('',#1552,#1553);
#1552 = CARTESIAN_POINT('',(1.2,71.));
#1553 = VECTOR('',#1554,1.);
#1554 = DIRECTION('',(0.,-1.));
#1555 = ( GEOMETRIC_REPRESENTATION_CONTEXT(2) 
PARAMETRIC_REPRESENTATION_CONTEXT() REPRESENTATION_CONTEXT('2D SPACE',''
  ) );
#1556 = ORIENTED_EDGE('',*,*,#479,.T.);
#1557 = ORIENTED_EDGE('',*,*,#566,.F.);
#1558 = ADVANCED_FACE('',(#1559),#520,.T.);
#1559 = FACE_BOUND('',#1560,.T.);
#1560 = EDGE_LOOP('',(#1561,#1562,#1563,#1586));
#1561 = ORIENTED_EDGE('',*,*,#670,.F.);
#1562 = ORIENTED_EDGE('',*,*,#505,.F.);
#1563 = ORIENTED_EDGE('',*,*,#1564,.T.);
#1564 = EDGE_CURVE('',#480,#1565,#1567,.T.);
#1565 = VERTEX_POINT('',#1566);
#1566 = CARTESIAN_POINT('',(-33.4,-47.6,7.2));
#1567 = SURFACE_CURVE('',#1568,(#1572,#1579),.PCURVE_S1.);
#1568 = LINE('',#1569,#1570);
#1569 = CARTESIAN_POINT('',(-33.4,-47.6,3.6));
#1570 = VECTOR('',#1571,1.);
#1571 = DIRECTION('',(0.,0.,1.));
#1572 = PCURVE('',#520,#1573);
#1573 = DEFINITIONAL_REPRESENTATION('',(#1574),#1578);
#1574 = LINE('',#1575,#1576);
#1575 = CARTESIAN_POINT('',(1.570796326795,0.));
#1576 = VECTOR('',#1577,1.);
#1577 = DIRECTION('',(0.,1.));
#1578 = ( GEOMETRIC_REPRESENTATION_CONTEXT(2) 
PARAMETRIC_REPRESENTATION_CONTEXT() REPRESENTATION_CONTEXT('2D SPACE',''
  ) );
#1579 = PCURVE('',#1545,#1580);
#1580 = DEFINITIONAL_REPRESENTATION('',(#1581),#1585);
#1581 = LINE('',#1582,#1583);
#1582 = CARTESIAN_POINT('',(0.,4.2));
#1583 = VECTOR('',#1584,1.);
#1584 = DIRECTION('',(1.,0.));
#1585 = ( GEOMETRIC_REPRESENTATION_CONTEXT(2) 
PARAMETRIC_REPRESENTATION_CONTEXT() REPRESENTATION_CONTEXT('2D SPACE',''
  ) );
#1586 = ORIENTED_EDGE('',*,*,#1587,.T.);
#1587 = EDGE_CURVE('',#1565,#671,#1588,.T.);
#1588 = SURFACE_CURVE('',#1589,(#1594,#1601),.PCURVE_S1.);
#1589 = CIRCLE('',#1590,4.2);
#1590 = AXIS2_PLACEMENT_3D('',#1591,#1592,#1593);
#1591 = CARTESIAN_POINT('',(-33.4,-43.4,7.2));
#1592 = DIRECTION('',(-0.,-0.,-1.));
#1593 = DIRECTION('',(0.,-1.,0.));
#1594 = PCURVE('',#520,#1595);
#1595 = DEFINITIONAL_REPRESENTATION('',(#1596),#1600);
#1596 = LINE('',#1597,#1598);
#1597 = CARTESIAN_POINT('',(1.570796326795,3.6));
#1598 = VECTOR('',#1599,1.);
#1599 = DIRECTION('',(-1.,-0.));
#1600 = ( GEOMETRIC_REPRESENTATION_CONTEXT(2) 
PARAMETRIC_REPRESENTATION_CONTEXT() REPRESENTATION_CONTEXT('2D SPACE',''
  ) );
#1601 = PCURVE('',#1602,#1607);
#1602 = CONICAL_SURFACE('',#1603,4.2,0.785398163397);
#1603 = AXIS2_PLACEMENT_3D('',#1604,#1605,#1606);
#1604 = CARTESIAN_POINT('',(-33.4,-43.4,7.2));
#1605 = DIRECTION('',(-0.,-0.,-1.));
#1606 = DIRECTION('',(0.,-1.,0.));
#1607 = DEFINITIONAL_REPRESENTATION('',(#1608),#1612);
#1608 = LINE('',#1609,#1610);
#1609 = CARTESIAN_POINT('',(0.,-0.));
#1610 = VECTOR('',#1611,1.);
#1611 = DIRECTION('',(1.,-0.));
#1612 = ( GEOMETRIC_REPRESENTATION_CONTEXT(2) 
PARAMETRIC_REPRESENTATION_CONTEXT() REPRESENTATION_CONTEXT('2D SPACE',''
  ) );
#1613 = ADVANCED_FACE('',(#1614),#553,.T.);
#1614 = FACE_BOUND('',#1615,.T.);
#1615 = EDGE_LOOP('',(#1616,#1635,#1636,#1637));
#1616 = ORIENTED_EDGE('',*,*,#1617,.F.);
#1617 = EDGE_CURVE('',#538,#940,#1618,.T.);
#1618 = SURFACE_CURVE('',#1619,(#1623,#1629),.PCURVE_S1.);
#1619 = LINE('',#1620,#1621);
#1620 = CARTESIAN_POINT('',(33.4,-46.4,0.8));
#1621 = VECTOR('',#1622,1.);
#1622 = DIRECTION('',(-4.329780281177E-17,0.707106781187,-0.707106781187
    ));
#1623 = PCURVE('',#553,#1624);
#1624 = DEFINITIONAL_REPRESENTATION('',(#1625),#1628);
#1625 = B_SPLINE_CURVE_WITH_KNOTS('',1,(#1626,#1627),.UNSPECIFIED.,.F.,
  .F.,(2,2),(0.,1.131370849898),.PIECEWISE_BEZIER_KNOTS.);
#1626 = CARTESIAN_POINT('',(0.,-0.565685424949));
#1627 = CARTESIAN_POINT('',(0.,0.565685424949));
#1628 = ( GEOMETRIC_REPRESENTATION_CONTEXT(2) 
PARAMETRIC_REPRESENTATION_CONTEXT() REPRESENTATION_CONTEXT('2D SPACE',''
  ) );
#1629 = PCURVE('',#983,#1630);
#1630 = DEFINITIONAL_REPRESENTATION('',(#1631),#1634);
#1631 = B_SPLINE_CURVE_WITH_KNOTS('',1,(#1632,#1633),.UNSPECIFIED.,.F.,
  .F.,(2,2),(0.,1.131370849898),.PIECEWISE_BEZIER_KNOTS.);
#1632 = CARTESIAN_POINT('',(-1.570796326795,0.));
#1633 = CARTESIAN_POINT('',(-1.570796326795,-0.8));
#1634 = ( GEOMETRIC_REPRESENTATION_CONTEXT(2) 
PARAMETRIC_REPRESENTATION_CONTEXT() REPRESENTATION_CONTEXT('2D SPACE',''
  ) );
#1635 = ORIENTED_EDGE('',*,*,#537,.T.);
#1636 = ORIENTED_EDGE('',*,*,#618,.T.);
#1637 = ORIENTED_EDGE('',*,*,#939,.F.);
#1638 = ADVANCED_FACE('',(#1639),#603,.T.);
#1639 = FACE_BOUND('',#1640,.F.);
#1640 = EDGE_LOOP('',(#1641,#1671,#1693,#1694));
#1641 = ORIENTED_EDGE('',*,*,#1642,.F.);
#1642 = EDGE_CURVE('',#1643,#1645,#1647,.T.);
#1643 = VERTEX_POINT('',#1644);
#1644 = CARTESIAN_POINT('',(36.4,-43.4,0.8));
#1645 = VERTEX_POINT('',#1646);
#1646 = CARTESIAN_POINT('',(36.4,-43.4,3.6));
#1647 = SURFACE_CURVE('',#1648,(#1652,#1659),.PCURVE_S1.);
#1648 = LINE('',#1649,#1650);
#1649 = CARTESIAN_POINT('',(36.4,-43.4,0.));
#1650 = VECTOR('',#1651,1.);
#1651 = DIRECTION('',(0.,0.,1.));
#1652 = PCURVE('',#603,#1653);
#1653 = DEFINITIONAL_REPRESENTATION('',(#1654),#1658);
#1654 = LINE('',#1655,#1656);
#1655 = CARTESIAN_POINT('',(-0.,0.));
#1656 = VECTOR('',#1657,1.);
#1657 = DIRECTION('',(-0.,1.));
#1658 = ( GEOMETRIC_REPRESENTATION_CONTEXT(2) 
PARAMETRIC_REPRESENTATION_CONTEXT() REPRESENTATION_CONTEXT('2D SPACE',''
  ) );
#1659 = PCURVE('',#1660,#1665);
#1660 = PLANE('',#1661);
#1661 = AXIS2_PLACEMENT_3D('',#1662,#1663,#1664);
#1662 = CARTESIAN_POINT('',(36.4,-46.4,0.));
#1663 = DIRECTION('',(1.,0.,-0.));
#1664 = DIRECTION('',(0.,0.,1.));
#1665 = DEFINITIONAL_REPRESENTATION('',(#1666),#1670);
#1666 = LINE('',#1667,#1668);
#1667 = CARTESIAN_POINT('',(0.,-3.));
#1668 = VECTOR('',#1669,1.);
#1669 = DIRECTION('',(1.,0.));
#1670 = ( GEOMETRIC_REPRESENTATION_CONTEXT(2) 
PARAMETRIC_REPRESENTATION_CONTEXT() REPRESENTATION_CONTEXT('2D SPACE',''
  ) );
#1671 = ORIENTED_EDGE('',*,*,#1672,.T.);
#1672 = EDGE_CURVE('',#1643,#538,#1673,.T.);
#1673 = SURFACE_CURVE('',#1674,(#1679,#1686),.PCURVE_S1.);
#1674 = CIRCLE('',#1675,3.);
#1675 = AXIS2_PLACEMENT_3D('',#1676,#1677,#1678);
#1676 = CARTESIAN_POINT('',(33.4,-43.4,0.8));
#1677 = DIRECTION('',(0.,-0.,-1.));
#1678 = DIRECTION('',(1.,0.,-0.));
#1679 = PCURVE('',#603,#1680);
#1680 = DEFINITIONAL_REPRESENTATION('',(#1681),#1685);
#1681 = LINE('',#1682,#1683);
#1682 = CARTESIAN_POINT('',(-0.,0.8));
#1683 = VECTOR('',#1684,1.);
#1684 = DIRECTION('',(-1.,0.));
#1685 = ( GEOMETRIC_REPRESENTATION_CONTEXT(2) 
PARAMETRIC_REPRESENTATION_CONTEXT() REPRESENTATION_CONTEXT('2D SPACE',''
  ) );
#1686 = PCURVE('',#983,#1687);
#1687 = DEFINITIONAL_REPRESENTATION('',(#1688),#1692);
#1688 = LINE('',#1689,#1690);
#1689 = CARTESIAN_POINT('',(-0.,-0.));
#1690 = VECTOR('',#1691,1.);
#1691 = DIRECTION('',(-1.,-0.));
#1692 = ( GEOMETRIC_REPRESENTATION_CONTEXT(2) 
PARAMETRIC_REPRESENTATION_CONTEXT() REPRESENTATION_CONTEXT('2D SPACE',''
  ) );
#1693 = ORIENTED_EDGE('',*,*,#589,.T.);
#1694 = ORIENTED_EDGE('',*,*,#1695,.F.);
#1695 = EDGE_CURVE('',#1645,#567,#1696,.T.);
#1696 = SURFACE_CURVE('',#1697,(#1702,#1709),.PCURVE_S1.);
#1697 = CIRCLE('',#1698,3.);
#1698 = AXIS2_PLACEMENT_3D('',#1699,#1700,#1701);
#1699 = CARTESIAN_POINT('',(33.4,-43.4,3.6));
#1700 = DIRECTION('',(0.,-0.,-1.));
#1701 = DIRECTION('',(1.,0.,-0.));
#1702 = PCURVE('',#603,#1703);
#1703 = DEFINITIONAL_REPRESENTATION('',(#1704),#1708);
#1704 = LINE('',#1705,#1706);
#1705 = CARTESIAN_POINT('',(-0.,3.6));
#1706 = VECTOR('',#1707,1.);
#1707 = DIRECTION('',(-1.,0.));
#1708 = ( GEOMETRIC_REPRESENTATION_CONTEXT(2) 
PARAMETRIC_REPRESENTATION_CONTEXT() REPRESENTATION_CONTEXT('2D SPACE',''
  ) );
#1709 = PCURVE('',#1520,#1710);
#1710 = DEFINITIONAL_REPRESENTATION('',(#1711),#1715);
#1711 = LINE('',#1712,#1713);
#1712 = CARTESIAN_POINT('',(-0.,-1.2));
#1713 = VECTOR('',#1714,1.);
#1714 = DIRECTION('',(-1.,-0.));
#1715 = ( GEOMETRIC_REPRESENTATION_CONTEXT(2) 
PARAMETRIC_REPRESENTATION_CONTEXT() REPRESENTATION_CONTEXT('2D SPACE',''
  ) );
#1716 = ADVANCED_FACE('',(#1717),#736,.F.);
#1717 = FACE_BOUND('',#1718,.F.);
#1718 = EDGE_LOOP('',(#1719,#1740,#1741,#1767));
#1719 = ORIENTED_EDGE('',*,*,#1720,.F.);
#1720 = EDGE_CURVE('',#671,#1721,#1723,.T.);
#1721 = VERTEX_POINT('',#1722);
#1722 = CARTESIAN_POINT('',(-36.4,-43.4,8.4));
#1723 = SURFACE_CURVE('',#1724,(#1728,#1734),.PCURVE_S1.);
#1724 = LINE('',#1725,#1726);
#1725 = CARTESIAN_POINT('',(-37.,-43.4,7.8));
#1726 = VECTOR('',#1727,1.);
#1727 = DIRECTION('',(0.707106781187,-0.,0.707106781187));
#1728 = PCURVE('',#736,#1729);
#1729 = DEFINITIONAL_REPRESENTATION('',(#1730),#1733);
#1730 = B_SPLINE_CURVE_WITH_KNOTS('',1,(#1731,#1732),.UNSPECIFIED.,.F.,
  .F.,(2,2),(-0.848528137424,0.848528137424),.PIECEWISE_BEZIER_KNOTS.);
#1731 = CARTESIAN_POINT('',(0.,-0.848528137424));
#1732 = CARTESIAN_POINT('',(0.,0.848528137424));
#1733 = ( GEOMETRIC_REPRESENTATION_CONTEXT(2) 
PARAMETRIC_REPRESENTATION_CONTEXT() REPRESENTATION_CONTEXT('2D SPACE',''
  ) );
#1734 = PCURVE('',#1602,#1735);
#1735 = DEFINITIONAL_REPRESENTATION('',(#1736),#1739);
#1736 = B_SPLINE_CURVE_WITH_KNOTS('',1,(#1737,#1738),.UNSPECIFIED.,.F.,
  .F.,(2,2),(-0.848528137424,0.848528137424),.PIECEWISE_BEZIER_KNOTS.);
#1737 = CARTESIAN_POINT('',(1.570796326795,0.));
#1738 = CARTESIAN_POINT('',(1.570796326795,-1.2));
#1739 = ( GEOMETRIC_REPRESENTATION_CONTEXT(2) 
PARAMETRIC_REPRESENTATION_CONTEXT() REPRESENTATION_CONTEXT('2D SPACE',''
  ) );
#1740 = ORIENTED_EDGE('',*,*,#722,.T.);
#1741 = ORIENTED_EDGE('',*,*,#1742,.T.);
#1742 = EDGE_CURVE('',#695,#1743,#1745,.T.);
#1743 = VERTEX_POINT('',#1744);
#1744 = CARTESIAN_POINT('',(-36.4,43.4,8.4));
#1745 = SURFACE_CURVE('',#1746,(#1750,#1756),.PCURVE_S1.);
#1746 = LINE('',#1747,#1748);
#1747 = CARTESIAN_POINT('',(-37.,43.4,7.8));
#1748 = VECTOR('',#1749,1.);
#1749 = DIRECTION('',(0.707106781187,-0.,0.707106781187));
#1750 = PCURVE('',#736,#1751);
#1751 = DEFINITIONAL_REPRESENTATION('',(#1752),#1755);
#1752 = B_SPLINE_CURVE_WITH_KNOTS('',1,(#1753,#1754),.UNSPECIFIED.,.F.,
  .F.,(2,2),(-0.848528137424,0.848528137424),.PIECEWISE_BEZIER_KNOTS.);
#1753 = CARTESIAN_POINT('',(86.8,-0.848528137424));
#1754 = CARTESIAN_POINT('',(86.8,0.848528137424));
#1755 = ( GEOMETRIC_REPRESENTATION_CONTEXT(2) 
PARAMETRIC_REPRESENTATION_CONTEXT() REPRESENTATION_CONTEXT('2D SPACE',''
  ) );
#1756 = PCURVE('',#1757,#1762);
#1757 = CONICAL_SURFACE('',#1758,4.2,0.785398163397);
#1758 = AXIS2_PLACEMENT_3D('',#1759,#1760,#1761);
#1759 = CARTESIAN_POINT('',(-33.4,43.4,7.2));
#1760 = DIRECTION('',(-0.,-0.,-1.));
#1761 = DIRECTION('',(-1.,1.691768418476E-15,0.));
#1762 = DEFINITIONAL_REPRESENTATION('',(#1763),#1766);
#1763 = B_SPLINE_CURVE_WITH_KNOTS('',1,(#1764,#1765),.UNSPECIFIED.,.F.,
  .F.,(2,2),(-0.848528137424,0.848528137424),.PIECEWISE_BEZIER_KNOTS.);
#1764 = CARTESIAN_POINT('',(0.,0.));
#1765 = CARTESIAN_POINT('',(0.,-1.2));
#1766 = ( GEOMETRIC_REPRESENTATION_CONTEXT(2) 
PARAMETRIC_REPRESENTATION_CONTEXT() REPRESENTATION_CONTEXT('2D SPACE',''
  ) );
#1767 = ORIENTED_EDGE('',*,*,#1768,.F.);
#1768 = EDGE_CURVE('',#1721,#1743,#1769,.T.);
#1769 = SURFACE_CURVE('',#1770,(#1774,#1781),.PCURVE_S1.);
#1770 = LINE('',#1771,#1772);
#1771 = CARTESIAN_POINT('',(-36.4,-43.4,8.4));
#1772 = VECTOR('',#1773,1.);
#1773 = DIRECTION('',(-0.,1.,0.));
#1774 = PCURVE('',#736,#1775);
#1775 = DEFINITIONAL_REPRESENTATION('',(#1776),#1780);
#1776 = LINE('',#1777,#1778);
#1777 = CARTESIAN_POINT('',(0.,0.848528137424));
#1778 = VECTOR('',#1779,1.);
#1779 = DIRECTION('',(1.,0.));
#1780 = ( GEOMETRIC_REPRESENTATION_CONTEXT(2) 
PARAMETRIC_REPRESENTATION_CONTEXT() REPRESENTATION_CONTEXT('2D SPACE',''
  ) );
#1781 = PCURVE('',#1782,#1787);
#1782 = PLANE('',#1783);
#1783 = AXIS2_PLACEMENT_3D('',#1784,#1785,#1786);
#1784 = CARTESIAN_POINT('',(-36.4,-46.4,0.));
#1785 = DIRECTION('',(1.,0.,-0.));
#1786 = DIRECTION('',(0.,0.,1.));
#1787 = DEFINITIONAL_REPRESENTATION('',(#1788),#1792);
#1788 = LINE('',#1789,#1790);
#1789 = CARTESIAN_POINT('',(8.4,-3.));
#1790 = VECTOR('',#1791,1.);
#1791 = DIRECTION('',(0.,-1.));
#1792 = ( GEOMETRIC_REPRESENTATION_CONTEXT(2) 
PARAMETRIC_REPRESENTATION_CONTEXT() REPRESENTATION_CONTEXT('2D SPACE',''
  ) );
#1793 = ADVANCED_FACE('',(#1794),#710,.T.);
#1794 = FACE_BOUND('',#1795,.F.);
#1795 = EDGE_LOOP('',(#1796,#1797,#1798,#1826));
#1796 = ORIENTED_EDGE('',*,*,#694,.F.);
#1797 = ORIENTED_EDGE('',*,*,#752,.T.);
#1798 = ORIENTED_EDGE('',*,*,#1799,.T.);
#1799 = EDGE_CURVE('',#753,#1800,#1802,.T.);
#1800 = VERTEX_POINT('',#1801);
#1801 = CARTESIAN_POINT('',(-33.4,47.6,7.2));
#1802 = SURFACE_CURVE('',#1803,(#1807,#1814),.PCURVE_S1.);
#1803 = LINE('',#1804,#1805);
#1804 = CARTESIAN_POINT('',(-33.4,47.6,3.6));
#1805 = VECTOR('',#1806,1.);
#1806 = DIRECTION('',(0.,0.,1.));
#1807 = PCURVE('',#710,#1808);
#1808 = DEFINITIONAL_REPRESENTATION('',(#1809),#1813);
#1809 = LINE('',#1810,#1811);
#1810 = CARTESIAN_POINT('',(-1.570796326795,0.));
#1811 = VECTOR('',#1812,1.);
#1812 = DIRECTION('',(-0.,1.));
#1813 = ( GEOMETRIC_REPRESENTATION_CONTEXT(2) 
PARAMETRIC_REPRESENTATION_CONTEXT() REPRESENTATION_CONTEXT('2D SPACE',''
  ) );
#1814 = PCURVE('',#1815,#1820);
#1815 = PLANE('',#1816);
#1816 = AXIS2_PLACEMENT_3D('',#1817,#1818,#1819);
#1817 = CARTESIAN_POINT('',(-37.6,47.6,3.6));
#1818 = DIRECTION('',(-0.,1.,0.));
#1819 = DIRECTION('',(0.,0.,1.));
#1820 = DEFINITIONAL_REPRESENTATION('',(#1821),#1825);
#1821 = LINE('',#1822,#1823);
#1822 = CARTESIAN_POINT('',(0.,4.2));
#1823 = VECTOR('',#1824,1.);
#1824 = DIRECTION('',(1.,0.));
#1825 = ( GEOMETRIC_REPRESENTATION_CONTEXT(2) 
PARAMETRIC_REPRESENTATION_CONTEXT() REPRESENTATION_CONTEXT('2D SPACE',''
  ) );
#1826 = ORIENTED_EDGE('',*,*,#1827,.F.);
#1827 = EDGE_CURVE('',#695,#1800,#1828,.T.);
#1828 = SURFACE_CURVE('',#1829,(#1834,#1841),.PCURVE_S1.);
#1829 = CIRCLE('',#1830,4.2);
#1830 = AXIS2_PLACEMENT_3D('',#1831,#1832,#1833);
#1831 = CARTESIAN_POINT('',(-33.4,43.4,7.2));
#1832 = DIRECTION('',(-0.,0.,-1.));
#1833 = DIRECTION('',(-1.,1.691768418476E-15,0.));
#1834 = PCURVE('',#710,#1835);
#1835 = DEFINITIONAL_REPRESENTATION('',(#1836),#1840);
#1836 = LINE('',#1837,#1838);
#1837 = CARTESIAN_POINT('',(-0.,3.6));
#1838 = VECTOR('',#1839,1.);
#1839 = DIRECTION('',(-1.,0.));
#1840 = ( GEOMETRIC_REPRESENTATION_CONTEXT(2) 
PARAMETRIC_REPRESENTATION_CONTEXT() REPRESENTATION_CONTEXT('2D SPACE',''
  ) );
#1841 = PCURVE('',#1757,#1842);
#1842 = DEFINITIONAL_REPRESENTATION('',(#1843),#1847);
#1843 = LINE('',#1844,#1845);
#1844 = CARTESIAN_POINT('',(0.,-0.));
#1845 = VECTOR('',#1846,1.);
#1846 = DIRECTION('',(1.,-0.));
#1847 = ( GEOMETRIC_REPRESENTATION_CONTEXT(2) 
PARAMETRIC_REPRESENTATION_CONTEXT() REPRESENTATION_CONTEXT('2D SPACE',''
  ) );
#1848 = ADVANCED_FACE('',(#1849),#789,.F.);
#1849 = FACE_BOUND('',#1850,.T.);
#1850 = EDGE_LOOP('',(#1851,#1852,#1875,#1899));
#1851 = ORIENTED_EDGE('',*,*,#776,.F.);
#1852 = ORIENTED_EDGE('',*,*,#1853,.T.);
#1853 = EDGE_CURVE('',#753,#1854,#1856,.T.);
#1854 = VERTEX_POINT('',#1855);
#1855 = CARTESIAN_POINT('',(33.4,47.6,4.8));
#1856 = SURFACE_CURVE('',#1857,(#1861,#1868),.PCURVE_S1.);
#1857 = LINE('',#1858,#1859);
#1858 = CARTESIAN_POINT('',(-33.4,47.6,4.8));
#1859 = VECTOR('',#1860,1.);
#1860 = DIRECTION('',(1.,0.,-0.));
#1861 = PCURVE('',#789,#1862);
#1862 = DEFINITIONAL_REPRESENTATION('',(#1863),#1867);
#1863 = LINE('',#1864,#1865);
#1864 = CARTESIAN_POINT('',(-0.,-0.848528137424));
#1865 = VECTOR('',#1866,1.);
#1866 = DIRECTION('',(-1.,0.));
#1867 = ( GEOMETRIC_REPRESENTATION_CONTEXT(2) 
PARAMETRIC_REPRESENTATION_CONTEXT() REPRESENTATION_CONTEXT('2D SPACE',''
  ) );
#1868 = PCURVE('',#1815,#1869);
#1869 = DEFINITIONAL_REPRESENTATION('',(#1870),#1874);
#1870 = LINE('',#1871,#1872);
#1871 = CARTESIAN_POINT('',(1.2,4.2));
#1872 = VECTOR('',#1873,1.);
#1873 = DIRECTION('',(0.,1.));
#1874 = ( GEOMETRIC_REPRESENTATION_CONTEXT(2) 
PARAMETRIC_REPRESENTATION_CONTEXT() REPRESENTATION_CONTEXT('2D SPACE',''
  ) );
#1875 = ORIENTED_EDGE('',*,*,#1876,.T.);
#1876 = EDGE_CURVE('',#1854,#834,#1877,.T.);
#1877 = SURFACE_CURVE('',#1878,(#1882,#1888),.PCURVE_S1.);
#1878 = LINE('',#1879,#1880);
#1879 = CARTESIAN_POINT('',(33.4,47.,4.2));
#1880 = VECTOR('',#1881,1.);
#1881 = DIRECTION('',(0.,-0.707106781187,-0.707106781187));
#1882 = PCURVE('',#789,#1883);
#1883 = DEFINITIONAL_REPRESENTATION('',(#1884),#1887);
#1884 = B_SPLINE_CURVE_WITH_KNOTS('',1,(#1885,#1886),.UNSPECIFIED.,.F.,
  .F.,(2,2),(-0.848528137424,0.848528137424),.PIECEWISE_BEZIER_KNOTS.);
#1885 = CARTESIAN_POINT('',(-66.8,-0.848528137424));
#1886 = CARTESIAN_POINT('',(-66.8,0.848528137424));
#1887 = ( GEOMETRIC_REPRESENTATION_CONTEXT(2) 
PARAMETRIC_REPRESENTATION_CONTEXT() REPRESENTATION_CONTEXT('2D SPACE',''
  ) );
#1888 = PCURVE('',#1889,#1894);
#1889 = CONICAL_SURFACE('',#1890,4.2,0.785398163397);
#1890 = AXIS2_PLACEMENT_3D('',#1891,#1892,#1893);
#1891 = CARTESIAN_POINT('',(33.4,43.4,4.8));
#1892 = DIRECTION('',(0.,0.,1.));
#1893 = DIRECTION('',(1.691768418476E-15,1.,-0.));
#1894 = DEFINITIONAL_REPRESENTATION('',(#1895),#1898);
#1895 = B_SPLINE_CURVE_WITH_KNOTS('',1,(#1896,#1897),.UNSPECIFIED.,.F.,
  .F.,(2,2),(-0.848528137424,0.848528137424),.PIECEWISE_BEZIER_KNOTS.);
#1896 = CARTESIAN_POINT('',(0.,0.));
#1897 = CARTESIAN_POINT('',(0.,-1.2));
#1898 = ( GEOMETRIC_REPRESENTATION_CONTEXT(2) 
PARAMETRIC_REPRESENTATION_CONTEXT() REPRESENTATION_CONTEXT('2D SPACE',''
  ) );
#1899 = ORIENTED_EDGE('',*,*,#833,.F.);
#1900 = ADVANCED_FACE('',(#1901),#820,.F.);
#1901 = FACE_BOUND('',#1902,.T.);
#1902 = EDGE_LOOP('',(#1903,#1904,#1905,#1924));
#1903 = ORIENTED_EDGE('',*,*,#887,.F.);
#1904 = ORIENTED_EDGE('',*,*,#804,.T.);
#1905 = ORIENTED_EDGE('',*,*,#1906,.T.);
#1906 = EDGE_CURVE('',#805,#1024,#1907,.T.);
#1907 = SURFACE_CURVE('',#1908,(#1912,#1918),.PCURVE_S1.);
#1908 = LINE('',#1909,#1910);
#1909 = CARTESIAN_POINT('',(33.4,46.,0.4));
#1910 = VECTOR('',#1911,1.);
#1911 = DIRECTION('',(-0.,-0.707106781187,-0.707106781187));
#1912 = PCURVE('',#820,#1913);
#1913 = DEFINITIONAL_REPRESENTATION('',(#1914),#1917);
#1914 = B_SPLINE_CURVE_WITH_KNOTS('',1,(#1915,#1916),.UNSPECIFIED.,.F.,
  .F.,(2,2),(-0.565685424949,0.565685424949),.PIECEWISE_BEZIER_KNOTS.);
#1915 = CARTESIAN_POINT('',(-66.8,-0.565685424949));
#1916 = CARTESIAN_POINT('',(-66.8,0.565685424949));
#1917 = ( GEOMETRIC_REPRESENTATION_CONTEXT(2) 
PARAMETRIC_REPRESENTATION_CONTEXT() REPRESENTATION_CONTEXT('2D SPACE',''
  ) );
#1918 = PCURVE('',#1044,#1919);
#1919 = DEFINITIONAL_REPRESENTATION('',(#1920),#1923);
#1920 = B_SPLINE_CURVE_WITH_KNOTS('',1,(#1921,#1922),.UNSPECIFIED.,.F.,
  .F.,(2,2),(-0.565685424949,0.565685424949),.PIECEWISE_BEZIER_KNOTS.);
#1921 = CARTESIAN_POINT('',(0.,0.));
#1922 = CARTESIAN_POINT('',(0.,-0.8));
#1923 = ( GEOMETRIC_REPRESENTATION_CONTEXT(2) 
PARAMETRIC_REPRESENTATION_CONTEXT() REPRESENTATION_CONTEXT('2D SPACE',''
  ) );
#1924 = ORIENTED_EDGE('',*,*,#1056,.F.);
#1925 = ADVANCED_FACE('',(#1926),#870,.T.);
#1926 = FACE_BOUND('',#1927,.T.);
#1927 = EDGE_LOOP('',(#1928,#1953,#1975,#1976));
#1928 = ORIENTED_EDGE('',*,*,#1929,.F.);
#1929 = EDGE_CURVE('',#1930,#1932,#1934,.T.);
#1930 = VERTEX_POINT('',#1931);
#1931 = CARTESIAN_POINT('',(36.4,43.4,0.8));
#1932 = VERTEX_POINT('',#1933);
#1933 = CARTESIAN_POINT('',(36.4,43.4,3.6));
#1934 = SURFACE_CURVE('',#1935,(#1939,#1946),.PCURVE_S1.);
#1935 = LINE('',#1936,#1937);
#1936 = CARTESIAN_POINT('',(36.4,43.4,0.));
#1937 = VECTOR('',#1938,1.);
#1938 = DIRECTION('',(0.,0.,1.));
#1939 = PCURVE('',#870,#1940);
#1940 = DEFINITIONAL_REPRESENTATION('',(#1941),#1945);
#1941 = LINE('',#1942,#1943);
#1942 = CARTESIAN_POINT('',(0.,0.));
#1943 = VECTOR('',#1944,1.);
#1944 = DIRECTION('',(0.,1.));
#1945 = ( GEOMETRIC_REPRESENTATION_CONTEXT(2) 
PARAMETRIC_REPRESENTATION_CONTEXT() REPRESENTATION_CONTEXT('2D SPACE',''
  ) );
#1946 = PCURVE('',#1660,#1947);
#1947 = DEFINITIONAL_REPRESENTATION('',(#1948),#1952);
#1948 = LINE('',#1949,#1950);
#1949 = CARTESIAN_POINT('',(0.,-89.8));
#1950 = VECTOR('',#1951,1.);
#1951 = DIRECTION('',(1.,0.));
#1952 = ( GEOMETRIC_REPRESENTATION_CONTEXT(2) 
PARAMETRIC_REPRESENTATION_CONTEXT() REPRESENTATION_CONTEXT('2D SPACE',''
  ) );
#1953 = ORIENTED_EDGE('',*,*,#1954,.F.);
#1954 = EDGE_CURVE('',#805,#1930,#1955,.T.);
#1955 = SURFACE_CURVE('',#1956,(#1961,#1968),.PCURVE_S1.);
#1956 = CIRCLE('',#1957,3.);
#1957 = AXIS2_PLACEMENT_3D('',#1958,#1959,#1960);
#1958 = CARTESIAN_POINT('',(33.4,43.4,0.8));
#1959 = DIRECTION('',(0.,-0.,-1.));
#1960 = DIRECTION('',(0.,1.,-0.));
#1961 = PCURVE('',#870,#1962);
#1962 = DEFINITIONAL_REPRESENTATION('',(#1963),#1967);
#1963 = LINE('',#1964,#1965);
#1964 = CARTESIAN_POINT('',(1.570796326795,0.8));
#1965 = VECTOR('',#1966,1.);
#1966 = DIRECTION('',(-1.,-0.));
#1967 = ( GEOMETRIC_REPRESENTATION_CONTEXT(2) 
PARAMETRIC_REPRESENTATION_CONTEXT() REPRESENTATION_CONTEXT('2D SPACE',''
  ) );
#1968 = PCURVE('',#1044,#1969);
#1969 = DEFINITIONAL_REPRESENTATION('',(#1970),#1974);
#1970 = LINE('',#1971,#1972);
#1971 = CARTESIAN_POINT('',(-0.,-0.));
#1972 = VECTOR('',#1973,1.);
#1973 = DIRECTION('',(-1.,-0.));
#1974 = ( GEOMETRIC_REPRESENTATION_CONTEXT(2) 
PARAMETRIC_REPRESENTATION_CONTEXT() REPRESENTATION_CONTEXT('2D SPACE',''
  ) );
#1975 = ORIENTED_EDGE('',*,*,#856,.T.);
#1976 = ORIENTED_EDGE('',*,*,#1977,.T.);
#1977 = EDGE_CURVE('',#834,#1932,#1978,.T.);
#1978 = SURFACE_CURVE('',#1979,(#1984,#1991),.PCURVE_S1.);
#1979 = CIRCLE('',#1980,3.);
#1980 = AXIS2_PLACEMENT_3D('',#1981,#1982,#1983);
#1981 = CARTESIAN_POINT('',(33.4,43.4,3.6));
#1982 = DIRECTION('',(0.,-0.,-1.));
#1983 = DIRECTION('',(1.691768418476E-15,1.,-0.));
#1984 = PCURVE('',#870,#1985);
#1985 = DEFINITIONAL_REPRESENTATION('',(#1986),#1990);
#1986 = LINE('',#1987,#1988);
#1987 = CARTESIAN_POINT('',(1.570796326795,3.6));
#1988 = VECTOR('',#1989,1.);
#1989 = DIRECTION('',(-1.,0.));
#1990 = ( GEOMETRIC_REPRESENTATION_CONTEXT(2) 
PARAMETRIC_REPRESENTATION_CONTEXT() REPRESENTATION_CONTEXT('2D SPACE',''
  ) );
#1991 = PCURVE('',#1889,#1992);
#1992 = DEFINITIONAL_REPRESENTATION('',(#1993),#1997);
#1993 = LINE('',#1994,#1995);
#1994 = CARTESIAN_POINT('',(-0.,-1.2));
#1995 = VECTOR('',#1996,1.);
#1996 = DIRECTION('',(-1.,-0.));
#1997 = ( GEOMETRIC_REPRESENTATION_CONTEXT(2) 
PARAMETRIC_REPRESENTATION_CONTEXT() REPRESENTATION_CONTEXT('2D SPACE',''
  ) );
#1998 = ADVANCED_FACE('',(#1999),#983,.T.);
#1999 = FACE_BOUND('',#2000,.T.);
#2000 = EDGE_LOOP('',(#2001,#2020,#2021,#2022));
#2001 = ORIENTED_EDGE('',*,*,#2002,.F.);
#2002 = EDGE_CURVE('',#1643,#963,#2003,.T.);
#2003 = SURFACE_CURVE('',#2004,(#2008,#2014),.PCURVE_S1.);
#2004 = LINE('',#2005,#2006);
#2005 = CARTESIAN_POINT('',(36.,-43.4,0.4));
#2006 = VECTOR('',#2007,1.);
#2007 = DIRECTION('',(-0.707106781187,-0.,-0.707106781187));
#2008 = PCURVE('',#983,#2009);
#2009 = DEFINITIONAL_REPRESENTATION('',(#2010),#2013);
#2010 = B_SPLINE_CURVE_WITH_KNOTS('',1,(#2011,#2012),.UNSPECIFIED.,.F.,
  .F.,(2,2),(-0.565685424949,0.565685424949),.PIECEWISE_BEZIER_KNOTS.);
#2011 = CARTESIAN_POINT('',(0.,0.));
#2012 = CARTESIAN_POINT('',(0.,-0.8));
#2013 = ( GEOMETRIC_REPRESENTATION_CONTEXT(2) 
PARAMETRIC_REPRESENTATION_CONTEXT() REPRESENTATION_CONTEXT('2D SPACE',''
  ) );
#2014 = PCURVE('',#1011,#2015);
#2015 = DEFINITIONAL_REPRESENTATION('',(#2016),#2019);
#2016 = B_SPLINE_CURVE_WITH_KNOTS('',1,(#2017,#2018),.UNSPECIFIED.,.F.,
  .F.,(2,2),(-0.565685424949,0.565685424949),.PIECEWISE_BEZIER_KNOTS.);
#2017 = CARTESIAN_POINT('',(-86.8,-0.565685424949));
#2018 = CARTESIAN_POINT('',(-86.8,0.565685424949));
#2019 = ( GEOMETRIC_REPRESENTATION_CONTEXT(2) 
PARAMETRIC_REPRESENTATION_CONTEXT() REPRESENTATION_CONTEXT('2D SPACE',''
  ) );
#2020 = ORIENTED_EDGE('',*,*,#1672,.T.);
#2021 = ORIENTED_EDGE('',*,*,#1617,.T.);
#2022 = ORIENTED_EDGE('',*,*,#962,.F.);
#2023 = ADVANCED_FACE('',(#2024),#1044,.T.);
#2024 = FACE_BOUND('',#2025,.T.);
#2025 = EDGE_LOOP('',(#2026,#2027,#2028,#2047));
#2026 = ORIENTED_EDGE('',*,*,#1906,.F.);
#2027 = ORIENTED_EDGE('',*,*,#1954,.T.);
#2028 = ORIENTED_EDGE('',*,*,#2029,.T.);
#2029 = EDGE_CURVE('',#1930,#996,#2030,.T.);
#2030 = SURFACE_CURVE('',#2031,(#2035,#2041),.PCURVE_S1.);
#2031 = LINE('',#2032,#2033);
#2032 = CARTESIAN_POINT('',(36.4,43.4,0.8));
#2033 = VECTOR('',#2034,1.);
#2034 = DIRECTION('',(-0.707106781187,-4.329780281177E-17,
    -0.707106781187));
#2035 = PCURVE('',#1044,#2036);
#2036 = DEFINITIONAL_REPRESENTATION('',(#2037),#2040);
#2037 = B_SPLINE_CURVE_WITH_KNOTS('',1,(#2038,#2039),.UNSPECIFIED.,.F.,
  .F.,(2,2),(0.,1.131370849898),.PIECEWISE_BEZIER_KNOTS.);
#2038 = CARTESIAN_POINT('',(-1.570796326795,0.));
#2039 = CARTESIAN_POINT('',(-1.570796326795,-0.8));
#2040 = ( GEOMETRIC_REPRESENTATION_CONTEXT(2) 
PARAMETRIC_REPRESENTATION_CONTEXT() REPRESENTATION_CONTEXT('2D SPACE',''
  ) );
#2041 = PCURVE('',#1011,#2042);
#2042 = DEFINITIONAL_REPRESENTATION('',(#2043),#2046);
#2043 = B_SPLINE_CURVE_WITH_KNOTS('',1,(#2044,#2045),.UNSPECIFIED.,.F.,
  .F.,(2,2),(0.,1.131370849898),.PIECEWISE_BEZIER_KNOTS.);
#2044 = CARTESIAN_POINT('',(0.,-0.565685424949));
#2045 = CARTESIAN_POINT('',(0.,0.565685424949));
#2046 = ( GEOMETRIC_REPRESENTATION_CONTEXT(2) 
PARAMETRIC_REPRESENTATION_CONTEXT() REPRESENTATION_CONTEXT('2D SPACE',''
  ) );
#2047 = ORIENTED_EDGE('',*,*,#1023,.F.);
#2048 = ADVANCED_FACE('',(#2049),#1011,.F.);
#2049 = FACE_BOUND('',#2050,.T.);
#2050 = EDGE_LOOP('',(#2051,#2052,#2073,#2074));
#2051 = ORIENTED_EDGE('',*,*,#2029,.F.);
#2052 = ORIENTED_EDGE('',*,*,#2053,.T.);
#2053 = EDGE_CURVE('',#1930,#1643,#2054,.T.);
#2054 = SURFACE_CURVE('',#2055,(#2059,#2066),.PCURVE_S1.);
#2055 = LINE('',#2056,#2057);
#2056 = CARTESIAN_POINT('',(36.4,43.4,0.8));
#2057 = VECTOR('',#2058,1.);
#2058 = DIRECTION('',(0.,-1.,-0.));
#2059 = PCURVE('',#1011,#2060);
#2060 = DEFINITIONAL_REPRESENTATION('',(#2061),#2065);
#2061 = LINE('',#2062,#2063);
#2062 = CARTESIAN_POINT('',(-0.,-0.565685424949));
#2063 = VECTOR('',#2064,1.);
#2064 = DIRECTION('',(-1.,0.));
#2065 = ( GEOMETRIC_REPRESENTATION_CONTEXT(2) 
PARAMETRIC_REPRESENTATION_CONTEXT() REPRESENTATION_CONTEXT('2D SPACE',''
  ) );
#2066 = PCURVE('',#1660,#2067);
#2067 = DEFINITIONAL_REPRESENTATION('',(#2068),#2072);
#2068 = LINE('',#2069,#2070);
#2069 = CARTESIAN_POINT('',(0.8,-89.8));
#2070 = VECTOR('',#2071,1.);
#2071 = DIRECTION('',(0.,1.));
#2072 = ( GEOMETRIC_REPRESENTATION_CONTEXT(2) 
PARAMETRIC_REPRESENTATION_CONTEXT() REPRESENTATION_CONTEXT('2D SPACE',''
  ) );
#2073 = ORIENTED_EDGE('',*,*,#2002,.T.);
#2074 = ORIENTED_EDGE('',*,*,#995,.F.);
#2075 = ADVANCED_FACE('',(#2076),#1097,.T.);
#2076 = FACE_BOUND('',#2077,.T.);
#2077 = EDGE_LOOP('',(#2078,#2101,#2102,#2125));
#2078 = ORIENTED_EDGE('',*,*,#2079,.F.);
#2079 = EDGE_CURVE('',#1081,#2080,#2082,.T.);
#2080 = VERTEX_POINT('',#2081);
#2081 = CARTESIAN_POINT('',(-14.1,30.9,2.4));
#2082 = SURFACE_CURVE('',#2083,(#2087,#2094),.PCURVE_S1.);
#2083 = LINE('',#2084,#2085);
#2084 = CARTESIAN_POINT('',(-14.1,30.9,-0.5));
#2085 = VECTOR('',#2086,1.);
#2086 = DIRECTION('',(0.,0.,1.));
#2087 = PCURVE('',#1097,#2088);
#2088 = DEFINITIONAL_REPRESENTATION('',(#2089),#2093);
#2089 = LINE('',#2090,#2091);
#2090 = CARTESIAN_POINT('',(0.,1.8));
#2091 = VECTOR('',#2092,1.);
#2092 = DIRECTION('',(1.,0.));
#2093 = ( GEOMETRIC_REPRESENTATION_CONTEXT(2) 
PARAMETRIC_REPRESENTATION_CONTEXT() REPRESENTATION_CONTEXT('2D SPACE',''
  ) );
#2094 = PCURVE('',#1173,#2095);
#2095 = DEFINITIONAL_REPRESENTATION('',(#2096),#2100);
#2096 = LINE('',#2097,#2098);
#2097 = CARTESIAN_POINT('',(0.,0.));
#2098 = VECTOR('',#2099,1.);
#2099 = DIRECTION('',(1.,0.));
#2100 = ( GEOMETRIC_REPRESENTATION_CONTEXT(2) 
PARAMETRIC_REPRESENTATION_CONTEXT() REPRESENTATION_CONTEXT('2D SPACE',''
  ) );
#2101 = ORIENTED_EDGE('',*,*,#1080,.T.);
#2102 = ORIENTED_EDGE('',*,*,#2103,.T.);
#2103 = EDGE_CURVE('',#1083,#2104,#2106,.T.);
#2104 = VERTEX_POINT('',#2105);
#2105 = CARTESIAN_POINT('',(-15.9,30.9,2.4));
#2106 = SURFACE_CURVE('',#2107,(#2111,#2118),.PCURVE_S1.);
#2107 = LINE('',#2108,#2109);
#2108 = CARTESIAN_POINT('',(-15.9,30.9,-0.5));
#2109 = VECTOR('',#2110,1.);
#2110 = DIRECTION('',(0.,0.,1.));
#2111 = PCURVE('',#1097,#2112);
#2112 = DEFINITIONAL_REPRESENTATION('',(#2113),#2117);
#2113 = LINE('',#2114,#2115);
#2114 = CARTESIAN_POINT('',(0.,0.));
#2115 = VECTOR('',#2116,1.);
#2116 = DIRECTION('',(1.,0.));
#2117 = ( GEOMETRIC_REPRESENTATION_CONTEXT(2) 
PARAMETRIC_REPRESENTATION_CONTEXT() REPRESENTATION_CONTEXT('2D SPACE',''
  ) );
#2118 = PCURVE('',#1123,#2119);
#2119 = DEFINITIONAL_REPRESENTATION('',(#2120),#2124);
#2120 = LINE('',#2121,#2122);
#2121 = CARTESIAN_POINT('',(0.,0.));
#2122 = VECTOR('',#2123,1.);
#2123 = DIRECTION('',(1.,0.));
#2124 = ( GEOMETRIC_REPRESENTATION_CONTEXT(2) 
PARAMETRIC_REPRESENTATION_CONTEXT() REPRESENTATION_CONTEXT('2D SPACE',''
  ) );
#2125 = ORIENTED_EDGE('',*,*,#2126,.F.);
#2126 = EDGE_CURVE('',#2080,#2104,#2127,.T.);
#2127 = SURFACE_CURVE('',#2128,(#2132,#2138),.PCURVE_S1.);
#2128 = LINE('',#2129,#2130);
#2129 = CARTESIAN_POINT('',(-24.95,30.9,2.4));
#2130 = VECTOR('',#2131,1.);
#2131 = DIRECTION('',(-1.,-0.,0.));
#2132 = PCURVE('',#1097,#2133);
#2133 = DEFINITIONAL_REPRESENTATION('',(#2134),#2137);
#2134 = B_SPLINE_CURVE_WITH_KNOTS('',1,(#2135,#2136),.UNSPECIFIED.,.F.,
  .F.,(2,2),(-10.85,-9.05),.PIECEWISE_BEZIER_KNOTS.);
#2135 = CARTESIAN_POINT('',(2.9,1.8));
#2136 = CARTESIAN_POINT('',(2.9,0.));
#2137 = ( GEOMETRIC_REPRESENTATION_CONTEXT(2) 
PARAMETRIC_REPRESENTATION_CONTEXT() REPRESENTATION_CONTEXT('2D SPACE',''
  ) );
#2138 = PCURVE('',#2139,#2144);
#2139 = PLANE('',#2140);
#2140 = AXIS2_PLACEMENT_3D('',#2141,#2142,#2143);
#2141 = CARTESIAN_POINT('',(-34.,-44.,2.4));
#2142 = DIRECTION('',(0.,0.,1.));
#2143 = DIRECTION('',(1.,0.,-0.));
#2144 = DEFINITIONAL_REPRESENTATION('',(#2145),#2148);
#2145 = B_SPLINE_CURVE_WITH_KNOTS('',1,(#2146,#2147),.UNSPECIFIED.,.F.,
  .F.,(2,2),(-10.85,-9.05),.PIECEWISE_BEZIER_KNOTS.);
#2146 = CARTESIAN_POINT('',(19.9,74.9));
#2147 = CARTESIAN_POINT('',(18.1,74.9));
#2148 = ( GEOMETRIC_REPRESENTATION_CONTEXT(2) 
PARAMETRIC_REPRESENTATION_CONTEXT() REPRESENTATION_CONTEXT('2D SPACE',''
  ) );
#2149 = ADVANCED_FACE('',(#2150),#1173,.F.);
#2150 = FACE_BOUND('',#2151,.F.);
#2151 = EDGE_LOOP('',(#2152,#2153,#2154,#2177));
#2152 = ORIENTED_EDGE('',*,*,#2079,.F.);
#2153 = ORIENTED_EDGE('',*,*,#1160,.T.);
#2154 = ORIENTED_EDGE('',*,*,#2155,.T.);
#2155 = EDGE_CURVE('',#1135,#2156,#2158,.T.);
#2156 = VERTEX_POINT('',#2157);
#2157 = CARTESIAN_POINT('',(-14.1,34.1,2.4));
#2158 = SURFACE_CURVE('',#2159,(#2163,#2170),.PCURVE_S1.);
#2159 = LINE('',#2160,#2161);
#2160 = CARTESIAN_POINT('',(-14.1,34.1,-0.5));
#2161 = VECTOR('',#2162,1.);
#2162 = DIRECTION('',(0.,0.,1.));
#2163 = PCURVE('',#1173,#2164);
#2164 = DEFINITIONAL_REPRESENTATION('',(#2165),#2169);
#2165 = LINE('',#2166,#2167);
#2166 = CARTESIAN_POINT('',(0.,-3.2));
#2167 = VECTOR('',#2168,1.);
#2168 = DIRECTION('',(1.,0.));
#2169 = ( GEOMETRIC_REPRESENTATION_CONTEXT(2) 
PARAMETRIC_REPRESENTATION_CONTEXT() REPRESENTATION_CONTEXT('2D SPACE',''
  ) );
#2170 = PCURVE('',#1149,#2171);
#2171 = DEFINITIONAL_REPRESENTATION('',(#2172),#2176);
#2172 = LINE('',#2173,#2174);
#2173 = CARTESIAN_POINT('',(0.,1.8));
#2174 = VECTOR('',#2175,1.);
#2175 = DIRECTION('',(1.,0.));
#2176 = ( GEOMETRIC_REPRESENTATION_CONTEXT(2) 
PARAMETRIC_REPRESENTATION_CONTEXT() REPRESENTATION_CONTEXT('2D SPACE',''
  ) );
#2177 = ORIENTED_EDGE('',*,*,#2178,.F.);
#2178 = EDGE_CURVE('',#2080,#2156,#2179,.T.);
#2179 = SURFACE_CURVE('',#2180,(#2184,#2190),.PCURVE_S1.);
#2180 = LINE('',#2181,#2182);
#2181 = CARTESIAN_POINT('',(-14.1,-6.55,2.4));
#2182 = VECTOR('',#2183,1.);
#2183 = DIRECTION('',(-0.,1.,0.));
#2184 = PCURVE('',#1173,#2185);
#2185 = DEFINITIONAL_REPRESENTATION('',(#2186),#2189);
#2186 = B_SPLINE_CURVE_WITH_KNOTS('',1,(#2187,#2188),.UNSPECIFIED.,.F.,
  .F.,(2,2),(37.45,40.65),.PIECEWISE_BEZIER_KNOTS.);
#2187 = CARTESIAN_POINT('',(2.9,0.));
#2188 = CARTESIAN_POINT('',(2.9,-3.2));
#2189 = ( GEOMETRIC_REPRESENTATION_CONTEXT(2) 
PARAMETRIC_REPRESENTATION_CONTEXT() REPRESENTATION_CONTEXT('2D SPACE',''
  ) );
#2190 = PCURVE('',#2139,#2191);
#2191 = DEFINITIONAL_REPRESENTATION('',(#2192),#2195);
#2192 = B_SPLINE_CURVE_WITH_KNOTS('',1,(#2193,#2194),.UNSPECIFIED.,.F.,
  .F.,(2,2),(37.45,40.65),.PIECEWISE_BEZIER_KNOTS.);
#2193 = CARTESIAN_POINT('',(19.9,74.9));
#2194 = CARTESIAN_POINT('',(19.9,78.1));
#2195 = ( GEOMETRIC_REPRESENTATION_CONTEXT(2) 
PARAMETRIC_REPRESENTATION_CONTEXT() REPRESENTATION_CONTEXT('2D SPACE',''
  ) );
#2196 = ADVANCED_FACE('',(#2197),#1123,.T.);
#2197 = FACE_BOUND('',#2198,.T.);
#2198 = EDGE_LOOP('',(#2199,#2200,#2201,#2224));
#2199 = ORIENTED_EDGE('',*,*,#2103,.F.);
#2200 = ORIENTED_EDGE('',*,*,#1108,.T.);
#2201 = ORIENTED_EDGE('',*,*,#2202,.T.);
#2202 = EDGE_CURVE('',#1109,#2203,#2205,.T.);
#2203 = VERTEX_POINT('',#2204);
#2204 = CARTESIAN_POINT('',(-15.9,34.1,2.4));
#2205 = SURFACE_CURVE('',#2206,(#2210,#2217),.PCURVE_S1.);
#2206 = LINE('',#2207,#2208);
#2207 = CARTESIAN_POINT('',(-15.9,34.1,-0.5));
#2208 = VECTOR('',#2209,1.);
#2209 = DIRECTION('',(0.,0.,1.));
#2210 = PCURVE('',#1123,#2211);
#2211 = DEFINITIONAL_REPRESENTATION('',(#2212),#2216);
#2212 = LINE('',#2213,#2214);
#2213 = CARTESIAN_POINT('',(0.,-3.2));
#2214 = VECTOR('',#2215,1.);
#2215 = DIRECTION('',(1.,0.));
#2216 = ( GEOMETRIC_REPRESENTATION_CONTEXT(2) 
PARAMETRIC_REPRESENTATION_CONTEXT() REPRESENTATION_CONTEXT('2D SPACE',''
  ) );
#2217 = PCURVE('',#1149,#2218);
#2218 = DEFINITIONAL_REPRESENTATION('',(#2219),#2223);
#2219 = LINE('',#2220,#2221);
#2220 = CARTESIAN_POINT('',(0.,0.));
#2221 = VECTOR('',#2222,1.);
#2222 = DIRECTION('',(1.,0.));
#2223 = ( GEOMETRIC_REPRESENTATION_CONTEXT(2) 
PARAMETRIC_REPRESENTATION_CONTEXT() REPRESENTATION_CONTEXT('2D SPACE',''
  ) );
#2224 = ORIENTED_EDGE('',*,*,#2225,.F.);
#2225 = EDGE_CURVE('',#2104,#2203,#2226,.T.);
#2226 = SURFACE_CURVE('',#2227,(#2231,#2237),.PCURVE_S1.);
#2227 = LINE('',#2228,#2229);
#2228 = CARTESIAN_POINT('',(-15.9,-6.55,2.4));
#2229 = VECTOR('',#2230,1.);
#2230 = DIRECTION('',(-0.,1.,0.));
#2231 = PCURVE('',#1123,#2232);
#2232 = DEFINITIONAL_REPRESENTATION('',(#2233),#2236);
#2233 = B_SPLINE_CURVE_WITH_KNOTS('',1,(#2234,#2235),.UNSPECIFIED.,.F.,
  .F.,(2,2),(37.45,40.65),.PIECEWISE_BEZIER_KNOTS.);
#2234 = CARTESIAN_POINT('',(2.9,0.));
#2235 = CARTESIAN_POINT('',(2.9,-3.2));
#2236 = ( GEOMETRIC_REPRESENTATION_CONTEXT(2) 
PARAMETRIC_REPRESENTATION_CONTEXT() REPRESENTATION_CONTEXT('2D SPACE',''
  ) );
#2237 = PCURVE('',#2139,#2238);
#2238 = DEFINITIONAL_REPRESENTATION('',(#2239),#2242);
#2239 = B_SPLINE_CURVE_WITH_KNOTS('',1,(#2240,#2241),.UNSPECIFIED.,.F.,
  .F.,(2,2),(37.45,40.65),.PIECEWISE_BEZIER_KNOTS.);
#2240 = CARTESIAN_POINT('',(18.1,74.9));
#2241 = CARTESIAN_POINT('',(18.1,78.1));
#2242 = ( GEOMETRIC_REPRESENTATION_CONTEXT(2) 
PARAMETRIC_REPRESENTATION_CONTEXT() REPRESENTATION_CONTEXT('2D SPACE',''
  ) );
#2243 = ADVANCED_FACE('',(#2244),#1149,.F.);
#2244 = FACE_BOUND('',#2245,.F.);
#2245 = EDGE_LOOP('',(#2246,#2247,#2248,#2249));
#2246 = ORIENTED_EDGE('',*,*,#2155,.F.);
#2247 = ORIENTED_EDGE('',*,*,#1134,.T.);
#2248 = ORIENTED_EDGE('',*,*,#2202,.T.);
#2249 = ORIENTED_EDGE('',*,*,#2250,.F.);
#2250 = EDGE_CURVE('',#2156,#2203,#2251,.T.);
#2251 = SURFACE_CURVE('',#2252,(#2256,#2262),.PCURVE_S1.);
#2252 = LINE('',#2253,#2254);
#2253 = CARTESIAN_POINT('',(-24.95,34.1,2.4));
#2254 = VECTOR('',#2255,1.);
#2255 = DIRECTION('',(-1.,-0.,0.));
#2256 = PCURVE('',#1149,#2257);
#2257 = DEFINITIONAL_REPRESENTATION('',(#2258),#2261);
#2258 = B_SPLINE_CURVE_WITH_KNOTS('',1,(#2259,#2260),.UNSPECIFIED.,.F.,
  .F.,(2,2),(-10.85,-9.05),.PIECEWISE_BEZIER_KNOTS.);
#2259 = CARTESIAN_POINT('',(2.9,1.8));
#2260 = CARTESIAN_POINT('',(2.9,0.));
#2261 = ( GEOMETRIC_REPRESENTATION_CONTEXT(2) 
PARAMETRIC_REPRESENTATION_CONTEXT() REPRESENTATION_CONTEXT('2D SPACE',''
  ) );
#2262 = PCURVE('',#2139,#2263);
#2263 = DEFINITIONAL_REPRESENTATION('',(#2264),#2267);
#2264 = B_SPLINE_CURVE_WITH_KNOTS('',1,(#2265,#2266),.UNSPECIFIED.,.F.,
  .F.,(2,2),(-10.85,-9.05),.PIECEWISE_BEZIER_KNOTS.);
#2265 = CARTESIAN_POINT('',(19.9,78.1));
#2266 = CARTESIAN_POINT('',(18.1,78.1));
#2267 = ( GEOMETRIC_REPRESENTATION_CONTEXT(2) 
PARAMETRIC_REPRESENTATION_CONTEXT() REPRESENTATION_CONTEXT('2D SPACE',''
  ) );
#2268 = ADVANCED_FACE('',(#2269),#1203,.T.);
#2269 = FACE_BOUND('',#2270,.T.);
#2270 = EDGE_LOOP('',(#2271,#2294,#2295,#2318));
#2271 = ORIENTED_EDGE('',*,*,#2272,.F.);
#2272 = EDGE_CURVE('',#1187,#2273,#2275,.T.);
#2273 = VERTEX_POINT('',#2274);
#2274 = CARTESIAN_POINT('',(15.9,30.9,2.4));
#2275 = SURFACE_CURVE('',#2276,(#2280,#2287),.PCURVE_S1.);
#2276 = LINE('',#2277,#2278);
#2277 = CARTESIAN_POINT('',(15.9,30.9,-0.5));
#2278 = VECTOR('',#2279,1.);
#2279 = DIRECTION('',(0.,0.,1.));
#2280 = PCURVE('',#1203,#2281);
#2281 = DEFINITIONAL_REPRESENTATION('',(#2282),#2286);
#2282 = LINE('',#2283,#2284);
#2283 = CARTESIAN_POINT('',(0.,1.8));
#2284 = VECTOR('',#2285,1.);
#2285 = DIRECTION('',(1.,0.));
#2286 = ( GEOMETRIC_REPRESENTATION_CONTEXT(2) 
PARAMETRIC_REPRESENTATION_CONTEXT() REPRESENTATION_CONTEXT('2D SPACE',''
  ) );
#2287 = PCURVE('',#1279,#2288);
#2288 = DEFINITIONAL_REPRESENTATION('',(#2289),#2293);
#2289 = LINE('',#2290,#2291);
#2290 = CARTESIAN_POINT('',(0.,0.));
#2291 = VECTOR('',#2292,1.);
#2292 = DIRECTION('',(1.,0.));
#2293 = ( GEOMETRIC_REPRESENTATION_CONTEXT(2) 
PARAMETRIC_REPRESENTATION_CONTEXT() REPRESENTATION_CONTEXT('2D SPACE',''
  ) );
#2294 = ORIENTED_EDGE('',*,*,#1186,.T.);
#2295 = ORIENTED_EDGE('',*,*,#2296,.T.);
#2296 = EDGE_CURVE('',#1189,#2297,#2299,.T.);
#2297 = VERTEX_POINT('',#2298);
#2298 = CARTESIAN_POINT('',(14.1,30.9,2.4));
#2299 = SURFACE_CURVE('',#2300,(#2304,#2311),.PCURVE_S1.);
#2300 = LINE('',#2301,#2302);
#2301 = CARTESIAN_POINT('',(14.1,30.9,-0.5));
#2302 = VECTOR('',#2303,1.);
#2303 = DIRECTION('',(0.,0.,1.));
#2304 = PCURVE('',#1203,#2305);
#2305 = DEFINITIONAL_REPRESENTATION('',(#2306),#2310);
#2306 = LINE('',#2307,#2308);
#2307 = CARTESIAN_POINT('',(0.,0.));
#2308 = VECTOR('',#2309,1.);
#2309 = DIRECTION('',(1.,0.));
#2310 = ( GEOMETRIC_REPRESENTATION_CONTEXT(2) 
PARAMETRIC_REPRESENTATION_CONTEXT() REPRESENTATION_CONTEXT('2D SPACE',''
  ) );
#2311 = PCURVE('',#1229,#2312);
#2312 = DEFINITIONAL_REPRESENTATION('',(#2313),#2317);
#2313 = LINE('',#2314,#2315);
#2314 = CARTESIAN_POINT('',(0.,0.));
#2315 = VECTOR('',#2316,1.);
#2316 = DIRECTION('',(1.,0.));
#2317 = ( GEOMETRIC_REPRESENTATION_CONTEXT(2) 
PARAMETRIC_REPRESENTATION_CONTEXT() REPRESENTATION_CONTEXT('2D SPACE',''
  ) );
#2318 = ORIENTED_EDGE('',*,*,#2319,.F.);
#2319 = EDGE_CURVE('',#2273,#2297,#2320,.T.);
#2320 = SURFACE_CURVE('',#2321,(#2325,#2331),.PCURVE_S1.);
#2321 = LINE('',#2322,#2323);
#2322 = CARTESIAN_POINT('',(-9.95,30.9,2.4));
#2323 = VECTOR('',#2324,1.);
#2324 = DIRECTION('',(-1.,-0.,0.));
#2325 = PCURVE('',#1203,#2326);
#2326 = DEFINITIONAL_REPRESENTATION('',(#2327),#2330);
#2327 = B_SPLINE_CURVE_WITH_KNOTS('',1,(#2328,#2329),.UNSPECIFIED.,.F.,
  .F.,(2,2),(-25.85,-24.05),.PIECEWISE_BEZIER_KNOTS.);
#2328 = CARTESIAN_POINT('',(2.9,1.8));
#2329 = CARTESIAN_POINT('',(2.9,0.));
#2330 = ( GEOMETRIC_REPRESENTATION_CONTEXT(2) 
PARAMETRIC_REPRESENTATION_CONTEXT() REPRESENTATION_CONTEXT('2D SPACE',''
  ) );
#2331 = PCURVE('',#2139,#2332);
#2332 = DEFINITIONAL_REPRESENTATION('',(#2333),#2336);
#2333 = B_SPLINE_CURVE_WITH_KNOTS('',1,(#2334,#2335),.UNSPECIFIED.,.F.,
  .F.,(2,2),(-25.85,-24.05),.PIECEWISE_BEZIER_KNOTS.);
#2334 = CARTESIAN_POINT('',(49.9,74.9));
#2335 = CARTESIAN_POINT('',(48.1,74.9));
#2336 = ( GEOMETRIC_REPRESENTATION_CONTEXT(2) 
PARAMETRIC_REPRESENTATION_CONTEXT() REPRESENTATION_CONTEXT('2D SPACE',''
  ) );
#2337 = ADVANCED_FACE('',(#2338),#1279,.F.);
#2338 = FACE_BOUND('',#2339,.F.);
#2339 = EDGE_LOOP('',(#2340,#2341,#2342,#2365));
#2340 = ORIENTED_EDGE('',*,*,#2272,.F.);
#2341 = ORIENTED_EDGE('',*,*,#1266,.T.);
#2342 = ORIENTED_EDGE('',*,*,#2343,.T.);
#2343 = EDGE_CURVE('',#1241,#2344,#2346,.T.);
#2344 = VERTEX_POINT('',#2345);
#2345 = CARTESIAN_POINT('',(15.9,34.1,2.4));
#2346 = SURFACE_CURVE('',#2347,(#2351,#2358),.PCURVE_S1.);
#2347 = LINE('',#2348,#2349);
#2348 = CARTESIAN_POINT('',(15.9,34.1,-0.5));
#2349 = VECTOR('',#2350,1.);
#2350 = DIRECTION('',(0.,0.,1.));
#2351 = PCURVE('',#1279,#2352);
#2352 = DEFINITIONAL_REPRESENTATION('',(#2353),#2357);
#2353 = LINE('',#2354,#2355);
#2354 = CARTESIAN_POINT('',(0.,-3.2));
#2355 = VECTOR('',#2356,1.);
#2356 = DIRECTION('',(1.,0.));
#2357 = ( GEOMETRIC_REPRESENTATION_CONTEXT(2) 
PARAMETRIC_REPRESENTATION_CONTEXT() REPRESENTATION_CONTEXT('2D SPACE',''
  ) );
#2358 = PCURVE('',#1255,#2359);
#2359 = DEFINITIONAL_REPRESENTATION('',(#2360),#2364);
#2360 = LINE('',#2361,#2362);
#2361 = CARTESIAN_POINT('',(0.,1.8));
#2362 = VECTOR('',#2363,1.);
#2363 = DIRECTION('',(1.,0.));
#2364 = ( GEOMETRIC_REPRESENTATION_CONTEXT(2) 
PARAMETRIC_REPRESENTATION_CONTEXT() REPRESENTATION_CONTEXT('2D SPACE',''
  ) );
#2365 = ORIENTED_EDGE('',*,*,#2366,.F.);
#2366 = EDGE_CURVE('',#2273,#2344,#2367,.T.);
#2367 = SURFACE_CURVE('',#2368,(#2372,#2378),.PCURVE_S1.);
#2368 = LINE('',#2369,#2370);
#2369 = CARTESIAN_POINT('',(15.9,-6.55,2.4));
#2370 = VECTOR('',#2371,1.);
#2371 = DIRECTION('',(-0.,1.,0.));
#2372 = PCURVE('',#1279,#2373);
#2373 = DEFINITIONAL_REPRESENTATION('',(#2374),#2377);
#2374 = B_SPLINE_CURVE_WITH_KNOTS('',1,(#2375,#2376),.UNSPECIFIED.,.F.,
  .F.,(2,2),(37.45,40.65),.PIECEWISE_BEZIER_KNOTS.);
#2375 = CARTESIAN_POINT('',(2.9,0.));
#2376 = CARTESIAN_POINT('',(2.9,-3.2));
#2377 = ( GEOMETRIC_REPRESENTATION_CONTEXT(2) 
PARAMETRIC_REPRESENTATION_CONTEXT() REPRESENTATION_CONTEXT('2D SPACE',''
  ) );
#2378 = PCURVE('',#2139,#2379);
#2379 = DEFINITIONAL_REPRESENTATION('',(#2380),#2383);
#2380 = B_SPLINE_CURVE_WITH_KNOTS('',1,(#2381,#2382),.UNSPECIFIED.,.F.,
  .F.,(2,2),(37.45,40.65),.PIECEWISE_BEZIER_KNOTS.);
#2381 = CARTESIAN_POINT('',(49.9,74.9));
#2382 = CARTESIAN_POINT('',(49.9,78.1));
#2383 = ( GEOMETRIC_REPRESENTATION_CONTEXT(2) 
PARAMETRIC_REPRESENTATION_CONTEXT() REPRESENTATION_CONTEXT('2D SPACE',''
  ) );
#2384 = ADVANCED_FACE('',(#2385),#1229,.T.);
#2385 = FACE_BOUND('',#2386,.T.);
#2386 = EDGE_LOOP('',(#2387,#2388,#2389,#2412));
#2387 = ORIENTED_EDGE('',*,*,#2296,.F.);
#2388 = ORIENTED_EDGE('',*,*,#1214,.T.);
#2389 = ORIENTED_EDGE('',*,*,#2390,.T.);
#2390 = EDGE_CURVE('',#1215,#2391,#2393,.T.);
#2391 = VERTEX_POINT('',#2392);
#2392 = CARTESIAN_POINT('',(14.1,34.1,2.4));
#2393 = SURFACE_CURVE('',#2394,(#2398,#2405),.PCURVE_S1.);
#2394 = LINE('',#2395,#2396);
#2395 = CARTESIAN_POINT('',(14.1,34.1,-0.5));
#2396 = VECTOR('',#2397,1.);
#2397 = DIRECTION('',(0.,0.,1.));
#2398 = PCURVE('',#1229,#2399);
#2399 = DEFINITIONAL_REPRESENTATION('',(#2400),#2404);
#2400 = LINE('',#2401,#2402);
#2401 = CARTESIAN_POINT('',(0.,-3.2));
#2402 = VECTOR('',#2403,1.);
#2403 = DIRECTION('',(1.,0.));
#2404 = ( GEOMETRIC_REPRESENTATION_CONTEXT(2) 
PARAMETRIC_REPRESENTATION_CONTEXT() REPRESENTATION_CONTEXT('2D SPACE',''
  ) );
#2405 = PCURVE('',#1255,#2406);
#2406 = DEFINITIONAL_REPRESENTATION('',(#2407),#2411);
#2407 = LINE('',#2408,#2409);
#2408 = CARTESIAN_POINT('',(0.,0.));
#2409 = VECTOR('',#2410,1.);
#2410 = DIRECTION('',(1.,0.));
#2411 = ( GEOMETRIC_REPRESENTATION_CONTEXT(2) 
PARAMETRIC_REPRESENTATION_CONTEXT() REPRESENTATION_CONTEXT('2D SPACE',''
  ) );
#2412 = ORIENTED_EDGE('',*,*,#2413,.F.);
#2413 = EDGE_CURVE('',#2297,#2391,#2414,.T.);
#2414 = SURFACE_CURVE('',#2415,(#2419,#2425),.PCURVE_S1.);
#2415 = LINE('',#2416,#2417);
#2416 = CARTESIAN_POINT('',(14.1,-6.55,2.4));
#2417 = VECTOR('',#2418,1.);
#2418 = DIRECTION('',(-0.,1.,0.));
#2419 = PCURVE('',#1229,#2420);
#2420 = DEFINITIONAL_REPRESENTATION('',(#2421),#2424);
#2421 = B_SPLINE_CURVE_WITH_KNOTS('',1,(#2422,#2423),.UNSPECIFIED.,.F.,
  .F.,(2,2),(37.45,40.65),.PIECEWISE_BEZIER_KNOTS.);
#2422 = CARTESIAN_POINT('',(2.9,0.));
#2423 = CARTESIAN_POINT('',(2.9,-3.2));
#2424 = ( GEOMETRIC_REPRESENTATION_CONTEXT(2) 
PARAMETRIC_REPRESENTATION_CONTEXT() REPRESENTATION_CONTEXT('2D SPACE',''
  ) );
#2425 = PCURVE('',#2139,#2426);
#2426 = DEFINITIONAL_REPRESENTATION('',(#2427),#2430);
#2427 = B_SPLINE_CURVE_WITH_KNOTS('',1,(#2428,#2429),.UNSPECIFIED.,.F.,
  .F.,(2,2),(37.45,40.65),.PIECEWISE_BEZIER_KNOTS.);
#2428 = CARTESIAN_POINT('',(48.1,74.9));
#2429 = CARTESIAN_POINT('',(48.1,78.1));
#2430 = ( GEOMETRIC_REPRESENTATION_CONTEXT(2) 
PARAMETRIC_REPRESENTATION_CONTEXT() REPRESENTATION_CONTEXT('2D SPACE',''
  ) );
#2431 = ADVANCED_FACE('',(#2432),#1255,.F.);
#2432 = FACE_BOUND('',#2433,.F.);
#2433 = EDGE_LOOP('',(#2434,#2435,#2436,#2437));
#2434 = ORIENTED_EDGE('',*,*,#2343,.F.);
#2435 = ORIENTED_EDGE('',*,*,#1240,.T.);
#2436 = ORIENTED_EDGE('',*,*,#2390,.T.);
#2437 = ORIENTED_EDGE('',*,*,#2438,.F.);
#2438 = EDGE_CURVE('',#2344,#2391,#2439,.T.);
#2439 = SURFACE_CURVE('',#2440,(#2444,#2450),.PCURVE_S1.);
#2440 = LINE('',#2441,#2442);
#2441 = CARTESIAN_POINT('',(-9.95,34.1,2.4));
#2442 = VECTOR('',#2443,1.);
#2443 = DIRECTION('',(-1.,-0.,0.));
#2444 = PCURVE('',#1255,#2445);
#2445 = DEFINITIONAL_REPRESENTATION('',(#2446),#2449);
#2446 = B_SPLINE_CURVE_WITH_KNOTS('',1,(#2447,#2448),.UNSPECIFIED.,.F.,
  .F.,(2,2),(-25.85,-24.05),.PIECEWISE_BEZIER_KNOTS.);
#2447 = CARTESIAN_POINT('',(2.9,1.8));
#2448 = CARTESIAN_POINT('',(2.9,0.));
#2449 = ( GEOMETRIC_REPRESENTATION_CONTEXT(2) 
PARAMETRIC_REPRESENTATION_CONTEXT() REPRESENTATION_CONTEXT('2D SPACE',''
  ) );
#2450 = PCURVE('',#2139,#2451);
#2451 = DEFINITIONAL_REPRESENTATION('',(#2452),#2455);
#2452 = B_SPLINE_CURVE_WITH_KNOTS('',1,(#2453,#2454),.UNSPECIFIED.,.F.,
  .F.,(2,2),(-25.85,-24.05),.PIECEWISE_BEZIER_KNOTS.);
#2453 = CARTESIAN_POINT('',(49.9,78.1));
#2454 = CARTESIAN_POINT('',(48.1,78.1));
#2455 = ( GEOMETRIC_REPRESENTATION_CONTEXT(2) 
PARAMETRIC_REPRESENTATION_CONTEXT() REPRESENTATION_CONTEXT('2D SPACE',''
  ) );
#2456 = ADVANCED_FACE('',(#2457),#1309,.T.);
#2457 = FACE_BOUND('',#2458,.T.);
#2458 = EDGE_LOOP('',(#2459,#2482,#2483,#2506));
#2459 = ORIENTED_EDGE('',*,*,#2460,.F.);
#2460 = EDGE_CURVE('',#1293,#2461,#2463,.T.);
#2461 = VERTEX_POINT('',#2462);
#2462 = CARTESIAN_POINT('',(-14.1,35.9,2.4));
#2463 = SURFACE_CURVE('',#2464,(#2468,#2475),.PCURVE_S1.);
#2464 = LINE('',#2465,#2466);
#2465 = CARTESIAN_POINT('',(-14.1,35.9,-0.5));
#2466 = VECTOR('',#2467,1.);
#2467 = DIRECTION('',(0.,0.,1.));
#2468 = PCURVE('',#1309,#2469);
#2469 = DEFINITIONAL_REPRESENTATION('',(#2470),#2474);
#2470 = LINE('',#2471,#2472);
#2471 = CARTESIAN_POINT('',(0.,1.8));
#2472 = VECTOR('',#2473,1.);
#2473 = DIRECTION('',(1.,0.));
#2474 = ( GEOMETRIC_REPRESENTATION_CONTEXT(2) 
PARAMETRIC_REPRESENTATION_CONTEXT() REPRESENTATION_CONTEXT('2D SPACE',''
  ) );
#2475 = PCURVE('',#1385,#2476);
#2476 = DEFINITIONAL_REPRESENTATION('',(#2477),#2481);
#2477 = LINE('',#2478,#2479);
#2478 = CARTESIAN_POINT('',(0.,0.));
#2479 = VECTOR('',#2480,1.);
#2480 = DIRECTION('',(1.,0.));
#2481 = ( GEOMETRIC_REPRESENTATION_CONTEXT(2) 
PARAMETRIC_REPRESENTATION_CONTEXT() REPRESENTATION_CONTEXT('2D SPACE',''
  ) );
#2482 = ORIENTED_EDGE('',*,*,#1292,.T.);
#2483 = ORIENTED_EDGE('',*,*,#2484,.T.);
#2484 = EDGE_CURVE('',#1295,#2485,#2487,.T.);
#2485 = VERTEX_POINT('',#2486);
#2486 = CARTESIAN_POINT('',(-15.9,35.9,2.4));
#2487 = SURFACE_CURVE('',#2488,(#2492,#2499),.PCURVE_S1.);
#2488 = LINE('',#2489,#2490);
#2489 = CARTESIAN_POINT('',(-15.9,35.9,-0.5));
#2490 = VECTOR('',#2491,1.);
#2491 = DIRECTION('',(0.,0.,1.));
#2492 = PCURVE('',#1309,#2493);
#2493 = DEFINITIONAL_REPRESENTATION('',(#2494),#2498);
#2494 = LINE('',#2495,#2496);
#2495 = CARTESIAN_POINT('',(0.,0.));
#2496 = VECTOR('',#2497,1.);
#2497 = DIRECTION('',(1.,0.));
#2498 = ( GEOMETRIC_REPRESENTATION_CONTEXT(2) 
PARAMETRIC_REPRESENTATION_CONTEXT() REPRESENTATION_CONTEXT('2D SPACE',''
  ) );
#2499 = PCURVE('',#1335,#2500);
#2500 = DEFINITIONAL_REPRESENTATION('',(#2501),#2505);
#2501 = LINE('',#2502,#2503);
#2502 = CARTESIAN_POINT('',(0.,0.));
#2503 = VECTOR('',#2504,1.);
#2504 = DIRECTION('',(1.,0.));
#2505 = ( GEOMETRIC_REPRESENTATION_CONTEXT(2) 
PARAMETRIC_REPRESENTATION_CONTEXT() REPRESENTATION_CONTEXT('2D SPACE',''
  ) );
#2506 = ORIENTED_EDGE('',*,*,#2507,.F.);
#2507 = EDGE_CURVE('',#2461,#2485,#2508,.T.);
#2508 = SURFACE_CURVE('',#2509,(#2513,#2519),.PCURVE_S1.);
#2509 = LINE('',#2510,#2511);
#2510 = CARTESIAN_POINT('',(-24.95,35.9,2.4));
#2511 = VECTOR('',#2512,1.);
#2512 = DIRECTION('',(-1.,-0.,0.));
#2513 = PCURVE('',#1309,#2514);
#2514 = DEFINITIONAL_REPRESENTATION('',(#2515),#2518);
#2515 = B_SPLINE_CURVE_WITH_KNOTS('',1,(#2516,#2517),.UNSPECIFIED.,.F.,
  .F.,(2,2),(-10.85,-9.05),.PIECEWISE_BEZIER_KNOTS.);
#2516 = CARTESIAN_POINT('',(2.9,1.8));
#2517 = CARTESIAN_POINT('',(2.9,0.));
#2518 = ( GEOMETRIC_REPRESENTATION_CONTEXT(2) 
PARAMETRIC_REPRESENTATION_CONTEXT() REPRESENTATION_CONTEXT('2D SPACE',''
  ) );
#2519 = PCURVE('',#2139,#2520);
#2520 = DEFINITIONAL_REPRESENTATION('',(#2521),#2524);
#2521 = B_SPLINE_CURVE_WITH_KNOTS('',1,(#2522,#2523),.UNSPECIFIED.,.F.,
  .F.,(2,2),(-10.85,-9.05),.PIECEWISE_BEZIER_KNOTS.);
#2522 = CARTESIAN_POINT('',(19.9,79.9));
#2523 = CARTESIAN_POINT('',(18.1,79.9));
#2524 = ( GEOMETRIC_REPRESENTATION_CONTEXT(2) 
PARAMETRIC_REPRESENTATION_CONTEXT() REPRESENTATION_CONTEXT('2D SPACE',''
  ) );
#2525 = ADVANCED_FACE('',(#2526),#1385,.F.);
#2526 = FACE_BOUND('',#2527,.F.);
#2527 = EDGE_LOOP('',(#2528,#2529,#2530,#2553));
#2528 = ORIENTED_EDGE('',*,*,#2460,.F.);
#2529 = ORIENTED_EDGE('',*,*,#1372,.T.);
#2530 = ORIENTED_EDGE('',*,*,#2531,.T.);
#2531 = EDGE_CURVE('',#1347,#2532,#2534,.T.);
#2532 = VERTEX_POINT('',#2533);
#2533 = CARTESIAN_POINT('',(-14.1,39.1,2.4));
#2534 = SURFACE_CURVE('',#2535,(#2539,#2546),.PCURVE_S1.);
#2535 = LINE('',#2536,#2537);
#2536 = CARTESIAN_POINT('',(-14.1,39.1,-0.5));
#2537 = VECTOR('',#2538,1.);
#2538 = DIRECTION('',(0.,0.,1.));
#2539 = PCURVE('',#1385,#2540);
#2540 = DEFINITIONAL_REPRESENTATION('',(#2541),#2545);
#2541 = LINE('',#2542,#2543);
#2542 = CARTESIAN_POINT('',(0.,-3.2));
#2543 = VECTOR('',#2544,1.);
#2544 = DIRECTION('',(1.,0.));
#2545 = ( GEOMETRIC_REPRESENTATION_CONTEXT(2) 
PARAMETRIC_REPRESENTATION_CONTEXT() REPRESENTATION_CONTEXT('2D SPACE',''
  ) );
#2546 = PCURVE('',#1361,#2547);
#2547 = DEFINITIONAL_REPRESENTATION('',(#2548),#2552);
#2548 = LINE('',#2549,#2550);
#2549 = CARTESIAN_POINT('',(0.,1.8));
#2550 = VECTOR('',#2551,1.);
#2551 = DIRECTION('',(1.,0.));
#2552 = ( GEOMETRIC_REPRESENTATION_CONTEXT(2) 
PARAMETRIC_REPRESENTATION_CONTEXT() REPRESENTATION_CONTEXT('2D SPACE',''
  ) );
#2553 = ORIENTED_EDGE('',*,*,#2554,.F.);
#2554 = EDGE_CURVE('',#2461,#2532,#2555,.T.);
#2555 = SURFACE_CURVE('',#2556,(#2560,#2566),.PCURVE_S1.);
#2556 = LINE('',#2557,#2558);
#2557 = CARTESIAN_POINT('',(-14.1,-4.05,2.4));
#2558 = VECTOR('',#2559,1.);
#2559 = DIRECTION('',(-0.,1.,0.));
#2560 = PCURVE('',#1385,#2561);
#2561 = DEFINITIONAL_REPRESENTATION('',(#2562),#2565);
#2562 = B_SPLINE_CURVE_WITH_KNOTS('',1,(#2563,#2564),.UNSPECIFIED.,.F.,
  .F.,(2,2),(39.95,43.15),.PIECEWISE_BEZIER_KNOTS.);
#2563 = CARTESIAN_POINT('',(2.9,0.));
#2564 = CARTESIAN_POINT('',(2.9,-3.2));
#2565 = ( GEOMETRIC_REPRESENTATION_CONTEXT(2) 
PARAMETRIC_REPRESENTATION_CONTEXT() REPRESENTATION_CONTEXT('2D SPACE',''
  ) );
#2566 = PCURVE('',#2139,#2567);
#2567 = DEFINITIONAL_REPRESENTATION('',(#2568),#2571);
#2568 = B_SPLINE_CURVE_WITH_KNOTS('',1,(#2569,#2570),.UNSPECIFIED.,.F.,
  .F.,(2,2),(39.95,43.15),.PIECEWISE_BEZIER_KNOTS.);
#2569 = CARTESIAN_POINT('',(19.9,79.9));
#2570 = CARTESIAN_POINT('',(19.9,83.1));
#2571 = ( GEOMETRIC_REPRESENTATION_CONTEXT(2) 
PARAMETRIC_REPRESENTATION_CONTEXT() REPRESENTATION_CONTEXT('2D SPACE',''
  ) );
#2572 = ADVANCED_FACE('',(#2573),#1335,.T.);
#2573 = FACE_BOUND('',#2574,.T.);
#2574 = EDGE_LOOP('',(#2575,#2576,#2577,#2600));
#2575 = ORIENTED_EDGE('',*,*,#2484,.F.);
#2576 = ORIENTED_EDGE('',*,*,#1320,.T.);
#2577 = ORIENTED_EDGE('',*,*,#2578,.T.);
#2578 = EDGE_CURVE('',#1321,#2579,#2581,.T.);
#2579 = VERTEX_POINT('',#2580);
#2580 = CARTESIAN_POINT('',(-15.9,39.1,2.4));
#2581 = SURFACE_CURVE('',#2582,(#2586,#2593),.PCURVE_S1.);
#2582 = LINE('',#2583,#2584);
#2583 = CARTESIAN_POINT('',(-15.9,39.1,-0.5));
#2584 = VECTOR('',#2585,1.);
#2585 = DIRECTION('',(0.,0.,1.));
#2586 = PCURVE('',#1335,#2587);
#2587 = DEFINITIONAL_REPRESENTATION('',(#2588),#2592);
#2588 = LINE('',#2589,#2590);
#2589 = CARTESIAN_POINT('',(0.,-3.2));
#2590 = VECTOR('',#2591,1.);
#2591 = DIRECTION('',(1.,0.));
#2592 = ( GEOMETRIC_REPRESENTATION_CONTEXT(2) 
PARAMETRIC_REPRESENTATION_CONTEXT() REPRESENTATION_CONTEXT('2D SPACE',''
  ) );
#2593 = PCURVE('',#1361,#2594);
#2594 = DEFINITIONAL_REPRESENTATION('',(#2595),#2599);
#2595 = LINE('',#2596,#2597);
#2596 = CARTESIAN_POINT('',(0.,0.));
#2597 = VECTOR('',#2598,1.);
#2598 = DIRECTION('',(1.,0.));
#2599 = ( GEOMETRIC_REPRESENTATION_CONTEXT(2) 
PARAMETRIC_REPRESENTATION_CONTEXT() REPRESENTATION_CONTEXT('2D SPACE',''
  ) );
#2600 = ORIENTED_EDGE('',*,*,#2601,.F.);
#2601 = EDGE_CURVE('',#2485,#2579,#2602,.T.);
#2602 = SURFACE_CURVE('',#2603,(#2607,#2613),.PCURVE_S1.);
#2603 = LINE('',#2604,#2605);
#2604 = CARTESIAN_POINT('',(-15.9,-4.05,2.4));
#2605 = VECTOR('',#2606,1.);
#2606 = DIRECTION('',(-0.,1.,0.));
#2607 = PCURVE('',#1335,#2608);
#2608 = DEFINITIONAL_REPRESENTATION('',(#2609),#2612);
#2609 = B_SPLINE_CURVE_WITH_KNOTS('',1,(#2610,#2611),.UNSPECIFIED.,.F.,
  .F.,(2,2),(39.95,43.15),.PIECEWISE_BEZIER_KNOTS.);
#2610 = CARTESIAN_POINT('',(2.9,0.));
#2611 = CARTESIAN_POINT('',(2.9,-3.2));
#2612 = ( GEOMETRIC_REPRESENTATION_CONTEXT(2) 
PARAMETRIC_REPRESENTATION_CONTEXT() REPRESENTATION_CONTEXT('2D SPACE',''
  ) );
#2613 = PCURVE('',#2139,#2614);
#2614 = DEFINITIONAL_REPRESENTATION('',(#2615),#2618);
#2615 = B_SPLINE_CURVE_WITH_KNOTS('',1,(#2616,#2617),.UNSPECIFIED.,.F.,
  .F.,(2,2),(39.95,43.15),.PIECEWISE_BEZIER_KNOTS.);
#2616 = CARTESIAN_POINT('',(18.1,79.9));
#2617 = CARTESIAN_POINT('',(18.1,83.1));
#2618 = ( GEOMETRIC_REPRESENTATION_CONTEXT(2) 
PARAMETRIC_REPRESENTATION_CONTEXT() REPRESENTATION_CONTEXT('2D SPACE',''
  ) );
#2619 = ADVANCED_FACE('',(#2620),#1361,.F.);
#2620 = FACE_BOUND('',#2621,.F.);
#2621 = EDGE_LOOP('',(#2622,#2623,#2624,#2625));
#2622 = ORIENTED_EDGE('',*,*,#2531,.F.);
#2623 = ORIENTED_EDGE('',*,*,#1346,.T.);
#2624 = ORIENTED_EDGE('',*,*,#2578,.T.);
#2625 = ORIENTED_EDGE('',*,*,#2626,.F.);
#2626 = EDGE_CURVE('',#2532,#2579,#2627,.T.);
#2627 = SURFACE_CURVE('',#2628,(#2632,#2638),.PCURVE_S1.);
#2628 = LINE('',#2629,#2630);
#2629 = CARTESIAN_POINT('',(-24.95,39.1,2.4));
#2630 = VECTOR('',#2631,1.);
#2631 = DIRECTION('',(-1.,-0.,0.));
#2632 = PCURVE('',#1361,#2633);
#2633 = DEFINITIONAL_REPRESENTATION('',(#2634),#2637);
#2634 = B_SPLINE_CURVE_WITH_KNOTS('',1,(#2635,#2636),.UNSPECIFIED.,.F.,
  .F.,(2,2),(-10.85,-9.05),.PIECEWISE_BEZIER_KNOTS.);
#2635 = CARTESIAN_POINT('',(2.9,1.8));
#2636 = CARTESIAN_POINT('',(2.9,0.));
#2637 = ( GEOMETRIC_REPRESENTATION_CONTEXT(2) 
PARAMETRIC_REPRESENTATION_CONTEXT() REPRESENTATION_CONTEXT('2D SPACE',''
  ) );
#2638 = PCURVE('',#2139,#2639);
#2639 = DEFINITIONAL_REPRESENTATION('',(#2640),#2643);
#2640 = B_SPLINE_CURVE_WITH_KNOTS('',1,(#2641,#2642),.UNSPECIFIED.,.F.,
  .F.,(2,2),(-10.85,-9.05),.PIECEWISE_BEZIER_KNOTS.);
#2641 = CARTESIAN_POINT('',(19.9,83.1));
#2642 = CARTESIAN_POINT('',(18.1,83.1));
#2643 = ( GEOMETRIC_REPRESENTATION_CONTEXT(2) 
PARAMETRIC_REPRESENTATION_CONTEXT() REPRESENTATION_CONTEXT('2D SPACE',''
  ) );
#2644 = ADVANCED_FACE('',(#2645),#1415,.T.);
#2645 = FACE_BOUND('',#2646,.T.);
#2646 = EDGE_LOOP('',(#2647,#2670,#2671,#2694));
#2647 = ORIENTED_EDGE('',*,*,#2648,.F.);
#2648 = EDGE_CURVE('',#1399,#2649,#2651,.T.);
#2649 = VERTEX_POINT('',#2650);
#2650 = CARTESIAN_POINT('',(15.9,35.9,2.4));
#2651 = SURFACE_CURVE('',#2652,(#2656,#2663),.PCURVE_S1.);
#2652 = LINE('',#2653,#2654);
#2653 = CARTESIAN_POINT('',(15.9,35.9,-0.5));
#2654 = VECTOR('',#2655,1.);
#2655 = DIRECTION('',(0.,0.,1.));
#2656 = PCURVE('',#1415,#2657);
#2657 = DEFINITIONAL_REPRESENTATION('',(#2658),#2662);
#2658 = LINE('',#2659,#2660);
#2659 = CARTESIAN_POINT('',(0.,1.8));
#2660 = VECTOR('',#2661,1.);
#2661 = DIRECTION('',(1.,0.));
#2662 = ( GEOMETRIC_REPRESENTATION_CONTEXT(2) 
PARAMETRIC_REPRESENTATION_CONTEXT() REPRESENTATION_CONTEXT('2D SPACE',''
  ) );
#2663 = PCURVE('',#1491,#2664);
#2664 = DEFINITIONAL_REPRESENTATION('',(#2665),#2669);
#2665 = LINE('',#2666,#2667);
#2666 = CARTESIAN_POINT('',(0.,0.));
#2667 = VECTOR('',#2668,1.);
#2668 = DIRECTION('',(1.,0.));
#2669 = ( GEOMETRIC_REPRESENTATION_CONTEXT(2) 
PARAMETRIC_REPRESENTATION_CONTEXT() REPRESENTATION_CONTEXT('2D SPACE',''
  ) );
#2670 = ORIENTED_EDGE('',*,*,#1398,.T.);
#2671 = ORIENTED_EDGE('',*,*,#2672,.T.);
#2672 = EDGE_CURVE('',#1401,#2673,#2675,.T.);
#2673 = VERTEX_POINT('',#2674);
#2674 = CARTESIAN_POINT('',(14.1,35.9,2.4));
#2675 = SURFACE_CURVE('',#2676,(#2680,#2687),.PCURVE_S1.);
#2676 = LINE('',#2677,#2678);
#2677 = CARTESIAN_POINT('',(14.1,35.9,-0.5));
#2678 = VECTOR('',#2679,1.);
#2679 = DIRECTION('',(0.,0.,1.));
#2680 = PCURVE('',#1415,#2681);
#2681 = DEFINITIONAL_REPRESENTATION('',(#2682),#2686);
#2682 = LINE('',#2683,#2684);
#2683 = CARTESIAN_POINT('',(0.,0.));
#2684 = VECTOR('',#2685,1.);
#2685 = DIRECTION('',(1.,0.));
#2686 = ( GEOMETRIC_REPRESENTATION_CONTEXT(2) 
PARAMETRIC_REPRESENTATION_CONTEXT() REPRESENTATION_CONTEXT('2D SPACE',''
  ) );
#2687 = PCURVE('',#1441,#2688);
#2688 = DEFINITIONAL_REPRESENTATION('',(#2689),#2693);
#2689 = LINE('',#2690,#2691);
#2690 = CARTESIAN_POINT('',(0.,0.));
#2691 = VECTOR('',#2692,1.);
#2692 = DIRECTION('',(1.,0.));
#2693 = ( GEOMETRIC_REPRESENTATION_CONTEXT(2) 
PARAMETRIC_REPRESENTATION_CONTEXT() REPRESENTATION_CONTEXT('2D SPACE',''
  ) );
#2694 = ORIENTED_EDGE('',*,*,#2695,.F.);
#2695 = EDGE_CURVE('',#2649,#2673,#2696,.T.);
#2696 = SURFACE_CURVE('',#2697,(#2701,#2707),.PCURVE_S1.);
#2697 = LINE('',#2698,#2699);
#2698 = CARTESIAN_POINT('',(-9.95,35.9,2.4));
#2699 = VECTOR('',#2700,1.);
#2700 = DIRECTION('',(-1.,-0.,0.));
#2701 = PCURVE('',#1415,#2702);
#2702 = DEFINITIONAL_REPRESENTATION('',(#2703),#2706);
#2703 = B_SPLINE_CURVE_WITH_KNOTS('',1,(#2704,#2705),.UNSPECIFIED.,.F.,
  .F.,(2,2),(-25.85,-24.05),.PIECEWISE_BEZIER_KNOTS.);
#2704 = CARTESIAN_POINT('',(2.9,1.8));
#2705 = CARTESIAN_POINT('',(2.9,0.));
#2706 = ( GEOMETRIC_REPRESENTATION_CONTEXT(2) 
PARAMETRIC_REPRESENTATION_CONTEXT() REPRESENTATION_CONTEXT('2D SPACE',''
  ) );
#2707 = PCURVE('',#2139,#2708);
#2708 = DEFINITIONAL_REPRESENTATION('',(#2709),#2712);
#2709 = B_SPLINE_CURVE_WITH_KNOTS('',1,(#2710,#2711),.UNSPECIFIED.,.F.,
  .F.,(2,2),(-25.85,-24.05),.PIECEWISE_BEZIER_KNOTS.);
#2710 = CARTESIAN_POINT('',(49.9,79.9));
#2711 = CARTESIAN_POINT('',(48.1,79.9));
#2712 = ( GEOMETRIC_REPRESENTATION_CONTEXT(2) 
PARAMETRIC_REPRESENTATION_CONTEXT() REPRESENTATION_CONTEXT('2D SPACE',''
  ) );
#2713 = ADVANCED_FACE('',(#2714),#1491,.F.);
#2714 = FACE_BOUND('',#2715,.F.);
#2715 = EDGE_LOOP('',(#2716,#2717,#2718,#2741));
#2716 = ORIENTED_EDGE('',*,*,#2648,.F.);
#2717 = ORIENTED_EDGE('',*,*,#1478,.T.);
#2718 = ORIENTED_EDGE('',*,*,#2719,.T.);
#2719 = EDGE_CURVE('',#1453,#2720,#2722,.T.);
#2720 = VERTEX_POINT('',#2721);
#2721 = CARTESIAN_POINT('',(15.9,39.1,2.4));
#2722 = SURFACE_CURVE('',#2723,(#2727,#2734),.PCURVE_S1.);
#2723 = LINE('',#2724,#2725);
#2724 = CARTESIAN_POINT('',(15.9,39.1,-0.5));
#2725 = VECTOR('',#2726,1.);
#2726 = DIRECTION('',(0.,0.,1.));
#2727 = PCURVE('',#1491,#2728);
#2728 = DEFINITIONAL_REPRESENTATION('',(#2729),#2733);
#2729 = LINE('',#2730,#2731);
#2730 = CARTESIAN_POINT('',(0.,-3.2));
#2731 = VECTOR('',#2732,1.);
#2732 = DIRECTION('',(1.,0.));
#2733 = ( GEOMETRIC_REPRESENTATION_CONTEXT(2) 
PARAMETRIC_REPRESENTATION_CONTEXT() REPRESENTATION_CONTEXT('2D SPACE',''
  ) );
#2734 = PCURVE('',#1467,#2735);
#2735 = DEFINITIONAL_REPRESENTATION('',(#2736),#2740);
#2736 = LINE('',#2737,#2738);
#2737 = CARTESIAN_POINT('',(0.,1.8));
#2738 = VECTOR('',#2739,1.);
#2739 = DIRECTION('',(1.,0.));
#2740 = ( GEOMETRIC_REPRESENTATION_CONTEXT(2) 
PARAMETRIC_REPRESENTATION_CONTEXT() REPRESENTATION_CONTEXT('2D SPACE',''
  ) );
#2741 = ORIENTED_EDGE('',*,*,#2742,.F.);
#2742 = EDGE_CURVE('',#2649,#2720,#2743,.T.);
#2743 = SURFACE_CURVE('',#2744,(#2748,#2754),.PCURVE_S1.);
#2744 = LINE('',#2745,#2746);
#2745 = CARTESIAN_POINT('',(15.9,-4.05,2.4));
#2746 = VECTOR('',#2747,1.);
#2747 = DIRECTION('',(-0.,1.,0.));
#2748 = PCURVE('',#1491,#2749);
#2749 = DEFINITIONAL_REPRESENTATION('',(#2750),#2753);
#2750 = B_SPLINE_CURVE_WITH_KNOTS('',1,(#2751,#2752),.UNSPECIFIED.,.F.,
  .F.,(2,2),(39.95,43.15),.PIECEWISE_BEZIER_KNOTS.);
#2751 = CARTESIAN_POINT('',(2.9,0.));
#2752 = CARTESIAN_POINT('',(2.9,-3.2));
#2753 = ( GEOMETRIC_REPRESENTATION_CONTEXT(2) 
PARAMETRIC_REPRESENTATION_CONTEXT() REPRESENTATION_CONTEXT('2D SPACE',''
  ) );
#2754 = PCURVE('',#2139,#2755);
#2755 = DEFINITIONAL_REPRESENTATION('',(#2756),#2759);
#2756 = B_SPLINE_CURVE_WITH_KNOTS('',1,(#2757,#2758),.UNSPECIFIED.,.F.,
  .F.,(2,2),(39.95,43.15),.PIECEWISE_BEZIER_KNOTS.);
#2757 = CARTESIAN_POINT('',(49.9,79.9));
#2758 = CARTESIAN_POINT('',(49.9,83.1));
#2759 = ( GEOMETRIC_REPRESENTATION_CONTEXT(2) 
PARAMETRIC_REPRESENTATION_CONTEXT() REPRESENTATION_CONTEXT('2D SPACE',''
  ) );
#2760 = ADVANCED_FACE('',(#2761),#1467,.F.);
#2761 = FACE_BOUND('',#2762,.F.);
#2762 = EDGE_LOOP('',(#2763,#2764,#2765,#2788));
#2763 = ORIENTED_EDGE('',*,*,#2719,.F.);
#2764 = ORIENTED_EDGE('',*,*,#1452,.T.);
#2765 = ORIENTED_EDGE('',*,*,#2766,.T.);
#2766 = EDGE_CURVE('',#1427,#2767,#2769,.T.);
#2767 = VERTEX_POINT('',#2768);
#2768 = CARTESIAN_POINT('',(14.1,39.1,2.4));
#2769 = SURFACE_CURVE('',#2770,(#2774,#2781),.PCURVE_S1.);
#2770 = LINE('',#2771,#2772);
#2771 = CARTESIAN_POINT('',(14.1,39.1,-0.5));
#2772 = VECTOR('',#2773,1.);
#2773 = DIRECTION('',(0.,0.,1.));
#2774 = PCURVE('',#1467,#2775);
#2775 = DEFINITIONAL_REPRESENTATION('',(#2776),#2780);
#2776 = LINE('',#2777,#2778);
#2777 = CARTESIAN_POINT('',(0.,0.));
#2778 = VECTOR('',#2779,1.);
#2779 = DIRECTION('',(1.,0.));
#2780 = ( GEOMETRIC_REPRESENTATION_CONTEXT(2) 
PARAMETRIC_REPRESENTATION_CONTEXT() REPRESENTATION_CONTEXT('2D SPACE',''
  ) );
#2781 = PCURVE('',#1441,#2782);
#2782 = DEFINITIONAL_REPRESENTATION('',(#2783),#2787);
#2783 = LINE('',#2784,#2785);
#2784 = CARTESIAN_POINT('',(0.,-3.2));
#2785 = VECTOR('',#2786,1.);
#2786 = DIRECTION('',(1.,0.));
#2787 = ( GEOMETRIC_REPRESENTATION_CONTEXT(2) 
PARAMETRIC_REPRESENTATION_CONTEXT() REPRESENTATION_CONTEXT('2D SPACE',''
  ) );
#2788 = ORIENTED_EDGE('',*,*,#2789,.F.);
#2789 = EDGE_CURVE('',#2720,#2767,#2790,.T.);
#2790 = SURFACE_CURVE('',#2791,(#2795,#2801),.PCURVE_S1.);
#2791 = LINE('',#2792,#2793);
#2792 = CARTESIAN_POINT('',(-9.95,39.1,2.4));
#2793 = VECTOR('',#2794,1.);
#2794 = DIRECTION('',(-1.,-0.,0.));
#2795 = PCURVE('',#1467,#2796);
#2796 = DEFINITIONAL_REPRESENTATION('',(#2797),#2800);
#2797 = B_SPLINE_CURVE_WITH_KNOTS('',1,(#2798,#2799),.UNSPECIFIED.,.F.,
  .F.,(2,2),(-25.85,-24.05),.PIECEWISE_BEZIER_KNOTS.);
#2798 = CARTESIAN_POINT('',(2.9,1.8));
#2799 = CARTESIAN_POINT('',(2.9,0.));
#2800 = ( GEOMETRIC_REPRESENTATION_CONTEXT(2) 
PARAMETRIC_REPRESENTATION_CONTEXT() REPRESENTATION_CONTEXT('2D SPACE',''
  ) );
#2801 = PCURVE('',#2139,#2802);
#2802 = DEFINITIONAL_REPRESENTATION('',(#2803),#2806);
#2803 = B_SPLINE_CURVE_WITH_KNOTS('',1,(#2804,#2805),.UNSPECIFIED.,.F.,
  .F.,(2,2),(-25.85,-24.05),.PIECEWISE_BEZIER_KNOTS.);
#2804 = CARTESIAN_POINT('',(49.9,83.1));
#2805 = CARTESIAN_POINT('',(48.1,83.1));
#2806 = ( GEOMETRIC_REPRESENTATION_CONTEXT(2) 
PARAMETRIC_REPRESENTATION_CONTEXT() REPRESENTATION_CONTEXT('2D SPACE',''
  ) );
#2807 = ADVANCED_FACE('',(#2808),#1441,.T.);
#2808 = FACE_BOUND('',#2809,.T.);
#2809 = EDGE_LOOP('',(#2810,#2811,#2812,#2813));
#2810 = ORIENTED_EDGE('',*,*,#2672,.F.);
#2811 = ORIENTED_EDGE('',*,*,#1426,.T.);
#2812 = ORIENTED_EDGE('',*,*,#2766,.T.);
#2813 = ORIENTED_EDGE('',*,*,#2814,.F.);
#2814 = EDGE_CURVE('',#2673,#2767,#2815,.T.);
#2815 = SURFACE_CURVE('',#2816,(#2820,#2826),.PCURVE_S1.);
#2816 = LINE('',#2817,#2818);
#2817 = CARTESIAN_POINT('',(14.1,-4.05,2.4));
#2818 = VECTOR('',#2819,1.);
#2819 = DIRECTION('',(-0.,1.,0.));
#2820 = PCURVE('',#1441,#2821);
#2821 = DEFINITIONAL_REPRESENTATION('',(#2822),#2825);
#2822 = B_SPLINE_CURVE_WITH_KNOTS('',1,(#2823,#2824),.UNSPECIFIED.,.F.,
  .F.,(2,2),(39.95,43.15),.PIECEWISE_BEZIER_KNOTS.);
#2823 = CARTESIAN_POINT('',(2.9,0.));
#2824 = CARTESIAN_POINT('',(2.9,-3.2));
#2825 = ( GEOMETRIC_REPRESENTATION_CONTEXT(2) 
PARAMETRIC_REPRESENTATION_CONTEXT() REPRESENTATION_CONTEXT('2D SPACE',''
  ) );
#2826 = PCURVE('',#2139,#2827);
#2827 = DEFINITIONAL_REPRESENTATION('',(#2828),#2831);
#2828 = B_SPLINE_CURVE_WITH_KNOTS('',1,(#2829,#2830),.UNSPECIFIED.,.F.,
  .F.,(2,2),(39.95,43.15),.PIECEWISE_BEZIER_KNOTS.);
#2829 = CARTESIAN_POINT('',(48.1,79.9));
#2830 = CARTESIAN_POINT('',(48.1,83.1));
#2831 = ( GEOMETRIC_REPRESENTATION_CONTEXT(2) 
PARAMETRIC_REPRESENTATION_CONTEXT() REPRESENTATION_CONTEXT('2D SPACE',''
  ) );
#2832 = ADVANCED_FACE('',(#2833),#1520,.T.);
#2833 = FACE_BOUND('',#2834,.T.);
#2834 = EDGE_LOOP('',(#2835,#2861,#2888,#2889));
#2835 = ORIENTED_EDGE('',*,*,#2836,.F.);
#2836 = EDGE_CURVE('',#2837,#1645,#2839,.T.);
#2837 = VERTEX_POINT('',#2838);
#2838 = CARTESIAN_POINT('',(37.6,-43.4,4.8));
#2839 = SURFACE_CURVE('',#2840,(#2844,#2850),.PCURVE_S1.);
#2840 = LINE('',#2841,#2842);
#2841 = CARTESIAN_POINT('',(37.,-43.4,4.2));
#2842 = VECTOR('',#2843,1.);
#2843 = DIRECTION('',(-0.707106781187,-0.,-0.707106781187));
#2844 = PCURVE('',#1520,#2845);
#2845 = DEFINITIONAL_REPRESENTATION('',(#2846),#2849);
#2846 = B_SPLINE_CURVE_WITH_KNOTS('',1,(#2847,#2848),.UNSPECIFIED.,.F.,
  .F.,(2,2),(-0.848528137424,0.848528137424),.PIECEWISE_BEZIER_KNOTS.);
#2847 = CARTESIAN_POINT('',(0.,0.));
#2848 = CARTESIAN_POINT('',(0.,-1.2));
#2849 = ( GEOMETRIC_REPRESENTATION_CONTEXT(2) 
PARAMETRIC_REPRESENTATION_CONTEXT() REPRESENTATION_CONTEXT('2D SPACE',''
  ) );
#2850 = PCURVE('',#2851,#2856);
#2851 = PLANE('',#2852);
#2852 = AXIS2_PLACEMENT_3D('',#2853,#2854,#2855);
#2853 = CARTESIAN_POINT('',(37.,43.4,4.2));
#2854 = DIRECTION('',(-0.707106781187,0.,0.707106781187));
#2855 = DIRECTION('',(0.,1.,-0.));
#2856 = DEFINITIONAL_REPRESENTATION('',(#2857),#2860);
#2857 = B_SPLINE_CURVE_WITH_KNOTS('',1,(#2858,#2859),.UNSPECIFIED.,.F.,
  .F.,(2,2),(-0.848528137424,0.848528137424),.PIECEWISE_BEZIER_KNOTS.);
#2858 = CARTESIAN_POINT('',(-86.8,-0.848528137424));
#2859 = CARTESIAN_POINT('',(-86.8,0.848528137424));
#2860 = ( GEOMETRIC_REPRESENTATION_CONTEXT(2) 
PARAMETRIC_REPRESENTATION_CONTEXT() REPRESENTATION_CONTEXT('2D SPACE',''
  ) );
#2861 = ORIENTED_EDGE('',*,*,#2862,.T.);
#2862 = EDGE_CURVE('',#2837,#1506,#2863,.T.);
#2863 = SURFACE_CURVE('',#2864,(#2869,#2876),.PCURVE_S1.);
#2864 = CIRCLE('',#2865,4.2);
#2865 = AXIS2_PLACEMENT_3D('',#2866,#2867,#2868);
#2866 = CARTESIAN_POINT('',(33.4,-43.4,4.8));
#2867 = DIRECTION('',(0.,-0.,-1.));
#2868 = DIRECTION('',(1.,0.,-0.));
#2869 = PCURVE('',#1520,#2870);
#2870 = DEFINITIONAL_REPRESENTATION('',(#2871),#2875);
#2871 = LINE('',#2872,#2873);
#2872 = CARTESIAN_POINT('',(-0.,-0.));
#2873 = VECTOR('',#2874,1.);
#2874 = DIRECTION('',(-1.,-0.));
#2875 = ( GEOMETRIC_REPRESENTATION_CONTEXT(2) 
PARAMETRIC_REPRESENTATION_CONTEXT() REPRESENTATION_CONTEXT('2D SPACE',''
  ) );
#2876 = PCURVE('',#2877,#2882);
#2877 = CYLINDRICAL_SURFACE('',#2878,4.2);
#2878 = AXIS2_PLACEMENT_3D('',#2879,#2880,#2881);
#2879 = CARTESIAN_POINT('',(33.4,-43.4,3.6));
#2880 = DIRECTION('',(0.,0.,1.));
#2881 = DIRECTION('',(1.,0.,-0.));
#2882 = DEFINITIONAL_REPRESENTATION('',(#2883),#2887);
#2883 = LINE('',#2884,#2885);
#2884 = CARTESIAN_POINT('',(-0.,1.2));
#2885 = VECTOR('',#2886,1.);
#2886 = DIRECTION('',(-1.,0.));
#2887 = ( GEOMETRIC_REPRESENTATION_CONTEXT(2) 
PARAMETRIC_REPRESENTATION_CONTEXT() REPRESENTATION_CONTEXT('2D SPACE',''
  ) );
#2888 = ORIENTED_EDGE('',*,*,#1505,.T.);
#2889 = ORIENTED_EDGE('',*,*,#1695,.F.);
#2890 = ADVANCED_FACE('',(#2891),#1545,.F.);
#2891 = FACE_BOUND('',#2892,.F.);
#2892 = EDGE_LOOP('',(#2893,#2894,#2922,#2943));
#2893 = ORIENTED_EDGE('',*,*,#1564,.T.);
#2894 = ORIENTED_EDGE('',*,*,#2895,.F.);
#2895 = EDGE_CURVE('',#2896,#1565,#2898,.T.);
#2896 = VERTEX_POINT('',#2897);
#2897 = CARTESIAN_POINT('',(33.4,-47.6,7.2));
#2898 = SURFACE_CURVE('',#2899,(#2903,#2910),.PCURVE_S1.);
#2899 = LINE('',#2900,#2901);
#2900 = CARTESIAN_POINT('',(33.4,-47.6,7.2));
#2901 = VECTOR('',#2902,1.);
#2902 = DIRECTION('',(-1.,-0.,0.));
#2903 = PCURVE('',#1545,#2904);
#2904 = DEFINITIONAL_REPRESENTATION('',(#2905),#2909);
#2905 = LINE('',#2906,#2907);
#2906 = CARTESIAN_POINT('',(3.6,71.));
#2907 = VECTOR('',#2908,1.);
#2908 = DIRECTION('',(0.,-1.));
#2909 = ( GEOMETRIC_REPRESENTATION_CONTEXT(2) 
PARAMETRIC_REPRESENTATION_CONTEXT() REPRESENTATION_CONTEXT('2D SPACE',''
  ) );
#2910 = PCURVE('',#2911,#2916);
#2911 = PLANE('',#2912);
#2912 = AXIS2_PLACEMENT_3D('',#2913,#2914,#2915);
#2913 = CARTESIAN_POINT('',(33.4,-47.,7.8));
#2914 = DIRECTION('',(0.,0.707106781187,-0.707106781187));
#2915 = DIRECTION('',(-1.,0.,-0.));
#2916 = DEFINITIONAL_REPRESENTATION('',(#2917),#2921);
#2917 = LINE('',#2918,#2919);
#2918 = CARTESIAN_POINT('',(0.,-0.848528137424));
#2919 = VECTOR('',#2920,1.);
#2920 = DIRECTION('',(1.,0.));
#2921 = ( GEOMETRIC_REPRESENTATION_CONTEXT(2) 
PARAMETRIC_REPRESENTATION_CONTEXT() REPRESENTATION_CONTEXT('2D SPACE',''
  ) );
#2922 = ORIENTED_EDGE('',*,*,#2923,.F.);
#2923 = EDGE_CURVE('',#1506,#2896,#2924,.T.);
#2924 = SURFACE_CURVE('',#2925,(#2929,#2936),.PCURVE_S1.);
#2925 = LINE('',#2926,#2927);
#2926 = CARTESIAN_POINT('',(33.4,-47.6,3.6));
#2927 = VECTOR('',#2928,1.);
#2928 = DIRECTION('',(0.,0.,1.));
#2929 = PCURVE('',#1545,#2930);
#2930 = DEFINITIONAL_REPRESENTATION('',(#2931),#2935);
#2931 = LINE('',#2932,#2933);
#2932 = CARTESIAN_POINT('',(0.,71.));
#2933 = VECTOR('',#2934,1.);
#2934 = DIRECTION('',(1.,0.));
#2935 = ( GEOMETRIC_REPRESENTATION_CONTEXT(2) 
PARAMETRIC_REPRESENTATION_CONTEXT() REPRESENTATION_CONTEXT('2D SPACE',''
  ) );
#2936 = PCURVE('',#2877,#2937);
#2937 = DEFINITIONAL_REPRESENTATION('',(#2938),#2942);
#2938 = LINE('',#2939,#2940);
#2939 = CARTESIAN_POINT('',(-1.570796326795,0.));
#2940 = VECTOR('',#2941,1.);
#2941 = DIRECTION('',(-0.,1.));
#2942 = ( GEOMETRIC_REPRESENTATION_CONTEXT(2) 
PARAMETRIC_REPRESENTATION_CONTEXT() REPRESENTATION_CONTEXT('2D SPACE',''
  ) );
#2943 = ORIENTED_EDGE('',*,*,#1531,.T.);
#2944 = ADVANCED_FACE('',(#2945),#1602,.T.);
#2945 = FACE_BOUND('',#2946,.F.);
#2946 = EDGE_LOOP('',(#2947,#2968,#2969,#2970));
#2947 = ORIENTED_EDGE('',*,*,#2948,.F.);
#2948 = EDGE_CURVE('',#1565,#2949,#2951,.T.);
#2949 = VERTEX_POINT('',#2950);
#2950 = CARTESIAN_POINT('',(-33.4,-46.4,8.4));
#2951 = SURFACE_CURVE('',#2952,(#2956,#2962),.PCURVE_S1.);
#2952 = LINE('',#2953,#2954);
#2953 = CARTESIAN_POINT('',(-33.4,-47.,7.8));
#2954 = VECTOR('',#2955,1.);
#2955 = DIRECTION('',(0.,0.707106781187,0.707106781187));
#2956 = PCURVE('',#1602,#2957);
#2957 = DEFINITIONAL_REPRESENTATION('',(#2958),#2961);
#2958 = B_SPLINE_CURVE_WITH_KNOTS('',1,(#2959,#2960),.UNSPECIFIED.,.F.,
  .F.,(2,2),(-0.848528137424,0.848528137424),.PIECEWISE_BEZIER_KNOTS.);
#2959 = CARTESIAN_POINT('',(0.,0.));
#2960 = CARTESIAN_POINT('',(0.,-1.2));
#2961 = ( GEOMETRIC_REPRESENTATION_CONTEXT(2) 
PARAMETRIC_REPRESENTATION_CONTEXT() REPRESENTATION_CONTEXT('2D SPACE',''
  ) );
#2962 = PCURVE('',#2911,#2963);
#2963 = DEFINITIONAL_REPRESENTATION('',(#2964),#2967);
#2964 = B_SPLINE_CURVE_WITH_KNOTS('',1,(#2965,#2966),.UNSPECIFIED.,.F.,
  .F.,(2,2),(-0.848528137424,0.848528137424),.PIECEWISE_BEZIER_KNOTS.);
#2965 = CARTESIAN_POINT('',(66.8,-0.848528137424));
#2966 = CARTESIAN_POINT('',(66.8,0.848528137424));
#2967 = ( GEOMETRIC_REPRESENTATION_CONTEXT(2) 
PARAMETRIC_REPRESENTATION_CONTEXT() REPRESENTATION_CONTEXT('2D SPACE',''
  ) );
#2968 = ORIENTED_EDGE('',*,*,#1587,.T.);
#2969 = ORIENTED_EDGE('',*,*,#1720,.T.);
#2970 = ORIENTED_EDGE('',*,*,#2971,.F.);
#2971 = EDGE_CURVE('',#2949,#1721,#2972,.T.);
#2972 = SURFACE_CURVE('',#2973,(#2978,#2985),.PCURVE_S1.);
#2973 = CIRCLE('',#2974,3.);
#2974 = AXIS2_PLACEMENT_3D('',#2975,#2976,#2977);
#2975 = CARTESIAN_POINT('',(-33.4,-43.4,8.4));
#2976 = DIRECTION('',(-0.,-0.,-1.));
#2977 = DIRECTION('',(0.,-1.,0.));
#2978 = PCURVE('',#1602,#2979);
#2979 = DEFINITIONAL_REPRESENTATION('',(#2980),#2984);
#2980 = LINE('',#2981,#2982);
#2981 = CARTESIAN_POINT('',(0.,-1.2));
#2982 = VECTOR('',#2983,1.);
#2983 = DIRECTION('',(1.,-0.));
#2984 = ( GEOMETRIC_REPRESENTATION_CONTEXT(2) 
PARAMETRIC_REPRESENTATION_CONTEXT() REPRESENTATION_CONTEXT('2D SPACE',''
  ) );
#2985 = PCURVE('',#2986,#2991);
#2986 = CYLINDRICAL_SURFACE('',#2987,3.);
#2987 = AXIS2_PLACEMENT_3D('',#2988,#2989,#2990);
#2988 = CARTESIAN_POINT('',(-33.4,-43.4,0.));
#2989 = DIRECTION('',(0.,0.,1.));
#2990 = DIRECTION('',(-1.,-0.,0.));
#2991 = DEFINITIONAL_REPRESENTATION('',(#2992),#2996);
#2992 = LINE('',#2993,#2994);
#2993 = CARTESIAN_POINT('',(1.570796326795,8.4));
#2994 = VECTOR('',#2995,1.);
#2995 = DIRECTION('',(-1.,0.));
#2996 = ( GEOMETRIC_REPRESENTATION_CONTEXT(2) 
PARAMETRIC_REPRESENTATION_CONTEXT() REPRESENTATION_CONTEXT('2D SPACE',''
  ) );
#2997 = ADVANCED_FACE('',(#2998),#1660,.T.);
#2998 = FACE_BOUND('',#2999,.T.);
#2999 = EDGE_LOOP('',(#3000,#3001,#3002,#3003));
#3000 = ORIENTED_EDGE('',*,*,#1642,.F.);
#3001 = ORIENTED_EDGE('',*,*,#2053,.F.);
#3002 = ORIENTED_EDGE('',*,*,#1929,.T.);
#3003 = ORIENTED_EDGE('',*,*,#3004,.T.);
#3004 = EDGE_CURVE('',#1932,#1645,#3005,.T.);
#3005 = SURFACE_CURVE('',#3006,(#3010,#3017),.PCURVE_S1.);
#3006 = LINE('',#3007,#3008);
#3007 = CARTESIAN_POINT('',(36.4,43.4,3.6));
#3008 = VECTOR('',#3009,1.);
#3009 = DIRECTION('',(0.,-1.,-0.));
#3010 = PCURVE('',#1660,#3011);
#3011 = DEFINITIONAL_REPRESENTATION('',(#3012),#3016);
#3012 = LINE('',#3013,#3014);
#3013 = CARTESIAN_POINT('',(3.6,-89.8));
#3014 = VECTOR('',#3015,1.);
#3015 = DIRECTION('',(0.,1.));
#3016 = ( GEOMETRIC_REPRESENTATION_CONTEXT(2) 
PARAMETRIC_REPRESENTATION_CONTEXT() REPRESENTATION_CONTEXT('2D SPACE',''
  ) );
#3017 = PCURVE('',#2851,#3018);
#3018 = DEFINITIONAL_REPRESENTATION('',(#3019),#3023);
#3019 = LINE('',#3020,#3021);
#3020 = CARTESIAN_POINT('',(-0.,0.848528137424));
#3021 = VECTOR('',#3022,1.);
#3022 = DIRECTION('',(-1.,0.));
#3023 = ( GEOMETRIC_REPRESENTATION_CONTEXT(2) 
PARAMETRIC_REPRESENTATION_CONTEXT() REPRESENTATION_CONTEXT('2D SPACE',''
  ) );
#3024 = ADVANCED_FACE('',(#3025),#1782,.F.);
#3025 = FACE_BOUND('',#3026,.F.);
#3026 = EDGE_LOOP('',(#3027,#3050,#3051,#3079,#3107,#3135,#3161,#3187,
    #3213,#3239,#3265,#3291,#3317,#3343,#3369,#3395,#3421,#3447,#3473,
    #3501));
#3027 = ORIENTED_EDGE('',*,*,#3028,.F.);
#3028 = EDGE_CURVE('',#1721,#3029,#3031,.T.);
#3029 = VERTEX_POINT('',#3030);
#3030 = CARTESIAN_POINT('',(-36.4,-43.4,32.));
#3031 = SURFACE_CURVE('',#3032,(#3036,#3043),.PCURVE_S1.);
#3032 = LINE('',#3033,#3034);
#3033 = CARTESIAN_POINT('',(-36.4,-43.4,0.));
#3034 = VECTOR('',#3035,1.);
#3035 = DIRECTION('',(0.,0.,1.));
#3036 = PCURVE('',#1782,#3037);
#3037 = DEFINITIONAL_REPRESENTATION('',(#3038),#3042);
#3038 = LINE('',#3039,#3040);
#3039 = CARTESIAN_POINT('',(0.,-3.));
#3040 = VECTOR('',#3041,1.);
#3041 = DIRECTION('',(1.,0.));
#3042 = ( GEOMETRIC_REPRESENTATION_CONTEXT(2) 
PARAMETRIC_REPRESENTATION_CONTEXT() REPRESENTATION_CONTEXT('2D SPACE',''
  ) );
#3043 = PCURVE('',#2986,#3044);
#3044 = DEFINITIONAL_REPRESENTATION('',(#3045),#3049);
#3045 = LINE('',#3046,#3047);
#3046 = CARTESIAN_POINT('',(0.,0.));
#3047 = VECTOR('',#3048,1.);
#3048 = DIRECTION('',(0.,1.));
#3049 = ( GEOMETRIC_REPRESENTATION_CONTEXT(2) 
PARAMETRIC_REPRESENTATION_CONTEXT() REPRESENTATION_CONTEXT('2D SPACE',''
  ) );
#3050 = ORIENTED_EDGE('',*,*,#1768,.T.);
#3051 = ORIENTED_EDGE('',*,*,#3052,.T.);
#3052 = EDGE_CURVE('',#1743,#3053,#3055,.T.);
#3053 = VERTEX_POINT('',#3054);
#3054 = CARTESIAN_POINT('',(-36.4,43.4,32.));
#3055 = SURFACE_CURVE('',#3056,(#3060,#3067),.PCURVE_S1.);
#3056 = LINE('',#3057,#3058);
#3057 = CARTESIAN_POINT('',(-36.4,43.4,0.));
#3058 = VECTOR('',#3059,1.);
#3059 = DIRECTION('',(0.,0.,1.));
#3060 = PCURVE('',#1782,#3061);
#3061 = DEFINITIONAL_REPRESENTATION('',(#3062),#3066);
#3062 = LINE('',#3063,#3064);
#3063 = CARTESIAN_POINT('',(0.,-89.8));
#3064 = VECTOR('',#3065,1.);
#3065 = DIRECTION('',(1.,0.));
#3066 = ( GEOMETRIC_REPRESENTATION_CONTEXT(2) 
PARAMETRIC_REPRESENTATION_CONTEXT() REPRESENTATION_CONTEXT('2D SPACE',''
  ) );
#3067 = PCURVE('',#3068,#3073);
#3068 = CYLINDRICAL_SURFACE('',#3069,3.);
#3069 = AXIS2_PLACEMENT_3D('',#3070,#3071,#3072);
#3070 = CARTESIAN_POINT('',(-33.4,43.4,0.));
#3071 = DIRECTION('',(0.,0.,1.));
#3072 = DIRECTION('',(-1.,-0.,0.));
#3073 = DEFINITIONAL_REPRESENTATION('',(#3074),#3078);
#3074 = LINE('',#3075,#3076);
#3075 = CARTESIAN_POINT('',(-0.,0.));
#3076 = VECTOR('',#3077,1.);
#3077 = DIRECTION('',(-0.,1.));
#3078 = ( GEOMETRIC_REPRESENTATION_CONTEXT(2) 
PARAMETRIC_REPRESENTATION_CONTEXT() REPRESENTATION_CONTEXT('2D SPACE',''
  ) );
#3079 = ORIENTED_EDGE('',*,*,#3080,.F.);
#3080 = EDGE_CURVE('',#3081,#3053,#3083,.T.);
#3081 = VERTEX_POINT('',#3082);
#3082 = CARTESIAN_POINT('',(-36.4,42.4,32.));
#3083 = SURFACE_CURVE('',#3084,(#3088,#3095),.PCURVE_S1.);
#3084 = LINE('',#3085,#3086);
#3085 = CARTESIAN_POINT('',(-36.4,-46.4,32.));
#3086 = VECTOR('',#3087,1.);
#3087 = DIRECTION('',(-0.,1.,0.));
#3088 = PCURVE('',#1782,#3089);
#3089 = DEFINITIONAL_REPRESENTATION('',(#3090),#3094);
#3090 = LINE('',#3091,#3092);
#3091 = CARTESIAN_POINT('',(32.,0.));
#3092 = VECTOR('',#3093,1.);
#3093 = DIRECTION('',(0.,-1.));
#3094 = ( GEOMETRIC_REPRESENTATION_CONTEXT(2) 
PARAMETRIC_REPRESENTATION_CONTEXT() REPRESENTATION_CONTEXT('2D SPACE',''
  ) );
#3095 = PCURVE('',#3096,#3101);
#3096 = PLANE('',#3097);
#3097 = AXIS2_PLACEMENT_3D('',#3098,#3099,#3100);
#3098 = CARTESIAN_POINT('',(-36.4,-46.4,32.));
#3099 = DIRECTION('',(0.,0.,1.));
#3100 = DIRECTION('',(1.,0.,-0.));
#3101 = DEFINITIONAL_REPRESENTATION('',(#3102),#3106);
#3102 = LINE('',#3103,#3104);
#3103 = CARTESIAN_POINT('',(0.,0.));
#3104 = VECTOR('',#3105,1.);
#3105 = DIRECTION('',(0.,1.));
#3106 = ( GEOMETRIC_REPRESENTATION_CONTEXT(2) 
PARAMETRIC_REPRESENTATION_CONTEXT() REPRESENTATION_CONTEXT('2D SPACE',''
  ) );
#3107 = ORIENTED_EDGE('',*,*,#3108,.F.);
#3108 = EDGE_CURVE('',#3109,#3081,#3111,.T.);
#3109 = VERTEX_POINT('',#3110);
#3110 = CARTESIAN_POINT('',(-36.4,42.4,15.));
#3111 = SURFACE_CURVE('',#3112,(#3116,#3123),.PCURVE_S1.);
#3112 = LINE('',#3113,#3114);
#3113 = CARTESIAN_POINT('',(-36.4,42.4,15.));
#3114 = VECTOR('',#3115,1.);
#3115 = DIRECTION('',(0.,0.,1.));
#3116 = PCURVE('',#1782,#3117);
#3117 = DEFINITIONAL_REPRESENTATION('',(#3118),#3122);
#3118 = LINE('',#3119,#3120);
#3119 = CARTESIAN_POINT('',(15.,-88.8));
#3120 = VECTOR('',#3121,1.);
#3121 = DIRECTION('',(1.,0.));
#3122 = ( GEOMETRIC_REPRESENTATION_CONTEXT(2) 
PARAMETRIC_REPRESENTATION_CONTEXT() REPRESENTATION_CONTEXT('2D SPACE',''
  ) );
#3123 = PCURVE('',#3124,#3129);
#3124 = PLANE('',#3125);
#3125 = AXIS2_PLACEMENT_3D('',#3126,#3127,#3128);
#3126 = CARTESIAN_POINT('',(-40.44870670429,42.4,22.651293295703));
#3127 = DIRECTION('',(0.,1.,-0.));
#3128 = DIRECTION('',(-1.,0.,0.));
#3129 = DEFINITIONAL_REPRESENTATION('',(#3130),#3134);
#3130 = LINE('',#3131,#3132);
#3131 = CARTESIAN_POINT('',(-4.048706704297,-7.651293295703));
#3132 = VECTOR('',#3133,1.);
#3133 = DIRECTION('',(0.,1.));
#3134 = ( GEOMETRIC_REPRESENTATION_CONTEXT(2) 
PARAMETRIC_REPRESENTATION_CONTEXT() REPRESENTATION_CONTEXT('2D SPACE',''
  ) );
#3135 = ORIENTED_EDGE('',*,*,#3136,.F.);
#3136 = EDGE_CURVE('',#3137,#3109,#3139,.T.);
#3137 = VERTEX_POINT('',#3138);
#3138 = CARTESIAN_POINT('',(-36.4,40.,15.));
#3139 = SURFACE_CURVE('',#3140,(#3144,#3150),.PCURVE_S1.);
#3140 = LINE('',#3141,#3142);
#3141 = CARTESIAN_POINT('',(-36.4,-2.6,15.));
#3142 = VECTOR('',#3143,1.);
#3143 = DIRECTION('',(0.,1.,0.));
#3144 = PCURVE('',#1782,#3145);
#3145 = DEFINITIONAL_REPRESENTATION('',(#3146),#3149);
#3146 = B_SPLINE_CURVE_WITH_KNOTS('',1,(#3147,#3148),.UNSPECIFIED.,.F.,
  .F.,(2,2),(42.6,45.),.PIECEWISE_BEZIER_KNOTS.);
#3147 = CARTESIAN_POINT('',(15.,-86.4));
#3148 = CARTESIAN_POINT('',(15.,-88.8));
#3149 = ( GEOMETRIC_REPRESENTATION_CONTEXT(2) 
PARAMETRIC_REPRESENTATION_CONTEXT() REPRESENTATION_CONTEXT('2D SPACE',''
  ) );
#3150 = PCURVE('',#3151,#3156);
#3151 = PLANE('',#3152);
#3152 = AXIS2_PLACEMENT_3D('',#3153,#3154,#3155);
#3153 = CARTESIAN_POINT('',(-36.1,41.2,14.7));
#3154 = DIRECTION('',(-0.707106781187,0.,-0.707106781187));
#3155 = DIRECTION('',(-0.707106781187,0.,0.707106781187));
#3156 = DEFINITIONAL_REPRESENTATION('',(#3157),#3160);
#3157 = B_SPLINE_CURVE_WITH_KNOTS('',1,(#3158,#3159),.UNSPECIFIED.,.F.,
  .F.,(2,2),(42.6,45.),.PIECEWISE_BEZIER_KNOTS.);
#3158 = CARTESIAN_POINT('',(0.424264068712,-1.2));
#3159 = CARTESIAN_POINT('',(0.424264068712,1.2));
#3160 = ( GEOMETRIC_REPRESENTATION_CONTEXT(2) 
PARAMETRIC_REPRESENTATION_CONTEXT() REPRESENTATION_CONTEXT('2D SPACE',''
  ) );
#3161 = ORIENTED_EDGE('',*,*,#3162,.T.);
#3162 = EDGE_CURVE('',#3137,#3163,#3165,.T.);
#3163 = VERTEX_POINT('',#3164);
#3164 = CARTESIAN_POINT('',(-36.4,40.,27.));
#3165 = SURFACE_CURVE('',#3166,(#3170,#3176),.PCURVE_S1.);
#3166 = LINE('',#3167,#3168);
#3167 = CARTESIAN_POINT('',(-36.4,40.,11.325646647851));
#3168 = VECTOR('',#3169,1.);
#3169 = DIRECTION('',(0.,0.,1.));
#3170 = PCURVE('',#1782,#3171);
#3171 = DEFINITIONAL_REPRESENTATION('',(#3172),#3175);
#3172 = B_SPLINE_CURVE_WITH_KNOTS('',1,(#3173,#3174),.UNSPECIFIED.,.F.,
  .F.,(2,2),(3.374353352149,15.674353352149),.PIECEWISE_BEZIER_KNOTS.);
#3173 = CARTESIAN_POINT('',(14.7,-86.4));
#3174 = CARTESIAN_POINT('',(27.,-86.4));
#3175 = ( GEOMETRIC_REPRESENTATION_CONTEXT(2) 
PARAMETRIC_REPRESENTATION_CONTEXT() REPRESENTATION_CONTEXT('2D SPACE',''
  ) );
#3176 = PCURVE('',#3177,#3182);
#3177 = PLANE('',#3178);
#3178 = AXIS2_PLACEMENT_3D('',#3179,#3180,#3181);
#3179 = CARTESIAN_POINT('',(-40.44870670429,40.,22.651293295703));
#3180 = DIRECTION('',(0.,1.,-0.));
#3181 = DIRECTION('',(-1.,0.,0.));
#3182 = DEFINITIONAL_REPRESENTATION('',(#3183),#3186);
#3183 = B_SPLINE_CURVE_WITH_KNOTS('',1,(#3184,#3185),.UNSPECIFIED.,.F.,
  .F.,(2,2),(3.374353352149,15.674353352149),.PIECEWISE_BEZIER_KNOTS.);
#3184 = CARTESIAN_POINT('',(-4.048706704297,-7.951293295703));
#3185 = CARTESIAN_POINT('',(-4.048706704297,4.348706704297));
#3186 = ( GEOMETRIC_REPRESENTATION_CONTEXT(2) 
PARAMETRIC_REPRESENTATION_CONTEXT() REPRESENTATION_CONTEXT('2D SPACE',''
  ) );
#3187 = ORIENTED_EDGE('',*,*,#3188,.T.);
#3188 = EDGE_CURVE('',#3163,#3189,#3191,.T.);
#3189 = VERTEX_POINT('',#3190);
#3190 = CARTESIAN_POINT('',(-36.4,30.8,27.));
#3191 = SURFACE_CURVE('',#3192,(#3196,#3202),.PCURVE_S1.);
#3192 = LINE('',#3193,#3194);
#3193 = CARTESIAN_POINT('',(-36.4,-9.,27.));
#3194 = VECTOR('',#3195,1.);
#3195 = DIRECTION('',(0.,-1.,0.));
#3196 = PCURVE('',#1782,#3197);
#3197 = DEFINITIONAL_REPRESENTATION('',(#3198),#3201);
#3198 = B_SPLINE_CURVE_WITH_KNOTS('',1,(#3199,#3200),.UNSPECIFIED.,.F.,
  .F.,(2,2),(-51.4,-37.4),.PIECEWISE_BEZIER_KNOTS.);
#3199 = CARTESIAN_POINT('',(27.,-88.8));
#3200 = CARTESIAN_POINT('',(27.,-74.8));
#3201 = ( GEOMETRIC_REPRESENTATION_CONTEXT(2) 
PARAMETRIC_REPRESENTATION_CONTEXT() REPRESENTATION_CONTEXT('2D SPACE',''
  ) );
#3202 = PCURVE('',#3203,#3208);
#3203 = PLANE('',#3204);
#3204 = AXIS2_PLACEMENT_3D('',#3205,#3206,#3207);
#3205 = CARTESIAN_POINT('',(-48.4,28.4,27.));
#3206 = DIRECTION('',(0.,0.,1.));
#3207 = DIRECTION('',(1.,0.,-0.));
#3208 = DEFINITIONAL_REPRESENTATION('',(#3209),#3212);
#3209 = B_SPLINE_CURVE_WITH_KNOTS('',1,(#3210,#3211),.UNSPECIFIED.,.F.,
  .F.,(2,2),(-51.4,-37.4),.PIECEWISE_BEZIER_KNOTS.);
#3210 = CARTESIAN_POINT('',(12.,14.));
#3211 = CARTESIAN_POINT('',(12.,0.));
#3212 = ( GEOMETRIC_REPRESENTATION_CONTEXT(2) 
PARAMETRIC_REPRESENTATION_CONTEXT() REPRESENTATION_CONTEXT('2D SPACE',''
  ) );
#3213 = ORIENTED_EDGE('',*,*,#3214,.F.);
#3214 = EDGE_CURVE('',#3215,#3189,#3217,.T.);
#3215 = VERTEX_POINT('',#3216);
#3216 = CARTESIAN_POINT('',(-36.4,30.8,15.));
#3217 = SURFACE_CURVE('',#3218,(#3222,#3228),.PCURVE_S1.);
#3218 = LINE('',#3219,#3220);
#3219 = CARTESIAN_POINT('',(-36.4,30.8,11.325646647851));
#3220 = VECTOR('',#3221,1.);
#3221 = DIRECTION('',(0.,0.,1.));
#3222 = PCURVE('',#1782,#3223);
#3223 = DEFINITIONAL_REPRESENTATION('',(#3224),#3227);
#3224 = B_SPLINE_CURVE_WITH_KNOTS('',1,(#3225,#3226),.UNSPECIFIED.,.F.,
  .F.,(2,2),(3.374353352149,15.674353352149),.PIECEWISE_BEZIER_KNOTS.);
#3225 = CARTESIAN_POINT('',(14.7,-77.2));
#3226 = CARTESIAN_POINT('',(27.,-77.2));
#3227 = ( GEOMETRIC_REPRESENTATION_CONTEXT(2) 
PARAMETRIC_REPRESENTATION_CONTEXT() REPRESENTATION_CONTEXT('2D SPACE',''
  ) );
#3228 = PCURVE('',#3229,#3234);
#3229 = PLANE('',#3230);
#3230 = AXIS2_PLACEMENT_3D('',#3231,#3232,#3233);
#3231 = CARTESIAN_POINT('',(-40.44870670429,30.8,22.651293295703));
#3232 = DIRECTION('',(0.,1.,-0.));
#3233 = DIRECTION('',(-1.,0.,0.));
#3234 = DEFINITIONAL_REPRESENTATION('',(#3235),#3238);
#3235 = B_SPLINE_CURVE_WITH_KNOTS('',1,(#3236,#3237),.UNSPECIFIED.,.F.,
  .F.,(2,2),(3.374353352149,15.674353352149),.PIECEWISE_BEZIER_KNOTS.);
#3236 = CARTESIAN_POINT('',(-4.048706704297,-7.951293295703));
#3237 = CARTESIAN_POINT('',(-4.048706704297,4.348706704297));
#3238 = ( GEOMETRIC_REPRESENTATION_CONTEXT(2) 
PARAMETRIC_REPRESENTATION_CONTEXT() REPRESENTATION_CONTEXT('2D SPACE',''
  ) );
#3239 = ORIENTED_EDGE('',*,*,#3240,.F.);
#3240 = EDGE_CURVE('',#3241,#3215,#3243,.T.);
#3241 = VERTEX_POINT('',#3242);
#3242 = CARTESIAN_POINT('',(-36.4,30.,15.));
#3243 = SURFACE_CURVE('',#3244,(#3248,#3254),.PCURVE_S1.);
#3244 = LINE('',#3245,#3246);
#3245 = CARTESIAN_POINT('',(-36.4,-8.4,15.));
#3246 = VECTOR('',#3247,1.);
#3247 = DIRECTION('',(0.,1.,0.));
#3248 = PCURVE('',#1782,#3249);
#3249 = DEFINITIONAL_REPRESENTATION('',(#3250),#3253);
#3250 = B_SPLINE_CURVE_WITH_KNOTS('',1,(#3251,#3252),.UNSPECIFIED.,.F.,
  .F.,(2,2),(36.8,39.2),.PIECEWISE_BEZIER_KNOTS.);
#3251 = CARTESIAN_POINT('',(15.,-74.8));
#3252 = CARTESIAN_POINT('',(15.,-77.2));
#3253 = ( GEOMETRIC_REPRESENTATION_CONTEXT(2) 
PARAMETRIC_REPRESENTATION_CONTEXT() REPRESENTATION_CONTEXT('2D SPACE',''
  ) );
#3254 = PCURVE('',#3255,#3260);
#3255 = PLANE('',#3256);
#3256 = AXIS2_PLACEMENT_3D('',#3257,#3258,#3259);
#3257 = CARTESIAN_POINT('',(-36.1,29.6,14.7));
#3258 = DIRECTION('',(-0.707106781187,0.,-0.707106781187));
#3259 = DIRECTION('',(-0.707106781187,0.,0.707106781187));
#3260 = DEFINITIONAL_REPRESENTATION('',(#3261),#3264);
#3261 = B_SPLINE_CURVE_WITH_KNOTS('',1,(#3262,#3263),.UNSPECIFIED.,.F.,
  .F.,(2,2),(36.8,39.2),.PIECEWISE_BEZIER_KNOTS.);
#3262 = CARTESIAN_POINT('',(0.424264068712,-1.2));
#3263 = CARTESIAN_POINT('',(0.424264068712,1.2));
#3264 = ( GEOMETRIC_REPRESENTATION_CONTEXT(2) 
PARAMETRIC_REPRESENTATION_CONTEXT() REPRESENTATION_CONTEXT('2D SPACE',''
  ) );
#3265 = ORIENTED_EDGE('',*,*,#3266,.F.);
#3266 = EDGE_CURVE('',#3267,#3241,#3269,.T.);
#3267 = VERTEX_POINT('',#3268);
#3268 = CARTESIAN_POINT('',(-36.4,30.,9.));
#3269 = SURFACE_CURVE('',#3270,(#3274,#3280),.PCURVE_S1.);
#3270 = LINE('',#3271,#3272);
#3271 = CARTESIAN_POINT('',(-36.4,30.,4.5));
#3272 = VECTOR('',#3273,1.);
#3273 = DIRECTION('',(0.,0.,1.));
#3274 = PCURVE('',#1782,#3275);
#3275 = DEFINITIONAL_REPRESENTATION('',(#3276),#3279);
#3276 = B_SPLINE_CURVE_WITH_KNOTS('',1,(#3277,#3278),.UNSPECIFIED.,.F.,
  .F.,(2,2),(4.5,27.5),.PIECEWISE_BEZIER_KNOTS.);
#3277 = CARTESIAN_POINT('',(9.,-76.4));
#3278 = CARTESIAN_POINT('',(32.,-76.4));
#3279 = ( GEOMETRIC_REPRESENTATION_CONTEXT(2) 
PARAMETRIC_REPRESENTATION_CONTEXT() REPRESENTATION_CONTEXT('2D SPACE',''
  ) );
#3280 = PCURVE('',#3281,#3286);
#3281 = PLANE('',#3282);
#3282 = AXIS2_PLACEMENT_3D('',#3283,#3284,#3285);
#3283 = CARTESIAN_POINT('',(-36.9,30.,9.));
#3284 = DIRECTION('',(-0.,1.,0.));
#3285 = DIRECTION('',(0.,0.,1.));
#3286 = DEFINITIONAL_REPRESENTATION('',(#3287),#3290);
#3287 = B_SPLINE_CURVE_WITH_KNOTS('',1,(#3288,#3289),.UNSPECIFIED.,.F.,
  .F.,(2,2),(4.5,27.5),.PIECEWISE_BEZIER_KNOTS.);
#3288 = CARTESIAN_POINT('',(0.,0.5));
#3289 = CARTESIAN_POINT('',(23.,0.5));
#3290 = ( GEOMETRIC_REPRESENTATION_CONTEXT(2) 
PARAMETRIC_REPRESENTATION_CONTEXT() REPRESENTATION_CONTEXT('2D SPACE',''
  ) );
#3291 = ORIENTED_EDGE('',*,*,#3292,.T.);
#3292 = EDGE_CURVE('',#3267,#3293,#3295,.T.);
#3293 = VERTEX_POINT('',#3294);
#3294 = CARTESIAN_POINT('',(-36.4,-30.,9.));
#3295 = SURFACE_CURVE('',#3296,(#3300,#3306),.PCURVE_S1.);
#3296 = LINE('',#3297,#3298);
#3297 = CARTESIAN_POINT('',(-36.4,-38.2,9.));
#3298 = VECTOR('',#3299,1.);
#3299 = DIRECTION('',(0.,-1.,0.));
#3300 = PCURVE('',#1782,#3301);
#3301 = DEFINITIONAL_REPRESENTATION('',(#3302),#3305);
#3302 = B_SPLINE_CURVE_WITH_KNOTS('',1,(#3303,#3304),.UNSPECIFIED.,.F.,
  .F.,(2,2),(-68.2,-8.2),.PIECEWISE_BEZIER_KNOTS.);
#3303 = CARTESIAN_POINT('',(9.,-76.4));
#3304 = CARTESIAN_POINT('',(9.,-16.4));
#3305 = ( GEOMETRIC_REPRESENTATION_CONTEXT(2) 
PARAMETRIC_REPRESENTATION_CONTEXT() REPRESENTATION_CONTEXT('2D SPACE',''
  ) );
#3306 = PCURVE('',#3307,#3312);
#3307 = PLANE('',#3308);
#3308 = AXIS2_PLACEMENT_3D('',#3309,#3310,#3311);
#3309 = CARTESIAN_POINT('',(-36.9,-30.,9.));
#3310 = DIRECTION('',(0.,0.,1.));
#3311 = DIRECTION('',(1.,0.,-0.));
#3312 = DEFINITIONAL_REPRESENTATION('',(#3313),#3316);
#3313 = B_SPLINE_CURVE_WITH_KNOTS('',1,(#3314,#3315),.UNSPECIFIED.,.F.,
  .F.,(2,2),(-68.2,-8.2),.PIECEWISE_BEZIER_KNOTS.);
#3314 = CARTESIAN_POINT('',(0.5,60.));
#3315 = CARTESIAN_POINT('',(0.5,0.));
#3316 = ( GEOMETRIC_REPRESENTATION_CONTEXT(2) 
PARAMETRIC_REPRESENTATION_CONTEXT() REPRESENTATION_CONTEXT('2D SPACE',''
  ) );
#3317 = ORIENTED_EDGE('',*,*,#3318,.T.);
#3318 = EDGE_CURVE('',#3293,#3319,#3321,.T.);
#3319 = VERTEX_POINT('',#3320);
#3320 = CARTESIAN_POINT('',(-36.4,-30.,15.));
#3321 = SURFACE_CURVE('',#3322,(#3326,#3332),.PCURVE_S1.);
#3322 = LINE('',#3323,#3324);
#3323 = CARTESIAN_POINT('',(-36.4,-30.,4.5));
#3324 = VECTOR('',#3325,1.);
#3325 = DIRECTION('',(0.,0.,1.));
#3326 = PCURVE('',#1782,#3327);
#3327 = DEFINITIONAL_REPRESENTATION('',(#3328),#3331);
#3328 = B_SPLINE_CURVE_WITH_KNOTS('',1,(#3329,#3330),.UNSPECIFIED.,.F.,
  .F.,(2,2),(4.5,27.5),.PIECEWISE_BEZIER_KNOTS.);
#3329 = CARTESIAN_POINT('',(9.,-16.4));
#3330 = CARTESIAN_POINT('',(32.,-16.4));
#3331 = ( GEOMETRIC_REPRESENTATION_CONTEXT(2) 
PARAMETRIC_REPRESENTATION_CONTEXT() REPRESENTATION_CONTEXT('2D SPACE',''
  ) );
#3332 = PCURVE('',#3333,#3338);
#3333 = PLANE('',#3334);
#3334 = AXIS2_PLACEMENT_3D('',#3335,#3336,#3337);
#3335 = CARTESIAN_POINT('',(-36.9,-30.,9.));
#3336 = DIRECTION('',(-0.,1.,0.));
#3337 = DIRECTION('',(0.,0.,1.));
#3338 = DEFINITIONAL_REPRESENTATION('',(#3339),#3342);
#3339 = B_SPLINE_CURVE_WITH_KNOTS('',1,(#3340,#3341),.UNSPECIFIED.,.F.,
  .F.,(2,2),(4.5,27.5),.PIECEWISE_BEZIER_KNOTS.);
#3340 = CARTESIAN_POINT('',(0.,0.5));
#3341 = CARTESIAN_POINT('',(23.,0.5));
#3342 = ( GEOMETRIC_REPRESENTATION_CONTEXT(2) 
PARAMETRIC_REPRESENTATION_CONTEXT() REPRESENTATION_CONTEXT('2D SPACE',''
  ) );
#3343 = ORIENTED_EDGE('',*,*,#3344,.F.);
#3344 = EDGE_CURVE('',#3345,#3319,#3347,.T.);
#3345 = VERTEX_POINT('',#3346);
#3346 = CARTESIAN_POINT('',(-36.4,-30.8,15.));
#3347 = SURFACE_CURVE('',#3348,(#3352,#3358),.PCURVE_S1.);
#3348 = LINE('',#3349,#3350);
#3349 = CARTESIAN_POINT('',(-36.4,-38.,15.));
#3350 = VECTOR('',#3351,1.);
#3351 = DIRECTION('',(0.,1.,0.));
#3352 = PCURVE('',#1782,#3353);
#3353 = DEFINITIONAL_REPRESENTATION('',(#3354),#3357);
#3354 = B_SPLINE_CURVE_WITH_KNOTS('',1,(#3355,#3356),.UNSPECIFIED.,.F.,
  .F.,(2,2),(7.2,9.6),.PIECEWISE_BEZIER_KNOTS.);
#3355 = CARTESIAN_POINT('',(15.,-15.6));
#3356 = CARTESIAN_POINT('',(15.,-18.));
#3357 = ( GEOMETRIC_REPRESENTATION_CONTEXT(2) 
PARAMETRIC_REPRESENTATION_CONTEXT() REPRESENTATION_CONTEXT('2D SPACE',''
  ) );
#3358 = PCURVE('',#3359,#3364);
#3359 = PLANE('',#3360);
#3360 = AXIS2_PLACEMENT_3D('',#3361,#3362,#3363);
#3361 = CARTESIAN_POINT('',(-36.1,-29.6,14.7));
#3362 = DIRECTION('',(-0.707106781187,0.,-0.707106781187));
#3363 = DIRECTION('',(-0.707106781187,0.,0.707106781187));
#3364 = DEFINITIONAL_REPRESENTATION('',(#3365),#3368);
#3365 = B_SPLINE_CURVE_WITH_KNOTS('',1,(#3366,#3367),.UNSPECIFIED.,.F.,
  .F.,(2,2),(7.2,9.6),.PIECEWISE_BEZIER_KNOTS.);
#3366 = CARTESIAN_POINT('',(0.424264068712,-1.2));
#3367 = CARTESIAN_POINT('',(0.424264068712,1.2));
#3368 = ( GEOMETRIC_REPRESENTATION_CONTEXT(2) 
PARAMETRIC_REPRESENTATION_CONTEXT() REPRESENTATION_CONTEXT('2D SPACE',''
  ) );
#3369 = ORIENTED_EDGE('',*,*,#3370,.T.);
#3370 = EDGE_CURVE('',#3345,#3371,#3373,.T.);
#3371 = VERTEX_POINT('',#3372);
#3372 = CARTESIAN_POINT('',(-36.4,-30.8,27.));
#3373 = SURFACE_CURVE('',#3374,(#3378,#3384),.PCURVE_S1.);
#3374 = LINE('',#3375,#3376);
#3375 = CARTESIAN_POINT('',(-36.4,-30.8,11.325646647851));
#3376 = VECTOR('',#3377,1.);
#3377 = DIRECTION('',(0.,0.,1.));
#3378 = PCURVE('',#1782,#3379);
#3379 = DEFINITIONAL_REPRESENTATION('',(#3380),#3383);
#3380 = B_SPLINE_CURVE_WITH_KNOTS('',1,(#3381,#3382),.UNSPECIFIED.,.F.,
  .F.,(2,2),(3.374353352149,15.674353352149),.PIECEWISE_BEZIER_KNOTS.);
#3381 = CARTESIAN_POINT('',(14.7,-15.6));
#3382 = CARTESIAN_POINT('',(27.,-15.6));
#3383 = ( GEOMETRIC_REPRESENTATION_CONTEXT(2) 
PARAMETRIC_REPRESENTATION_CONTEXT() REPRESENTATION_CONTEXT('2D SPACE',''
  ) );
#3384 = PCURVE('',#3385,#3390);
#3385 = PLANE('',#3386);
#3386 = AXIS2_PLACEMENT_3D('',#3387,#3388,#3389);
#3387 = CARTESIAN_POINT('',(-40.44870670429,-30.8,22.651293295703));
#3388 = DIRECTION('',(0.,1.,-0.));
#3389 = DIRECTION('',(-1.,0.,0.));
#3390 = DEFINITIONAL_REPRESENTATION('',(#3391),#3394);
#3391 = B_SPLINE_CURVE_WITH_KNOTS('',1,(#3392,#3393),.UNSPECIFIED.,.F.,
  .F.,(2,2),(3.374353352149,15.674353352149),.PIECEWISE_BEZIER_KNOTS.);
#3392 = CARTESIAN_POINT('',(-4.048706704297,-7.951293295703));
#3393 = CARTESIAN_POINT('',(-4.048706704297,4.348706704297));
#3394 = ( GEOMETRIC_REPRESENTATION_CONTEXT(2) 
PARAMETRIC_REPRESENTATION_CONTEXT() REPRESENTATION_CONTEXT('2D SPACE',''
  ) );
#3395 = ORIENTED_EDGE('',*,*,#3396,.T.);
#3396 = EDGE_CURVE('',#3371,#3397,#3399,.T.);
#3397 = VERTEX_POINT('',#3398);
#3398 = CARTESIAN_POINT('',(-36.4,-40.,27.));
#3399 = SURFACE_CURVE('',#3400,(#3404,#3410),.PCURVE_S1.);
#3400 = LINE('',#3401,#3402);
#3401 = CARTESIAN_POINT('',(-36.4,-44.4,27.));
#3402 = VECTOR('',#3403,1.);
#3403 = DIRECTION('',(0.,-1.,0.));
#3404 = PCURVE('',#1782,#3405);
#3405 = DEFINITIONAL_REPRESENTATION('',(#3406),#3409);
#3406 = B_SPLINE_CURVE_WITH_KNOTS('',1,(#3407,#3408),.UNSPECIFIED.,.F.,
  .F.,(2,2),(-16.,-2.),.PIECEWISE_BEZIER_KNOTS.);
#3407 = CARTESIAN_POINT('',(27.,-18.));
#3408 = CARTESIAN_POINT('',(27.,-4.));
#3409 = ( GEOMETRIC_REPRESENTATION_CONTEXT(2) 
PARAMETRIC_REPRESENTATION_CONTEXT() REPRESENTATION_CONTEXT('2D SPACE',''
  ) );
#3410 = PCURVE('',#3411,#3416);
#3411 = PLANE('',#3412);
#3412 = AXIS2_PLACEMENT_3D('',#3413,#3414,#3415);
#3413 = CARTESIAN_POINT('',(-48.4,-42.4,27.));
#3414 = DIRECTION('',(0.,0.,1.));
#3415 = DIRECTION('',(1.,0.,-0.));
#3416 = DEFINITIONAL_REPRESENTATION('',(#3417),#3420);
#3417 = B_SPLINE_CURVE_WITH_KNOTS('',1,(#3418,#3419),.UNSPECIFIED.,.F.,
  .F.,(2,2),(-16.,-2.),.PIECEWISE_BEZIER_KNOTS.);
#3418 = CARTESIAN_POINT('',(12.,14.));
#3419 = CARTESIAN_POINT('',(12.,0.));
#3420 = ( GEOMETRIC_REPRESENTATION_CONTEXT(2) 
PARAMETRIC_REPRESENTATION_CONTEXT() REPRESENTATION_CONTEXT('2D SPACE',''
  ) );
#3421 = ORIENTED_EDGE('',*,*,#3422,.F.);
#3422 = EDGE_CURVE('',#3423,#3397,#3425,.T.);
#3423 = VERTEX_POINT('',#3424);
#3424 = CARTESIAN_POINT('',(-36.4,-40.,15.));
#3425 = SURFACE_CURVE('',#3426,(#3430,#3436),.PCURVE_S1.);
#3426 = LINE('',#3427,#3428);
#3427 = CARTESIAN_POINT('',(-36.4,-40.,11.325646647851));
#3428 = VECTOR('',#3429,1.);
#3429 = DIRECTION('',(0.,0.,1.));
#3430 = PCURVE('',#1782,#3431);
#3431 = DEFINITIONAL_REPRESENTATION('',(#3432),#3435);
#3432 = B_SPLINE_CURVE_WITH_KNOTS('',1,(#3433,#3434),.UNSPECIFIED.,.F.,
  .F.,(2,2),(3.374353352149,15.674353352149),.PIECEWISE_BEZIER_KNOTS.);
#3433 = CARTESIAN_POINT('',(14.7,-6.4));
#3434 = CARTESIAN_POINT('',(27.,-6.4));
#3435 = ( GEOMETRIC_REPRESENTATION_CONTEXT(2) 
PARAMETRIC_REPRESENTATION_CONTEXT() REPRESENTATION_CONTEXT('2D SPACE',''
  ) );
#3436 = PCURVE('',#3437,#3442);
#3437 = PLANE('',#3438);
#3438 = AXIS2_PLACEMENT_3D('',#3439,#3440,#3441);
#3439 = CARTESIAN_POINT('',(-40.44870670429,-40.,22.651293295703));
#3440 = DIRECTION('',(0.,1.,-0.));
#3441 = DIRECTION('',(-1.,0.,0.));
#3442 = DEFINITIONAL_REPRESENTATION('',(#3443),#3446);
#3443 = B_SPLINE_CURVE_WITH_KNOTS('',1,(#3444,#3445),.UNSPECIFIED.,.F.,
  .F.,(2,2),(3.374353352149,15.674353352149),.PIECEWISE_BEZIER_KNOTS.);
#3444 = CARTESIAN_POINT('',(-4.048706704297,-7.951293295703));
#3445 = CARTESIAN_POINT('',(-4.048706704297,4.348706704297));
#3446 = ( GEOMETRIC_REPRESENTATION_CONTEXT(2) 
PARAMETRIC_REPRESENTATION_CONTEXT() REPRESENTATION_CONTEXT('2D SPACE',''
  ) );
#3447 = ORIENTED_EDGE('',*,*,#3448,.F.);
#3448 = EDGE_CURVE('',#3449,#3423,#3451,.T.);
#3449 = VERTEX_POINT('',#3450);
#3450 = CARTESIAN_POINT('',(-36.4,-42.4,15.));
#3451 = SURFACE_CURVE('',#3452,(#3456,#3462),.PCURVE_S1.);
#3452 = LINE('',#3453,#3454);
#3453 = CARTESIAN_POINT('',(-36.4,-43.8,15.));
#3454 = VECTOR('',#3455,1.);
#3455 = DIRECTION('',(0.,1.,0.));
#3456 = PCURVE('',#1782,#3457);
#3457 = DEFINITIONAL_REPRESENTATION('',(#3458),#3461);
#3458 = B_SPLINE_CURVE_WITH_KNOTS('',1,(#3459,#3460),.UNSPECIFIED.,.F.,
  .F.,(2,2),(1.4,3.8),.PIECEWISE_BEZIER_KNOTS.);
#3459 = CARTESIAN_POINT('',(15.,-4.));
#3460 = CARTESIAN_POINT('',(15.,-6.4));
#3461 = ( GEOMETRIC_REPRESENTATION_CONTEXT(2) 
PARAMETRIC_REPRESENTATION_CONTEXT() REPRESENTATION_CONTEXT('2D SPACE',''
  ) );
#3462 = PCURVE('',#3463,#3468);
#3463 = PLANE('',#3464);
#3464 = AXIS2_PLACEMENT_3D('',#3465,#3466,#3467);
#3465 = CARTESIAN_POINT('',(-36.1,-41.2,14.7));
#3466 = DIRECTION('',(-0.707106781187,0.,-0.707106781187));
#3467 = DIRECTION('',(-0.707106781187,0.,0.707106781187));
#3468 = DEFINITIONAL_REPRESENTATION('',(#3469),#3472);
#3469 = B_SPLINE_CURVE_WITH_KNOTS('',1,(#3470,#3471),.UNSPECIFIED.,.F.,
  .F.,(2,2),(1.4,3.8),.PIECEWISE_BEZIER_KNOTS.);
#3470 = CARTESIAN_POINT('',(0.424264068712,-1.2));
#3471 = CARTESIAN_POINT('',(0.424264068712,1.2));
#3472 = ( GEOMETRIC_REPRESENTATION_CONTEXT(2) 
PARAMETRIC_REPRESENTATION_CONTEXT() REPRESENTATION_CONTEXT('2D SPACE',''
  ) );
#3473 = ORIENTED_EDGE('',*,*,#3474,.F.);
#3474 = EDGE_CURVE('',#3475,#3449,#3477,.T.);
#3475 = VERTEX_POINT('',#3476);
#3476 = CARTESIAN_POINT('',(-36.4,-42.4,32.));
#3477 = SURFACE_CURVE('',#3478,(#3482,#3489),.PCURVE_S1.);
#3478 = LINE('',#3479,#3480);
#3479 = CARTESIAN_POINT('',(-36.4,-42.4,32.));
#3480 = VECTOR('',#3481,1.);
#3481 = DIRECTION('',(0.,0.,-1.));
#3482 = PCURVE('',#1782,#3483);
#3483 = DEFINITIONAL_REPRESENTATION('',(#3484),#3488);
#3484 = LINE('',#3485,#3486);
#3485 = CARTESIAN_POINT('',(32.,-4.));
#3486 = VECTOR('',#3487,1.);
#3487 = DIRECTION('',(-1.,0.));
#3488 = ( GEOMETRIC_REPRESENTATION_CONTEXT(2) 
PARAMETRIC_REPRESENTATION_CONTEXT() REPRESENTATION_CONTEXT('2D SPACE',''
  ) );
#3489 = PCURVE('',#3490,#3495);
#3490 = PLANE('',#3491);
#3491 = AXIS2_PLACEMENT_3D('',#3492,#3493,#3494);
#3492 = CARTESIAN_POINT('',(-48.4,-42.4,27.));
#3493 = DIRECTION('',(-0.,1.,0.));
#3494 = DIRECTION('',(0.,0.,1.));
#3495 = DEFINITIONAL_REPRESENTATION('',(#3496),#3500);
#3496 = LINE('',#3497,#3498);
#3497 = CARTESIAN_POINT('',(5.,12.));
#3498 = VECTOR('',#3499,1.);
#3499 = DIRECTION('',(-1.,0.));
#3500 = ( GEOMETRIC_REPRESENTATION_CONTEXT(2) 
PARAMETRIC_REPRESENTATION_CONTEXT() REPRESENTATION_CONTEXT('2D SPACE',''
  ) );
#3501 = ORIENTED_EDGE('',*,*,#3502,.F.);
#3502 = EDGE_CURVE('',#3029,#3475,#3503,.T.);
#3503 = SURFACE_CURVE('',#3504,(#3508,#3515),.PCURVE_S1.);
#3504 = LINE('',#3505,#3506);
#3505 = CARTESIAN_POINT('',(-36.4,-46.4,32.));
#3506 = VECTOR('',#3507,1.);
#3507 = DIRECTION('',(-0.,1.,0.));
#3508 = PCURVE('',#1782,#3509);
#3509 = DEFINITIONAL_REPRESENTATION('',(#3510),#3514);
#3510 = LINE('',#3511,#3512);
#3511 = CARTESIAN_POINT('',(32.,0.));
#3512 = VECTOR('',#3513,1.);
#3513 = DIRECTION('',(0.,-1.));
#3514 = ( GEOMETRIC_REPRESENTATION_CONTEXT(2) 
PARAMETRIC_REPRESENTATION_CONTEXT() REPRESENTATION_CONTEXT('2D SPACE',''
  ) );
#3515 = PCURVE('',#3516,#3521);
#3516 = PLANE('',#3517);
#3517 = AXIS2_PLACEMENT_3D('',#3518,#3519,#3520);
#3518 = CARTESIAN_POINT('',(-36.4,-46.4,32.));
#3519 = DIRECTION('',(0.,0.,1.));
#3520 = DIRECTION('',(1.,0.,-0.));
#3521 = DEFINITIONAL_REPRESENTATION('',(#3522),#3526);
#3522 = LINE('',#3523,#3524);
#3523 = CARTESIAN_POINT('',(0.,0.));
#3524 = VECTOR('',#3525,1.);
#3525 = DIRECTION('',(0.,1.));
#3526 = ( GEOMETRIC_REPRESENTATION_CONTEXT(2) 
PARAMETRIC_REPRESENTATION_CONTEXT() REPRESENTATION_CONTEXT('2D SPACE',''
  ) );
#3527 = ADVANCED_FACE('',(#3528),#1757,.T.);
#3528 = FACE_BOUND('',#3529,.F.);
#3529 = EDGE_LOOP('',(#3530,#3531,#3532,#3558));
#3530 = ORIENTED_EDGE('',*,*,#1742,.F.);
#3531 = ORIENTED_EDGE('',*,*,#1827,.T.);
#3532 = ORIENTED_EDGE('',*,*,#3533,.T.);
#3533 = EDGE_CURVE('',#1800,#3534,#3536,.T.);
#3534 = VERTEX_POINT('',#3535);
#3535 = CARTESIAN_POINT('',(-33.4,46.4,8.4));
#3536 = SURFACE_CURVE('',#3537,(#3541,#3547),.PCURVE_S1.);
#3537 = LINE('',#3538,#3539);
#3538 = CARTESIAN_POINT('',(-33.4,47.6,7.2));
#3539 = VECTOR('',#3540,1.);
#3540 = DIRECTION('',(-1.15296311809E-15,-0.707106781187,0.707106781187)
  );
#3541 = PCURVE('',#1757,#3542);
#3542 = DEFINITIONAL_REPRESENTATION('',(#3543),#3546);
#3543 = B_SPLINE_CURVE_WITH_KNOTS('',1,(#3544,#3545),.UNSPECIFIED.,.F.,
  .F.,(2,2),(0.,1.697056274848),.PIECEWISE_BEZIER_KNOTS.);
#3544 = CARTESIAN_POINT('',(1.570796326795,0.));
#3545 = CARTESIAN_POINT('',(1.570796326795,-1.2));
#3546 = ( GEOMETRIC_REPRESENTATION_CONTEXT(2) 
PARAMETRIC_REPRESENTATION_CONTEXT() REPRESENTATION_CONTEXT('2D SPACE',''
  ) );
#3547 = PCURVE('',#3548,#3553);
#3548 = PLANE('',#3549);
#3549 = AXIS2_PLACEMENT_3D('',#3550,#3551,#3552);
#3550 = CARTESIAN_POINT('',(-33.4,47.,7.8));
#3551 = DIRECTION('',(0.,0.707106781187,0.707106781187));
#3552 = DIRECTION('',(-1.,-0.,0.));
#3553 = DEFINITIONAL_REPRESENTATION('',(#3554),#3557);
#3554 = B_SPLINE_CURVE_WITH_KNOTS('',1,(#3555,#3556),.UNSPECIFIED.,.F.,
  .F.,(2,2),(0.,1.697056274848),.PIECEWISE_BEZIER_KNOTS.);
#3555 = CARTESIAN_POINT('',(0.,-0.848528137424));
#3556 = CARTESIAN_POINT('',(0.,0.848528137424));
#3557 = ( GEOMETRIC_REPRESENTATION_CONTEXT(2) 
PARAMETRIC_REPRESENTATION_CONTEXT() REPRESENTATION_CONTEXT('2D SPACE',''
  ) );
#3558 = ORIENTED_EDGE('',*,*,#3559,.F.);
#3559 = EDGE_CURVE('',#1743,#3534,#3560,.T.);
#3560 = SURFACE_CURVE('',#3561,(#3566,#3573),.PCURVE_S1.);
#3561 = CIRCLE('',#3562,3.);
#3562 = AXIS2_PLACEMENT_3D('',#3563,#3564,#3565);
#3563 = CARTESIAN_POINT('',(-33.4,43.4,8.4));
#3564 = DIRECTION('',(-0.,0.,-1.));
#3565 = DIRECTION('',(-1.,1.691768418476E-15,0.));
#3566 = PCURVE('',#1757,#3567);
#3567 = DEFINITIONAL_REPRESENTATION('',(#3568),#3572);
#3568 = LINE('',#3569,#3570);
#3569 = CARTESIAN_POINT('',(0.,-1.2));
#3570 = VECTOR('',#3571,1.);
#3571 = DIRECTION('',(1.,-0.));
#3572 = ( GEOMETRIC_REPRESENTATION_CONTEXT(2) 
PARAMETRIC_REPRESENTATION_CONTEXT() REPRESENTATION_CONTEXT('2D SPACE',''
  ) );
#3573 = PCURVE('',#3068,#3574);
#3574 = DEFINITIONAL_REPRESENTATION('',(#3575),#3579);
#3575 = LINE('',#3576,#3577);
#3576 = CARTESIAN_POINT('',(-1.691768418476E-15,8.4));
#3577 = VECTOR('',#3578,1.);
#3578 = DIRECTION('',(-1.,0.));
#3579 = ( GEOMETRIC_REPRESENTATION_CONTEXT(2) 
PARAMETRIC_REPRESENTATION_CONTEXT() REPRESENTATION_CONTEXT('2D SPACE',''
  ) );
#3580 = ADVANCED_FACE('',(#3581),#1815,.T.);
#3581 = FACE_BOUND('',#3582,.T.);
#3582 = EDGE_LOOP('',(#3583,#3584,#3607,#3633));
#3583 = ORIENTED_EDGE('',*,*,#1799,.T.);
#3584 = ORIENTED_EDGE('',*,*,#3585,.T.);
#3585 = EDGE_CURVE('',#1800,#3586,#3588,.T.);
#3586 = VERTEX_POINT('',#3587);
#3587 = CARTESIAN_POINT('',(33.4,47.6,7.2));
#3588 = SURFACE_CURVE('',#3589,(#3593,#3600),.PCURVE_S1.);
#3589 = LINE('',#3590,#3591);
#3590 = CARTESIAN_POINT('',(-33.4,47.6,7.2));
#3591 = VECTOR('',#3592,1.);
#3592 = DIRECTION('',(1.,0.,-0.));
#3593 = PCURVE('',#1815,#3594);
#3594 = DEFINITIONAL_REPRESENTATION('',(#3595),#3599);
#3595 = LINE('',#3596,#3597);
#3596 = CARTESIAN_POINT('',(3.6,4.2));
#3597 = VECTOR('',#3598,1.);
#3598 = DIRECTION('',(0.,1.));
#3599 = ( GEOMETRIC_REPRESENTATION_CONTEXT(2) 
PARAMETRIC_REPRESENTATION_CONTEXT() REPRESENTATION_CONTEXT('2D SPACE',''
  ) );
#3600 = PCURVE('',#3548,#3601);
#3601 = DEFINITIONAL_REPRESENTATION('',(#3602),#3606);
#3602 = LINE('',#3603,#3604);
#3603 = CARTESIAN_POINT('',(-0.,-0.848528137424));
#3604 = VECTOR('',#3605,1.);
#3605 = DIRECTION('',(-1.,0.));
#3606 = ( GEOMETRIC_REPRESENTATION_CONTEXT(2) 
PARAMETRIC_REPRESENTATION_CONTEXT() REPRESENTATION_CONTEXT('2D SPACE',''
  ) );
#3607 = ORIENTED_EDGE('',*,*,#3608,.F.);
#3608 = EDGE_CURVE('',#1854,#3586,#3609,.T.);
#3609 = SURFACE_CURVE('',#3610,(#3614,#3621),.PCURVE_S1.);
#3610 = LINE('',#3611,#3612);
#3611 = CARTESIAN_POINT('',(33.4,47.6,3.6));
#3612 = VECTOR('',#3613,1.);
#3613 = DIRECTION('',(0.,0.,1.));
#3614 = PCURVE('',#1815,#3615);
#3615 = DEFINITIONAL_REPRESENTATION('',(#3616),#3620);
#3616 = LINE('',#3617,#3618);
#3617 = CARTESIAN_POINT('',(0.,71.));
#3618 = VECTOR('',#3619,1.);
#3619 = DIRECTION('',(1.,0.));
#3620 = ( GEOMETRIC_REPRESENTATION_CONTEXT(2) 
PARAMETRIC_REPRESENTATION_CONTEXT() REPRESENTATION_CONTEXT('2D SPACE',''
  ) );
#3621 = PCURVE('',#3622,#3627);
#3622 = CYLINDRICAL_SURFACE('',#3623,4.2);
#3623 = AXIS2_PLACEMENT_3D('',#3624,#3625,#3626);
#3624 = CARTESIAN_POINT('',(33.4,43.4,3.6));
#3625 = DIRECTION('',(0.,0.,1.));
#3626 = DIRECTION('',(1.,0.,-0.));
#3627 = DEFINITIONAL_REPRESENTATION('',(#3628),#3632);
#3628 = LINE('',#3629,#3630);
#3629 = CARTESIAN_POINT('',(1.570796326795,0.));
#3630 = VECTOR('',#3631,1.);
#3631 = DIRECTION('',(0.,1.));
#3632 = ( GEOMETRIC_REPRESENTATION_CONTEXT(2) 
PARAMETRIC_REPRESENTATION_CONTEXT() REPRESENTATION_CONTEXT('2D SPACE',''
  ) );
#3633 = ORIENTED_EDGE('',*,*,#1853,.F.);
#3634 = ADVANCED_FACE('',(#3635),#1889,.T.);
#3635 = FACE_BOUND('',#3636,.T.);
#3636 = EDGE_LOOP('',(#3637,#3638,#3662,#3681));
#3637 = ORIENTED_EDGE('',*,*,#1876,.F.);
#3638 = ORIENTED_EDGE('',*,*,#3639,.T.);
#3639 = EDGE_CURVE('',#1854,#3640,#3642,.T.);
#3640 = VERTEX_POINT('',#3641);
#3641 = CARTESIAN_POINT('',(37.6,43.4,4.8));
#3642 = SURFACE_CURVE('',#3643,(#3648,#3655),.PCURVE_S1.);
#3643 = CIRCLE('',#3644,4.2);
#3644 = AXIS2_PLACEMENT_3D('',#3645,#3646,#3647);
#3645 = CARTESIAN_POINT('',(33.4,43.4,4.8));
#3646 = DIRECTION('',(0.,-0.,-1.));
#3647 = DIRECTION('',(1.691768418476E-15,1.,-0.));
#3648 = PCURVE('',#1889,#3649);
#3649 = DEFINITIONAL_REPRESENTATION('',(#3650),#3654);
#3650 = LINE('',#3651,#3652);
#3651 = CARTESIAN_POINT('',(-0.,-0.));
#3652 = VECTOR('',#3653,1.);
#3653 = DIRECTION('',(-1.,-0.));
#3654 = ( GEOMETRIC_REPRESENTATION_CONTEXT(2) 
PARAMETRIC_REPRESENTATION_CONTEXT() REPRESENTATION_CONTEXT('2D SPACE',''
  ) );
#3655 = PCURVE('',#3622,#3656);
#3656 = DEFINITIONAL_REPRESENTATION('',(#3657),#3661);
#3657 = LINE('',#3658,#3659);
#3658 = CARTESIAN_POINT('',(1.570796326795,1.2));
#3659 = VECTOR('',#3660,1.);
#3660 = DIRECTION('',(-1.,-0.));
#3661 = ( GEOMETRIC_REPRESENTATION_CONTEXT(2) 
PARAMETRIC_REPRESENTATION_CONTEXT() REPRESENTATION_CONTEXT('2D SPACE',''
  ) );
#3662 = ORIENTED_EDGE('',*,*,#3663,.T.);
#3663 = EDGE_CURVE('',#3640,#1932,#3664,.T.);
#3664 = SURFACE_CURVE('',#3665,(#3669,#3675),.PCURVE_S1.);
#3665 = LINE('',#3666,#3667);
#3666 = CARTESIAN_POINT('',(37.6,43.4,4.8));
#3667 = VECTOR('',#3668,1.);
#3668 = DIRECTION('',(-0.707106781187,1.15296311809E-15,-0.707106781187)
  );
#3669 = PCURVE('',#1889,#3670);
#3670 = DEFINITIONAL_REPRESENTATION('',(#3671),#3674);
#3671 = B_SPLINE_CURVE_WITH_KNOTS('',1,(#3672,#3673),.UNSPECIFIED.,.F.,
  .F.,(2,2),(0.,1.697056274848),.PIECEWISE_BEZIER_KNOTS.);
#3672 = CARTESIAN_POINT('',(-1.570796326795,0.));
#3673 = CARTESIAN_POINT('',(-1.570796326795,-1.2));
#3674 = ( GEOMETRIC_REPRESENTATION_CONTEXT(2) 
PARAMETRIC_REPRESENTATION_CONTEXT() REPRESENTATION_CONTEXT('2D SPACE',''
  ) );
#3675 = PCURVE('',#2851,#3676);
#3676 = DEFINITIONAL_REPRESENTATION('',(#3677),#3680);
#3677 = B_SPLINE_CURVE_WITH_KNOTS('',1,(#3678,#3679),.UNSPECIFIED.,.F.,
  .F.,(2,2),(0.,1.697056274848),.PIECEWISE_BEZIER_KNOTS.);
#3678 = CARTESIAN_POINT('',(0.,-0.848528137424));
#3679 = CARTESIAN_POINT('',(0.,0.848528137424));
#3680 = ( GEOMETRIC_REPRESENTATION_CONTEXT(2) 
PARAMETRIC_REPRESENTATION_CONTEXT() REPRESENTATION_CONTEXT('2D SPACE',''
  ) );
#3681 = ORIENTED_EDGE('',*,*,#1977,.F.);
#3682 = ADVANCED_FACE('',(#3683,#4359,#4473,#4479,#4485,#4599,#4605),
  #2139,.T.);
#3683 = FACE_BOUND('',#3684,.T.);
#3684 = EDGE_LOOP('',(#3685,#3715,#3748,#3776,#3805,#3833,#3861,#3889,
    #3917,#3940,#3968,#3996,#4024,#4047,#4076,#4104,#4137,#4165,#4193,
    #4221,#4249,#4277,#4305,#4333));
#3685 = ORIENTED_EDGE('',*,*,#3686,.F.);
#3686 = EDGE_CURVE('',#3687,#3689,#3691,.T.);
#3687 = VERTEX_POINT('',#3688);
#3688 = CARTESIAN_POINT('',(-34.,-38.16696972201,2.4));
#3689 = VERTEX_POINT('',#3690);
#3690 = CARTESIAN_POINT('',(-34.,-21.,2.4));
#3691 = SURFACE_CURVE('',#3692,(#3696,#3703),.PCURVE_S1.);
#3692 = LINE('',#3693,#3694);
#3693 = CARTESIAN_POINT('',(-34.,-44.,2.4));
#3694 = VECTOR('',#3695,1.);
#3695 = DIRECTION('',(-0.,1.,0.));
#3696 = PCURVE('',#2139,#3697);
#3697 = DEFINITIONAL_REPRESENTATION('',(#3698),#3702);
#3698 = LINE('',#3699,#3700);
#3699 = CARTESIAN_POINT('',(0.,0.));
#3700 = VECTOR('',#3701,1.);
#3701 = DIRECTION('',(0.,1.));
#3702 = ( GEOMETRIC_REPRESENTATION_CONTEXT(2) 
PARAMETRIC_REPRESENTATION_CONTEXT() REPRESENTATION_CONTEXT('2D SPACE',''
  ) );
#3703 = PCURVE('',#3704,#3709);
#3704 = PLANE('',#3705);
#3705 = AXIS2_PLACEMENT_3D('',#3706,#3707,#3708);
#3706 = CARTESIAN_POINT('',(-34.,-44.,2.4));
#3707 = DIRECTION('',(1.,0.,-0.));
#3708 = DIRECTION('',(0.,0.,1.));
#3709 = DEFINITIONAL_REPRESENTATION('',(#3710),#3714);
#3710 = LINE('',#3711,#3712);
#3711 = CARTESIAN_POINT('',(0.,0.));
#3712 = VECTOR('',#3713,1.);
#3713 = DIRECTION('',(0.,-1.));
#3714 = ( GEOMETRIC_REPRESENTATION_CONTEXT(2) 
PARAMETRIC_REPRESENTATION_CONTEXT() REPRESENTATION_CONTEXT('2D SPACE',''
  ) );
#3715 = ORIENTED_EDGE('',*,*,#3716,.T.);
#3716 = EDGE_CURVE('',#3687,#3717,#3719,.T.);
#3717 = VERTEX_POINT('',#3718);
#3718 = CARTESIAN_POINT('',(-28.16696972201,-44.,2.4));
#3719 = SURFACE_CURVE('',#3720,(#3725,#3736),.PCURVE_S1.);
#3720 = CIRCLE('',#3721,4.4);
#3721 = AXIS2_PLACEMENT_3D('',#3722,#3723,#3724);
#3722 = CARTESIAN_POINT('',(-30.,-40.,2.4));
#3723 = DIRECTION('',(0.,0.,-1.));
#3724 = DIRECTION('',(-0.909090909091,0.416597790451,0.));
#3725 = PCURVE('',#2139,#3726);
#3726 = DEFINITIONAL_REPRESENTATION('',(#3727),#3735);
#3727 = ( BOUNDED_CURVE() B_SPLINE_CURVE(2,(#3728,#3729,#3730,#3731,
#3732,#3733,#3734),.UNSPECIFIED.,.T.,.F.) B_SPLINE_CURVE_WITH_KNOTS((1,2
    ,2,2,2,1),(-2.094395102393,0.,2.094395102393,4.188790204786,
6.28318530718,8.377580409573),.UNSPECIFIED.) CURVE() 
GEOMETRIC_REPRESENTATION_ITEM() RATIONAL_B_SPLINE_CURVE((1.,0.5,1.,0.5,
1.,0.5,1.)) REPRESENTATION_ITEM('') );
#3728 = CARTESIAN_POINT('',(1.820765760385E-14,5.833030277982));
#3729 = CARTESIAN_POINT('',(3.174901573278,12.761233508258));
#3730 = CARTESIAN_POINT('',(7.587450786639,6.547586476147));
#3731 = CARTESIAN_POINT('',(12.,0.333939444035));
#3732 = CARTESIAN_POINT('',(4.412549213361,-0.380616754129));
#3733 = CARTESIAN_POINT('',(-3.174901573278,-1.095172952293));
#3734 = CARTESIAN_POINT('',(1.820765760385E-14,5.833030277982));
#3735 = ( GEOMETRIC_REPRESENTATION_CONTEXT(2) 
PARAMETRIC_REPRESENTATION_CONTEXT() REPRESENTATION_CONTEXT('2D SPACE',''
  ) );
#3736 = PCURVE('',#3737,#3742);
#3737 = CYLINDRICAL_SURFACE('',#3738,4.4);
#3738 = AXIS2_PLACEMENT_3D('',#3739,#3740,#3741);
#3739 = CARTESIAN_POINT('',(-30.,-40.,2.4));
#3740 = DIRECTION('',(0.,0.,1.));
#3741 = DIRECTION('',(1.,0.,-0.));
#3742 = DEFINITIONAL_REPRESENTATION('',(#3743),#3747);
#3743 = LINE('',#3744,#3745);
#3744 = CARTESIAN_POINT('',(8.995078294618,0.));
#3745 = VECTOR('',#3746,1.);
#3746 = DIRECTION('',(-1.,-0.));
#3747 = ( GEOMETRIC_REPRESENTATION_CONTEXT(2) 
PARAMETRIC_REPRESENTATION_CONTEXT() REPRESENTATION_CONTEXT('2D SPACE',''
  ) );
#3748 = ORIENTED_EDGE('',*,*,#3749,.T.);
#3749 = EDGE_CURVE('',#3717,#3750,#3752,.T.);
#3750 = VERTEX_POINT('',#3751);
#3751 = CARTESIAN_POINT('',(28.166969722018,-44.,2.4));
#3752 = SURFACE_CURVE('',#3753,(#3757,#3764),.PCURVE_S1.);
#3753 = LINE('',#3754,#3755);
#3754 = CARTESIAN_POINT('',(-34.,-44.,2.4));
#3755 = VECTOR('',#3756,1.);
#3756 = DIRECTION('',(1.,0.,-0.));
#3757 = PCURVE('',#2139,#3758);
#3758 = DEFINITIONAL_REPRESENTATION('',(#3759),#3763);
#3759 = LINE('',#3760,#3761);
#3760 = CARTESIAN_POINT('',(0.,0.));
#3761 = VECTOR('',#3762,1.);
#3762 = DIRECTION('',(1.,0.));
#3763 = ( GEOMETRIC_REPRESENTATION_CONTEXT(2) 
PARAMETRIC_REPRESENTATION_CONTEXT() REPRESENTATION_CONTEXT('2D SPACE',''
  ) );
#3764 = PCURVE('',#3765,#3770);
#3765 = PLANE('',#3766);
#3766 = AXIS2_PLACEMENT_3D('',#3767,#3768,#3769);
#3767 = CARTESIAN_POINT('',(-34.,-44.,2.4));
#3768 = DIRECTION('',(-0.,1.,0.));
#3769 = DIRECTION('',(0.,0.,1.));
#3770 = DEFINITIONAL_REPRESENTATION('',(#3771),#3775);
#3771 = LINE('',#3772,#3773);
#3772 = CARTESIAN_POINT('',(0.,0.));
#3773 = VECTOR('',#3774,1.);
#3774 = DIRECTION('',(0.,1.));
#3775 = ( GEOMETRIC_REPRESENTATION_CONTEXT(2) 
PARAMETRIC_REPRESENTATION_CONTEXT() REPRESENTATION_CONTEXT('2D SPACE',''
  ) );
#3776 = ORIENTED_EDGE('',*,*,#3777,.F.);
#3777 = EDGE_CURVE('',#3778,#3750,#3780,.T.);
#3778 = VERTEX_POINT('',#3779);
#3779 = CARTESIAN_POINT('',(34.,-38.16696972201,2.4));
#3780 = SURFACE_CURVE('',#3781,(#3786,#3793),.PCURVE_S1.);
#3781 = CIRCLE('',#3782,4.4);
#3782 = AXIS2_PLACEMENT_3D('',#3783,#3784,#3785);
#3783 = CARTESIAN_POINT('',(30.,-40.,2.4));
#3784 = DIRECTION('',(0.,0.,1.));
#3785 = DIRECTION('',(1.,0.,-0.));
#3786 = PCURVE('',#2139,#3787);
#3787 = DEFINITIONAL_REPRESENTATION('',(#3788),#3792);
#3788 = CIRCLE('',#3789,4.4);
#3789 = AXIS2_PLACEMENT_2D('',#3790,#3791);
#3790 = CARTESIAN_POINT('',(64.,4.));
#3791 = DIRECTION('',(1.,0.));
#3792 = ( GEOMETRIC_REPRESENTATION_CONTEXT(2) 
PARAMETRIC_REPRESENTATION_CONTEXT() REPRESENTATION_CONTEXT('2D SPACE',''
  ) );
#3793 = PCURVE('',#3794,#3799);
#3794 = CYLINDRICAL_SURFACE('',#3795,4.4);
#3795 = AXIS2_PLACEMENT_3D('',#3796,#3797,#3798);
#3796 = CARTESIAN_POINT('',(30.,-40.,2.4));
#3797 = DIRECTION('',(0.,0.,1.));
#3798 = DIRECTION('',(1.,0.,-0.));
#3799 = DEFINITIONAL_REPRESENTATION('',(#3800),#3804);
#3800 = LINE('',#3801,#3802);
#3801 = CARTESIAN_POINT('',(0.,0.));
#3802 = VECTOR('',#3803,1.);
#3803 = DIRECTION('',(1.,0.));
#3804 = ( GEOMETRIC_REPRESENTATION_CONTEXT(2) 
PARAMETRIC_REPRESENTATION_CONTEXT() REPRESENTATION_CONTEXT('2D SPACE',''
  ) );
#3805 = ORIENTED_EDGE('',*,*,#3806,.T.);
#3806 = EDGE_CURVE('',#3778,#3807,#3809,.T.);
#3807 = VERTEX_POINT('',#3808);
#3808 = CARTESIAN_POINT('',(34.,-21.,2.4));
#3809 = SURFACE_CURVE('',#3810,(#3814,#3821),.PCURVE_S1.);
#3810 = LINE('',#3811,#3812);
#3811 = CARTESIAN_POINT('',(34.,-44.,2.4));
#3812 = VECTOR('',#3813,1.);
#3813 = DIRECTION('',(-0.,1.,0.));
#3814 = PCURVE('',#2139,#3815);
#3815 = DEFINITIONAL_REPRESENTATION('',(#3816),#3820);
#3816 = LINE('',#3817,#3818);
#3817 = CARTESIAN_POINT('',(68.,0.));
#3818 = VECTOR('',#3819,1.);
#3819 = DIRECTION('',(0.,1.));
#3820 = ( GEOMETRIC_REPRESENTATION_CONTEXT(2) 
PARAMETRIC_REPRESENTATION_CONTEXT() REPRESENTATION_CONTEXT('2D SPACE',''
  ) );
#3821 = PCURVE('',#3822,#3827);
#3822 = PLANE('',#3823);
#3823 = AXIS2_PLACEMENT_3D('',#3824,#3825,#3826);
#3824 = CARTESIAN_POINT('',(34.,-44.,2.4));
#3825 = DIRECTION('',(1.,0.,-0.));
#3826 = DIRECTION('',(0.,0.,1.));
#3827 = DEFINITIONAL_REPRESENTATION('',(#3828),#3832);
#3828 = LINE('',#3829,#3830);
#3829 = CARTESIAN_POINT('',(0.,0.));
#3830 = VECTOR('',#3831,1.);
#3831 = DIRECTION('',(0.,-1.));
#3832 = ( GEOMETRIC_REPRESENTATION_CONTEXT(2) 
PARAMETRIC_REPRESENTATION_CONTEXT() REPRESENTATION_CONTEXT('2D SPACE',''
  ) );
#3833 = ORIENTED_EDGE('',*,*,#3834,.T.);
#3834 = EDGE_CURVE('',#3807,#3835,#3837,.T.);
#3835 = VERTEX_POINT('',#3836);
#3836 = CARTESIAN_POINT('',(25.2,-21.,2.4));
#3837 = SURFACE_CURVE('',#3838,(#3842,#3849),.PCURVE_S1.);
#3838 = LINE('',#3839,#3840);
#3839 = CARTESIAN_POINT('',(34.,-21.,2.4));
#3840 = VECTOR('',#3841,1.);
#3841 = DIRECTION('',(-1.,0.,0.));
#3842 = PCURVE('',#2139,#3843);
#3843 = DEFINITIONAL_REPRESENTATION('',(#3844),#3848);
#3844 = LINE('',#3845,#3846);
#3845 = CARTESIAN_POINT('',(68.,23.));
#3846 = VECTOR('',#3847,1.);
#3847 = DIRECTION('',(-1.,0.));
#3848 = ( GEOMETRIC_REPRESENTATION_CONTEXT(2) 
PARAMETRIC_REPRESENTATION_CONTEXT() REPRESENTATION_CONTEXT('2D SPACE',''
  ) );
#3849 = PCURVE('',#3850,#3855);
#3850 = PLANE('',#3851);
#3851 = AXIS2_PLACEMENT_3D('',#3852,#3853,#3854);
#3852 = CARTESIAN_POINT('',(26.4,-21.,2.4));
#3853 = DIRECTION('',(-0.,1.,0.));
#3854 = DIRECTION('',(0.,0.,1.));
#3855 = DEFINITIONAL_REPRESENTATION('',(#3856),#3860);
#3856 = LINE('',#3857,#3858);
#3857 = CARTESIAN_POINT('',(0.,7.6));
#3858 = VECTOR('',#3859,1.);
#3859 = DIRECTION('',(0.,-1.));
#3860 = ( GEOMETRIC_REPRESENTATION_CONTEXT(2) 
PARAMETRIC_REPRESENTATION_CONTEXT() REPRESENTATION_CONTEXT('2D SPACE',''
  ) );
#3861 = ORIENTED_EDGE('',*,*,#3862,.T.);
#3862 = EDGE_CURVE('',#3835,#3863,#3865,.T.);
#3863 = VERTEX_POINT('',#3864);
#3864 = CARTESIAN_POINT('',(25.2,-13.,2.4));
#3865 = SURFACE_CURVE('',#3866,(#3870,#3877),.PCURVE_S1.);
#3866 = LINE('',#3867,#3868);
#3867 = CARTESIAN_POINT('',(25.2,-21.,2.4));
#3868 = VECTOR('',#3869,1.);
#3869 = DIRECTION('',(-0.,1.,0.));
#3870 = PCURVE('',#2139,#3871);
#3871 = DEFINITIONAL_REPRESENTATION('',(#3872),#3876);
#3872 = LINE('',#3873,#3874);
#3873 = CARTESIAN_POINT('',(59.2,23.));
#3874 = VECTOR('',#3875,1.);
#3875 = DIRECTION('',(0.,1.));
#3876 = ( GEOMETRIC_REPRESENTATION_CONTEXT(2) 
PARAMETRIC_REPRESENTATION_CONTEXT() REPRESENTATION_CONTEXT('2D SPACE',''
  ) );
#3877 = PCURVE('',#3878,#3883);
#3878 = PLANE('',#3879);
#3879 = AXIS2_PLACEMENT_3D('',#3880,#3881,#3882);
#3880 = CARTESIAN_POINT('',(25.2,-21.,2.4));
#3881 = DIRECTION('',(1.,0.,-0.));
#3882 = DIRECTION('',(0.,0.,1.));
#3883 = DEFINITIONAL_REPRESENTATION('',(#3884),#3888);
#3884 = LINE('',#3885,#3886);
#3885 = CARTESIAN_POINT('',(0.,0.));
#3886 = VECTOR('',#3887,1.);
#3887 = DIRECTION('',(0.,-1.));
#3888 = ( GEOMETRIC_REPRESENTATION_CONTEXT(2) 
PARAMETRIC_REPRESENTATION_CONTEXT() REPRESENTATION_CONTEXT('2D SPACE',''
  ) );
#3889 = ORIENTED_EDGE('',*,*,#3890,.T.);
#3890 = EDGE_CURVE('',#3863,#3891,#3893,.T.);
#3891 = VERTEX_POINT('',#3892);
#3892 = CARTESIAN_POINT('',(34.,-13.,2.4));
#3893 = SURFACE_CURVE('',#3894,(#3898,#3905),.PCURVE_S1.);
#3894 = LINE('',#3895,#3896);
#3895 = CARTESIAN_POINT('',(25.2,-13.,2.4));
#3896 = VECTOR('',#3897,1.);
#3897 = DIRECTION('',(1.,0.,0.));
#3898 = PCURVE('',#2139,#3899);
#3899 = DEFINITIONAL_REPRESENTATION('',(#3900),#3904);
#3900 = LINE('',#3901,#3902);
#3901 = CARTESIAN_POINT('',(59.2,31.));
#3902 = VECTOR('',#3903,1.);
#3903 = DIRECTION('',(1.,0.));
#3904 = ( GEOMETRIC_REPRESENTATION_CONTEXT(2) 
PARAMETRIC_REPRESENTATION_CONTEXT() REPRESENTATION_CONTEXT('2D SPACE',''
  ) );
#3905 = PCURVE('',#3906,#3911);
#3906 = PLANE('',#3907);
#3907 = AXIS2_PLACEMENT_3D('',#3908,#3909,#3910);
#3908 = CARTESIAN_POINT('',(25.2,-13.,2.4));
#3909 = DIRECTION('',(-0.,1.,0.));
#3910 = DIRECTION('',(0.,0.,1.));
#3911 = DEFINITIONAL_REPRESENTATION('',(#3912),#3916);
#3912 = LINE('',#3913,#3914);
#3913 = CARTESIAN_POINT('',(0.,0.));
#3914 = VECTOR('',#3915,1.);
#3915 = DIRECTION('',(0.,1.));
#3916 = ( GEOMETRIC_REPRESENTATION_CONTEXT(2) 
PARAMETRIC_REPRESENTATION_CONTEXT() REPRESENTATION_CONTEXT('2D SPACE',''
  ) );
#3917 = ORIENTED_EDGE('',*,*,#3918,.T.);
#3918 = EDGE_CURVE('',#3891,#3919,#3921,.T.);
#3919 = VERTEX_POINT('',#3920);
#3920 = CARTESIAN_POINT('',(34.,13.,2.4));
#3921 = SURFACE_CURVE('',#3922,(#3926,#3933),.PCURVE_S1.);
#3922 = LINE('',#3923,#3924);
#3923 = CARTESIAN_POINT('',(34.,-44.,2.4));
#3924 = VECTOR('',#3925,1.);
#3925 = DIRECTION('',(-0.,1.,0.));
#3926 = PCURVE('',#2139,#3927);
#3927 = DEFINITIONAL_REPRESENTATION('',(#3928),#3932);
#3928 = LINE('',#3929,#3930);
#3929 = CARTESIAN_POINT('',(68.,0.));
#3930 = VECTOR('',#3931,1.);
#3931 = DIRECTION('',(0.,1.));
#3932 = ( GEOMETRIC_REPRESENTATION_CONTEXT(2) 
PARAMETRIC_REPRESENTATION_CONTEXT() REPRESENTATION_CONTEXT('2D SPACE',''
  ) );
#3933 = PCURVE('',#3822,#3934);
#3934 = DEFINITIONAL_REPRESENTATION('',(#3935),#3939);
#3935 = LINE('',#3936,#3937);
#3936 = CARTESIAN_POINT('',(0.,0.));
#3937 = VECTOR('',#3938,1.);
#3938 = DIRECTION('',(0.,-1.));
#3939 = ( GEOMETRIC_REPRESENTATION_CONTEXT(2) 
PARAMETRIC_REPRESENTATION_CONTEXT() REPRESENTATION_CONTEXT('2D SPACE',''
  ) );
#3940 = ORIENTED_EDGE('',*,*,#3941,.T.);
#3941 = EDGE_CURVE('',#3919,#3942,#3944,.T.);
#3942 = VERTEX_POINT('',#3943);
#3943 = CARTESIAN_POINT('',(25.2,13.,2.4));
#3944 = SURFACE_CURVE('',#3945,(#3949,#3956),.PCURVE_S1.);
#3945 = LINE('',#3946,#3947);
#3946 = CARTESIAN_POINT('',(34.,13.,2.4));
#3947 = VECTOR('',#3948,1.);
#3948 = DIRECTION('',(-1.,0.,0.));
#3949 = PCURVE('',#2139,#3950);
#3950 = DEFINITIONAL_REPRESENTATION('',(#3951),#3955);
#3951 = LINE('',#3952,#3953);
#3952 = CARTESIAN_POINT('',(68.,57.));
#3953 = VECTOR('',#3954,1.);
#3954 = DIRECTION('',(-1.,0.));
#3955 = ( GEOMETRIC_REPRESENTATION_CONTEXT(2) 
PARAMETRIC_REPRESENTATION_CONTEXT() REPRESENTATION_CONTEXT('2D SPACE',''
  ) );
#3956 = PCURVE('',#3957,#3962);
#3957 = PLANE('',#3958);
#3958 = AXIS2_PLACEMENT_3D('',#3959,#3960,#3961);
#3959 = CARTESIAN_POINT('',(26.4,13.,2.4));
#3960 = DIRECTION('',(-0.,1.,0.));
#3961 = DIRECTION('',(0.,0.,1.));
#3962 = DEFINITIONAL_REPRESENTATION('',(#3963),#3967);
#3963 = LINE('',#3964,#3965);
#3964 = CARTESIAN_POINT('',(0.,7.6));
#3965 = VECTOR('',#3966,1.);
#3966 = DIRECTION('',(0.,-1.));
#3967 = ( GEOMETRIC_REPRESENTATION_CONTEXT(2) 
PARAMETRIC_REPRESENTATION_CONTEXT() REPRESENTATION_CONTEXT('2D SPACE',''
  ) );
#3968 = ORIENTED_EDGE('',*,*,#3969,.T.);
#3969 = EDGE_CURVE('',#3942,#3970,#3972,.T.);
#3970 = VERTEX_POINT('',#3971);
#3971 = CARTESIAN_POINT('',(25.2,21.,2.4));
#3972 = SURFACE_CURVE('',#3973,(#3977,#3984),.PCURVE_S1.);
#3973 = LINE('',#3974,#3975);
#3974 = CARTESIAN_POINT('',(25.2,13.,2.4));
#3975 = VECTOR('',#3976,1.);
#3976 = DIRECTION('',(-0.,1.,0.));
#3977 = PCURVE('',#2139,#3978);
#3978 = DEFINITIONAL_REPRESENTATION('',(#3979),#3983);
#3979 = LINE('',#3980,#3981);
#3980 = CARTESIAN_POINT('',(59.2,57.));
#3981 = VECTOR('',#3982,1.);
#3982 = DIRECTION('',(0.,1.));
#3983 = ( GEOMETRIC_REPRESENTATION_CONTEXT(2) 
PARAMETRIC_REPRESENTATION_CONTEXT() REPRESENTATION_CONTEXT('2D SPACE',''
  ) );
#3984 = PCURVE('',#3985,#3990);
#3985 = PLANE('',#3986);
#3986 = AXIS2_PLACEMENT_3D('',#3987,#3988,#3989);
#3987 = CARTESIAN_POINT('',(25.2,13.,2.4));
#3988 = DIRECTION('',(1.,0.,-0.));
#3989 = DIRECTION('',(0.,0.,1.));
#3990 = DEFINITIONAL_REPRESENTATION('',(#3991),#3995);
#3991 = LINE('',#3992,#3993);
#3992 = CARTESIAN_POINT('',(0.,0.));
#3993 = VECTOR('',#3994,1.);
#3994 = DIRECTION('',(0.,-1.));
#3995 = ( GEOMETRIC_REPRESENTATION_CONTEXT(2) 
PARAMETRIC_REPRESENTATION_CONTEXT() REPRESENTATION_CONTEXT('2D SPACE',''
  ) );
#3996 = ORIENTED_EDGE('',*,*,#3997,.T.);
#3997 = EDGE_CURVE('',#3970,#3998,#4000,.T.);
#3998 = VERTEX_POINT('',#3999);
#3999 = CARTESIAN_POINT('',(34.,21.,2.4));
#4000 = SURFACE_CURVE('',#4001,(#4005,#4012),.PCURVE_S1.);
#4001 = LINE('',#4002,#4003);
#4002 = CARTESIAN_POINT('',(25.2,21.,2.4));
#4003 = VECTOR('',#4004,1.);
#4004 = DIRECTION('',(1.,0.,0.));
#4005 = PCURVE('',#2139,#4006);
#4006 = DEFINITIONAL_REPRESENTATION('',(#4007),#4011);
#4007 = LINE('',#4008,#4009);
#4008 = CARTESIAN_POINT('',(59.2,65.));
#4009 = VECTOR('',#4010,1.);
#4010 = DIRECTION('',(1.,0.));
#4011 = ( GEOMETRIC_REPRESENTATION_CONTEXT(2) 
PARAMETRIC_REPRESENTATION_CONTEXT() REPRESENTATION_CONTEXT('2D SPACE',''
  ) );
#4012 = PCURVE('',#4013,#4018);
#4013 = PLANE('',#4014);
#4014 = AXIS2_PLACEMENT_3D('',#4015,#4016,#4017);
#4015 = CARTESIAN_POINT('',(25.2,21.,2.4));
#4016 = DIRECTION('',(-0.,1.,0.));
#4017 = DIRECTION('',(0.,0.,1.));
#4018 = DEFINITIONAL_REPRESENTATION('',(#4019),#4023);
#4019 = LINE('',#4020,#4021);
#4020 = CARTESIAN_POINT('',(0.,0.));
#4021 = VECTOR('',#4022,1.);
#4022 = DIRECTION('',(0.,1.));
#4023 = ( GEOMETRIC_REPRESENTATION_CONTEXT(2) 
PARAMETRIC_REPRESENTATION_CONTEXT() REPRESENTATION_CONTEXT('2D SPACE',''
  ) );
#4024 = ORIENTED_EDGE('',*,*,#4025,.T.);
#4025 = EDGE_CURVE('',#3998,#4026,#4028,.T.);
#4026 = VERTEX_POINT('',#4027);
#4027 = CARTESIAN_POINT('',(34.,38.166969722018,2.4));
#4028 = SURFACE_CURVE('',#4029,(#4033,#4040),.PCURVE_S1.);
#4029 = LINE('',#4030,#4031);
#4030 = CARTESIAN_POINT('',(34.,-44.,2.4));
#4031 = VECTOR('',#4032,1.);
#4032 = DIRECTION('',(-0.,1.,0.));
#4033 = PCURVE('',#2139,#4034);
#4034 = DEFINITIONAL_REPRESENTATION('',(#4035),#4039);
#4035 = LINE('',#4036,#4037);
#4036 = CARTESIAN_POINT('',(68.,0.));
#4037 = VECTOR('',#4038,1.);
#4038 = DIRECTION('',(0.,1.));
#4039 = ( GEOMETRIC_REPRESENTATION_CONTEXT(2) 
PARAMETRIC_REPRESENTATION_CONTEXT() REPRESENTATION_CONTEXT('2D SPACE',''
  ) );
#4040 = PCURVE('',#3822,#4041);
#4041 = DEFINITIONAL_REPRESENTATION('',(#4042),#4046);
#4042 = LINE('',#4043,#4044);
#4043 = CARTESIAN_POINT('',(0.,0.));
#4044 = VECTOR('',#4045,1.);
#4045 = DIRECTION('',(0.,-1.));
#4046 = ( GEOMETRIC_REPRESENTATION_CONTEXT(2) 
PARAMETRIC_REPRESENTATION_CONTEXT() REPRESENTATION_CONTEXT('2D SPACE',''
  ) );
#4047 = ORIENTED_EDGE('',*,*,#4048,.F.);
#4048 = EDGE_CURVE('',#4049,#4026,#4051,.T.);
#4049 = VERTEX_POINT('',#4050);
#4050 = CARTESIAN_POINT('',(28.166969722018,44.,2.4));
#4051 = SURFACE_CURVE('',#4052,(#4057,#4064),.PCURVE_S1.);
#4052 = CIRCLE('',#4053,4.4);
#4053 = AXIS2_PLACEMENT_3D('',#4054,#4055,#4056);
#4054 = CARTESIAN_POINT('',(30.,40.,2.4));
#4055 = DIRECTION('',(0.,0.,1.));
#4056 = DIRECTION('',(1.,0.,-0.));
#4057 = PCURVE('',#2139,#4058);
#4058 = DEFINITIONAL_REPRESENTATION('',(#4059),#4063);
#4059 = CIRCLE('',#4060,4.4);
#4060 = AXIS2_PLACEMENT_2D('',#4061,#4062);
#4061 = CARTESIAN_POINT('',(64.,84.));
#4062 = DIRECTION('',(1.,0.));
#4063 = ( GEOMETRIC_REPRESENTATION_CONTEXT(2) 
PARAMETRIC_REPRESENTATION_CONTEXT() REPRESENTATION_CONTEXT('2D SPACE',''
  ) );
#4064 = PCURVE('',#4065,#4070);
#4065 = CYLINDRICAL_SURFACE('',#4066,4.4);
#4066 = AXIS2_PLACEMENT_3D('',#4067,#4068,#4069);
#4067 = CARTESIAN_POINT('',(30.,40.,2.4));
#4068 = DIRECTION('',(0.,0.,1.));
#4069 = DIRECTION('',(1.,0.,-0.));
#4070 = DEFINITIONAL_REPRESENTATION('',(#4071),#4075);
#4071 = LINE('',#4072,#4073);
#4072 = CARTESIAN_POINT('',(0.,0.));
#4073 = VECTOR('',#4074,1.);
#4074 = DIRECTION('',(1.,0.));
#4075 = ( GEOMETRIC_REPRESENTATION_CONTEXT(2) 
PARAMETRIC_REPRESENTATION_CONTEXT() REPRESENTATION_CONTEXT('2D SPACE',''
  ) );
#4076 = ORIENTED_EDGE('',*,*,#4077,.F.);
#4077 = EDGE_CURVE('',#4078,#4049,#4080,.T.);
#4078 = VERTEX_POINT('',#4079);
#4079 = CARTESIAN_POINT('',(-28.16696972201,44.,2.4));
#4080 = SURFACE_CURVE('',#4081,(#4085,#4092),.PCURVE_S1.);
#4081 = LINE('',#4082,#4083);
#4082 = CARTESIAN_POINT('',(-34.,44.,2.4));
#4083 = VECTOR('',#4084,1.);
#4084 = DIRECTION('',(1.,0.,-0.));
#4085 = PCURVE('',#2139,#4086);
#4086 = DEFINITIONAL_REPRESENTATION('',(#4087),#4091);
#4087 = LINE('',#4088,#4089);
#4088 = CARTESIAN_POINT('',(0.,88.));
#4089 = VECTOR('',#4090,1.);
#4090 = DIRECTION('',(1.,0.));
#4091 = ( GEOMETRIC_REPRESENTATION_CONTEXT(2) 
PARAMETRIC_REPRESENTATION_CONTEXT() REPRESENTATION_CONTEXT('2D SPACE',''
  ) );
#4092 = PCURVE('',#4093,#4098);
#4093 = PLANE('',#4094);
#4094 = AXIS2_PLACEMENT_3D('',#4095,#4096,#4097);
#4095 = CARTESIAN_POINT('',(-34.,44.,2.4));
#4096 = DIRECTION('',(-0.,1.,0.));
#4097 = DIRECTION('',(0.,0.,1.));
#4098 = DEFINITIONAL_REPRESENTATION('',(#4099),#4103);
#4099 = LINE('',#4100,#4101);
#4100 = CARTESIAN_POINT('',(0.,0.));
#4101 = VECTOR('',#4102,1.);
#4102 = DIRECTION('',(0.,1.));
#4103 = ( GEOMETRIC_REPRESENTATION_CONTEXT(2) 
PARAMETRIC_REPRESENTATION_CONTEXT() REPRESENTATION_CONTEXT('2D SPACE',''
  ) );
#4104 = ORIENTED_EDGE('',*,*,#4105,.T.);
#4105 = EDGE_CURVE('',#4078,#4106,#4108,.T.);
#4106 = VERTEX_POINT('',#4107);
#4107 = CARTESIAN_POINT('',(-34.,38.166969722018,2.4));
#4108 = SURFACE_CURVE('',#4109,(#4114,#4125),.PCURVE_S1.);
#4109 = CIRCLE('',#4110,4.4);
#4110 = AXIS2_PLACEMENT_3D('',#4111,#4112,#4113);
#4111 = CARTESIAN_POINT('',(-30.,40.,2.4));
#4112 = DIRECTION('',(0.,0.,-1.));
#4113 = DIRECTION('',(0.416597790451,0.909090909091,0.));
#4114 = PCURVE('',#2139,#4115);
#4115 = DEFINITIONAL_REPRESENTATION('',(#4116),#4124);
#4116 = ( BOUNDED_CURVE() B_SPLINE_CURVE(2,(#4117,#4118,#4119,#4120,
#4121,#4122,#4123),.UNSPECIFIED.,.T.,.F.) B_SPLINE_CURVE_WITH_KNOTS((1,2
    ,2,2,2,1),(-2.094395102393,0.,2.094395102393,4.188790204786,
6.28318530718,8.377580409573),.UNSPECIFIED.) CURVE() 
GEOMETRIC_REPRESENTATION_ITEM() RATIONAL_B_SPLINE_CURVE((1.,0.5,1.,0.5,
1.,0.5,1.)) REPRESENTATION_ITEM('') );
#4117 = CARTESIAN_POINT('',(5.833030277982,88.));
#4118 = CARTESIAN_POINT('',(12.761233508258,84.825098426723));
#4119 = CARTESIAN_POINT('',(6.547586476147,80.412549213361));
#4120 = CARTESIAN_POINT('',(0.333939444035,76.));
#4121 = CARTESIAN_POINT('',(-0.380616754129,83.587450786639));
#4122 = CARTESIAN_POINT('',(-1.095172952293,91.174901573277));
#4123 = CARTESIAN_POINT('',(5.833030277982,88.));
#4124 = ( GEOMETRIC_REPRESENTATION_CONTEXT(2) 
PARAMETRIC_REPRESENTATION_CONTEXT() REPRESENTATION_CONTEXT('2D SPACE',''
  ) );
#4125 = PCURVE('',#4126,#4131);
#4126 = CYLINDRICAL_SURFACE('',#4127,4.4);
#4127 = AXIS2_PLACEMENT_3D('',#4128,#4129,#4130);
#4128 = CARTESIAN_POINT('',(-30.,40.,2.4));
#4129 = DIRECTION('',(0.,0.,1.));
#4130 = DIRECTION('',(1.,0.,-0.));
#4131 = DEFINITIONAL_REPRESENTATION('',(#4132),#4136);
#4132 = LINE('',#4133,#4134);
#4133 = CARTESIAN_POINT('',(7.424281967823,0.));
#4134 = VECTOR('',#4135,1.);
#4135 = DIRECTION('',(-1.,-0.));
#4136 = ( GEOMETRIC_REPRESENTATION_CONTEXT(2) 
PARAMETRIC_REPRESENTATION_CONTEXT() REPRESENTATION_CONTEXT('2D SPACE',''
  ) );
#4137 = ORIENTED_EDGE('',*,*,#4138,.F.);
#4138 = EDGE_CURVE('',#4139,#4106,#4141,.T.);
#4139 = VERTEX_POINT('',#4140);
#4140 = CARTESIAN_POINT('',(-34.,21.,2.4));
#4141 = SURFACE_CURVE('',#4142,(#4146,#4153),.PCURVE_S1.);
#4142 = LINE('',#4143,#4144);
#4143 = CARTESIAN_POINT('',(-34.,-44.,2.4));
#4144 = VECTOR('',#4145,1.);
#4145 = DIRECTION('',(-0.,1.,0.));
#4146 = PCURVE('',#2139,#4147);
#4147 = DEFINITIONAL_REPRESENTATION('',(#4148),#4152);
#4148 = LINE('',#4149,#4150);
#4149 = CARTESIAN_POINT('',(0.,0.));
#4150 = VECTOR('',#4151,1.);
#4151 = DIRECTION('',(0.,1.));
#4152 = ( GEOMETRIC_REPRESENTATION_CONTEXT(2) 
PARAMETRIC_REPRESENTATION_CONTEXT() REPRESENTATION_CONTEXT('2D SPACE',''
  ) );
#4153 = PCURVE('',#4154,#4159);
#4154 = PLANE('',#4155);
#4155 = AXIS2_PLACEMENT_3D('',#4156,#4157,#4158);
#4156 = CARTESIAN_POINT('',(-34.,-44.,2.4));
#4157 = DIRECTION('',(1.,0.,-0.));
#4158 = DIRECTION('',(0.,0.,1.));
#4159 = DEFINITIONAL_REPRESENTATION('',(#4160),#4164);
#4160 = LINE('',#4161,#4162);
#4161 = CARTESIAN_POINT('',(0.,0.));
#4162 = VECTOR('',#4163,1.);
#4163 = DIRECTION('',(0.,-1.));
#4164 = ( GEOMETRIC_REPRESENTATION_CONTEXT(2) 
PARAMETRIC_REPRESENTATION_CONTEXT() REPRESENTATION_CONTEXT('2D SPACE',''
  ) );
#4165 = ORIENTED_EDGE('',*,*,#4166,.T.);
#4166 = EDGE_CURVE('',#4139,#4167,#4169,.T.);
#4167 = VERTEX_POINT('',#4168);
#4168 = CARTESIAN_POINT('',(-25.2,21.,2.4));
#4169 = SURFACE_CURVE('',#4170,(#4174,#4181),.PCURVE_S1.);
#4170 = LINE('',#4171,#4172);
#4171 = CARTESIAN_POINT('',(-34.,21.,2.4));
#4172 = VECTOR('',#4173,1.);
#4173 = DIRECTION('',(1.,0.,0.));
#4174 = PCURVE('',#2139,#4175);
#4175 = DEFINITIONAL_REPRESENTATION('',(#4176),#4180);
#4176 = LINE('',#4177,#4178);
#4177 = CARTESIAN_POINT('',(0.,65.));
#4178 = VECTOR('',#4179,1.);
#4179 = DIRECTION('',(1.,0.));
#4180 = ( GEOMETRIC_REPRESENTATION_CONTEXT(2) 
PARAMETRIC_REPRESENTATION_CONTEXT() REPRESENTATION_CONTEXT('2D SPACE',''
  ) );
#4181 = PCURVE('',#4182,#4187);
#4182 = PLANE('',#4183);
#4183 = AXIS2_PLACEMENT_3D('',#4184,#4185,#4186);
#4184 = CARTESIAN_POINT('',(-34.,21.,2.4));
#4185 = DIRECTION('',(-0.,1.,0.));
#4186 = DIRECTION('',(0.,0.,1.));
#4187 = DEFINITIONAL_REPRESENTATION('',(#4188),#4192);
#4188 = LINE('',#4189,#4190);
#4189 = CARTESIAN_POINT('',(0.,0.));
#4190 = VECTOR('',#4191,1.);
#4191 = DIRECTION('',(0.,1.));
#4192 = ( GEOMETRIC_REPRESENTATION_CONTEXT(2) 
PARAMETRIC_REPRESENTATION_CONTEXT() REPRESENTATION_CONTEXT('2D SPACE',''
  ) );
#4193 = ORIENTED_EDGE('',*,*,#4194,.F.);
#4194 = EDGE_CURVE('',#4195,#4167,#4197,.T.);
#4195 = VERTEX_POINT('',#4196);
#4196 = CARTESIAN_POINT('',(-25.2,13.,2.4));
#4197 = SURFACE_CURVE('',#4198,(#4202,#4209),.PCURVE_S1.);
#4198 = LINE('',#4199,#4200);
#4199 = CARTESIAN_POINT('',(-25.2,13.,2.4));
#4200 = VECTOR('',#4201,1.);
#4201 = DIRECTION('',(-0.,1.,0.));
#4202 = PCURVE('',#2139,#4203);
#4203 = DEFINITIONAL_REPRESENTATION('',(#4204),#4208);
#4204 = LINE('',#4205,#4206);
#4205 = CARTESIAN_POINT('',(8.8,57.));
#4206 = VECTOR('',#4207,1.);
#4207 = DIRECTION('',(0.,1.));
#4208 = ( GEOMETRIC_REPRESENTATION_CONTEXT(2) 
PARAMETRIC_REPRESENTATION_CONTEXT() REPRESENTATION_CONTEXT('2D SPACE',''
  ) );
#4209 = PCURVE('',#4210,#4215);
#4210 = PLANE('',#4211);
#4211 = AXIS2_PLACEMENT_3D('',#4212,#4213,#4214);
#4212 = CARTESIAN_POINT('',(-25.2,13.,2.4));
#4213 = DIRECTION('',(1.,0.,-0.));
#4214 = DIRECTION('',(0.,0.,1.));
#4215 = DEFINITIONAL_REPRESENTATION('',(#4216),#4220);
#4216 = LINE('',#4217,#4218);
#4217 = CARTESIAN_POINT('',(0.,0.));
#4218 = VECTOR('',#4219,1.);
#4219 = DIRECTION('',(0.,-1.));
#4220 = ( GEOMETRIC_REPRESENTATION_CONTEXT(2) 
PARAMETRIC_REPRESENTATION_CONTEXT() REPRESENTATION_CONTEXT('2D SPACE',''
  ) );
#4221 = ORIENTED_EDGE('',*,*,#4222,.T.);
#4222 = EDGE_CURVE('',#4195,#4223,#4225,.T.);
#4223 = VERTEX_POINT('',#4224);
#4224 = CARTESIAN_POINT('',(-34.,13.,2.4));
#4225 = SURFACE_CURVE('',#4226,(#4230,#4237),.PCURVE_S1.);
#4226 = LINE('',#4227,#4228);
#4227 = CARTESIAN_POINT('',(-25.2,13.,2.4));
#4228 = VECTOR('',#4229,1.);
#4229 = DIRECTION('',(-1.,0.,0.));
#4230 = PCURVE('',#2139,#4231);
#4231 = DEFINITIONAL_REPRESENTATION('',(#4232),#4236);
#4232 = LINE('',#4233,#4234);
#4233 = CARTESIAN_POINT('',(8.8,57.));
#4234 = VECTOR('',#4235,1.);
#4235 = DIRECTION('',(-1.,0.));
#4236 = ( GEOMETRIC_REPRESENTATION_CONTEXT(2) 
PARAMETRIC_REPRESENTATION_CONTEXT() REPRESENTATION_CONTEXT('2D SPACE',''
  ) );
#4237 = PCURVE('',#4238,#4243);
#4238 = PLANE('',#4239);
#4239 = AXIS2_PLACEMENT_3D('',#4240,#4241,#4242);
#4240 = CARTESIAN_POINT('',(-34.,13.,2.4));
#4241 = DIRECTION('',(-0.,1.,0.));
#4242 = DIRECTION('',(0.,0.,1.));
#4243 = DEFINITIONAL_REPRESENTATION('',(#4244),#4248);
#4244 = LINE('',#4245,#4246);
#4245 = CARTESIAN_POINT('',(0.,8.8));
#4246 = VECTOR('',#4247,1.);
#4247 = DIRECTION('',(0.,-1.));
#4248 = ( GEOMETRIC_REPRESENTATION_CONTEXT(2) 
PARAMETRIC_REPRESENTATION_CONTEXT() REPRESENTATION_CONTEXT('2D SPACE',''
  ) );
#4249 = ORIENTED_EDGE('',*,*,#4250,.F.);
#4250 = EDGE_CURVE('',#4251,#4223,#4253,.T.);
#4251 = VERTEX_POINT('',#4252);
#4252 = CARTESIAN_POINT('',(-34.,-13.,2.4));
#4253 = SURFACE_CURVE('',#4254,(#4258,#4265),.PCURVE_S1.);
#4254 = LINE('',#4255,#4256);
#4255 = CARTESIAN_POINT('',(-34.,-44.,2.4));
#4256 = VECTOR('',#4257,1.);
#4257 = DIRECTION('',(-0.,1.,0.));
#4258 = PCURVE('',#2139,#4259);
#4259 = DEFINITIONAL_REPRESENTATION('',(#4260),#4264);
#4260 = LINE('',#4261,#4262);
#4261 = CARTESIAN_POINT('',(0.,0.));
#4262 = VECTOR('',#4263,1.);
#4263 = DIRECTION('',(0.,1.));
#4264 = ( GEOMETRIC_REPRESENTATION_CONTEXT(2) 
PARAMETRIC_REPRESENTATION_CONTEXT() REPRESENTATION_CONTEXT('2D SPACE',''
  ) );
#4265 = PCURVE('',#4266,#4271);
#4266 = PLANE('',#4267);
#4267 = AXIS2_PLACEMENT_3D('',#4268,#4269,#4270);
#4268 = CARTESIAN_POINT('',(-34.,-44.,2.4));
#4269 = DIRECTION('',(1.,0.,-0.));
#4270 = DIRECTION('',(0.,0.,1.));
#4271 = DEFINITIONAL_REPRESENTATION('',(#4272),#4276);
#4272 = LINE('',#4273,#4274);
#4273 = CARTESIAN_POINT('',(0.,0.));
#4274 = VECTOR('',#4275,1.);
#4275 = DIRECTION('',(0.,-1.));
#4276 = ( GEOMETRIC_REPRESENTATION_CONTEXT(2) 
PARAMETRIC_REPRESENTATION_CONTEXT() REPRESENTATION_CONTEXT('2D SPACE',''
  ) );
#4277 = ORIENTED_EDGE('',*,*,#4278,.T.);
#4278 = EDGE_CURVE('',#4251,#4279,#4281,.T.);
#4279 = VERTEX_POINT('',#4280);
#4280 = CARTESIAN_POINT('',(-25.2,-13.,2.4));
#4281 = SURFACE_CURVE('',#4282,(#4286,#4293),.PCURVE_S1.);
#4282 = LINE('',#4283,#4284);
#4283 = CARTESIAN_POINT('',(-34.,-13.,2.4));
#4284 = VECTOR('',#4285,1.);
#4285 = DIRECTION('',(1.,0.,0.));
#4286 = PCURVE('',#2139,#4287);
#4287 = DEFINITIONAL_REPRESENTATION('',(#4288),#4292);
#4288 = LINE('',#4289,#4290);
#4289 = CARTESIAN_POINT('',(0.,31.));
#4290 = VECTOR('',#4291,1.);
#4291 = DIRECTION('',(1.,0.));
#4292 = ( GEOMETRIC_REPRESENTATION_CONTEXT(2) 
PARAMETRIC_REPRESENTATION_CONTEXT() REPRESENTATION_CONTEXT('2D SPACE',''
  ) );
#4293 = PCURVE('',#4294,#4299);
#4294 = PLANE('',#4295);
#4295 = AXIS2_PLACEMENT_3D('',#4296,#4297,#4298);
#4296 = CARTESIAN_POINT('',(-34.,-13.,2.4));
#4297 = DIRECTION('',(-0.,1.,0.));
#4298 = DIRECTION('',(0.,0.,1.));
#4299 = DEFINITIONAL_REPRESENTATION('',(#4300),#4304);
#4300 = LINE('',#4301,#4302);
#4301 = CARTESIAN_POINT('',(0.,0.));
#4302 = VECTOR('',#4303,1.);
#4303 = DIRECTION('',(0.,1.));
#4304 = ( GEOMETRIC_REPRESENTATION_CONTEXT(2) 
PARAMETRIC_REPRESENTATION_CONTEXT() REPRESENTATION_CONTEXT('2D SPACE',''
  ) );
#4305 = ORIENTED_EDGE('',*,*,#4306,.F.);
#4306 = EDGE_CURVE('',#4307,#4279,#4309,.T.);
#4307 = VERTEX_POINT('',#4308);
#4308 = CARTESIAN_POINT('',(-25.2,-21.,2.4));
#4309 = SURFACE_CURVE('',#4310,(#4314,#4321),.PCURVE_S1.);
#4310 = LINE('',#4311,#4312);
#4311 = CARTESIAN_POINT('',(-25.2,-21.,2.4));
#4312 = VECTOR('',#4313,1.);
#4313 = DIRECTION('',(-0.,1.,0.));
#4314 = PCURVE('',#2139,#4315);
#4315 = DEFINITIONAL_REPRESENTATION('',(#4316),#4320);
#4316 = LINE('',#4317,#4318);
#4317 = CARTESIAN_POINT('',(8.8,23.));
#4318 = VECTOR('',#4319,1.);
#4319 = DIRECTION('',(0.,1.));
#4320 = ( GEOMETRIC_REPRESENTATION_CONTEXT(2) 
PARAMETRIC_REPRESENTATION_CONTEXT() REPRESENTATION_CONTEXT('2D SPACE',''
  ) );
#4321 = PCURVE('',#4322,#4327);
#4322 = PLANE('',#4323);
#4323 = AXIS2_PLACEMENT_3D('',#4324,#4325,#4326);
#4324 = CARTESIAN_POINT('',(-25.2,-21.,2.4));
#4325 = DIRECTION('',(1.,0.,-0.));
#4326 = DIRECTION('',(0.,0.,1.));
#4327 = DEFINITIONAL_REPRESENTATION('',(#4328),#4332);
#4328 = LINE('',#4329,#4330);
#4329 = CARTESIAN_POINT('',(0.,0.));
#4330 = VECTOR('',#4331,1.);
#4331 = DIRECTION('',(0.,-1.));
#4332 = ( GEOMETRIC_REPRESENTATION_CONTEXT(2) 
PARAMETRIC_REPRESENTATION_CONTEXT() REPRESENTATION_CONTEXT('2D SPACE',''
  ) );
#4333 = ORIENTED_EDGE('',*,*,#4334,.T.);
#4334 = EDGE_CURVE('',#4307,#3689,#4335,.T.);
#4335 = SURFACE_CURVE('',#4336,(#4340,#4347),.PCURVE_S1.);
#4336 = LINE('',#4337,#4338);
#4337 = CARTESIAN_POINT('',(-25.2,-21.,2.4));
#4338 = VECTOR('',#4339,1.);
#4339 = DIRECTION('',(-1.,0.,0.));
#4340 = PCURVE('',#2139,#4341);
#4341 = DEFINITIONAL_REPRESENTATION('',(#4342),#4346);
#4342 = LINE('',#4343,#4344);
#4343 = CARTESIAN_POINT('',(8.8,23.));
#4344 = VECTOR('',#4345,1.);
#4345 = DIRECTION('',(-1.,0.));
#4346 = ( GEOMETRIC_REPRESENTATION_CONTEXT(2) 
PARAMETRIC_REPRESENTATION_CONTEXT() REPRESENTATION_CONTEXT('2D SPACE',''
  ) );
#4347 = PCURVE('',#4348,#4353);
#4348 = PLANE('',#4349);
#4349 = AXIS2_PLACEMENT_3D('',#4350,#4351,#4352);
#4350 = CARTESIAN_POINT('',(-34.,-21.,2.4));
#4351 = DIRECTION('',(-0.,1.,0.));
#4352 = DIRECTION('',(0.,0.,1.));
#4353 = DEFINITIONAL_REPRESENTATION('',(#4354),#4358);
#4354 = LINE('',#4355,#4356);
#4355 = CARTESIAN_POINT('',(0.,8.8));
#4356 = VECTOR('',#4357,1.);
#4357 = DIRECTION('',(0.,-1.));
#4358 = ( GEOMETRIC_REPRESENTATION_CONTEXT(2) 
PARAMETRIC_REPRESENTATION_CONTEXT() REPRESENTATION_CONTEXT('2D SPACE',''
  ) );
#4359 = FACE_BOUND('',#4360,.T.);
#4360 = EDGE_LOOP('',(#4361,#4391,#4419,#4447));
#4361 = ORIENTED_EDGE('',*,*,#4362,.T.);
#4362 = EDGE_CURVE('',#4363,#4365,#4367,.T.);
#4363 = VERTEX_POINT('',#4364);
#4364 = CARTESIAN_POINT('',(-6.,-37.4,2.4));
#4365 = VERTEX_POINT('',#4366);
#4366 = CARTESIAN_POINT('',(-6.,-35.4,2.4));
#4367 = SURFACE_CURVE('',#4368,(#4372,#4379),.PCURVE_S1.);
#4368 = LINE('',#4369,#4370);
#4369 = CARTESIAN_POINT('',(-6.,-37.4,2.4));
#4370 = VECTOR('',#4371,1.);
#4371 = DIRECTION('',(-0.,1.,0.));
#4372 = PCURVE('',#2139,#4373);
#4373 = DEFINITIONAL_REPRESENTATION('',(#4374),#4378);
#4374 = LINE('',#4375,#4376);
#4375 = CARTESIAN_POINT('',(28.,6.6));
#4376 = VECTOR('',#4377,1.);
#4377 = DIRECTION('',(0.,1.));
#4378 = ( GEOMETRIC_REPRESENTATION_CONTEXT(2) 
PARAMETRIC_REPRESENTATION_CONTEXT() REPRESENTATION_CONTEXT('2D SPACE',''
  ) );
#4379 = PCURVE('',#4380,#4385);
#4380 = PLANE('',#4381);
#4381 = AXIS2_PLACEMENT_3D('',#4382,#4383,#4384);
#4382 = CARTESIAN_POINT('',(-6.,-37.4,2.4));
#4383 = DIRECTION('',(1.,0.,-0.));
#4384 = DIRECTION('',(0.,0.,1.));
#4385 = DEFINITIONAL_REPRESENTATION('',(#4386),#4390);
#4386 = LINE('',#4387,#4388);
#4387 = CARTESIAN_POINT('',(0.,0.));
#4388 = VECTOR('',#4389,1.);
#4389 = DIRECTION('',(0.,-1.));
#4390 = ( GEOMETRIC_REPRESENTATION_CONTEXT(2) 
PARAMETRIC_REPRESENTATION_CONTEXT() REPRESENTATION_CONTEXT('2D SPACE',''
  ) );
#4391 = ORIENTED_EDGE('',*,*,#4392,.T.);
#4392 = EDGE_CURVE('',#4365,#4393,#4395,.T.);
#4393 = VERTEX_POINT('',#4394);
#4394 = CARTESIAN_POINT('',(6.,-35.4,2.4));
#4395 = SURFACE_CURVE('',#4396,(#4400,#4407),.PCURVE_S1.);
#4396 = LINE('',#4397,#4398);
#4397 = CARTESIAN_POINT('',(-6.,-35.4,2.4));
#4398 = VECTOR('',#4399,1.);
#4399 = DIRECTION('',(1.,0.,-0.));
#4400 = PCURVE('',#2139,#4401);
#4401 = DEFINITIONAL_REPRESENTATION('',(#4402),#4406);
#4402 = LINE('',#4403,#4404);
#4403 = CARTESIAN_POINT('',(28.,8.6));
#4404 = VECTOR('',#4405,1.);
#4405 = DIRECTION('',(1.,0.));
#4406 = ( GEOMETRIC_REPRESENTATION_CONTEXT(2) 
PARAMETRIC_REPRESENTATION_CONTEXT() REPRESENTATION_CONTEXT('2D SPACE',''
  ) );
#4407 = PCURVE('',#4408,#4413);
#4408 = PLANE('',#4409);
#4409 = AXIS2_PLACEMENT_3D('',#4410,#4411,#4412);
#4410 = CARTESIAN_POINT('',(-6.,-35.4,2.4));
#4411 = DIRECTION('',(-0.,1.,0.));
#4412 = DIRECTION('',(0.,0.,1.));
#4413 = DEFINITIONAL_REPRESENTATION('',(#4414),#4418);
#4414 = LINE('',#4415,#4416);
#4415 = CARTESIAN_POINT('',(0.,0.));
#4416 = VECTOR('',#4417,1.);
#4417 = DIRECTION('',(0.,1.));
#4418 = ( GEOMETRIC_REPRESENTATION_CONTEXT(2) 
PARAMETRIC_REPRESENTATION_CONTEXT() REPRESENTATION_CONTEXT('2D SPACE',''
  ) );
#4419 = ORIENTED_EDGE('',*,*,#4420,.F.);
#4420 = EDGE_CURVE('',#4421,#4393,#4423,.T.);
#4421 = VERTEX_POINT('',#4422);
#4422 = CARTESIAN_POINT('',(6.,-37.4,2.4));
#4423 = SURFACE_CURVE('',#4424,(#4428,#4435),.PCURVE_S1.);
#4424 = LINE('',#4425,#4426);
#4425 = CARTESIAN_POINT('',(6.,-37.4,2.4));
#4426 = VECTOR('',#4427,1.);
#4427 = DIRECTION('',(-0.,1.,0.));
#4428 = PCURVE('',#2139,#4429);
#4429 = DEFINITIONAL_REPRESENTATION('',(#4430),#4434);
#4430 = LINE('',#4431,#4432);
#4431 = CARTESIAN_POINT('',(40.,6.6));
#4432 = VECTOR('',#4433,1.);
#4433 = DIRECTION('',(0.,1.));
#4434 = ( GEOMETRIC_REPRESENTATION_CONTEXT(2) 
PARAMETRIC_REPRESENTATION_CONTEXT() REPRESENTATION_CONTEXT('2D SPACE',''
  ) );
#4435 = PCURVE('',#4436,#4441);
#4436 = PLANE('',#4437);
#4437 = AXIS2_PLACEMENT_3D('',#4438,#4439,#4440);
#4438 = CARTESIAN_POINT('',(6.,-37.4,2.4));
#4439 = DIRECTION('',(1.,0.,-0.));
#4440 = DIRECTION('',(0.,0.,1.));
#4441 = DEFINITIONAL_REPRESENTATION('',(#4442),#4446);
#4442 = LINE('',#4443,#4444);
#4443 = CARTESIAN_POINT('',(0.,0.));
#4444 = VECTOR('',#4445,1.);
#4445 = DIRECTION('',(0.,-1.));
#4446 = ( GEOMETRIC_REPRESENTATION_CONTEXT(2) 
PARAMETRIC_REPRESENTATION_CONTEXT() REPRESENTATION_CONTEXT('2D SPACE',''
  ) );
#4447 = ORIENTED_EDGE('',*,*,#4448,.F.);
#4448 = EDGE_CURVE('',#4363,#4421,#4449,.T.);
#4449 = SURFACE_CURVE('',#4450,(#4454,#4461),.PCURVE_S1.);
#4450 = LINE('',#4451,#4452);
#4451 = CARTESIAN_POINT('',(-6.,-37.4,2.4));
#4452 = VECTOR('',#4453,1.);
#4453 = DIRECTION('',(1.,0.,-0.));
#4454 = PCURVE('',#2139,#4455);
#4455 = DEFINITIONAL_REPRESENTATION('',(#4456),#4460);
#4456 = LINE('',#4457,#4458);
#4457 = CARTESIAN_POINT('',(28.,6.6));
#4458 = VECTOR('',#4459,1.);
#4459 = DIRECTION('',(1.,0.));
#4460 = ( GEOMETRIC_REPRESENTATION_CONTEXT(2) 
PARAMETRIC_REPRESENTATION_CONTEXT() REPRESENTATION_CONTEXT('2D SPACE',''
  ) );
#4461 = PCURVE('',#4462,#4467);
#4462 = PLANE('',#4463);
#4463 = AXIS2_PLACEMENT_3D('',#4464,#4465,#4466);
#4464 = CARTESIAN_POINT('',(-6.,-37.4,2.4));
#4465 = DIRECTION('',(-0.,1.,0.));
#4466 = DIRECTION('',(0.,0.,1.));
#4467 = DEFINITIONAL_REPRESENTATION('',(#4468),#4472);
#4468 = LINE('',#4469,#4470);
#4469 = CARTESIAN_POINT('',(0.,0.));
#4470 = VECTOR('',#4471,1.);
#4471 = DIRECTION('',(0.,1.));
#4472 = ( GEOMETRIC_REPRESENTATION_CONTEXT(2) 
PARAMETRIC_REPRESENTATION_CONTEXT() REPRESENTATION_CONTEXT('2D SPACE',''
  ) );
#4473 = FACE_BOUND('',#4474,.T.);
#4474 = EDGE_LOOP('',(#4475,#4476,#4477,#4478));
#4475 = ORIENTED_EDGE('',*,*,#2126,.T.);
#4476 = ORIENTED_EDGE('',*,*,#2225,.T.);
#4477 = ORIENTED_EDGE('',*,*,#2250,.F.);
#4478 = ORIENTED_EDGE('',*,*,#2178,.F.);
#4479 = FACE_BOUND('',#4480,.T.);
#4480 = EDGE_LOOP('',(#4481,#4482,#4483,#4484));
#4481 = ORIENTED_EDGE('',*,*,#2507,.T.);
#4482 = ORIENTED_EDGE('',*,*,#2601,.T.);
#4483 = ORIENTED_EDGE('',*,*,#2626,.F.);
#4484 = ORIENTED_EDGE('',*,*,#2554,.F.);
#4485 = FACE_BOUND('',#4486,.T.);
#4486 = EDGE_LOOP('',(#4487,#4517,#4545,#4573));
#4487 = ORIENTED_EDGE('',*,*,#4488,.T.);
#4488 = EDGE_CURVE('',#4489,#4491,#4493,.T.);
#4489 = VERTEX_POINT('',#4490);
#4490 = CARTESIAN_POINT('',(-6.,35.4,2.4));
#4491 = VERTEX_POINT('',#4492);
#4492 = CARTESIAN_POINT('',(-6.,37.4,2.4));
#4493 = SURFACE_CURVE('',#4494,(#4498,#4505),.PCURVE_S1.);
#4494 = LINE('',#4495,#4496);
#4495 = CARTESIAN_POINT('',(-6.,35.4,2.4));
#4496 = VECTOR('',#4497,1.);
#4497 = DIRECTION('',(-0.,1.,0.));
#4498 = PCURVE('',#2139,#4499);
#4499 = DEFINITIONAL_REPRESENTATION('',(#4500),#4504);
#4500 = LINE('',#4501,#4502);
#4501 = CARTESIAN_POINT('',(28.,79.4));
#4502 = VECTOR('',#4503,1.);
#4503 = DIRECTION('',(0.,1.));
#4504 = ( GEOMETRIC_REPRESENTATION_CONTEXT(2) 
PARAMETRIC_REPRESENTATION_CONTEXT() REPRESENTATION_CONTEXT('2D SPACE',''
  ) );
#4505 = PCURVE('',#4506,#4511);
#4506 = PLANE('',#4507);
#4507 = AXIS2_PLACEMENT_3D('',#4508,#4509,#4510);
#4508 = CARTESIAN_POINT('',(-6.,35.4,2.4));
#4509 = DIRECTION('',(1.,0.,-0.));
#4510 = DIRECTION('',(0.,0.,1.));
#4511 = DEFINITIONAL_REPRESENTATION('',(#4512),#4516);
#4512 = LINE('',#4513,#4514);
#4513 = CARTESIAN_POINT('',(0.,0.));
#4514 = VECTOR('',#4515,1.);
#4515 = DIRECTION('',(0.,-1.));
#4516 = ( GEOMETRIC_REPRESENTATION_CONTEXT(2) 
PARAMETRIC_REPRESENTATION_CONTEXT() REPRESENTATION_CONTEXT('2D SPACE',''
  ) );
#4517 = ORIENTED_EDGE('',*,*,#4518,.T.);
#4518 = EDGE_CURVE('',#4491,#4519,#4521,.T.);
#4519 = VERTEX_POINT('',#4520);
#4520 = CARTESIAN_POINT('',(6.,37.4,2.4));
#4521 = SURFACE_CURVE('',#4522,(#4526,#4533),.PCURVE_S1.);
#4522 = LINE('',#4523,#4524);
#4523 = CARTESIAN_POINT('',(-6.,37.4,2.4));
#4524 = VECTOR('',#4525,1.);
#4525 = DIRECTION('',(1.,0.,-0.));
#4526 = PCURVE('',#2139,#4527);
#4527 = DEFINITIONAL_REPRESENTATION('',(#4528),#4532);
#4528 = LINE('',#4529,#4530);
#4529 = CARTESIAN_POINT('',(28.,81.4));
#4530 = VECTOR('',#4531,1.);
#4531 = DIRECTION('',(1.,0.));
#4532 = ( GEOMETRIC_REPRESENTATION_CONTEXT(2) 
PARAMETRIC_REPRESENTATION_CONTEXT() REPRESENTATION_CONTEXT('2D SPACE',''
  ) );
#4533 = PCURVE('',#4534,#4539);
#4534 = PLANE('',#4535);
#4535 = AXIS2_PLACEMENT_3D('',#4536,#4537,#4538);
#4536 = CARTESIAN_POINT('',(-6.,37.4,2.4));
#4537 = DIRECTION('',(-0.,1.,0.));
#4538 = DIRECTION('',(0.,0.,1.));
#4539 = DEFINITIONAL_REPRESENTATION('',(#4540),#4544);
#4540 = LINE('',#4541,#4542);
#4541 = CARTESIAN_POINT('',(0.,0.));
#4542 = VECTOR('',#4543,1.);
#4543 = DIRECTION('',(0.,1.));
#4544 = ( GEOMETRIC_REPRESENTATION_CONTEXT(2) 
PARAMETRIC_REPRESENTATION_CONTEXT() REPRESENTATION_CONTEXT('2D SPACE',''
  ) );
#4545 = ORIENTED_EDGE('',*,*,#4546,.F.);
#4546 = EDGE_CURVE('',#4547,#4519,#4549,.T.);
#4547 = VERTEX_POINT('',#4548);
#4548 = CARTESIAN_POINT('',(6.,35.4,2.4));
#4549 = SURFACE_CURVE('',#4550,(#4554,#4561),.PCURVE_S1.);
#4550 = LINE('',#4551,#4552);
#4551 = CARTESIAN_POINT('',(6.,35.4,2.4));
#4552 = VECTOR('',#4553,1.);
#4553 = DIRECTION('',(-0.,1.,0.));
#4554 = PCURVE('',#2139,#4555);
#4555 = DEFINITIONAL_REPRESENTATION('',(#4556),#4560);
#4556 = LINE('',#4557,#4558);
#4557 = CARTESIAN_POINT('',(40.,79.4));
#4558 = VECTOR('',#4559,1.);
#4559 = DIRECTION('',(0.,1.));
#4560 = ( GEOMETRIC_REPRESENTATION_CONTEXT(2) 
PARAMETRIC_REPRESENTATION_CONTEXT() REPRESENTATION_CONTEXT('2D SPACE',''
  ) );
#4561 = PCURVE('',#4562,#4567);
#4562 = PLANE('',#4563);
#4563 = AXIS2_PLACEMENT_3D('',#4564,#4565,#4566);
#4564 = CARTESIAN_POINT('',(6.,35.4,2.4));
#4565 = DIRECTION('',(1.,0.,-0.));
#4566 = DIRECTION('',(0.,0.,1.));
#4567 = DEFINITIONAL_REPRESENTATION('',(#4568),#4572);
#4568 = LINE('',#4569,#4570);
#4569 = CARTESIAN_POINT('',(0.,0.));
#4570 = VECTOR('',#4571,1.);
#4571 = DIRECTION('',(0.,-1.));
#4572 = ( GEOMETRIC_REPRESENTATION_CONTEXT(2) 
PARAMETRIC_REPRESENTATION_CONTEXT() REPRESENTATION_CONTEXT('2D SPACE',''
  ) );
#4573 = ORIENTED_EDGE('',*,*,#4574,.F.);
#4574 = EDGE_CURVE('',#4489,#4547,#4575,.T.);
#4575 = SURFACE_CURVE('',#4576,(#4580,#4587),.PCURVE_S1.);
#4576 = LINE('',#4577,#4578);
#4577 = CARTESIAN_POINT('',(-6.,35.4,2.4));
#4578 = VECTOR('',#4579,1.);
#4579 = DIRECTION('',(1.,0.,-0.));
#4580 = PCURVE('',#2139,#4581);
#4581 = DEFINITIONAL_REPRESENTATION('',(#4582),#4586);
#4582 = LINE('',#4583,#4584);
#4583 = CARTESIAN_POINT('',(28.,79.4));
#4584 = VECTOR('',#4585,1.);
#4585 = DIRECTION('',(1.,0.));
#4586 = ( GEOMETRIC_REPRESENTATION_CONTEXT(2) 
PARAMETRIC_REPRESENTATION_CONTEXT() REPRESENTATION_CONTEXT('2D SPACE',''
  ) );
#4587 = PCURVE('',#4588,#4593);
#4588 = PLANE('',#4589);
#4589 = AXIS2_PLACEMENT_3D('',#4590,#4591,#4592);
#4590 = CARTESIAN_POINT('',(-6.,35.4,2.4));
#4591 = DIRECTION('',(-0.,1.,0.));
#4592 = DIRECTION('',(0.,0.,1.));
#4593 = DEFINITIONAL_REPRESENTATION('',(#4594),#4598);
#4594 = LINE('',#4595,#4596);
#4595 = CARTESIAN_POINT('',(0.,0.));
#4596 = VECTOR('',#4597,1.);
#4597 = DIRECTION('',(0.,1.));
#4598 = ( GEOMETRIC_REPRESENTATION_CONTEXT(2) 
PARAMETRIC_REPRESENTATION_CONTEXT() REPRESENTATION_CONTEXT('2D SPACE',''
  ) );
#4599 = FACE_BOUND('',#4600,.T.);
#4600 = EDGE_LOOP('',(#4601,#4602,#4603,#4604));
#4601 = ORIENTED_EDGE('',*,*,#2319,.T.);
#4602 = ORIENTED_EDGE('',*,*,#2413,.T.);
#4603 = ORIENTED_EDGE('',*,*,#2438,.F.);
#4604 = ORIENTED_EDGE('',*,*,#2366,.F.);
#4605 = FACE_BOUND('',#4606,.T.);
#4606 = EDGE_LOOP('',(#4607,#4608,#4609,#4610));
#4607 = ORIENTED_EDGE('',*,*,#2695,.T.);
#4608 = ORIENTED_EDGE('',*,*,#2814,.T.);
#4609 = ORIENTED_EDGE('',*,*,#2789,.F.);
#4610 = ORIENTED_EDGE('',*,*,#2742,.F.);
#4611 = ADVANCED_FACE('',(#4612),#2851,.F.);
#4612 = FACE_BOUND('',#4613,.T.);
#4613 = EDGE_LOOP('',(#4614,#4615,#4641,#4642));
#4614 = ORIENTED_EDGE('',*,*,#3663,.F.);
#4615 = ORIENTED_EDGE('',*,*,#4616,.T.);
#4616 = EDGE_CURVE('',#3640,#2837,#4617,.T.);
#4617 = SURFACE_CURVE('',#4618,(#4622,#4629),.PCURVE_S1.);
#4618 = LINE('',#4619,#4620);
#4619 = CARTESIAN_POINT('',(37.6,43.4,4.8));
#4620 = VECTOR('',#4621,1.);
#4621 = DIRECTION('',(0.,-1.,-0.));
#4622 = PCURVE('',#2851,#4623);
#4623 = DEFINITIONAL_REPRESENTATION('',(#4624),#4628);
#4624 = LINE('',#4625,#4626);
#4625 = CARTESIAN_POINT('',(-0.,-0.848528137424));
#4626 = VECTOR('',#4627,1.);
#4627 = DIRECTION('',(-1.,0.));
#4628 = ( GEOMETRIC_REPRESENTATION_CONTEXT(2) 
PARAMETRIC_REPRESENTATION_CONTEXT() REPRESENTATION_CONTEXT('2D SPACE',''
  ) );
#4629 = PCURVE('',#4630,#4635);
#4630 = PLANE('',#4631);
#4631 = AXIS2_PLACEMENT_3D('',#4632,#4633,#4634);
#4632 = CARTESIAN_POINT('',(37.6,-47.6,3.6));
#4633 = DIRECTION('',(1.,0.,-0.));
#4634 = DIRECTION('',(0.,0.,1.));
#4635 = DEFINITIONAL_REPRESENTATION('',(#4636),#4640);
#4636 = LINE('',#4637,#4638);
#4637 = CARTESIAN_POINT('',(1.2,-91.));
#4638 = VECTOR('',#4639,1.);
#4639 = DIRECTION('',(0.,1.));
#4640 = ( GEOMETRIC_REPRESENTATION_CONTEXT(2) 
PARAMETRIC_REPRESENTATION_CONTEXT() REPRESENTATION_CONTEXT('2D SPACE',''
  ) );
#4641 = ORIENTED_EDGE('',*,*,#2836,.T.);
#4642 = ORIENTED_EDGE('',*,*,#3004,.F.);
#4643 = ADVANCED_FACE('',(#4644),#2877,.T.);
#4644 = FACE_BOUND('',#4645,.F.);
#4645 = EDGE_LOOP('',(#4646,#4669,#4670,#4671));
#4646 = ORIENTED_EDGE('',*,*,#4647,.F.);
#4647 = EDGE_CURVE('',#2837,#4648,#4650,.T.);
#4648 = VERTEX_POINT('',#4649);
#4649 = CARTESIAN_POINT('',(37.6,-43.4,7.2));
#4650 = SURFACE_CURVE('',#4651,(#4655,#4662),.PCURVE_S1.);
#4651 = LINE('',#4652,#4653);
#4652 = CARTESIAN_POINT('',(37.6,-43.4,3.6));
#4653 = VECTOR('',#4654,1.);
#4654 = DIRECTION('',(0.,0.,1.));
#4655 = PCURVE('',#2877,#4656);
#4656 = DEFINITIONAL_REPRESENTATION('',(#4657),#4661);
#4657 = LINE('',#4658,#4659);
#4658 = CARTESIAN_POINT('',(-0.,0.));
#4659 = VECTOR('',#4660,1.);
#4660 = DIRECTION('',(-0.,1.));
#4661 = ( GEOMETRIC_REPRESENTATION_CONTEXT(2) 
PARAMETRIC_REPRESENTATION_CONTEXT() REPRESENTATION_CONTEXT('2D SPACE',''
  ) );
#4662 = PCURVE('',#4630,#4663);
#4663 = DEFINITIONAL_REPRESENTATION('',(#4664),#4668);
#4664 = LINE('',#4665,#4666);
#4665 = CARTESIAN_POINT('',(0.,-4.2));
#4666 = VECTOR('',#4667,1.);
#4667 = DIRECTION('',(1.,0.));
#4668 = ( GEOMETRIC_REPRESENTATION_CONTEXT(2) 
PARAMETRIC_REPRESENTATION_CONTEXT() REPRESENTATION_CONTEXT('2D SPACE',''
  ) );
#4669 = ORIENTED_EDGE('',*,*,#2862,.T.);
#4670 = ORIENTED_EDGE('',*,*,#2923,.T.);
#4671 = ORIENTED_EDGE('',*,*,#4672,.F.);
#4672 = EDGE_CURVE('',#4648,#2896,#4673,.T.);
#4673 = SURFACE_CURVE('',#4674,(#4679,#4686),.PCURVE_S1.);
#4674 = CIRCLE('',#4675,4.2);
#4675 = AXIS2_PLACEMENT_3D('',#4676,#4677,#4678);
#4676 = CARTESIAN_POINT('',(33.4,-43.4,7.2));
#4677 = DIRECTION('',(0.,0.,-1.));
#4678 = DIRECTION('',(1.,0.,0.));
#4679 = PCURVE('',#2877,#4680);
#4680 = DEFINITIONAL_REPRESENTATION('',(#4681),#4685);
#4681 = LINE('',#4682,#4683);
#4682 = CARTESIAN_POINT('',(-0.,3.6));
#4683 = VECTOR('',#4684,1.);
#4684 = DIRECTION('',(-1.,0.));
#4685 = ( GEOMETRIC_REPRESENTATION_CONTEXT(2) 
PARAMETRIC_REPRESENTATION_CONTEXT() REPRESENTATION_CONTEXT('2D SPACE',''
  ) );
#4686 = PCURVE('',#4687,#4692);
#4687 = CONICAL_SURFACE('',#4688,4.2,0.785398163397);
#4688 = AXIS2_PLACEMENT_3D('',#4689,#4690,#4691);
#4689 = CARTESIAN_POINT('',(33.4,-43.4,7.2));
#4690 = DIRECTION('',(-0.,-0.,-1.));
#4691 = DIRECTION('',(1.,0.,0.));
#4692 = DEFINITIONAL_REPRESENTATION('',(#4693),#4697);
#4693 = LINE('',#4694,#4695);
#4694 = CARTESIAN_POINT('',(0.,-0.));
#4695 = VECTOR('',#4696,1.);
#4696 = DIRECTION('',(1.,-0.));
#4697 = ( GEOMETRIC_REPRESENTATION_CONTEXT(2) 
PARAMETRIC_REPRESENTATION_CONTEXT() REPRESENTATION_CONTEXT('2D SPACE',''
  ) );
#4698 = ADVANCED_FACE('',(#4699),#2911,.F.);
#4699 = FACE_BOUND('',#4700,.F.);
#4700 = EDGE_LOOP('',(#4701,#4722,#4723,#4724));
#4701 = ORIENTED_EDGE('',*,*,#4702,.F.);
#4702 = EDGE_CURVE('',#2896,#4703,#4705,.T.);
#4703 = VERTEX_POINT('',#4704);
#4704 = CARTESIAN_POINT('',(33.4,-46.4,8.4));
#4705 = SURFACE_CURVE('',#4706,(#4710,#4716),.PCURVE_S1.);
#4706 = LINE('',#4707,#4708);
#4707 = CARTESIAN_POINT('',(33.4,-47.6,7.2));
#4708 = VECTOR('',#4709,1.);
#4709 = DIRECTION('',(-4.329780281177E-17,0.707106781187,0.707106781187)
  );
#4710 = PCURVE('',#2911,#4711);
#4711 = DEFINITIONAL_REPRESENTATION('',(#4712),#4715);
#4712 = B_SPLINE_CURVE_WITH_KNOTS('',1,(#4713,#4714),.UNSPECIFIED.,.F.,
  .F.,(2,2),(0.,1.697056274848),.PIECEWISE_BEZIER_KNOTS.);
#4713 = CARTESIAN_POINT('',(0.,-0.848528137424));
#4714 = CARTESIAN_POINT('',(0.,0.848528137424));
#4715 = ( GEOMETRIC_REPRESENTATION_CONTEXT(2) 
PARAMETRIC_REPRESENTATION_CONTEXT() REPRESENTATION_CONTEXT('2D SPACE',''
  ) );
#4716 = PCURVE('',#4687,#4717);
#4717 = DEFINITIONAL_REPRESENTATION('',(#4718),#4721);
#4718 = B_SPLINE_CURVE_WITH_KNOTS('',1,(#4719,#4720),.UNSPECIFIED.,.F.,
  .F.,(2,2),(0.,1.697056274848),.PIECEWISE_BEZIER_KNOTS.);
#4719 = CARTESIAN_POINT('',(1.570796326795,0.));
#4720 = CARTESIAN_POINT('',(1.570796326795,-1.2));
#4721 = ( GEOMETRIC_REPRESENTATION_CONTEXT(2) 
PARAMETRIC_REPRESENTATION_CONTEXT() REPRESENTATION_CONTEXT('2D SPACE',''
  ) );
#4722 = ORIENTED_EDGE('',*,*,#2895,.T.);
#4723 = ORIENTED_EDGE('',*,*,#2948,.T.);
#4724 = ORIENTED_EDGE('',*,*,#4725,.F.);
#4725 = EDGE_CURVE('',#4703,#2949,#4726,.T.);
#4726 = SURFACE_CURVE('',#4727,(#4731,#4738),.PCURVE_S1.);
#4727 = LINE('',#4728,#4729);
#4728 = CARTESIAN_POINT('',(33.4,-46.4,8.4));
#4729 = VECTOR('',#4730,1.);
#4730 = DIRECTION('',(-1.,-0.,0.));
#4731 = PCURVE('',#2911,#4732);
#4732 = DEFINITIONAL_REPRESENTATION('',(#4733),#4737);
#4733 = LINE('',#4734,#4735);
#4734 = CARTESIAN_POINT('',(0.,0.848528137424));
#4735 = VECTOR('',#4736,1.);
#4736 = DIRECTION('',(1.,0.));
#4737 = ( GEOMETRIC_REPRESENTATION_CONTEXT(2) 
PARAMETRIC_REPRESENTATION_CONTEXT() REPRESENTATION_CONTEXT('2D SPACE',''
  ) );
#4738 = PCURVE('',#4739,#4744);
#4739 = PLANE('',#4740);
#4740 = AXIS2_PLACEMENT_3D('',#4741,#4742,#4743);
#4741 = CARTESIAN_POINT('',(-36.4,-46.4,0.));
#4742 = DIRECTION('',(-0.,1.,0.));
#4743 = DIRECTION('',(0.,0.,1.));
#4744 = DEFINITIONAL_REPRESENTATION('',(#4745),#4749);
#4745 = LINE('',#4746,#4747);
#4746 = CARTESIAN_POINT('',(8.4,69.8));
#4747 = VECTOR('',#4748,1.);
#4748 = DIRECTION('',(0.,-1.));
#4749 = ( GEOMETRIC_REPRESENTATION_CONTEXT(2) 
PARAMETRIC_REPRESENTATION_CONTEXT() REPRESENTATION_CONTEXT('2D SPACE',''
  ) );
#4750 = ADVANCED_FACE('',(#4751),#2986,.T.);
#4751 = FACE_BOUND('',#4752,.T.);
#4752 = EDGE_LOOP('',(#4753,#4754,#4755,#4778));
#4753 = ORIENTED_EDGE('',*,*,#3028,.F.);
#4754 = ORIENTED_EDGE('',*,*,#2971,.F.);
#4755 = ORIENTED_EDGE('',*,*,#4756,.T.);
#4756 = EDGE_CURVE('',#2949,#4757,#4759,.T.);
#4757 = VERTEX_POINT('',#4758);
#4758 = CARTESIAN_POINT('',(-33.4,-46.4,32.));
#4759 = SURFACE_CURVE('',#4760,(#4764,#4771),.PCURVE_S1.);
#4760 = LINE('',#4761,#4762);
#4761 = CARTESIAN_POINT('',(-33.4,-46.4,0.));
#4762 = VECTOR('',#4763,1.);
#4763 = DIRECTION('',(0.,0.,1.));
#4764 = PCURVE('',#2986,#4765);
#4765 = DEFINITIONAL_REPRESENTATION('',(#4766),#4770);
#4766 = LINE('',#4767,#4768);
#4767 = CARTESIAN_POINT('',(1.570796326795,0.));
#4768 = VECTOR('',#4769,1.);
#4769 = DIRECTION('',(0.,1.));
#4770 = ( GEOMETRIC_REPRESENTATION_CONTEXT(2) 
PARAMETRIC_REPRESENTATION_CONTEXT() REPRESENTATION_CONTEXT('2D SPACE',''
  ) );
#4771 = PCURVE('',#4739,#4772);
#4772 = DEFINITIONAL_REPRESENTATION('',(#4773),#4777);
#4773 = LINE('',#4774,#4775);
#4774 = CARTESIAN_POINT('',(0.,3.));
#4775 = VECTOR('',#4776,1.);
#4776 = DIRECTION('',(1.,0.));
#4777 = ( GEOMETRIC_REPRESENTATION_CONTEXT(2) 
PARAMETRIC_REPRESENTATION_CONTEXT() REPRESENTATION_CONTEXT('2D SPACE',''
  ) );
#4778 = ORIENTED_EDGE('',*,*,#4779,.F.);
#4779 = EDGE_CURVE('',#3029,#4757,#4780,.T.);
#4780 = SURFACE_CURVE('',#4781,(#4786,#4793),.PCURVE_S1.);
#4781 = CIRCLE('',#4782,3.);
#4782 = AXIS2_PLACEMENT_3D('',#4783,#4784,#4785);
#4783 = CARTESIAN_POINT('',(-33.4,-43.4,32.));
#4784 = DIRECTION('',(0.,0.,1.));
#4785 = DIRECTION('',(0.,-1.,0.));
#4786 = PCURVE('',#2986,#4787);
#4787 = DEFINITIONAL_REPRESENTATION('',(#4788),#4792);
#4788 = LINE('',#4789,#4790);
#4789 = CARTESIAN_POINT('',(-4.712388980385,32.));
#4790 = VECTOR('',#4791,1.);
#4791 = DIRECTION('',(1.,0.));
#4792 = ( GEOMETRIC_REPRESENTATION_CONTEXT(2) 
PARAMETRIC_REPRESENTATION_CONTEXT() REPRESENTATION_CONTEXT('2D SPACE',''
  ) );
#4793 = PCURVE('',#3516,#4794);
#4794 = DEFINITIONAL_REPRESENTATION('',(#4795),#4799);
#4795 = CIRCLE('',#4796,3.);
#4796 = AXIS2_PLACEMENT_2D('',#4797,#4798);
#4797 = CARTESIAN_POINT('',(3.,3.));
#4798 = DIRECTION('',(0.,-1.));
#4799 = ( GEOMETRIC_REPRESENTATION_CONTEXT(2) 
PARAMETRIC_REPRESENTATION_CONTEXT() REPRESENTATION_CONTEXT('2D SPACE',''
  ) );
#4800 = ADVANCED_FACE('',(#4801,#5470,#5501,#5586,#5617,#5702,#5733,
    #5764,#5795,#5880),#3516,.T.);
#4801 = FACE_BOUND('',#4802,.T.);
#4802 = EDGE_LOOP('',(#4803,#4804,#4805,#4828,#4861,#4889,#4917,#4945,
    #4973,#4996,#5024,#5052,#5080,#5103,#5132,#5160,#5186,#5208,#5232,
    #5254,#5278,#5300,#5324,#5346,#5367,#5393,#5421,#5449));
#4803 = ORIENTED_EDGE('',*,*,#3502,.F.);
#4804 = ORIENTED_EDGE('',*,*,#4779,.T.);
#4805 = ORIENTED_EDGE('',*,*,#4806,.T.);
#4806 = EDGE_CURVE('',#4757,#4807,#4809,.T.);
#4807 = VERTEX_POINT('',#4808);
#4808 = CARTESIAN_POINT('',(33.4,-46.4,32.));
#4809 = SURFACE_CURVE('',#4810,(#4814,#4821),.PCURVE_S1.);
#4810 = LINE('',#4811,#4812);
#4811 = CARTESIAN_POINT('',(-36.4,-46.4,32.));
#4812 = VECTOR('',#4813,1.);
#4813 = DIRECTION('',(1.,0.,-0.));
#4814 = PCURVE('',#3516,#4815);
#4815 = DEFINITIONAL_REPRESENTATION('',(#4816),#4820);
#4816 = LINE('',#4817,#4818);
#4817 = CARTESIAN_POINT('',(0.,0.));
#4818 = VECTOR('',#4819,1.);
#4819 = DIRECTION('',(1.,0.));
#4820 = ( GEOMETRIC_REPRESENTATION_CONTEXT(2) 
PARAMETRIC_REPRESENTATION_CONTEXT() REPRESENTATION_CONTEXT('2D SPACE',''
  ) );
#4821 = PCURVE('',#4739,#4822);
#4822 = DEFINITIONAL_REPRESENTATION('',(#4823),#4827);
#4823 = LINE('',#4824,#4825);
#4824 = CARTESIAN_POINT('',(32.,0.));
#4825 = VECTOR('',#4826,1.);
#4826 = DIRECTION('',(0.,1.));
#4827 = ( GEOMETRIC_REPRESENTATION_CONTEXT(2) 
PARAMETRIC_REPRESENTATION_CONTEXT() REPRESENTATION_CONTEXT('2D SPACE',''
  ) );
#4828 = ORIENTED_EDGE('',*,*,#4829,.F.);
#4829 = EDGE_CURVE('',#4830,#4807,#4832,.T.);
#4830 = VERTEX_POINT('',#4831);
#4831 = CARTESIAN_POINT('',(36.4,-43.4,32.));
#4832 = SURFACE_CURVE('',#4833,(#4838,#4849),.PCURVE_S1.);
#4833 = CIRCLE('',#4834,3.);
#4834 = AXIS2_PLACEMENT_3D('',#4835,#4836,#4837);
#4835 = CARTESIAN_POINT('',(33.4,-43.4,32.));
#4836 = DIRECTION('',(-0.,-0.,-1.));
#4837 = DIRECTION('',(0.,-1.,0.));
#4838 = PCURVE('',#3516,#4839);
#4839 = DEFINITIONAL_REPRESENTATION('',(#4840),#4848);
#4840 = ( BOUNDED_CURVE() B_SPLINE_CURVE(2,(#4841,#4842,#4843,#4844,
#4845,#4846,#4847),.UNSPECIFIED.,.T.,.F.) B_SPLINE_CURVE_WITH_KNOTS((1,2
    ,2,2,2,1),(-2.094395102393,0.,2.094395102393,4.188790204786,
6.28318530718,8.377580409573),.UNSPECIFIED.) CURVE() 
GEOMETRIC_REPRESENTATION_ITEM() RATIONAL_B_SPLINE_CURVE((1.,0.5,1.,0.5,
1.,0.5,1.)) REPRESENTATION_ITEM('') );
#4841 = CARTESIAN_POINT('',(69.8,0.));
#4842 = CARTESIAN_POINT('',(64.603847577293,0.));
#4843 = CARTESIAN_POINT('',(67.201923788647,4.5));
#4844 = CARTESIAN_POINT('',(69.8,9.));
#4845 = CARTESIAN_POINT('',(72.398076211353,4.5));
#4846 = CARTESIAN_POINT('',(74.996152422707,4.440892098501E-15));
#4847 = CARTESIAN_POINT('',(69.8,0.));
#4848 = ( GEOMETRIC_REPRESENTATION_CONTEXT(2) 
PARAMETRIC_REPRESENTATION_CONTEXT() REPRESENTATION_CONTEXT('2D SPACE',''
  ) );
#4849 = PCURVE('',#4850,#4855);
#4850 = CYLINDRICAL_SURFACE('',#4851,3.);
#4851 = AXIS2_PLACEMENT_3D('',#4852,#4853,#4854);
#4852 = CARTESIAN_POINT('',(33.4,-43.4,0.));
#4853 = DIRECTION('',(0.,0.,1.));
#4854 = DIRECTION('',(1.,0.,-0.));
#4855 = DEFINITIONAL_REPRESENTATION('',(#4856),#4860);
#4856 = LINE('',#4857,#4858);
#4857 = CARTESIAN_POINT('',(4.712388980385,32.));
#4858 = VECTOR('',#4859,1.);
#4859 = DIRECTION('',(-1.,0.));
#4860 = ( GEOMETRIC_REPRESENTATION_CONTEXT(2) 
PARAMETRIC_REPRESENTATION_CONTEXT() REPRESENTATION_CONTEXT('2D SPACE',''
  ) );
#4861 = ORIENTED_EDGE('',*,*,#4862,.T.);
#4862 = EDGE_CURVE('',#4830,#4863,#4865,.T.);
#4863 = VERTEX_POINT('',#4864);
#4864 = CARTESIAN_POINT('',(36.4,-42.4,32.));
#4865 = SURFACE_CURVE('',#4866,(#4870,#4877),.PCURVE_S1.);
#4866 = LINE('',#4867,#4868);
#4867 = CARTESIAN_POINT('',(36.4,-46.4,32.));
#4868 = VECTOR('',#4869,1.);
#4869 = DIRECTION('',(-0.,1.,0.));
#4870 = PCURVE('',#3516,#4871);
#4871 = DEFINITIONAL_REPRESENTATION('',(#4872),#4876);
#4872 = LINE('',#4873,#4874);
#4873 = CARTESIAN_POINT('',(72.8,0.));
#4874 = VECTOR('',#4875,1.);
#4875 = DIRECTION('',(0.,1.));
#4876 = ( GEOMETRIC_REPRESENTATION_CONTEXT(2) 
PARAMETRIC_REPRESENTATION_CONTEXT() REPRESENTATION_CONTEXT('2D SPACE',''
  ) );
#4877 = PCURVE('',#4878,#4883);
#4878 = PLANE('',#4879);
#4879 = AXIS2_PLACEMENT_3D('',#4880,#4881,#4882);
#4880 = CARTESIAN_POINT('',(36.4,-46.4,0.));
#4881 = DIRECTION('',(1.,0.,-0.));
#4882 = DIRECTION('',(0.,0.,1.));
#4883 = DEFINITIONAL_REPRESENTATION('',(#4884),#4888);
#4884 = LINE('',#4885,#4886);
#4885 = CARTESIAN_POINT('',(32.,0.));
#4886 = VECTOR('',#4887,1.);
#4887 = DIRECTION('',(0.,-1.));
#4888 = ( GEOMETRIC_REPRESENTATION_CONTEXT(2) 
PARAMETRIC_REPRESENTATION_CONTEXT() REPRESENTATION_CONTEXT('2D SPACE',''
  ) );
#4889 = ORIENTED_EDGE('',*,*,#4890,.T.);
#4890 = EDGE_CURVE('',#4863,#4891,#4893,.T.);
#4891 = VERTEX_POINT('',#4892);
#4892 = CARTESIAN_POINT('',(48.4,-42.4,32.));
#4893 = SURFACE_CURVE('',#4894,(#4898,#4905),.PCURVE_S1.);
#4894 = LINE('',#4895,#4896);
#4895 = CARTESIAN_POINT('',(36.1,-42.4,32.));
#4896 = VECTOR('',#4897,1.);
#4897 = DIRECTION('',(1.,0.,-0.));
#4898 = PCURVE('',#3516,#4899);
#4899 = DEFINITIONAL_REPRESENTATION('',(#4900),#4904);
#4900 = LINE('',#4901,#4902);
#4901 = CARTESIAN_POINT('',(72.5,4.));
#4902 = VECTOR('',#4903,1.);
#4903 = DIRECTION('',(1.,0.));
#4904 = ( GEOMETRIC_REPRESENTATION_CONTEXT(2) 
PARAMETRIC_REPRESENTATION_CONTEXT() REPRESENTATION_CONTEXT('2D SPACE',''
  ) );
#4905 = PCURVE('',#4906,#4911);
#4906 = PLANE('',#4907);
#4907 = AXIS2_PLACEMENT_3D('',#4908,#4909,#4910);
#4908 = CARTESIAN_POINT('',(36.1,-42.4,27.));
#4909 = DIRECTION('',(-0.,1.,0.));
#4910 = DIRECTION('',(0.,0.,1.));
#4911 = DEFINITIONAL_REPRESENTATION('',(#4912),#4916);
#4912 = LINE('',#4913,#4914);
#4913 = CARTESIAN_POINT('',(5.,0.));
#4914 = VECTOR('',#4915,1.);
#4915 = DIRECTION('',(0.,1.));
#4916 = ( GEOMETRIC_REPRESENTATION_CONTEXT(2) 
PARAMETRIC_REPRESENTATION_CONTEXT() REPRESENTATION_CONTEXT('2D SPACE',''
  ) );
#4917 = ORIENTED_EDGE('',*,*,#4918,.T.);
#4918 = EDGE_CURVE('',#4891,#4919,#4921,.T.);
#4919 = VERTEX_POINT('',#4920);
#4920 = CARTESIAN_POINT('',(48.4,-28.4,32.));
#4921 = SURFACE_CURVE('',#4922,(#4926,#4933),.PCURVE_S1.);
#4922 = LINE('',#4923,#4924);
#4923 = CARTESIAN_POINT('',(48.4,-42.4,32.));
#4924 = VECTOR('',#4925,1.);
#4925 = DIRECTION('',(-0.,1.,0.));
#4926 = PCURVE('',#3516,#4927);
#4927 = DEFINITIONAL_REPRESENTATION('',(#4928),#4932);
#4928 = LINE('',#4929,#4930);
#4929 = CARTESIAN_POINT('',(84.8,4.));
#4930 = VECTOR('',#4931,1.);
#4931 = DIRECTION('',(0.,1.));
#4932 = ( GEOMETRIC_REPRESENTATION_CONTEXT(2) 
PARAMETRIC_REPRESENTATION_CONTEXT() REPRESENTATION_CONTEXT('2D SPACE',''
  ) );
#4933 = PCURVE('',#4934,#4939);
#4934 = PLANE('',#4935);
#4935 = AXIS2_PLACEMENT_3D('',#4936,#4937,#4938);
#4936 = CARTESIAN_POINT('',(48.4,-42.4,27.));
#4937 = DIRECTION('',(1.,0.,-0.));
#4938 = DIRECTION('',(0.,0.,1.));
#4939 = DEFINITIONAL_REPRESENTATION('',(#4940),#4944);
#4940 = LINE('',#4941,#4942);
#4941 = CARTESIAN_POINT('',(5.,0.));
#4942 = VECTOR('',#4943,1.);
#4943 = DIRECTION('',(0.,-1.));
#4944 = ( GEOMETRIC_REPRESENTATION_CONTEXT(2) 
PARAMETRIC_REPRESENTATION_CONTEXT() REPRESENTATION_CONTEXT('2D SPACE',''
  ) );
#4945 = ORIENTED_EDGE('',*,*,#4946,.F.);
#4946 = EDGE_CURVE('',#4947,#4919,#4949,.T.);
#4947 = VERTEX_POINT('',#4948);
#4948 = CARTESIAN_POINT('',(36.4,-28.4,32.));
#4949 = SURFACE_CURVE('',#4950,(#4954,#4961),.PCURVE_S1.);
#4950 = LINE('',#4951,#4952);
#4951 = CARTESIAN_POINT('',(36.1,-28.4,32.));
#4952 = VECTOR('',#4953,1.);
#4953 = DIRECTION('',(1.,0.,-0.));
#4954 = PCURVE('',#3516,#4955);
#4955 = DEFINITIONAL_REPRESENTATION('',(#4956),#4960);
#4956 = LINE('',#4957,#4958);
#4957 = CARTESIAN_POINT('',(72.5,18.));
#4958 = VECTOR('',#4959,1.);
#4959 = DIRECTION('',(1.,0.));
#4960 = ( GEOMETRIC_REPRESENTATION_CONTEXT(2) 
PARAMETRIC_REPRESENTATION_CONTEXT() REPRESENTATION_CONTEXT('2D SPACE',''
  ) );
#4961 = PCURVE('',#4962,#4967);
#4962 = PLANE('',#4963);
#4963 = AXIS2_PLACEMENT_3D('',#4964,#4965,#4966);
#4964 = CARTESIAN_POINT('',(36.1,-28.4,27.));
#4965 = DIRECTION('',(-0.,1.,0.));
#4966 = DIRECTION('',(0.,0.,1.));
#4967 = DEFINITIONAL_REPRESENTATION('',(#4968),#4972);
#4968 = LINE('',#4969,#4970);
#4969 = CARTESIAN_POINT('',(5.,0.));
#4970 = VECTOR('',#4971,1.);
#4971 = DIRECTION('',(0.,1.));
#4972 = ( GEOMETRIC_REPRESENTATION_CONTEXT(2) 
PARAMETRIC_REPRESENTATION_CONTEXT() REPRESENTATION_CONTEXT('2D SPACE',''
  ) );
#4973 = ORIENTED_EDGE('',*,*,#4974,.T.);
#4974 = EDGE_CURVE('',#4947,#4975,#4977,.T.);
#4975 = VERTEX_POINT('',#4976);
#4976 = CARTESIAN_POINT('',(36.4,28.4,32.));
#4977 = SURFACE_CURVE('',#4978,(#4982,#4989),.PCURVE_S1.);
#4978 = LINE('',#4979,#4980);
#4979 = CARTESIAN_POINT('',(36.4,-46.4,32.));
#4980 = VECTOR('',#4981,1.);
#4981 = DIRECTION('',(-0.,1.,0.));
#4982 = PCURVE('',#3516,#4983);
#4983 = DEFINITIONAL_REPRESENTATION('',(#4984),#4988);
#4984 = LINE('',#4985,#4986);
#4985 = CARTESIAN_POINT('',(72.8,0.));
#4986 = VECTOR('',#4987,1.);
#4987 = DIRECTION('',(0.,1.));
#4988 = ( GEOMETRIC_REPRESENTATION_CONTEXT(2) 
PARAMETRIC_REPRESENTATION_CONTEXT() REPRESENTATION_CONTEXT('2D SPACE',''
  ) );
#4989 = PCURVE('',#4878,#4990);
#4990 = DEFINITIONAL_REPRESENTATION('',(#4991),#4995);
#4991 = LINE('',#4992,#4993);
#4992 = CARTESIAN_POINT('',(32.,0.));
#4993 = VECTOR('',#4994,1.);
#4994 = DIRECTION('',(0.,-1.));
#4995 = ( GEOMETRIC_REPRESENTATION_CONTEXT(2) 
PARAMETRIC_REPRESENTATION_CONTEXT() REPRESENTATION_CONTEXT('2D SPACE',''
  ) );
#4996 = ORIENTED_EDGE('',*,*,#4997,.T.);
#4997 = EDGE_CURVE('',#4975,#4998,#5000,.T.);
#4998 = VERTEX_POINT('',#4999);
#4999 = CARTESIAN_POINT('',(48.4,28.4,32.));
#5000 = SURFACE_CURVE('',#5001,(#5005,#5012),.PCURVE_S1.);
#5001 = LINE('',#5002,#5003);
#5002 = CARTESIAN_POINT('',(36.1,28.4,32.));
#5003 = VECTOR('',#5004,1.);
#5004 = DIRECTION('',(1.,0.,-0.));
#5005 = PCURVE('',#3516,#5006);
#5006 = DEFINITIONAL_REPRESENTATION('',(#5007),#5011);
#5007 = LINE('',#5008,#5009);
#5008 = CARTESIAN_POINT('',(72.5,74.8));
#5009 = VECTOR('',#5010,1.);
#5010 = DIRECTION('',(1.,0.));
#5011 = ( GEOMETRIC_REPRESENTATION_CONTEXT(2) 
PARAMETRIC_REPRESENTATION_CONTEXT() REPRESENTATION_CONTEXT('2D SPACE',''
  ) );
#5012 = PCURVE('',#5013,#5018);
#5013 = PLANE('',#5014);
#5014 = AXIS2_PLACEMENT_3D('',#5015,#5016,#5017);
#5015 = CARTESIAN_POINT('',(36.1,28.4,27.));
#5016 = DIRECTION('',(-0.,1.,0.));
#5017 = DIRECTION('',(0.,0.,1.));
#5018 = DEFINITIONAL_REPRESENTATION('',(#5019),#5023);
#5019 = LINE('',#5020,#5021);
#5020 = CARTESIAN_POINT('',(5.,0.));
#5021 = VECTOR('',#5022,1.);
#5022 = DIRECTION('',(0.,1.));
#5023 = ( GEOMETRIC_REPRESENTATION_CONTEXT(2) 
PARAMETRIC_REPRESENTATION_CONTEXT() REPRESENTATION_CONTEXT('2D SPACE',''
  ) );
#5024 = ORIENTED_EDGE('',*,*,#5025,.T.);
#5025 = EDGE_CURVE('',#4998,#5026,#5028,.T.);
#5026 = VERTEX_POINT('',#5027);
#5027 = CARTESIAN_POINT('',(48.4,42.4,32.));
#5028 = SURFACE_CURVE('',#5029,(#5033,#5040),.PCURVE_S1.);
#5029 = LINE('',#5030,#5031);
#5030 = CARTESIAN_POINT('',(48.4,28.4,32.));
#5031 = VECTOR('',#5032,1.);
#5032 = DIRECTION('',(-0.,1.,0.));
#5033 = PCURVE('',#3516,#5034);
#5034 = DEFINITIONAL_REPRESENTATION('',(#5035),#5039);
#5035 = LINE('',#5036,#5037);
#5036 = CARTESIAN_POINT('',(84.8,74.8));
#5037 = VECTOR('',#5038,1.);
#5038 = DIRECTION('',(0.,1.));
#5039 = ( GEOMETRIC_REPRESENTATION_CONTEXT(2) 
PARAMETRIC_REPRESENTATION_CONTEXT() REPRESENTATION_CONTEXT('2D SPACE',''
  ) );
#5040 = PCURVE('',#5041,#5046);
#5041 = PLANE('',#5042);
#5042 = AXIS2_PLACEMENT_3D('',#5043,#5044,#5045);
#5043 = CARTESIAN_POINT('',(48.4,28.4,27.));
#5044 = DIRECTION('',(1.,0.,-0.));
#5045 = DIRECTION('',(0.,0.,1.));
#5046 = DEFINITIONAL_REPRESENTATION('',(#5047),#5051);
#5047 = LINE('',#5048,#5049);
#5048 = CARTESIAN_POINT('',(5.,0.));
#5049 = VECTOR('',#5050,1.);
#5050 = DIRECTION('',(0.,-1.));
#5051 = ( GEOMETRIC_REPRESENTATION_CONTEXT(2) 
PARAMETRIC_REPRESENTATION_CONTEXT() REPRESENTATION_CONTEXT('2D SPACE',''
  ) );
#5052 = ORIENTED_EDGE('',*,*,#5053,.F.);
#5053 = EDGE_CURVE('',#5054,#5026,#5056,.T.);
#5054 = VERTEX_POINT('',#5055);
#5055 = CARTESIAN_POINT('',(36.4,42.4,32.));
#5056 = SURFACE_CURVE('',#5057,(#5061,#5068),.PCURVE_S1.);
#5057 = LINE('',#5058,#5059);
#5058 = CARTESIAN_POINT('',(36.1,42.4,32.));
#5059 = VECTOR('',#5060,1.);
#5060 = DIRECTION('',(1.,0.,-0.));
#5061 = PCURVE('',#3516,#5062);
#5062 = DEFINITIONAL_REPRESENTATION('',(#5063),#5067);
#5063 = LINE('',#5064,#5065);
#5064 = CARTESIAN_POINT('',(72.5,88.8));
#5065 = VECTOR('',#5066,1.);
#5066 = DIRECTION('',(1.,0.));
#5067 = ( GEOMETRIC_REPRESENTATION_CONTEXT(2) 
PARAMETRIC_REPRESENTATION_CONTEXT() REPRESENTATION_CONTEXT('2D SPACE',''
  ) );
#5068 = PCURVE('',#5069,#5074);
#5069 = PLANE('',#5070);
#5070 = AXIS2_PLACEMENT_3D('',#5071,#5072,#5073);
#5071 = CARTESIAN_POINT('',(36.1,42.4,27.));
#5072 = DIRECTION('',(-0.,1.,0.));
#5073 = DIRECTION('',(0.,0.,1.));
#5074 = DEFINITIONAL_REPRESENTATION('',(#5075),#5079);
#5075 = LINE('',#5076,#5077);
#5076 = CARTESIAN_POINT('',(5.,0.));
#5077 = VECTOR('',#5078,1.);
#5078 = DIRECTION('',(0.,1.));
#5079 = ( GEOMETRIC_REPRESENTATION_CONTEXT(2) 
PARAMETRIC_REPRESENTATION_CONTEXT() REPRESENTATION_CONTEXT('2D SPACE',''
  ) );
#5080 = ORIENTED_EDGE('',*,*,#5081,.T.);
#5081 = EDGE_CURVE('',#5054,#5082,#5084,.T.);
#5082 = VERTEX_POINT('',#5083);
#5083 = CARTESIAN_POINT('',(36.4,43.4,32.));
#5084 = SURFACE_CURVE('',#5085,(#5089,#5096),.PCURVE_S1.);
#5085 = LINE('',#5086,#5087);
#5086 = CARTESIAN_POINT('',(36.4,-46.4,32.));
#5087 = VECTOR('',#5088,1.);
#5088 = DIRECTION('',(-0.,1.,0.));
#5089 = PCURVE('',#3516,#5090);
#5090 = DEFINITIONAL_REPRESENTATION('',(#5091),#5095);
#5091 = LINE('',#5092,#5093);
#5092 = CARTESIAN_POINT('',(72.8,0.));
#5093 = VECTOR('',#5094,1.);
#5094 = DIRECTION('',(0.,1.));
#5095 = ( GEOMETRIC_REPRESENTATION_CONTEXT(2) 
PARAMETRIC_REPRESENTATION_CONTEXT() REPRESENTATION_CONTEXT('2D SPACE',''
  ) );
#5096 = PCURVE('',#4878,#5097);
#5097 = DEFINITIONAL_REPRESENTATION('',(#5098),#5102);
#5098 = LINE('',#5099,#5100);
#5099 = CARTESIAN_POINT('',(32.,0.));
#5100 = VECTOR('',#5101,1.);
#5101 = DIRECTION('',(0.,-1.));
#5102 = ( GEOMETRIC_REPRESENTATION_CONTEXT(2) 
PARAMETRIC_REPRESENTATION_CONTEXT() REPRESENTATION_CONTEXT('2D SPACE',''
  ) );
#5103 = ORIENTED_EDGE('',*,*,#5104,.T.);
#5104 = EDGE_CURVE('',#5082,#5105,#5107,.T.);
#5105 = VERTEX_POINT('',#5106);
#5106 = CARTESIAN_POINT('',(33.4,46.4,32.));
#5107 = SURFACE_CURVE('',#5108,(#5113,#5120),.PCURVE_S1.);
#5108 = CIRCLE('',#5109,3.);
#5109 = AXIS2_PLACEMENT_3D('',#5110,#5111,#5112);
#5110 = CARTESIAN_POINT('',(33.4,43.4,32.));
#5111 = DIRECTION('',(0.,0.,1.));
#5112 = DIRECTION('',(0.,-1.,0.));
#5113 = PCURVE('',#3516,#5114);
#5114 = DEFINITIONAL_REPRESENTATION('',(#5115),#5119);
#5115 = CIRCLE('',#5116,3.);
#5116 = AXIS2_PLACEMENT_2D('',#5117,#5118);
#5117 = CARTESIAN_POINT('',(69.8,89.8));
#5118 = DIRECTION('',(0.,-1.));
#5119 = ( GEOMETRIC_REPRESENTATION_CONTEXT(2) 
PARAMETRIC_REPRESENTATION_CONTEXT() REPRESENTATION_CONTEXT('2D SPACE',''
  ) );
#5120 = PCURVE('',#5121,#5126);
#5121 = CYLINDRICAL_SURFACE('',#5122,3.);
#5122 = AXIS2_PLACEMENT_3D('',#5123,#5124,#5125);
#5123 = CARTESIAN_POINT('',(33.4,43.4,0.));
#5124 = DIRECTION('',(0.,0.,1.));
#5125 = DIRECTION('',(1.,0.,-0.));
#5126 = DEFINITIONAL_REPRESENTATION('',(#5127),#5131);
#5127 = LINE('',#5128,#5129);
#5128 = CARTESIAN_POINT('',(-1.570796326795,32.));
#5129 = VECTOR('',#5130,1.);
#5130 = DIRECTION('',(1.,0.));
#5131 = ( GEOMETRIC_REPRESENTATION_CONTEXT(2) 
PARAMETRIC_REPRESENTATION_CONTEXT() REPRESENTATION_CONTEXT('2D SPACE',''
  ) );
#5132 = ORIENTED_EDGE('',*,*,#5133,.F.);
#5133 = EDGE_CURVE('',#5134,#5105,#5136,.T.);
#5134 = VERTEX_POINT('',#5135);
#5135 = CARTESIAN_POINT('',(12.,46.4,32.));
#5136 = SURFACE_CURVE('',#5137,(#5141,#5148),.PCURVE_S1.);
#5137 = LINE('',#5138,#5139);
#5138 = CARTESIAN_POINT('',(-36.4,46.4,32.));
#5139 = VECTOR('',#5140,1.);
#5140 = DIRECTION('',(1.,0.,-0.));
#5141 = PCURVE('',#3516,#5142);
#5142 = DEFINITIONAL_REPRESENTATION('',(#5143),#5147);
#5143 = LINE('',#5144,#5145);
#5144 = CARTESIAN_POINT('',(0.,92.8));
#5145 = VECTOR('',#5146,1.);
#5146 = DIRECTION('',(1.,0.));
#5147 = ( GEOMETRIC_REPRESENTATION_CONTEXT(2) 
PARAMETRIC_REPRESENTATION_CONTEXT() REPRESENTATION_CONTEXT('2D SPACE',''
  ) );
#5148 = PCURVE('',#5149,#5154);
#5149 = PLANE('',#5150);
#5150 = AXIS2_PLACEMENT_3D('',#5151,#5152,#5153);
#5151 = CARTESIAN_POINT('',(-36.4,46.4,0.));
#5152 = DIRECTION('',(-0.,1.,0.));
#5153 = DIRECTION('',(0.,0.,1.));
#5154 = DEFINITIONAL_REPRESENTATION('',(#5155),#5159);
#5155 = LINE('',#5156,#5157);
#5156 = CARTESIAN_POINT('',(32.,0.));
#5157 = VECTOR('',#5158,1.);
#5158 = DIRECTION('',(0.,1.));
#5159 = ( GEOMETRIC_REPRESENTATION_CONTEXT(2) 
PARAMETRIC_REPRESENTATION_CONTEXT() REPRESENTATION_CONTEXT('2D SPACE',''
  ) );
#5160 = ORIENTED_EDGE('',*,*,#5161,.F.);
#5161 = EDGE_CURVE('',#5162,#5134,#5164,.T.);
#5162 = VERTEX_POINT('',#5163);
#5163 = CARTESIAN_POINT('',(12.,44.,32.));
#5164 = SURFACE_CURVE('',#5165,(#5169,#5175),.PCURVE_S1.);
#5165 = LINE('',#5166,#5167);
#5166 = CARTESIAN_POINT('',(12.,-1.45,32.));
#5167 = VECTOR('',#5168,1.);
#5168 = DIRECTION('',(-0.,1.,0.));
#5169 = PCURVE('',#3516,#5170);
#5170 = DEFINITIONAL_REPRESENTATION('',(#5171),#5174);
#5171 = B_SPLINE_CURVE_WITH_KNOTS('',1,(#5172,#5173),.UNSPECIFIED.,.F.,
  .F.,(2,2),(44.95,47.85),.PIECEWISE_BEZIER_KNOTS.);
#5172 = CARTESIAN_POINT('',(48.4,89.9));
#5173 = CARTESIAN_POINT('',(48.4,92.8));
#5174 = ( GEOMETRIC_REPRESENTATION_CONTEXT(2) 
PARAMETRIC_REPRESENTATION_CONTEXT() REPRESENTATION_CONTEXT('2D SPACE',''
  ) );
#5175 = PCURVE('',#5176,#5181);
#5176 = PLANE('',#5177);
#5177 = AXIS2_PLACEMENT_3D('',#5178,#5179,#5180);
#5178 = CARTESIAN_POINT('',(12.,43.5,16.));
#5179 = DIRECTION('',(1.,0.,-0.));
#5180 = DIRECTION('',(0.,0.,1.));
#5181 = DEFINITIONAL_REPRESENTATION('',(#5182),#5185);
#5182 = B_SPLINE_CURVE_WITH_KNOTS('',1,(#5183,#5184),.UNSPECIFIED.,.F.,
  .F.,(2,2),(44.95,47.85),.PIECEWISE_BEZIER_KNOTS.);
#5183 = CARTESIAN_POINT('',(16.,0.));
#5184 = CARTESIAN_POINT('',(16.,-2.9));
#5185 = ( GEOMETRIC_REPRESENTATION_CONTEXT(2) 
PARAMETRIC_REPRESENTATION_CONTEXT() REPRESENTATION_CONTEXT('2D SPACE',''
  ) );
#5186 = ORIENTED_EDGE('',*,*,#5187,.F.);
#5187 = EDGE_CURVE('',#5188,#5162,#5190,.T.);
#5188 = VERTEX_POINT('',#5189);
#5189 = CARTESIAN_POINT('',(28.166969722018,44.,32.));
#5190 = SURFACE_CURVE('',#5191,(#5195,#5202),.PCURVE_S1.);
#5191 = LINE('',#5192,#5193);
#5192 = CARTESIAN_POINT('',(-35.2,44.,32.));
#5193 = VECTOR('',#5194,1.);
#5194 = DIRECTION('',(-1.,-0.,0.));
#5195 = PCURVE('',#3516,#5196);
#5196 = DEFINITIONAL_REPRESENTATION('',(#5197),#5201);
#5197 = LINE('',#5198,#5199);
#5198 = CARTESIAN_POINT('',(1.2,90.4));
#5199 = VECTOR('',#5200,1.);
#5200 = DIRECTION('',(-1.,0.));
#5201 = ( GEOMETRIC_REPRESENTATION_CONTEXT(2) 
PARAMETRIC_REPRESENTATION_CONTEXT() REPRESENTATION_CONTEXT('2D SPACE',''
  ) );
#5202 = PCURVE('',#4093,#5203);
#5203 = DEFINITIONAL_REPRESENTATION('',(#5204),#5207);
#5204 = B_SPLINE_CURVE_WITH_KNOTS('',1,(#5205,#5206),.UNSPECIFIED.,.F.,
  .F.,(2,2),(-69.2,-1.2),.PIECEWISE_BEZIER_KNOTS.);
#5205 = CARTESIAN_POINT('',(29.6,68.));
#5206 = CARTESIAN_POINT('',(29.6,0.));
#5207 = ( GEOMETRIC_REPRESENTATION_CONTEXT(2) 
PARAMETRIC_REPRESENTATION_CONTEXT() REPRESENTATION_CONTEXT('2D SPACE',''
  ) );
#5208 = ORIENTED_EDGE('',*,*,#5209,.T.);
#5209 = EDGE_CURVE('',#5188,#5210,#5212,.T.);
#5210 = VERTEX_POINT('',#5211);
#5211 = CARTESIAN_POINT('',(34.,38.166969722018,32.));
#5212 = SURFACE_CURVE('',#5213,(#5218,#5225),.PCURVE_S1.);
#5213 = CIRCLE('',#5214,4.4);
#5214 = AXIS2_PLACEMENT_3D('',#5215,#5216,#5217);
#5215 = CARTESIAN_POINT('',(30.,40.,32.));
#5216 = DIRECTION('',(0.,0.,1.));
#5217 = DIRECTION('',(1.,0.,-0.));
#5218 = PCURVE('',#3516,#5219);
#5219 = DEFINITIONAL_REPRESENTATION('',(#5220),#5224);
#5220 = CIRCLE('',#5221,4.4);
#5221 = AXIS2_PLACEMENT_2D('',#5222,#5223);
#5222 = CARTESIAN_POINT('',(66.4,86.4));
#5223 = DIRECTION('',(1.,0.));
#5224 = ( GEOMETRIC_REPRESENTATION_CONTEXT(2) 
PARAMETRIC_REPRESENTATION_CONTEXT() REPRESENTATION_CONTEXT('2D SPACE',''
  ) );
#5225 = PCURVE('',#4065,#5226);
#5226 = DEFINITIONAL_REPRESENTATION('',(#5227),#5231);
#5227 = LINE('',#5228,#5229);
#5228 = CARTESIAN_POINT('',(0.,29.6));
#5229 = VECTOR('',#5230,1.);
#5230 = DIRECTION('',(1.,0.));
#5231 = ( GEOMETRIC_REPRESENTATION_CONTEXT(2) 
PARAMETRIC_REPRESENTATION_CONTEXT() REPRESENTATION_CONTEXT('2D SPACE',''
  ) );
#5232 = ORIENTED_EDGE('',*,*,#5233,.F.);
#5233 = EDGE_CURVE('',#5234,#5210,#5236,.T.);
#5234 = VERTEX_POINT('',#5235);
#5235 = CARTESIAN_POINT('',(34.,-38.16696972201,32.));
#5236 = SURFACE_CURVE('',#5237,(#5241,#5248),.PCURVE_S1.);
#5237 = LINE('',#5238,#5239);
#5238 = CARTESIAN_POINT('',(34.,-45.2,32.));
#5239 = VECTOR('',#5240,1.);
#5240 = DIRECTION('',(-0.,1.,0.));
#5241 = PCURVE('',#3516,#5242);
#5242 = DEFINITIONAL_REPRESENTATION('',(#5243),#5247);
#5243 = LINE('',#5244,#5245);
#5244 = CARTESIAN_POINT('',(70.4,1.2));
#5245 = VECTOR('',#5246,1.);
#5246 = DIRECTION('',(0.,1.));
#5247 = ( GEOMETRIC_REPRESENTATION_CONTEXT(2) 
PARAMETRIC_REPRESENTATION_CONTEXT() REPRESENTATION_CONTEXT('2D SPACE',''
  ) );
#5248 = PCURVE('',#3822,#5249);
#5249 = DEFINITIONAL_REPRESENTATION('',(#5250),#5253);
#5250 = B_SPLINE_CURVE_WITH_KNOTS('',1,(#5251,#5252),.UNSPECIFIED.,.F.,
  .F.,(2,2),(1.2,89.2),.PIECEWISE_BEZIER_KNOTS.);
#5251 = CARTESIAN_POINT('',(29.6,0.));
#5252 = CARTESIAN_POINT('',(29.6,-88.));
#5253 = ( GEOMETRIC_REPRESENTATION_CONTEXT(2) 
PARAMETRIC_REPRESENTATION_CONTEXT() REPRESENTATION_CONTEXT('2D SPACE',''
  ) );
#5254 = ORIENTED_EDGE('',*,*,#5255,.T.);
#5255 = EDGE_CURVE('',#5234,#5256,#5258,.T.);
#5256 = VERTEX_POINT('',#5257);
#5257 = CARTESIAN_POINT('',(28.166969722018,-44.,32.));
#5258 = SURFACE_CURVE('',#5259,(#5264,#5271),.PCURVE_S1.);
#5259 = CIRCLE('',#5260,4.4);
#5260 = AXIS2_PLACEMENT_3D('',#5261,#5262,#5263);
#5261 = CARTESIAN_POINT('',(30.,-40.,32.));
#5262 = DIRECTION('',(0.,0.,1.));
#5263 = DIRECTION('',(1.,0.,-0.));
#5264 = PCURVE('',#3516,#5265);
#5265 = DEFINITIONAL_REPRESENTATION('',(#5266),#5270);
#5266 = CIRCLE('',#5267,4.4);
#5267 = AXIS2_PLACEMENT_2D('',#5268,#5269);
#5268 = CARTESIAN_POINT('',(66.4,6.4));
#5269 = DIRECTION('',(1.,0.));
#5270 = ( GEOMETRIC_REPRESENTATION_CONTEXT(2) 
PARAMETRIC_REPRESENTATION_CONTEXT() REPRESENTATION_CONTEXT('2D SPACE',''
  ) );
#5271 = PCURVE('',#3794,#5272);
#5272 = DEFINITIONAL_REPRESENTATION('',(#5273),#5277);
#5273 = LINE('',#5274,#5275);
#5274 = CARTESIAN_POINT('',(0.,29.6));
#5275 = VECTOR('',#5276,1.);
#5276 = DIRECTION('',(1.,0.));
#5277 = ( GEOMETRIC_REPRESENTATION_CONTEXT(2) 
PARAMETRIC_REPRESENTATION_CONTEXT() REPRESENTATION_CONTEXT('2D SPACE',''
  ) );
#5278 = ORIENTED_EDGE('',*,*,#5279,.T.);
#5279 = EDGE_CURVE('',#5256,#5280,#5282,.T.);
#5280 = VERTEX_POINT('',#5281);
#5281 = CARTESIAN_POINT('',(-28.16696972201,-44.,32.));
#5282 = SURFACE_CURVE('',#5283,(#5287,#5294),.PCURVE_S1.);
#5283 = LINE('',#5284,#5285);
#5284 = CARTESIAN_POINT('',(-35.2,-44.,32.));
#5285 = VECTOR('',#5286,1.);
#5286 = DIRECTION('',(-1.,-0.,0.));
#5287 = PCURVE('',#3516,#5288);
#5288 = DEFINITIONAL_REPRESENTATION('',(#5289),#5293);
#5289 = LINE('',#5290,#5291);
#5290 = CARTESIAN_POINT('',(1.2,2.4));
#5291 = VECTOR('',#5292,1.);
#5292 = DIRECTION('',(-1.,0.));
#5293 = ( GEOMETRIC_REPRESENTATION_CONTEXT(2) 
PARAMETRIC_REPRESENTATION_CONTEXT() REPRESENTATION_CONTEXT('2D SPACE',''
  ) );
#5294 = PCURVE('',#3765,#5295);
#5295 = DEFINITIONAL_REPRESENTATION('',(#5296),#5299);
#5296 = B_SPLINE_CURVE_WITH_KNOTS('',1,(#5297,#5298),.UNSPECIFIED.,.F.,
  .F.,(2,2),(-69.2,-1.2),.PIECEWISE_BEZIER_KNOTS.);
#5297 = CARTESIAN_POINT('',(29.6,68.));
#5298 = CARTESIAN_POINT('',(29.6,0.));
#5299 = ( GEOMETRIC_REPRESENTATION_CONTEXT(2) 
PARAMETRIC_REPRESENTATION_CONTEXT() REPRESENTATION_CONTEXT('2D SPACE',''
  ) );
#5300 = ORIENTED_EDGE('',*,*,#5301,.T.);
#5301 = EDGE_CURVE('',#5280,#5302,#5304,.T.);
#5302 = VERTEX_POINT('',#5303);
#5303 = CARTESIAN_POINT('',(-34.,-38.16696972201,32.));
#5304 = SURFACE_CURVE('',#5305,(#5310,#5317),.PCURVE_S1.);
#5305 = CIRCLE('',#5306,4.4);
#5306 = AXIS2_PLACEMENT_3D('',#5307,#5308,#5309);
#5307 = CARTESIAN_POINT('',(-30.,-40.,32.));
#5308 = DIRECTION('',(-0.,0.,1.));
#5309 = DIRECTION('',(0.416597790451,-0.909090909091,0.));
#5310 = PCURVE('',#3516,#5311);
#5311 = DEFINITIONAL_REPRESENTATION('',(#5312),#5316);
#5312 = CIRCLE('',#5313,4.4);
#5313 = AXIS2_PLACEMENT_2D('',#5314,#5315);
#5314 = CARTESIAN_POINT('',(6.4,6.4));
#5315 = DIRECTION('',(0.416597790451,-0.909090909091));
#5316 = ( GEOMETRIC_REPRESENTATION_CONTEXT(2) 
PARAMETRIC_REPRESENTATION_CONTEXT() REPRESENTATION_CONTEXT('2D SPACE',''
  ) );
#5317 = PCURVE('',#3737,#5318);
#5318 = DEFINITIONAL_REPRESENTATION('',(#5319),#5323);
#5319 = LINE('',#5320,#5321);
#5320 = CARTESIAN_POINT('',(5.142088646536,29.6));
#5321 = VECTOR('',#5322,1.);
#5322 = DIRECTION('',(1.,0.));
#5323 = ( GEOMETRIC_REPRESENTATION_CONTEXT(2) 
PARAMETRIC_REPRESENTATION_CONTEXT() REPRESENTATION_CONTEXT('2D SPACE',''
  ) );
#5324 = ORIENTED_EDGE('',*,*,#5325,.T.);
#5325 = EDGE_CURVE('',#5302,#5326,#5328,.T.);
#5326 = VERTEX_POINT('',#5327);
#5327 = CARTESIAN_POINT('',(-34.,-30.,32.));
#5328 = SURFACE_CURVE('',#5329,(#5333,#5340),.PCURVE_S1.);
#5329 = LINE('',#5330,#5331);
#5330 = CARTESIAN_POINT('',(-34.,-45.2,32.));
#5331 = VECTOR('',#5332,1.);
#5332 = DIRECTION('',(-0.,1.,0.));
#5333 = PCURVE('',#3516,#5334);
#5334 = DEFINITIONAL_REPRESENTATION('',(#5335),#5339);
#5335 = LINE('',#5336,#5337);
#5336 = CARTESIAN_POINT('',(2.4,1.2));
#5337 = VECTOR('',#5338,1.);
#5338 = DIRECTION('',(0.,1.));
#5339 = ( GEOMETRIC_REPRESENTATION_CONTEXT(2) 
PARAMETRIC_REPRESENTATION_CONTEXT() REPRESENTATION_CONTEXT('2D SPACE',''
  ) );
#5340 = PCURVE('',#3704,#5341);
#5341 = DEFINITIONAL_REPRESENTATION('',(#5342),#5345);
#5342 = B_SPLINE_CURVE_WITH_KNOTS('',1,(#5343,#5344),.UNSPECIFIED.,.F.,
  .F.,(2,2),(1.2,89.2),.PIECEWISE_BEZIER_KNOTS.);
#5343 = CARTESIAN_POINT('',(29.6,0.));
#5344 = CARTESIAN_POINT('',(29.6,-88.));
#5345 = ( GEOMETRIC_REPRESENTATION_CONTEXT(2) 
PARAMETRIC_REPRESENTATION_CONTEXT() REPRESENTATION_CONTEXT('2D SPACE',''
  ) );
#5346 = ORIENTED_EDGE('',*,*,#5347,.T.);
#5347 = EDGE_CURVE('',#5326,#5348,#5350,.T.);
#5348 = VERTEX_POINT('',#5349);
#5349 = CARTESIAN_POINT('',(-36.9,-30.,32.));
#5350 = SURFACE_CURVE('',#5351,(#5355,#5361),.PCURVE_S1.);
#5351 = LINE('',#5352,#5353);
#5352 = CARTESIAN_POINT('',(-36.65,-30.,32.));
#5353 = VECTOR('',#5354,1.);
#5354 = DIRECTION('',(-1.,-0.,0.));
#5355 = PCURVE('',#3516,#5356);
#5356 = DEFINITIONAL_REPRESENTATION('',(#5357),#5360);
#5357 = B_SPLINE_CURVE_WITH_KNOTS('',1,(#5358,#5359),.UNSPECIFIED.,.F.,
  .F.,(2,2),(-3.15,0.25),.PIECEWISE_BEZIER_KNOTS.);
#5358 = CARTESIAN_POINT('',(2.9,16.4));
#5359 = CARTESIAN_POINT('',(-0.5,16.4));
#5360 = ( GEOMETRIC_REPRESENTATION_CONTEXT(2) 
PARAMETRIC_REPRESENTATION_CONTEXT() REPRESENTATION_CONTEXT('2D SPACE',''
  ) );
#5361 = PCURVE('',#3333,#5362);
#5362 = DEFINITIONAL_REPRESENTATION('',(#5363),#5366);
#5363 = B_SPLINE_CURVE_WITH_KNOTS('',1,(#5364,#5365),.UNSPECIFIED.,.F.,
  .F.,(2,2),(-3.15,0.25),.PIECEWISE_BEZIER_KNOTS.);
#5364 = CARTESIAN_POINT('',(23.,3.4));
#5365 = CARTESIAN_POINT('',(23.,0.));
#5366 = ( GEOMETRIC_REPRESENTATION_CONTEXT(2) 
PARAMETRIC_REPRESENTATION_CONTEXT() REPRESENTATION_CONTEXT('2D SPACE',''
  ) );
#5367 = ORIENTED_EDGE('',*,*,#5368,.T.);
#5368 = EDGE_CURVE('',#5348,#5369,#5371,.T.);
#5369 = VERTEX_POINT('',#5370);
#5370 = CARTESIAN_POINT('',(-36.9,-28.4,32.));
#5371 = SURFACE_CURVE('',#5372,(#5376,#5382),.PCURVE_S1.);
#5372 = LINE('',#5373,#5374);
#5373 = CARTESIAN_POINT('',(-36.9,-38.2,32.));
#5374 = VECTOR('',#5375,1.);
#5375 = DIRECTION('',(-0.,1.,0.));
#5376 = PCURVE('',#3516,#5377);
#5377 = DEFINITIONAL_REPRESENTATION('',(#5378),#5381);
#5378 = B_SPLINE_CURVE_WITH_KNOTS('',1,(#5379,#5380),.UNSPECIFIED.,.F.,
  .F.,(2,2),(8.2,68.2),.PIECEWISE_BEZIER_KNOTS.);
#5379 = CARTESIAN_POINT('',(-0.5,16.4));
#5380 = CARTESIAN_POINT('',(-0.5,76.4));
#5381 = ( GEOMETRIC_REPRESENTATION_CONTEXT(2) 
PARAMETRIC_REPRESENTATION_CONTEXT() REPRESENTATION_CONTEXT('2D SPACE',''
  ) );
#5382 = PCURVE('',#5383,#5388);
#5383 = PLANE('',#5384);
#5384 = AXIS2_PLACEMENT_3D('',#5385,#5386,#5387);
#5385 = CARTESIAN_POINT('',(-36.9,-30.,9.));
#5386 = DIRECTION('',(1.,0.,-0.));
#5387 = DIRECTION('',(0.,0.,1.));
#5388 = DEFINITIONAL_REPRESENTATION('',(#5389),#5392);
#5389 = B_SPLINE_CURVE_WITH_KNOTS('',1,(#5390,#5391),.UNSPECIFIED.,.F.,
  .F.,(2,2),(8.2,68.2),.PIECEWISE_BEZIER_KNOTS.);
#5390 = CARTESIAN_POINT('',(23.,0.));
#5391 = CARTESIAN_POINT('',(23.,-60.));
#5392 = ( GEOMETRIC_REPRESENTATION_CONTEXT(2) 
PARAMETRIC_REPRESENTATION_CONTEXT() REPRESENTATION_CONTEXT('2D SPACE',''
  ) );
#5393 = ORIENTED_EDGE('',*,*,#5394,.F.);
#5394 = EDGE_CURVE('',#5395,#5369,#5397,.T.);
#5395 = VERTEX_POINT('',#5396);
#5396 = CARTESIAN_POINT('',(-48.4,-28.4,32.));
#5397 = SURFACE_CURVE('',#5398,(#5402,#5409),.PCURVE_S1.);
#5398 = LINE('',#5399,#5400);
#5399 = CARTESIAN_POINT('',(-48.4,-28.4,32.));
#5400 = VECTOR('',#5401,1.);
#5401 = DIRECTION('',(1.,0.,-0.));
#5402 = PCURVE('',#3516,#5403);
#5403 = DEFINITIONAL_REPRESENTATION('',(#5404),#5408);
#5404 = LINE('',#5405,#5406);
#5405 = CARTESIAN_POINT('',(-12.,18.));
#5406 = VECTOR('',#5407,1.);
#5407 = DIRECTION('',(1.,0.));
#5408 = ( GEOMETRIC_REPRESENTATION_CONTEXT(2) 
PARAMETRIC_REPRESENTATION_CONTEXT() REPRESENTATION_CONTEXT('2D SPACE',''
  ) );
#5409 = PCURVE('',#5410,#5415);
#5410 = PLANE('',#5411);
#5411 = AXIS2_PLACEMENT_3D('',#5412,#5413,#5414);
#5412 = CARTESIAN_POINT('',(-40.44870670429,-28.4,22.651293295703));
#5413 = DIRECTION('',(0.,1.,-0.));
#5414 = DIRECTION('',(-1.,0.,0.));
#5415 = DEFINITIONAL_REPRESENTATION('',(#5416),#5420);
#5416 = LINE('',#5417,#5418);
#5417 = CARTESIAN_POINT('',(7.951293295703,9.348706704297));
#5418 = VECTOR('',#5419,1.);
#5419 = DIRECTION('',(-1.,0.));
#5420 = ( GEOMETRIC_REPRESENTATION_CONTEXT(2) 
PARAMETRIC_REPRESENTATION_CONTEXT() REPRESENTATION_CONTEXT('2D SPACE',''
  ) );
#5421 = ORIENTED_EDGE('',*,*,#5422,.F.);
#5422 = EDGE_CURVE('',#5423,#5395,#5425,.T.);
#5423 = VERTEX_POINT('',#5424);
#5424 = CARTESIAN_POINT('',(-48.4,-42.4,32.));
#5425 = SURFACE_CURVE('',#5426,(#5430,#5437),.PCURVE_S1.);
#5426 = LINE('',#5427,#5428);
#5427 = CARTESIAN_POINT('',(-48.4,-42.4,32.));
#5428 = VECTOR('',#5429,1.);
#5429 = DIRECTION('',(-0.,1.,0.));
#5430 = PCURVE('',#3516,#5431);
#5431 = DEFINITIONAL_REPRESENTATION('',(#5432),#5436);
#5432 = LINE('',#5433,#5434);
#5433 = CARTESIAN_POINT('',(-12.,4.));
#5434 = VECTOR('',#5435,1.);
#5435 = DIRECTION('',(0.,1.));
#5436 = ( GEOMETRIC_REPRESENTATION_CONTEXT(2) 
PARAMETRIC_REPRESENTATION_CONTEXT() REPRESENTATION_CONTEXT('2D SPACE',''
  ) );
#5437 = PCURVE('',#5438,#5443);
#5438 = PLANE('',#5439);
#5439 = AXIS2_PLACEMENT_3D('',#5440,#5441,#5442);
#5440 = CARTESIAN_POINT('',(-48.4,-42.4,27.));
#5441 = DIRECTION('',(1.,0.,-0.));
#5442 = DIRECTION('',(0.,0.,1.));
#5443 = DEFINITIONAL_REPRESENTATION('',(#5444),#5448);
#5444 = LINE('',#5445,#5446);
#5445 = CARTESIAN_POINT('',(5.,0.));
#5446 = VECTOR('',#5447,1.);
#5447 = DIRECTION('',(0.,-1.));
#5448 = ( GEOMETRIC_REPRESENTATION_CONTEXT(2) 
PARAMETRIC_REPRESENTATION_CONTEXT() REPRESENTATION_CONTEXT('2D SPACE',''
  ) );
#5449 = ORIENTED_EDGE('',*,*,#5450,.T.);
#5450 = EDGE_CURVE('',#5423,#3475,#5451,.T.);
#5451 = SURFACE_CURVE('',#5452,(#5456,#5463),.PCURVE_S1.);
#5452 = LINE('',#5453,#5454);
#5453 = CARTESIAN_POINT('',(-48.4,-42.4,32.));
#5454 = VECTOR('',#5455,1.);
#5455 = DIRECTION('',(1.,0.,-0.));
#5456 = PCURVE('',#3516,#5457);
#5457 = DEFINITIONAL_REPRESENTATION('',(#5458),#5462);
#5458 = LINE('',#5459,#5460);
#5459 = CARTESIAN_POINT('',(-12.,4.));
#5460 = VECTOR('',#5461,1.);
#5461 = DIRECTION('',(1.,0.));
#5462 = ( GEOMETRIC_REPRESENTATION_CONTEXT(2) 
PARAMETRIC_REPRESENTATION_CONTEXT() REPRESENTATION_CONTEXT('2D SPACE',''
  ) );
#5463 = PCURVE('',#3490,#5464);
#5464 = DEFINITIONAL_REPRESENTATION('',(#5465),#5469);
#5465 = LINE('',#5466,#5467);
#5466 = CARTESIAN_POINT('',(5.,0.));
#5467 = VECTOR('',#5468,1.);
#5468 = DIRECTION('',(0.,1.));
#5469 = ( GEOMETRIC_REPRESENTATION_CONTEXT(2) 
PARAMETRIC_REPRESENTATION_CONTEXT() REPRESENTATION_CONTEXT('2D SPACE',''
  ) );
#5470 = FACE_BOUND('',#5471,.T.);
#5471 = EDGE_LOOP('',(#5472));
#5472 = ORIENTED_EDGE('',*,*,#5473,.F.);
#5473 = EDGE_CURVE('',#5474,#5474,#5476,.T.);
#5474 = VERTEX_POINT('',#5475);
#5475 = CARTESIAN_POINT('',(-40.7,-35.4,32.));
#5476 = SURFACE_CURVE('',#5477,(#5482,#5489),.PCURVE_S1.);
#5477 = CIRCLE('',#5478,1.7);
#5478 = AXIS2_PLACEMENT_3D('',#5479,#5480,#5481);
#5479 = CARTESIAN_POINT('',(-42.4,-35.4,32.));
#5480 = DIRECTION('',(0.,0.,1.));
#5481 = DIRECTION('',(1.,0.,-0.));
#5482 = PCURVE('',#3516,#5483);
#5483 = DEFINITIONAL_REPRESENTATION('',(#5484),#5488);
#5484 = CIRCLE('',#5485,1.7);
#5485 = AXIS2_PLACEMENT_2D('',#5486,#5487);
#5486 = CARTESIAN_POINT('',(-6.,11.));
#5487 = DIRECTION('',(1.,0.));
#5488 = ( GEOMETRIC_REPRESENTATION_CONTEXT(2) 
PARAMETRIC_REPRESENTATION_CONTEXT() REPRESENTATION_CONTEXT('2D SPACE',''
  ) );
#5489 = PCURVE('',#5490,#5495);
#5490 = CYLINDRICAL_SURFACE('',#5491,1.7);
#5491 = AXIS2_PLACEMENT_3D('',#5492,#5493,#5494);
#5492 = CARTESIAN_POINT('',(-42.4,-35.4,26.5));
#5493 = DIRECTION('',(0.,0.,1.));
#5494 = DIRECTION('',(1.,0.,-0.));
#5495 = DEFINITIONAL_REPRESENTATION('',(#5496),#5500);
#5496 = LINE('',#5497,#5498);
#5497 = CARTESIAN_POINT('',(0.,5.5));
#5498 = VECTOR('',#5499,1.);
#5499 = DIRECTION('',(1.,0.));
#5500 = ( GEOMETRIC_REPRESENTATION_CONTEXT(2) 
PARAMETRIC_REPRESENTATION_CONTEXT() REPRESENTATION_CONTEXT('2D SPACE',''
  ) );
#5501 = FACE_BOUND('',#5502,.T.);
#5502 = EDGE_LOOP('',(#5503,#5532,#5561));
#5503 = ORIENTED_EDGE('',*,*,#5504,.T.);
#5504 = EDGE_CURVE('',#5505,#5507,#5509,.T.);
#5505 = VERTEX_POINT('',#5506);
#5506 = CARTESIAN_POINT('',(-34.,-44.,32.));
#5507 = VERTEX_POINT('',#5508);
#5508 = CARTESIAN_POINT('',(-34.,-41.83303027798,32.));
#5509 = SURFACE_CURVE('',#5510,(#5514,#5521),.PCURVE_S1.);
#5510 = LINE('',#5511,#5512);
#5511 = CARTESIAN_POINT('',(-34.,-45.2,32.));
#5512 = VECTOR('',#5513,1.);
#5513 = DIRECTION('',(-0.,1.,0.));
#5514 = PCURVE('',#3516,#5515);
#5515 = DEFINITIONAL_REPRESENTATION('',(#5516),#5520);
#5516 = LINE('',#5517,#5518);
#5517 = CARTESIAN_POINT('',(2.4,1.2));
#5518 = VECTOR('',#5519,1.);
#5519 = DIRECTION('',(0.,1.));
#5520 = ( GEOMETRIC_REPRESENTATION_CONTEXT(2) 
PARAMETRIC_REPRESENTATION_CONTEXT() REPRESENTATION_CONTEXT('2D SPACE',''
  ) );
#5521 = PCURVE('',#5522,#5527);
#5522 = PLANE('',#5523);
#5523 = AXIS2_PLACEMENT_3D('',#5524,#5525,#5526);
#5524 = CARTESIAN_POINT('',(-34.,-44.,2.4));
#5525 = DIRECTION('',(1.,0.,-0.));
#5526 = DIRECTION('',(0.,0.,1.));
#5527 = DEFINITIONAL_REPRESENTATION('',(#5528),#5531);
#5528 = B_SPLINE_CURVE_WITH_KNOTS('',1,(#5529,#5530),.UNSPECIFIED.,.F.,
  .F.,(2,2),(1.2,89.2),.PIECEWISE_BEZIER_KNOTS.);
#5529 = CARTESIAN_POINT('',(29.6,0.));
#5530 = CARTESIAN_POINT('',(29.6,-88.));
#5531 = ( GEOMETRIC_REPRESENTATION_CONTEXT(2) 
PARAMETRIC_REPRESENTATION_CONTEXT() REPRESENTATION_CONTEXT('2D SPACE',''
  ) );
#5532 = ORIENTED_EDGE('',*,*,#5533,.T.);
#5533 = EDGE_CURVE('',#5507,#5534,#5536,.T.);
#5534 = VERTEX_POINT('',#5535);
#5535 = CARTESIAN_POINT('',(-31.83303027798,-44.,32.));
#5536 = SURFACE_CURVE('',#5537,(#5542,#5549),.PCURVE_S1.);
#5537 = CIRCLE('',#5538,4.4);
#5538 = AXIS2_PLACEMENT_3D('',#5539,#5540,#5541);
#5539 = CARTESIAN_POINT('',(-30.,-40.,32.));
#5540 = DIRECTION('',(0.,0.,1.));
#5541 = DIRECTION('',(1.,0.,-0.));
#5542 = PCURVE('',#3516,#5543);
#5543 = DEFINITIONAL_REPRESENTATION('',(#5544),#5548);
#5544 = CIRCLE('',#5545,4.4);
#5545 = AXIS2_PLACEMENT_2D('',#5546,#5547);
#5546 = CARTESIAN_POINT('',(6.4,6.4));
#5547 = DIRECTION('',(1.,0.));
#5548 = ( GEOMETRIC_REPRESENTATION_CONTEXT(2) 
PARAMETRIC_REPRESENTATION_CONTEXT() REPRESENTATION_CONTEXT('2D SPACE',''
  ) );
#5549 = PCURVE('',#5550,#5555);
#5550 = CYLINDRICAL_SURFACE('',#5551,4.4);
#5551 = AXIS2_PLACEMENT_3D('',#5552,#5553,#5554);
#5552 = CARTESIAN_POINT('',(-30.,-40.,2.4));
#5553 = DIRECTION('',(0.,0.,1.));
#5554 = DIRECTION('',(1.,0.,-0.));
#5555 = DEFINITIONAL_REPRESENTATION('',(#5556),#5560);
#5556 = LINE('',#5557,#5558);
#5557 = CARTESIAN_POINT('',(0.,29.6));
#5558 = VECTOR('',#5559,1.);
#5559 = DIRECTION('',(1.,0.));
#5560 = ( GEOMETRIC_REPRESENTATION_CONTEXT(2) 
PARAMETRIC_REPRESENTATION_CONTEXT() REPRESENTATION_CONTEXT('2D SPACE',''
  ) );
#5561 = ORIENTED_EDGE('',*,*,#5562,.T.);
#5562 = EDGE_CURVE('',#5534,#5505,#5563,.T.);
#5563 = SURFACE_CURVE('',#5564,(#5568,#5575),.PCURVE_S1.);
#5564 = LINE('',#5565,#5566);
#5565 = CARTESIAN_POINT('',(-35.2,-44.,32.));
#5566 = VECTOR('',#5567,1.);
#5567 = DIRECTION('',(-1.,-0.,0.));
#5568 = PCURVE('',#3516,#5569);
#5569 = DEFINITIONAL_REPRESENTATION('',(#5570),#5574);
#5570 = LINE('',#5571,#5572);
#5571 = CARTESIAN_POINT('',(1.2,2.4));
#5572 = VECTOR('',#5573,1.);
#5573 = DIRECTION('',(-1.,0.));
#5574 = ( GEOMETRIC_REPRESENTATION_CONTEXT(2) 
PARAMETRIC_REPRESENTATION_CONTEXT() REPRESENTATION_CONTEXT('2D SPACE',''
  ) );
#5575 = PCURVE('',#5576,#5581);
#5576 = PLANE('',#5577);
#5577 = AXIS2_PLACEMENT_3D('',#5578,#5579,#5580);
#5578 = CARTESIAN_POINT('',(-34.,-44.,2.4));
#5579 = DIRECTION('',(-0.,1.,0.));
#5580 = DIRECTION('',(0.,0.,1.));
#5581 = DEFINITIONAL_REPRESENTATION('',(#5582),#5585);
#5582 = B_SPLINE_CURVE_WITH_KNOTS('',1,(#5583,#5584),.UNSPECIFIED.,.F.,
  .F.,(2,2),(-69.2,-1.2),.PIECEWISE_BEZIER_KNOTS.);
#5583 = CARTESIAN_POINT('',(29.6,68.));
#5584 = CARTESIAN_POINT('',(29.6,0.));
#5585 = ( GEOMETRIC_REPRESENTATION_CONTEXT(2) 
PARAMETRIC_REPRESENTATION_CONTEXT() REPRESENTATION_CONTEXT('2D SPACE',''
  ) );
#5586 = FACE_BOUND('',#5587,.T.);
#5587 = EDGE_LOOP('',(#5588));
#5588 = ORIENTED_EDGE('',*,*,#5589,.F.);
#5589 = EDGE_CURVE('',#5590,#5590,#5592,.T.);
#5590 = VERTEX_POINT('',#5591);
#5591 = CARTESIAN_POINT('',(-28.3,-40.,32.));
#5592 = SURFACE_CURVE('',#5593,(#5598,#5605),.PCURVE_S1.);
#5593 = CIRCLE('',#5594,1.7);
#5594 = AXIS2_PLACEMENT_3D('',#5595,#5596,#5597);
#5595 = CARTESIAN_POINT('',(-30.,-40.,32.));
#5596 = DIRECTION('',(0.,0.,1.));
#5597 = DIRECTION('',(1.,0.,-0.));
#5598 = PCURVE('',#3516,#5599);
#5599 = DEFINITIONAL_REPRESENTATION('',(#5600),#5604);
#5600 = CIRCLE('',#5601,1.7);
#5601 = AXIS2_PLACEMENT_2D('',#5602,#5603);
#5602 = CARTESIAN_POINT('',(6.4,6.4));
#5603 = DIRECTION('',(1.,0.));
#5604 = ( GEOMETRIC_REPRESENTATION_CONTEXT(2) 
PARAMETRIC_REPRESENTATION_CONTEXT() REPRESENTATION_CONTEXT('2D SPACE',''
  ) );
#5605 = PCURVE('',#5606,#5611);
#5606 = CYLINDRICAL_SURFACE('',#5607,1.7);
#5607 = AXIS2_PLACEMENT_3D('',#5608,#5609,#5610);
#5608 = CARTESIAN_POINT('',(-30.,-40.,22.));
#5609 = DIRECTION('',(0.,0.,1.));
#5610 = DIRECTION('',(1.,0.,-0.));
#5611 = DEFINITIONAL_REPRESENTATION('',(#5612),#5616);
#5612 = LINE('',#5613,#5614);
#5613 = CARTESIAN_POINT('',(0.,10.));
#5614 = VECTOR('',#5615,1.);
#5615 = DIRECTION('',(1.,0.));
#5616 = ( GEOMETRIC_REPRESENTATION_CONTEXT(2) 
PARAMETRIC_REPRESENTATION_CONTEXT() REPRESENTATION_CONTEXT('2D SPACE',''
  ) );
#5617 = FACE_BOUND('',#5618,.T.);
#5618 = EDGE_LOOP('',(#5619,#5648,#5675));
#5619 = ORIENTED_EDGE('',*,*,#5620,.F.);
#5620 = EDGE_CURVE('',#5621,#5623,#5625,.T.);
#5621 = VERTEX_POINT('',#5622);
#5622 = CARTESIAN_POINT('',(34.,-44.,32.));
#5623 = VERTEX_POINT('',#5624);
#5624 = CARTESIAN_POINT('',(34.,-41.83303027798,32.));
#5625 = SURFACE_CURVE('',#5626,(#5630,#5637),.PCURVE_S1.);
#5626 = LINE('',#5627,#5628);
#5627 = CARTESIAN_POINT('',(34.,-45.2,32.));
#5628 = VECTOR('',#5629,1.);
#5629 = DIRECTION('',(-0.,1.,0.));
#5630 = PCURVE('',#3516,#5631);
#5631 = DEFINITIONAL_REPRESENTATION('',(#5632),#5636);
#5632 = LINE('',#5633,#5634);
#5633 = CARTESIAN_POINT('',(70.4,1.2));
#5634 = VECTOR('',#5635,1.);
#5635 = DIRECTION('',(0.,1.));
#5636 = ( GEOMETRIC_REPRESENTATION_CONTEXT(2) 
PARAMETRIC_REPRESENTATION_CONTEXT() REPRESENTATION_CONTEXT('2D SPACE',''
  ) );
#5637 = PCURVE('',#5638,#5643);
#5638 = PLANE('',#5639);
#5639 = AXIS2_PLACEMENT_3D('',#5640,#5641,#5642);
#5640 = CARTESIAN_POINT('',(34.,-44.,2.4));
#5641 = DIRECTION('',(1.,0.,-0.));
#5642 = DIRECTION('',(0.,0.,1.));
#5643 = DEFINITIONAL_REPRESENTATION('',(#5644),#5647);
#5644 = B_SPLINE_CURVE_WITH_KNOTS('',1,(#5645,#5646),.UNSPECIFIED.,.F.,
  .F.,(2,2),(1.2,89.2),.PIECEWISE_BEZIER_KNOTS.);
#5645 = CARTESIAN_POINT('',(29.6,0.));
#5646 = CARTESIAN_POINT('',(29.6,-88.));
#5647 = ( GEOMETRIC_REPRESENTATION_CONTEXT(2) 
PARAMETRIC_REPRESENTATION_CONTEXT() REPRESENTATION_CONTEXT('2D SPACE',''
  ) );
#5648 = ORIENTED_EDGE('',*,*,#5649,.T.);
#5649 = EDGE_CURVE('',#5621,#5650,#5652,.T.);
#5650 = VERTEX_POINT('',#5651);
#5651 = CARTESIAN_POINT('',(31.833030277982,-44.,32.));
#5652 = SURFACE_CURVE('',#5653,(#5657,#5664),.PCURVE_S1.);
#5653 = LINE('',#5654,#5655);
#5654 = CARTESIAN_POINT('',(-35.2,-44.,32.));
#5655 = VECTOR('',#5656,1.);
#5656 = DIRECTION('',(-1.,-0.,0.));
#5657 = PCURVE('',#3516,#5658);
#5658 = DEFINITIONAL_REPRESENTATION('',(#5659),#5663);
#5659 = LINE('',#5660,#5661);
#5660 = CARTESIAN_POINT('',(1.2,2.4));
#5661 = VECTOR('',#5662,1.);
#5662 = DIRECTION('',(-1.,0.));
#5663 = ( GEOMETRIC_REPRESENTATION_CONTEXT(2) 
PARAMETRIC_REPRESENTATION_CONTEXT() REPRESENTATION_CONTEXT('2D SPACE',''
  ) );
#5664 = PCURVE('',#5665,#5670);
#5665 = PLANE('',#5666);
#5666 = AXIS2_PLACEMENT_3D('',#5667,#5668,#5669);
#5667 = CARTESIAN_POINT('',(-34.,-44.,2.4));
#5668 = DIRECTION('',(-0.,1.,0.));
#5669 = DIRECTION('',(0.,0.,1.));
#5670 = DEFINITIONAL_REPRESENTATION('',(#5671),#5674);
#5671 = B_SPLINE_CURVE_WITH_KNOTS('',1,(#5672,#5673),.UNSPECIFIED.,.F.,
  .F.,(2,2),(-69.2,-1.2),.PIECEWISE_BEZIER_KNOTS.);
#5672 = CARTESIAN_POINT('',(29.6,68.));
#5673 = CARTESIAN_POINT('',(29.6,0.));
#5674 = ( GEOMETRIC_REPRESENTATION_CONTEXT(2) 
PARAMETRIC_REPRESENTATION_CONTEXT() REPRESENTATION_CONTEXT('2D SPACE',''
  ) );
#5675 = ORIENTED_EDGE('',*,*,#5676,.T.);
#5676 = EDGE_CURVE('',#5650,#5623,#5677,.T.);
#5677 = SURFACE_CURVE('',#5678,(#5683,#5690),.PCURVE_S1.);
#5678 = CIRCLE('',#5679,4.4);
#5679 = AXIS2_PLACEMENT_3D('',#5680,#5681,#5682);
#5680 = CARTESIAN_POINT('',(30.,-40.,32.));
#5681 = DIRECTION('',(0.,0.,1.));
#5682 = DIRECTION('',(1.,0.,-0.));
#5683 = PCURVE('',#3516,#5684);
#5684 = DEFINITIONAL_REPRESENTATION('',(#5685),#5689);
#5685 = CIRCLE('',#5686,4.4);
#5686 = AXIS2_PLACEMENT_2D('',#5687,#5688);
#5687 = CARTESIAN_POINT('',(66.4,6.4));
#5688 = DIRECTION('',(1.,0.));
#5689 = ( GEOMETRIC_REPRESENTATION_CONTEXT(2) 
PARAMETRIC_REPRESENTATION_CONTEXT() REPRESENTATION_CONTEXT('2D SPACE',''
  ) );
#5690 = PCURVE('',#5691,#5696);
#5691 = CYLINDRICAL_SURFACE('',#5692,4.4);
#5692 = AXIS2_PLACEMENT_3D('',#5693,#5694,#5695);
#5693 = CARTESIAN_POINT('',(30.,-40.,2.4));
#5694 = DIRECTION('',(0.,0.,1.));
#5695 = DIRECTION('',(1.,0.,-0.));
#5696 = DEFINITIONAL_REPRESENTATION('',(#5697),#5701);
#5697 = LINE('',#5698,#5699);
#5698 = CARTESIAN_POINT('',(0.,29.6));
#5699 = VECTOR('',#5700,1.);
#5700 = DIRECTION('',(1.,0.));
#5701 = ( GEOMETRIC_REPRESENTATION_CONTEXT(2) 
PARAMETRIC_REPRESENTATION_CONTEXT() REPRESENTATION_CONTEXT('2D SPACE',''
  ) );
#5702 = FACE_BOUND('',#5703,.T.);
#5703 = EDGE_LOOP('',(#5704));
#5704 = ORIENTED_EDGE('',*,*,#5705,.F.);
#5705 = EDGE_CURVE('',#5706,#5706,#5708,.T.);
#5706 = VERTEX_POINT('',#5707);
#5707 = CARTESIAN_POINT('',(31.7,-40.,32.));
#5708 = SURFACE_CURVE('',#5709,(#5714,#5721),.PCURVE_S1.);
#5709 = CIRCLE('',#5710,1.7);
#5710 = AXIS2_PLACEMENT_3D('',#5711,#5712,#5713);
#5711 = CARTESIAN_POINT('',(30.,-40.,32.));
#5712 = DIRECTION('',(0.,0.,1.));
#5713 = DIRECTION('',(1.,0.,-0.));
#5714 = PCURVE('',#3516,#5715);
#5715 = DEFINITIONAL_REPRESENTATION('',(#5716),#5720);
#5716 = CIRCLE('',#5717,1.7);
#5717 = AXIS2_PLACEMENT_2D('',#5718,#5719);
#5718 = CARTESIAN_POINT('',(66.4,6.4));
#5719 = DIRECTION('',(1.,0.));
#5720 = ( GEOMETRIC_REPRESENTATION_CONTEXT(2) 
PARAMETRIC_REPRESENTATION_CONTEXT() REPRESENTATION_CONTEXT('2D SPACE',''
  ) );
#5721 = PCURVE('',#5722,#5727);
#5722 = CYLINDRICAL_SURFACE('',#5723,1.7);
#5723 = AXIS2_PLACEMENT_3D('',#5724,#5725,#5726);
#5724 = CARTESIAN_POINT('',(30.,-40.,22.));
#5725 = DIRECTION('',(0.,0.,1.));
#5726 = DIRECTION('',(1.,0.,-0.));
#5727 = DEFINITIONAL_REPRESENTATION('',(#5728),#5732);
#5728 = LINE('',#5729,#5730);
#5729 = CARTESIAN_POINT('',(0.,10.));
#5730 = VECTOR('',#5731,1.);
#5731 = DIRECTION('',(1.,0.));
#5732 = ( GEOMETRIC_REPRESENTATION_CONTEXT(2) 
PARAMETRIC_REPRESENTATION_CONTEXT() REPRESENTATION_CONTEXT('2D SPACE',''
  ) );
#5733 = FACE_BOUND('',#5734,.T.);
#5734 = EDGE_LOOP('',(#5735));
#5735 = ORIENTED_EDGE('',*,*,#5736,.F.);
#5736 = EDGE_CURVE('',#5737,#5737,#5739,.T.);
#5737 = VERTEX_POINT('',#5738);
#5738 = CARTESIAN_POINT('',(44.1,-35.4,32.));
#5739 = SURFACE_CURVE('',#5740,(#5745,#5752),.PCURVE_S1.);
#5740 = CIRCLE('',#5741,1.7);
#5741 = AXIS2_PLACEMENT_3D('',#5742,#5743,#5744);
#5742 = CARTESIAN_POINT('',(42.4,-35.4,32.));
#5743 = DIRECTION('',(0.,0.,1.));
#5744 = DIRECTION('',(1.,0.,-0.));
#5745 = PCURVE('',#3516,#5746);
#5746 = DEFINITIONAL_REPRESENTATION('',(#5747),#5751);
#5747 = CIRCLE('',#5748,1.7);
#5748 = AXIS2_PLACEMENT_2D('',#5749,#5750);
#5749 = CARTESIAN_POINT('',(78.8,11.));
#5750 = DIRECTION('',(1.,0.));
#5751 = ( GEOMETRIC_REPRESENTATION_CONTEXT(2) 
PARAMETRIC_REPRESENTATION_CONTEXT() REPRESENTATION_CONTEXT('2D SPACE',''
  ) );
#5752 = PCURVE('',#5753,#5758);
#5753 = CYLINDRICAL_SURFACE('',#5754,1.7);
#5754 = AXIS2_PLACEMENT_3D('',#5755,#5756,#5757);
#5755 = CARTESIAN_POINT('',(42.4,-35.4,26.5));
#5756 = DIRECTION('',(0.,0.,1.));
#5757 = DIRECTION('',(1.,0.,-0.));
#5758 = DEFINITIONAL_REPRESENTATION('',(#5759),#5763);
#5759 = LINE('',#5760,#5761);
#5760 = CARTESIAN_POINT('',(0.,5.5));
#5761 = VECTOR('',#5762,1.);
#5762 = DIRECTION('',(1.,0.));
#5763 = ( GEOMETRIC_REPRESENTATION_CONTEXT(2) 
PARAMETRIC_REPRESENTATION_CONTEXT() REPRESENTATION_CONTEXT('2D SPACE',''
  ) );
#5764 = FACE_BOUND('',#5765,.T.);
#5765 = EDGE_LOOP('',(#5766));
#5766 = ORIENTED_EDGE('',*,*,#5767,.F.);
#5767 = EDGE_CURVE('',#5768,#5768,#5770,.T.);
#5768 = VERTEX_POINT('',#5769);
#5769 = CARTESIAN_POINT('',(31.7,40.,32.));
#5770 = SURFACE_CURVE('',#5771,(#5776,#5783),.PCURVE_S1.);
#5771 = CIRCLE('',#5772,1.7);
#5772 = AXIS2_PLACEMENT_3D('',#5773,#5774,#5775);
#5773 = CARTESIAN_POINT('',(30.,40.,32.));
#5774 = DIRECTION('',(0.,0.,1.));
#5775 = DIRECTION('',(1.,0.,-0.));
#5776 = PCURVE('',#3516,#5777);
#5777 = DEFINITIONAL_REPRESENTATION('',(#5778),#5782);
#5778 = CIRCLE('',#5779,1.7);
#5779 = AXIS2_PLACEMENT_2D('',#5780,#5781);
#5780 = CARTESIAN_POINT('',(66.4,86.4));
#5781 = DIRECTION('',(1.,0.));
#5782 = ( GEOMETRIC_REPRESENTATION_CONTEXT(2) 
PARAMETRIC_REPRESENTATION_CONTEXT() REPRESENTATION_CONTEXT('2D SPACE',''
  ) );
#5783 = PCURVE('',#5784,#5789);
#5784 = CYLINDRICAL_SURFACE('',#5785,1.7);
#5785 = AXIS2_PLACEMENT_3D('',#5786,#5787,#5788);
#5786 = CARTESIAN_POINT('',(30.,40.,22.));
#5787 = DIRECTION('',(0.,0.,1.));
#5788 = DIRECTION('',(1.,0.,-0.));
#5789 = DEFINITIONAL_REPRESENTATION('',(#5790),#5794);
#5790 = LINE('',#5791,#5792);
#5791 = CARTESIAN_POINT('',(0.,10.));
#5792 = VECTOR('',#5793,1.);
#5793 = DIRECTION('',(1.,0.));
#5794 = ( GEOMETRIC_REPRESENTATION_CONTEXT(2) 
PARAMETRIC_REPRESENTATION_CONTEXT() REPRESENTATION_CONTEXT('2D SPACE',''
  ) );
#5795 = FACE_BOUND('',#5796,.T.);
#5796 = EDGE_LOOP('',(#5797,#5826,#5855));
#5797 = ORIENTED_EDGE('',*,*,#5798,.F.);
#5798 = EDGE_CURVE('',#5799,#5801,#5803,.T.);
#5799 = VERTEX_POINT('',#5800);
#5800 = CARTESIAN_POINT('',(34.,41.833030277982,32.));
#5801 = VERTEX_POINT('',#5802);
#5802 = CARTESIAN_POINT('',(34.,44.,32.));
#5803 = SURFACE_CURVE('',#5804,(#5808,#5815),.PCURVE_S1.);
#5804 = LINE('',#5805,#5806);
#5805 = CARTESIAN_POINT('',(34.,-45.2,32.));
#5806 = VECTOR('',#5807,1.);
#5807 = DIRECTION('',(-0.,1.,0.));
#5808 = PCURVE('',#3516,#5809);
#5809 = DEFINITIONAL_REPRESENTATION('',(#5810),#5814);
#5810 = LINE('',#5811,#5812);
#5811 = CARTESIAN_POINT('',(70.4,1.2));
#5812 = VECTOR('',#5813,1.);
#5813 = DIRECTION('',(0.,1.));
#5814 = ( GEOMETRIC_REPRESENTATION_CONTEXT(2) 
PARAMETRIC_REPRESENTATION_CONTEXT() REPRESENTATION_CONTEXT('2D SPACE',''
  ) );
#5815 = PCURVE('',#5816,#5821);
#5816 = PLANE('',#5817);
#5817 = AXIS2_PLACEMENT_3D('',#5818,#5819,#5820);
#5818 = CARTESIAN_POINT('',(34.,-44.,2.4));
#5819 = DIRECTION('',(1.,0.,-0.));
#5820 = DIRECTION('',(0.,0.,1.));
#5821 = DEFINITIONAL_REPRESENTATION('',(#5822),#5825);
#5822 = B_SPLINE_CURVE_WITH_KNOTS('',1,(#5823,#5824),.UNSPECIFIED.,.F.,
  .F.,(2,2),(1.2,89.2),.PIECEWISE_BEZIER_KNOTS.);
#5823 = CARTESIAN_POINT('',(29.6,0.));
#5824 = CARTESIAN_POINT('',(29.6,-88.));
#5825 = ( GEOMETRIC_REPRESENTATION_CONTEXT(2) 
PARAMETRIC_REPRESENTATION_CONTEXT() REPRESENTATION_CONTEXT('2D SPACE',''
  ) );
#5826 = ORIENTED_EDGE('',*,*,#5827,.T.);
#5827 = EDGE_CURVE('',#5799,#5828,#5830,.T.);
#5828 = VERTEX_POINT('',#5829);
#5829 = CARTESIAN_POINT('',(31.833030277982,44.,32.));
#5830 = SURFACE_CURVE('',#5831,(#5836,#5843),.PCURVE_S1.);
#5831 = CIRCLE('',#5832,4.4);
#5832 = AXIS2_PLACEMENT_3D('',#5833,#5834,#5835);
#5833 = CARTESIAN_POINT('',(30.,40.,32.));
#5834 = DIRECTION('',(0.,0.,1.));
#5835 = DIRECTION('',(1.,0.,-0.));
#5836 = PCURVE('',#3516,#5837);
#5837 = DEFINITIONAL_REPRESENTATION('',(#5838),#5842);
#5838 = CIRCLE('',#5839,4.4);
#5839 = AXIS2_PLACEMENT_2D('',#5840,#5841);
#5840 = CARTESIAN_POINT('',(66.4,86.4));
#5841 = DIRECTION('',(1.,0.));
#5842 = ( GEOMETRIC_REPRESENTATION_CONTEXT(2) 
PARAMETRIC_REPRESENTATION_CONTEXT() REPRESENTATION_CONTEXT('2D SPACE',''
  ) );
#5843 = PCURVE('',#5844,#5849);
#5844 = CYLINDRICAL_SURFACE('',#5845,4.4);
#5845 = AXIS2_PLACEMENT_3D('',#5846,#5847,#5848);
#5846 = CARTESIAN_POINT('',(30.,40.,2.4));
#5847 = DIRECTION('',(0.,0.,1.));
#5848 = DIRECTION('',(1.,0.,-0.));
#5849 = DEFINITIONAL_REPRESENTATION('',(#5850),#5854);
#5850 = LINE('',#5851,#5852);
#5851 = CARTESIAN_POINT('',(0.,29.6));
#5852 = VECTOR('',#5853,1.);
#5853 = DIRECTION('',(1.,0.));
#5854 = ( GEOMETRIC_REPRESENTATION_CONTEXT(2) 
PARAMETRIC_REPRESENTATION_CONTEXT() REPRESENTATION_CONTEXT('2D SPACE',''
  ) );
#5855 = ORIENTED_EDGE('',*,*,#5856,.F.);
#5856 = EDGE_CURVE('',#5801,#5828,#5857,.T.);
#5857 = SURFACE_CURVE('',#5858,(#5862,#5869),.PCURVE_S1.);
#5858 = LINE('',#5859,#5860);
#5859 = CARTESIAN_POINT('',(-35.2,44.,32.));
#5860 = VECTOR('',#5861,1.);
#5861 = DIRECTION('',(-1.,-0.,0.));
#5862 = PCURVE('',#3516,#5863);
#5863 = DEFINITIONAL_REPRESENTATION('',(#5864),#5868);
#5864 = LINE('',#5865,#5866);
#5865 = CARTESIAN_POINT('',(1.2,90.4));
#5866 = VECTOR('',#5867,1.);
#5867 = DIRECTION('',(-1.,0.));
#5868 = ( GEOMETRIC_REPRESENTATION_CONTEXT(2) 
PARAMETRIC_REPRESENTATION_CONTEXT() REPRESENTATION_CONTEXT('2D SPACE',''
  ) );
#5869 = PCURVE('',#5870,#5875);
#5870 = PLANE('',#5871);
#5871 = AXIS2_PLACEMENT_3D('',#5872,#5873,#5874);
#5872 = CARTESIAN_POINT('',(-34.,44.,2.4));
#5873 = DIRECTION('',(-0.,1.,0.));
#5874 = DIRECTION('',(0.,0.,1.));
#5875 = DEFINITIONAL_REPRESENTATION('',(#5876),#5879);
#5876 = B_SPLINE_CURVE_WITH_KNOTS('',1,(#5877,#5878),.UNSPECIFIED.,.F.,
  .F.,(2,2),(-69.2,-1.2),.PIECEWISE_BEZIER_KNOTS.);
#5877 = CARTESIAN_POINT('',(29.6,68.));
#5878 = CARTESIAN_POINT('',(29.6,0.));
#5879 = ( GEOMETRIC_REPRESENTATION_CONTEXT(2) 
PARAMETRIC_REPRESENTATION_CONTEXT() REPRESENTATION_CONTEXT('2D SPACE',''
  ) );
#5880 = FACE_BOUND('',#5881,.T.);
#5881 = EDGE_LOOP('',(#5882));
#5882 = ORIENTED_EDGE('',*,*,#5883,.F.);
#5883 = EDGE_CURVE('',#5884,#5884,#5886,.T.);
#5884 = VERTEX_POINT('',#5885);
#5885 = CARTESIAN_POINT('',(44.1,35.4,32.));
#5886 = SURFACE_CURVE('',#5887,(#5892,#5899),.PCURVE_S1.);
#5887 = CIRCLE('',#5888,1.7);
#5888 = AXIS2_PLACEMENT_3D('',#5889,#5890,#5891);
#5889 = CARTESIAN_POINT('',(42.4,35.4,32.));
#5890 = DIRECTION('',(0.,0.,1.));
#5891 = DIRECTION('',(1.,0.,-0.));
#5892 = PCURVE('',#3516,#5893);
#5893 = DEFINITIONAL_REPRESENTATION('',(#5894),#5898);
#5894 = CIRCLE('',#5895,1.7);
#5895 = AXIS2_PLACEMENT_2D('',#5896,#5897);
#5896 = CARTESIAN_POINT('',(78.8,81.8));
#5897 = DIRECTION('',(1.,0.));
#5898 = ( GEOMETRIC_REPRESENTATION_CONTEXT(2) 
PARAMETRIC_REPRESENTATION_CONTEXT() REPRESENTATION_CONTEXT('2D SPACE',''
  ) );
#5899 = PCURVE('',#5900,#5905);
#5900 = CYLINDRICAL_SURFACE('',#5901,1.7);
#5901 = AXIS2_PLACEMENT_3D('',#5902,#5903,#5904);
#5902 = CARTESIAN_POINT('',(42.4,35.4,26.5));
#5903 = DIRECTION('',(0.,0.,1.));
#5904 = DIRECTION('',(1.,0.,-0.));
#5905 = DEFINITIONAL_REPRESENTATION('',(#5906),#5910);
#5906 = LINE('',#5907,#5908);
#5907 = CARTESIAN_POINT('',(0.,5.5));
#5908 = VECTOR('',#5909,1.);
#5909 = DIRECTION('',(1.,0.));
#5910 = ( GEOMETRIC_REPRESENTATION_CONTEXT(2) 
PARAMETRIC_REPRESENTATION_CONTEXT() REPRESENTATION_CONTEXT('2D SPACE',''
  ) );
#5911 = ADVANCED_FACE('',(#5912),#3490,.F.);
#5912 = FACE_BOUND('',#5913,.F.);
#5913 = EDGE_LOOP('',(#5914,#5915,#5938,#5959));
#5914 = ORIENTED_EDGE('',*,*,#3474,.T.);
#5915 = ORIENTED_EDGE('',*,*,#5916,.T.);
#5916 = EDGE_CURVE('',#3449,#5917,#5919,.T.);
#5917 = VERTEX_POINT('',#5918);
#5918 = CARTESIAN_POINT('',(-48.4,-42.4,27.));
#5919 = SURFACE_CURVE('',#5920,(#5924,#5931),.PCURVE_S1.);
#5920 = LINE('',#5921,#5922);
#5921 = CARTESIAN_POINT('',(-36.1,-42.4,14.7));
#5922 = VECTOR('',#5923,1.);
#5923 = DIRECTION('',(-0.707106781187,0.,0.707106781187));
#5924 = PCURVE('',#3490,#5925);
#5925 = DEFINITIONAL_REPRESENTATION('',(#5926),#5930);
#5926 = LINE('',#5927,#5928);
#5927 = CARTESIAN_POINT('',(-12.3,12.3));
#5928 = VECTOR('',#5929,1.);
#5929 = DIRECTION('',(0.707106781187,-0.707106781187));
#5930 = ( GEOMETRIC_REPRESENTATION_CONTEXT(2) 
PARAMETRIC_REPRESENTATION_CONTEXT() REPRESENTATION_CONTEXT('2D SPACE',''
  ) );
#5931 = PCURVE('',#3463,#5932);
#5932 = DEFINITIONAL_REPRESENTATION('',(#5933),#5937);
#5933 = LINE('',#5934,#5935);
#5934 = CARTESIAN_POINT('',(0.,-1.2));
#5935 = VECTOR('',#5936,1.);
#5936 = DIRECTION('',(1.,0.));
#5937 = ( GEOMETRIC_REPRESENTATION_CONTEXT(2) 
PARAMETRIC_REPRESENTATION_CONTEXT() REPRESENTATION_CONTEXT('2D SPACE',''
  ) );
#5938 = ORIENTED_EDGE('',*,*,#5939,.T.);
#5939 = EDGE_CURVE('',#5917,#5423,#5940,.T.);
#5940 = SURFACE_CURVE('',#5941,(#5945,#5952),.PCURVE_S1.);
#5941 = LINE('',#5942,#5943);
#5942 = CARTESIAN_POINT('',(-48.4,-42.4,27.));
#5943 = VECTOR('',#5944,1.);
#5944 = DIRECTION('',(0.,0.,1.));
#5945 = PCURVE('',#3490,#5946);
#5946 = DEFINITIONAL_REPRESENTATION('',(#5947),#5951);
#5947 = LINE('',#5948,#5949);
#5948 = CARTESIAN_POINT('',(0.,0.));
#5949 = VECTOR('',#5950,1.);
#5950 = DIRECTION('',(1.,0.));
#5951 = ( GEOMETRIC_REPRESENTATION_CONTEXT(2) 
PARAMETRIC_REPRESENTATION_CONTEXT() REPRESENTATION_CONTEXT('2D SPACE',''
  ) );
#5952 = PCURVE('',#5438,#5953);
#5953 = DEFINITIONAL_REPRESENTATION('',(#5954),#5958);
#5954 = LINE('',#5955,#5956);
#5955 = CARTESIAN_POINT('',(0.,0.));
#5956 = VECTOR('',#5957,1.);
#5957 = DIRECTION('',(1.,0.));
#5958 = ( GEOMETRIC_REPRESENTATION_CONTEXT(2) 
PARAMETRIC_REPRESENTATION_CONTEXT() REPRESENTATION_CONTEXT('2D SPACE',''
  ) );
#5959 = ORIENTED_EDGE('',*,*,#5450,.T.);
#5960 = ADVANCED_FACE('',(#5961),#3463,.T.);
#5961 = FACE_BOUND('',#5962,.T.);
#5962 = EDGE_LOOP('',(#5963,#5964,#5965,#5988));
#5963 = ORIENTED_EDGE('',*,*,#3448,.F.);
#5964 = ORIENTED_EDGE('',*,*,#5916,.T.);
#5965 = ORIENTED_EDGE('',*,*,#5966,.T.);
#5966 = EDGE_CURVE('',#5917,#5967,#5969,.T.);
#5967 = VERTEX_POINT('',#5968);
#5968 = CARTESIAN_POINT('',(-48.4,-40.,27.));
#5969 = SURFACE_CURVE('',#5970,(#5974,#5981),.PCURVE_S1.);
#5970 = LINE('',#5971,#5972);
#5971 = CARTESIAN_POINT('',(-48.4,-42.4,27.));
#5972 = VECTOR('',#5973,1.);
#5973 = DIRECTION('',(-0.,1.,0.));
#5974 = PCURVE('',#3463,#5975);
#5975 = DEFINITIONAL_REPRESENTATION('',(#5976),#5980);
#5976 = LINE('',#5977,#5978);
#5977 = CARTESIAN_POINT('',(17.394826817189,-1.2));
#5978 = VECTOR('',#5979,1.);
#5979 = DIRECTION('',(0.,1.));
#5980 = ( GEOMETRIC_REPRESENTATION_CONTEXT(2) 
PARAMETRIC_REPRESENTATION_CONTEXT() REPRESENTATION_CONTEXT('2D SPACE',''
  ) );
#5981 = PCURVE('',#5438,#5982);
#5982 = DEFINITIONAL_REPRESENTATION('',(#5983),#5987);
#5983 = LINE('',#5984,#5985);
#5984 = CARTESIAN_POINT('',(0.,0.));
#5985 = VECTOR('',#5986,1.);
#5986 = DIRECTION('',(0.,-1.));
#5987 = ( GEOMETRIC_REPRESENTATION_CONTEXT(2) 
PARAMETRIC_REPRESENTATION_CONTEXT() REPRESENTATION_CONTEXT('2D SPACE',''
  ) );
#5988 = ORIENTED_EDGE('',*,*,#5989,.F.);
#5989 = EDGE_CURVE('',#3423,#5967,#5990,.T.);
#5990 = SURFACE_CURVE('',#5991,(#5995,#6002),.PCURVE_S1.);
#5991 = LINE('',#5992,#5993);
#5992 = CARTESIAN_POINT('',(-36.1,-40.,14.7));
#5993 = VECTOR('',#5994,1.);
#5994 = DIRECTION('',(-0.707106781187,0.,0.707106781187));
#5995 = PCURVE('',#3463,#5996);
#5996 = DEFINITIONAL_REPRESENTATION('',(#5997),#6001);
#5997 = LINE('',#5998,#5999);
#5998 = CARTESIAN_POINT('',(0.,1.2));
#5999 = VECTOR('',#6000,1.);
#6000 = DIRECTION('',(1.,0.));
#6001 = ( GEOMETRIC_REPRESENTATION_CONTEXT(2) 
PARAMETRIC_REPRESENTATION_CONTEXT() REPRESENTATION_CONTEXT('2D SPACE',''
  ) );
#6002 = PCURVE('',#3437,#6003);
#6003 = DEFINITIONAL_REPRESENTATION('',(#6004),#6008);
#6004 = LINE('',#6005,#6006);
#6005 = CARTESIAN_POINT('',(-4.348706704297,-7.951293295703));
#6006 = VECTOR('',#6007,1.);
#6007 = DIRECTION('',(0.707106781187,0.707106781187));
#6008 = ( GEOMETRIC_REPRESENTATION_CONTEXT(2) 
PARAMETRIC_REPRESENTATION_CONTEXT() REPRESENTATION_CONTEXT('2D SPACE',''
  ) );
#6009 = ADVANCED_FACE('',(#6010),#3437,.T.);
#6010 = FACE_BOUND('',#6011,.T.);
#6011 = EDGE_LOOP('',(#6012,#6013,#6014));
#6012 = ORIENTED_EDGE('',*,*,#3422,.F.);
#6013 = ORIENTED_EDGE('',*,*,#5989,.T.);
#6014 = ORIENTED_EDGE('',*,*,#6015,.T.);
#6015 = EDGE_CURVE('',#5967,#3397,#6016,.T.);
#6016 = SURFACE_CURVE('',#6017,(#6021,#6028),.PCURVE_S1.);
#6017 = LINE('',#6018,#6019);
#6018 = CARTESIAN_POINT('',(-48.4,-40.,27.));
#6019 = VECTOR('',#6020,1.);
#6020 = DIRECTION('',(1.,0.,0.));
#6021 = PCURVE('',#3437,#6022);
#6022 = DEFINITIONAL_REPRESENTATION('',(#6023),#6027);
#6023 = LINE('',#6024,#6025);
#6024 = CARTESIAN_POINT('',(7.951293295703,4.348706704297));
#6025 = VECTOR('',#6026,1.);
#6026 = DIRECTION('',(-1.,0.));
#6027 = ( GEOMETRIC_REPRESENTATION_CONTEXT(2) 
PARAMETRIC_REPRESENTATION_CONTEXT() REPRESENTATION_CONTEXT('2D SPACE',''
  ) );
#6028 = PCURVE('',#3411,#6029);
#6029 = DEFINITIONAL_REPRESENTATION('',(#6030),#6034);
#6030 = LINE('',#6031,#6032);
#6031 = CARTESIAN_POINT('',(0.,2.4));
#6032 = VECTOR('',#6033,1.);
#6033 = DIRECTION('',(1.,0.));
#6034 = ( GEOMETRIC_REPRESENTATION_CONTEXT(2) 
PARAMETRIC_REPRESENTATION_CONTEXT() REPRESENTATION_CONTEXT('2D SPACE',''
  ) );
#6035 = ADVANCED_FACE('',(#6036,#6084),#3411,.F.);
#6036 = FACE_BOUND('',#6037,.F.);
#6037 = EDGE_LOOP('',(#6038,#6061,#6082,#6083));
#6038 = ORIENTED_EDGE('',*,*,#6039,.F.);
#6039 = EDGE_CURVE('',#6040,#3371,#6042,.T.);
#6040 = VERTEX_POINT('',#6041);
#6041 = CARTESIAN_POINT('',(-48.4,-30.8,27.));
#6042 = SURFACE_CURVE('',#6043,(#6047,#6054),.PCURVE_S1.);
#6043 = LINE('',#6044,#6045);
#6044 = CARTESIAN_POINT('',(-48.4,-30.8,27.));
#6045 = VECTOR('',#6046,1.);
#6046 = DIRECTION('',(1.,0.,0.));
#6047 = PCURVE('',#3411,#6048);
#6048 = DEFINITIONAL_REPRESENTATION('',(#6049),#6053);
#6049 = LINE('',#6050,#6051);
#6050 = CARTESIAN_POINT('',(0.,11.6));
#6051 = VECTOR('',#6052,1.);
#6052 = DIRECTION('',(1.,0.));
#6053 = ( GEOMETRIC_REPRESENTATION_CONTEXT(2) 
PARAMETRIC_REPRESENTATION_CONTEXT() REPRESENTATION_CONTEXT('2D SPACE',''
  ) );
#6054 = PCURVE('',#3385,#6055);
#6055 = DEFINITIONAL_REPRESENTATION('',(#6056),#6060);
#6056 = LINE('',#6057,#6058);
#6057 = CARTESIAN_POINT('',(7.951293295703,4.348706704297));
#6058 = VECTOR('',#6059,1.);
#6059 = DIRECTION('',(-1.,0.));
#6060 = ( GEOMETRIC_REPRESENTATION_CONTEXT(2) 
PARAMETRIC_REPRESENTATION_CONTEXT() REPRESENTATION_CONTEXT('2D SPACE',''
  ) );
#6061 = ORIENTED_EDGE('',*,*,#6062,.F.);
#6062 = EDGE_CURVE('',#5967,#6040,#6063,.T.);
#6063 = SURFACE_CURVE('',#6064,(#6068,#6075),.PCURVE_S1.);
#6064 = LINE('',#6065,#6066);
#6065 = CARTESIAN_POINT('',(-48.4,-42.4,27.));
#6066 = VECTOR('',#6067,1.);
#6067 = DIRECTION('',(-0.,1.,0.));
#6068 = PCURVE('',#3411,#6069);
#6069 = DEFINITIONAL_REPRESENTATION('',(#6070),#6074);
#6070 = LINE('',#6071,#6072);
#6071 = CARTESIAN_POINT('',(0.,0.));
#6072 = VECTOR('',#6073,1.);
#6073 = DIRECTION('',(0.,1.));
#6074 = ( GEOMETRIC_REPRESENTATION_CONTEXT(2) 
PARAMETRIC_REPRESENTATION_CONTEXT() REPRESENTATION_CONTEXT('2D SPACE',''
  ) );
#6075 = PCURVE('',#5438,#6076);
#6076 = DEFINITIONAL_REPRESENTATION('',(#6077),#6081);
#6077 = LINE('',#6078,#6079);
#6078 = CARTESIAN_POINT('',(0.,0.));
#6079 = VECTOR('',#6080,1.);
#6080 = DIRECTION('',(0.,-1.));
#6081 = ( GEOMETRIC_REPRESENTATION_CONTEXT(2) 
PARAMETRIC_REPRESENTATION_CONTEXT() REPRESENTATION_CONTEXT('2D SPACE',''
  ) );
#6082 = ORIENTED_EDGE('',*,*,#6015,.T.);
#6083 = ORIENTED_EDGE('',*,*,#3396,.F.);
#6084 = FACE_BOUND('',#6085,.F.);
#6085 = EDGE_LOOP('',(#6086));
#6086 = ORIENTED_EDGE('',*,*,#6087,.F.);
#6087 = EDGE_CURVE('',#6088,#6088,#6090,.T.);
#6088 = VERTEX_POINT('',#6089);
#6089 = CARTESIAN_POINT('',(-40.7,-35.4,27.));
#6090 = SURFACE_CURVE('',#6091,(#6096,#6103),.PCURVE_S1.);
#6091 = CIRCLE('',#6092,1.7);
#6092 = AXIS2_PLACEMENT_3D('',#6093,#6094,#6095);
#6093 = CARTESIAN_POINT('',(-42.4,-35.4,27.));
#6094 = DIRECTION('',(0.,0.,1.));
#6095 = DIRECTION('',(1.,0.,-0.));
#6096 = PCURVE('',#3411,#6097);
#6097 = DEFINITIONAL_REPRESENTATION('',(#6098),#6102);
#6098 = CIRCLE('',#6099,1.7);
#6099 = AXIS2_PLACEMENT_2D('',#6100,#6101);
#6100 = CARTESIAN_POINT('',(6.,7.));
#6101 = DIRECTION('',(1.,0.));
#6102 = ( GEOMETRIC_REPRESENTATION_CONTEXT(2) 
PARAMETRIC_REPRESENTATION_CONTEXT() REPRESENTATION_CONTEXT('2D SPACE',''
  ) );
#6103 = PCURVE('',#5490,#6104);
#6104 = DEFINITIONAL_REPRESENTATION('',(#6105),#6109);
#6105 = LINE('',#6106,#6107);
#6106 = CARTESIAN_POINT('',(0.,0.5));
#6107 = VECTOR('',#6108,1.);
#6108 = DIRECTION('',(1.,0.));
#6109 = ( GEOMETRIC_REPRESENTATION_CONTEXT(2) 
PARAMETRIC_REPRESENTATION_CONTEXT() REPRESENTATION_CONTEXT('2D SPACE',''
  ) );
#6110 = ADVANCED_FACE('',(#6111),#3385,.F.);
#6111 = FACE_BOUND('',#6112,.F.);
#6112 = EDGE_LOOP('',(#6113,#6114,#6135));
#6113 = ORIENTED_EDGE('',*,*,#3370,.F.);
#6114 = ORIENTED_EDGE('',*,*,#6115,.T.);
#6115 = EDGE_CURVE('',#3345,#6040,#6116,.T.);
#6116 = SURFACE_CURVE('',#6117,(#6121,#6128),.PCURVE_S1.);
#6117 = LINE('',#6118,#6119);
#6118 = CARTESIAN_POINT('',(-36.1,-30.8,14.7));
#6119 = VECTOR('',#6120,1.);
#6120 = DIRECTION('',(-0.707106781187,0.,0.707106781187));
#6121 = PCURVE('',#3385,#6122);
#6122 = DEFINITIONAL_REPRESENTATION('',(#6123),#6127);
#6123 = LINE('',#6124,#6125);
#6124 = CARTESIAN_POINT('',(-4.348706704297,-7.951293295703));
#6125 = VECTOR('',#6126,1.);
#6126 = DIRECTION('',(0.707106781187,0.707106781187));
#6127 = ( GEOMETRIC_REPRESENTATION_CONTEXT(2) 
PARAMETRIC_REPRESENTATION_CONTEXT() REPRESENTATION_CONTEXT('2D SPACE',''
  ) );
#6128 = PCURVE('',#3359,#6129);
#6129 = DEFINITIONAL_REPRESENTATION('',(#6130),#6134);
#6130 = LINE('',#6131,#6132);
#6131 = CARTESIAN_POINT('',(0.,-1.2));
#6132 = VECTOR('',#6133,1.);
#6133 = DIRECTION('',(1.,0.));
#6134 = ( GEOMETRIC_REPRESENTATION_CONTEXT(2) 
PARAMETRIC_REPRESENTATION_CONTEXT() REPRESENTATION_CONTEXT('2D SPACE',''
  ) );
#6135 = ORIENTED_EDGE('',*,*,#6039,.T.);
#6136 = ADVANCED_FACE('',(#6137),#3359,.T.);
#6137 = FACE_BOUND('',#6138,.T.);
#6138 = EDGE_LOOP('',(#6139,#6140,#6141,#6164,#6187,#6208));
#6139 = ORIENTED_EDGE('',*,*,#3344,.F.);
#6140 = ORIENTED_EDGE('',*,*,#6115,.T.);
#6141 = ORIENTED_EDGE('',*,*,#6142,.T.);
#6142 = EDGE_CURVE('',#6040,#6143,#6145,.T.);
#6143 = VERTEX_POINT('',#6144);
#6144 = CARTESIAN_POINT('',(-48.4,-28.4,27.));
#6145 = SURFACE_CURVE('',#6146,(#6150,#6157),.PCURVE_S1.);
#6146 = LINE('',#6147,#6148);
#6147 = CARTESIAN_POINT('',(-48.4,-42.4,27.));
#6148 = VECTOR('',#6149,1.);
#6149 = DIRECTION('',(-0.,1.,0.));
#6150 = PCURVE('',#3359,#6151);
#6151 = DEFINITIONAL_REPRESENTATION('',(#6152),#6156);
#6152 = LINE('',#6153,#6154);
#6153 = CARTESIAN_POINT('',(17.394826817189,-12.8));
#6154 = VECTOR('',#6155,1.);
#6155 = DIRECTION('',(0.,1.));
#6156 = ( GEOMETRIC_REPRESENTATION_CONTEXT(2) 
PARAMETRIC_REPRESENTATION_CONTEXT() REPRESENTATION_CONTEXT('2D SPACE',''
  ) );
#6157 = PCURVE('',#5438,#6158);
#6158 = DEFINITIONAL_REPRESENTATION('',(#6159),#6163);
#6159 = LINE('',#6160,#6161);
#6160 = CARTESIAN_POINT('',(0.,0.));
#6161 = VECTOR('',#6162,1.);
#6162 = DIRECTION('',(0.,-1.));
#6163 = ( GEOMETRIC_REPRESENTATION_CONTEXT(2) 
PARAMETRIC_REPRESENTATION_CONTEXT() REPRESENTATION_CONTEXT('2D SPACE',''
  ) );
#6164 = ORIENTED_EDGE('',*,*,#6165,.F.);
#6165 = EDGE_CURVE('',#6166,#6143,#6168,.T.);
#6166 = VERTEX_POINT('',#6167);
#6167 = CARTESIAN_POINT('',(-36.9,-28.4,15.5));
#6168 = SURFACE_CURVE('',#6169,(#6173,#6180),.PCURVE_S1.);
#6169 = LINE('',#6170,#6171);
#6170 = CARTESIAN_POINT('',(-36.1,-28.4,14.7));
#6171 = VECTOR('',#6172,1.);
#6172 = DIRECTION('',(-0.707106781187,0.,0.707106781187));
#6173 = PCURVE('',#3359,#6174);
#6174 = DEFINITIONAL_REPRESENTATION('',(#6175),#6179);
#6175 = LINE('',#6176,#6177);
#6176 = CARTESIAN_POINT('',(0.,1.2));
#6177 = VECTOR('',#6178,1.);
#6178 = DIRECTION('',(1.,0.));
#6179 = ( GEOMETRIC_REPRESENTATION_CONTEXT(2) 
PARAMETRIC_REPRESENTATION_CONTEXT() REPRESENTATION_CONTEXT('2D SPACE',''
  ) );
#6180 = PCURVE('',#5410,#6181);
#6181 = DEFINITIONAL_REPRESENTATION('',(#6182),#6186);
#6182 = LINE('',#6183,#6184);
#6183 = CARTESIAN_POINT('',(-4.348706704297,-7.951293295703));
#6184 = VECTOR('',#6185,1.);
#6185 = DIRECTION('',(0.707106781187,0.707106781187));
#6186 = ( GEOMETRIC_REPRESENTATION_CONTEXT(2) 
PARAMETRIC_REPRESENTATION_CONTEXT() REPRESENTATION_CONTEXT('2D SPACE',''
  ) );
#6187 = ORIENTED_EDGE('',*,*,#6188,.T.);
#6188 = EDGE_CURVE('',#6166,#6189,#6191,.T.);
#6189 = VERTEX_POINT('',#6190);
#6190 = CARTESIAN_POINT('',(-36.9,-30.,15.5));
#6191 = SURFACE_CURVE('',#6192,(#6196,#6202),.PCURVE_S1.);
#6192 = LINE('',#6193,#6194);
#6193 = CARTESIAN_POINT('',(-36.9,-29.8,15.5));
#6194 = VECTOR('',#6195,1.);
#6195 = DIRECTION('',(0.,-1.,-0.));
#6196 = PCURVE('',#3359,#6197);
#6197 = DEFINITIONAL_REPRESENTATION('',(#6198),#6201);
#6198 = B_SPLINE_CURVE_WITH_KNOTS('',1,(#6199,#6200),.UNSPECIFIED.,.F.,
  .F.,(2,2),(-1.4,0.2),.PIECEWISE_BEZIER_KNOTS.);
#6199 = CARTESIAN_POINT('',(1.131370849898,1.2));
#6200 = CARTESIAN_POINT('',(1.131370849898,-0.4));
#6201 = ( GEOMETRIC_REPRESENTATION_CONTEXT(2) 
PARAMETRIC_REPRESENTATION_CONTEXT() REPRESENTATION_CONTEXT('2D SPACE',''
  ) );
#6202 = PCURVE('',#5383,#6203);
#6203 = DEFINITIONAL_REPRESENTATION('',(#6204),#6207);
#6204 = B_SPLINE_CURVE_WITH_KNOTS('',1,(#6205,#6206),.UNSPECIFIED.,.F.,
  .F.,(2,2),(-1.4,0.2),.PIECEWISE_BEZIER_KNOTS.);
#6205 = CARTESIAN_POINT('',(6.5,-1.6));
#6206 = CARTESIAN_POINT('',(6.5,0.));
#6207 = ( GEOMETRIC_REPRESENTATION_CONTEXT(2) 
PARAMETRIC_REPRESENTATION_CONTEXT() REPRESENTATION_CONTEXT('2D SPACE',''
  ) );
#6208 = ORIENTED_EDGE('',*,*,#6209,.T.);
#6209 = EDGE_CURVE('',#6189,#3319,#6210,.T.);
#6210 = SURFACE_CURVE('',#6211,(#6215,#6221),.PCURVE_S1.);
#6211 = LINE('',#6212,#6213);
#6212 = CARTESIAN_POINT('',(-34.875,-30.,13.475));
#6213 = VECTOR('',#6214,1.);
#6214 = DIRECTION('',(0.707106781187,0.,-0.707106781187));
#6215 = PCURVE('',#3359,#6216);
#6216 = DEFINITIONAL_REPRESENTATION('',(#6217),#6220);
#6217 = B_SPLINE_CURVE_WITH_KNOTS('',1,(#6218,#6219),.UNSPECIFIED.,.F.,
  .F.,(2,2),(-2.863782463806,-2.156675682619),.PIECEWISE_BEZIER_KNOTS.);
#6218 = CARTESIAN_POINT('',(1.131370849898,-0.4));
#6219 = CARTESIAN_POINT('',(0.424264068712,-0.4));
#6220 = ( GEOMETRIC_REPRESENTATION_CONTEXT(2) 
PARAMETRIC_REPRESENTATION_CONTEXT() REPRESENTATION_CONTEXT('2D SPACE',''
  ) );
#6221 = PCURVE('',#3333,#6222);
#6222 = DEFINITIONAL_REPRESENTATION('',(#6223),#6226);
#6223 = B_SPLINE_CURVE_WITH_KNOTS('',1,(#6224,#6225),.UNSPECIFIED.,.F.,
  .F.,(2,2),(-2.863782463806,-2.156675682619),.PIECEWISE_BEZIER_KNOTS.);
#6224 = CARTESIAN_POINT('',(6.5,-4.440892098501E-16));
#6225 = CARTESIAN_POINT('',(6.,0.5));
#6226 = ( GEOMETRIC_REPRESENTATION_CONTEXT(2) 
PARAMETRIC_REPRESENTATION_CONTEXT() REPRESENTATION_CONTEXT('2D SPACE',''
  ) );
#6227 = ADVANCED_FACE('',(#6228),#3333,.T.);
#6228 = FACE_BOUND('',#6229,.T.);
#6229 = EDGE_LOOP('',(#6230,#6253,#6254,#6255,#6276,#6277));
#6230 = ORIENTED_EDGE('',*,*,#6231,.F.);
#6231 = EDGE_CURVE('',#3293,#6232,#6234,.T.);
#6232 = VERTEX_POINT('',#6233);
#6233 = CARTESIAN_POINT('',(-34.,-30.,9.));
#6234 = SURFACE_CURVE('',#6235,(#6239,#6246),.PCURVE_S1.);
#6235 = LINE('',#6236,#6237);
#6236 = CARTESIAN_POINT('',(-36.9,-30.,9.));
#6237 = VECTOR('',#6238,1.);
#6238 = DIRECTION('',(1.,0.,-0.));
#6239 = PCURVE('',#3333,#6240);
#6240 = DEFINITIONAL_REPRESENTATION('',(#6241),#6245);
#6241 = LINE('',#6242,#6243);
#6242 = CARTESIAN_POINT('',(0.,0.));
#6243 = VECTOR('',#6244,1.);
#6244 = DIRECTION('',(0.,1.));
#6245 = ( GEOMETRIC_REPRESENTATION_CONTEXT(2) 
PARAMETRIC_REPRESENTATION_CONTEXT() REPRESENTATION_CONTEXT('2D SPACE',''
  ) );
#6246 = PCURVE('',#3307,#6247);
#6247 = DEFINITIONAL_REPRESENTATION('',(#6248),#6252);
#6248 = LINE('',#6249,#6250);
#6249 = CARTESIAN_POINT('',(0.,0.));
#6250 = VECTOR('',#6251,1.);
#6251 = DIRECTION('',(1.,0.));
#6252 = ( GEOMETRIC_REPRESENTATION_CONTEXT(2) 
PARAMETRIC_REPRESENTATION_CONTEXT() REPRESENTATION_CONTEXT('2D SPACE',''
  ) );
#6253 = ORIENTED_EDGE('',*,*,#3318,.T.);
#6254 = ORIENTED_EDGE('',*,*,#6209,.F.);
#6255 = ORIENTED_EDGE('',*,*,#6256,.T.);
#6256 = EDGE_CURVE('',#6189,#5348,#6257,.T.);
#6257 = SURFACE_CURVE('',#6258,(#6262,#6269),.PCURVE_S1.);
#6258 = LINE('',#6259,#6260);
#6259 = CARTESIAN_POINT('',(-36.9,-30.,9.));
#6260 = VECTOR('',#6261,1.);
#6261 = DIRECTION('',(0.,0.,1.));
#6262 = PCURVE('',#3333,#6263);
#6263 = DEFINITIONAL_REPRESENTATION('',(#6264),#6268);
#6264 = LINE('',#6265,#6266);
#6265 = CARTESIAN_POINT('',(0.,0.));
#6266 = VECTOR('',#6267,1.);
#6267 = DIRECTION('',(1.,0.));
#6268 = ( GEOMETRIC_REPRESENTATION_CONTEXT(2) 
PARAMETRIC_REPRESENTATION_CONTEXT() REPRESENTATION_CONTEXT('2D SPACE',''
  ) );
#6269 = PCURVE('',#5383,#6270);
#6270 = DEFINITIONAL_REPRESENTATION('',(#6271),#6275);
#6271 = LINE('',#6272,#6273);
#6272 = CARTESIAN_POINT('',(0.,0.));
#6273 = VECTOR('',#6274,1.);
#6274 = DIRECTION('',(1.,0.));
#6275 = ( GEOMETRIC_REPRESENTATION_CONTEXT(2) 
PARAMETRIC_REPRESENTATION_CONTEXT() REPRESENTATION_CONTEXT('2D SPACE',''
  ) );
#6276 = ORIENTED_EDGE('',*,*,#5347,.F.);
#6277 = ORIENTED_EDGE('',*,*,#6278,.F.);
#6278 = EDGE_CURVE('',#6232,#5326,#6279,.T.);
#6279 = SURFACE_CURVE('',#6280,(#6284,#6290),.PCURVE_S1.);
#6280 = LINE('',#6281,#6282);
#6281 = CARTESIAN_POINT('',(-34.,-30.,5.7));
#6282 = VECTOR('',#6283,1.);
#6283 = DIRECTION('',(0.,0.,1.));
#6284 = PCURVE('',#3333,#6285);
#6285 = DEFINITIONAL_REPRESENTATION('',(#6286),#6289);
#6286 = B_SPLINE_CURVE_WITH_KNOTS('',1,(#6287,#6288),.UNSPECIFIED.,.F.,
  .F.,(2,2),(3.3,26.3),.PIECEWISE_BEZIER_KNOTS.);
#6287 = CARTESIAN_POINT('',(0.,2.9));
#6288 = CARTESIAN_POINT('',(23.,2.9));
#6289 = ( GEOMETRIC_REPRESENTATION_CONTEXT(2) 
PARAMETRIC_REPRESENTATION_CONTEXT() REPRESENTATION_CONTEXT('2D SPACE',''
  ) );
#6290 = PCURVE('',#3704,#6291);
#6291 = DEFINITIONAL_REPRESENTATION('',(#6292),#6295);
#6292 = B_SPLINE_CURVE_WITH_KNOTS('',1,(#6293,#6294),.UNSPECIFIED.,.F.,
  .F.,(2,2),(3.3,26.3),.PIECEWISE_BEZIER_KNOTS.);
#6293 = CARTESIAN_POINT('',(6.6,-14.));
#6294 = CARTESIAN_POINT('',(29.6,-14.));
#6295 = ( GEOMETRIC_REPRESENTATION_CONTEXT(2) 
PARAMETRIC_REPRESENTATION_CONTEXT() REPRESENTATION_CONTEXT('2D SPACE',''
  ) );
#6296 = ADVANCED_FACE('',(#6297),#3307,.T.);
#6297 = FACE_BOUND('',#6298,.T.);
#6298 = EDGE_LOOP('',(#6299,#6322,#6323,#6324,#6345,#6366,#6394,#6415,
    #6436,#6457,#6485,#6506));
#6299 = ORIENTED_EDGE('',*,*,#6300,.F.);
#6300 = EDGE_CURVE('',#3267,#6301,#6303,.T.);
#6301 = VERTEX_POINT('',#6302);
#6302 = CARTESIAN_POINT('',(-34.,30.,9.));
#6303 = SURFACE_CURVE('',#6304,(#6308,#6315),.PCURVE_S1.);
#6304 = LINE('',#6305,#6306);
#6305 = CARTESIAN_POINT('',(-36.9,30.,9.));
#6306 = VECTOR('',#6307,1.);
#6307 = DIRECTION('',(1.,0.,-0.));
#6308 = PCURVE('',#3307,#6309);
#6309 = DEFINITIONAL_REPRESENTATION('',(#6310),#6314);
#6310 = LINE('',#6311,#6312);
#6311 = CARTESIAN_POINT('',(0.,60.));
#6312 = VECTOR('',#6313,1.);
#6313 = DIRECTION('',(1.,0.));
#6314 = ( GEOMETRIC_REPRESENTATION_CONTEXT(2) 
PARAMETRIC_REPRESENTATION_CONTEXT() REPRESENTATION_CONTEXT('2D SPACE',''
  ) );
#6315 = PCURVE('',#3281,#6316);
#6316 = DEFINITIONAL_REPRESENTATION('',(#6317),#6321);
#6317 = LINE('',#6318,#6319);
#6318 = CARTESIAN_POINT('',(0.,0.));
#6319 = VECTOR('',#6320,1.);
#6320 = DIRECTION('',(0.,1.));
#6321 = ( GEOMETRIC_REPRESENTATION_CONTEXT(2) 
PARAMETRIC_REPRESENTATION_CONTEXT() REPRESENTATION_CONTEXT('2D SPACE',''
  ) );
#6322 = ORIENTED_EDGE('',*,*,#3292,.T.);
#6323 = ORIENTED_EDGE('',*,*,#6231,.T.);
#6324 = ORIENTED_EDGE('',*,*,#6325,.F.);
#6325 = EDGE_CURVE('',#6326,#6232,#6328,.T.);
#6326 = VERTEX_POINT('',#6327);
#6327 = CARTESIAN_POINT('',(-34.,-21.,9.));
#6328 = SURFACE_CURVE('',#6329,(#6333,#6339),.PCURVE_S1.);
#6329 = LINE('',#6330,#6331);
#6330 = CARTESIAN_POINT('',(-34.,-37.,9.));
#6331 = VECTOR('',#6332,1.);
#6332 = DIRECTION('',(0.,-1.,0.));
#6333 = PCURVE('',#3307,#6334);
#6334 = DEFINITIONAL_REPRESENTATION('',(#6335),#6338);
#6335 = B_SPLINE_CURVE_WITH_KNOTS('',1,(#6336,#6337),.UNSPECIFIED.,.F.,
  .F.,(2,2),(-67.,-7.),.PIECEWISE_BEZIER_KNOTS.);
#6336 = CARTESIAN_POINT('',(2.9,60.));
#6337 = CARTESIAN_POINT('',(2.9,0.));
#6338 = ( GEOMETRIC_REPRESENTATION_CONTEXT(2) 
PARAMETRIC_REPRESENTATION_CONTEXT() REPRESENTATION_CONTEXT('2D SPACE',''
  ) );
#6339 = PCURVE('',#3704,#6340);
#6340 = DEFINITIONAL_REPRESENTATION('',(#6341),#6344);
#6341 = B_SPLINE_CURVE_WITH_KNOTS('',1,(#6342,#6343),.UNSPECIFIED.,.F.,
  .F.,(2,2),(-67.,-7.),.PIECEWISE_BEZIER_KNOTS.);
#6342 = CARTESIAN_POINT('',(6.6,-74.));
#6343 = CARTESIAN_POINT('',(6.6,-14.));
#6344 = ( GEOMETRIC_REPRESENTATION_CONTEXT(2) 
PARAMETRIC_REPRESENTATION_CONTEXT() REPRESENTATION_CONTEXT('2D SPACE',''
  ) );
#6345 = ORIENTED_EDGE('',*,*,#6346,.T.);
#6346 = EDGE_CURVE('',#6326,#6347,#6349,.T.);
#6347 = VERTEX_POINT('',#6348);
#6348 = CARTESIAN_POINT('',(-33.5,-21.,9.));
#6349 = SURFACE_CURVE('',#6350,(#6354,#6360),.PCURVE_S1.);
#6350 = LINE('',#6351,#6352);
#6351 = CARTESIAN_POINT('',(-35.45,-21.,9.));
#6352 = VECTOR('',#6353,1.);
#6353 = DIRECTION('',(1.,0.,-0.));
#6354 = PCURVE('',#3307,#6355);
#6355 = DEFINITIONAL_REPRESENTATION('',(#6356),#6359);
#6356 = B_SPLINE_CURVE_WITH_KNOTS('',1,(#6357,#6358),.UNSPECIFIED.,.F.,
  .F.,(2,2),(1.45,1.95),.PIECEWISE_BEZIER_KNOTS.);
#6357 = CARTESIAN_POINT('',(2.9,9.));
#6358 = CARTESIAN_POINT('',(3.4,9.));
#6359 = ( GEOMETRIC_REPRESENTATION_CONTEXT(2) 
PARAMETRIC_REPRESENTATION_CONTEXT() REPRESENTATION_CONTEXT('2D SPACE',''
  ) );
#6360 = PCURVE('',#4348,#6361);
#6361 = DEFINITIONAL_REPRESENTATION('',(#6362),#6365);
#6362 = B_SPLINE_CURVE_WITH_KNOTS('',1,(#6363,#6364),.UNSPECIFIED.,.F.,
  .F.,(2,2),(1.45,1.95),.PIECEWISE_BEZIER_KNOTS.);
#6363 = CARTESIAN_POINT('',(6.6,0.));
#6364 = CARTESIAN_POINT('',(6.6,0.5));
#6365 = ( GEOMETRIC_REPRESENTATION_CONTEXT(2) 
PARAMETRIC_REPRESENTATION_CONTEXT() REPRESENTATION_CONTEXT('2D SPACE',''
  ) );
#6366 = ORIENTED_EDGE('',*,*,#6367,.T.);
#6367 = EDGE_CURVE('',#6347,#6368,#6370,.T.);
#6368 = VERTEX_POINT('',#6369);
#6369 = CARTESIAN_POINT('',(-33.5,-13.,9.));
#6370 = SURFACE_CURVE('',#6371,(#6375,#6382),.PCURVE_S1.);
#6371 = LINE('',#6372,#6373);
#6372 = CARTESIAN_POINT('',(-33.5,-30.,9.));
#6373 = VECTOR('',#6374,1.);
#6374 = DIRECTION('',(-0.,1.,0.));
#6375 = PCURVE('',#3307,#6376);
#6376 = DEFINITIONAL_REPRESENTATION('',(#6377),#6381);
#6377 = LINE('',#6378,#6379);
#6378 = CARTESIAN_POINT('',(3.4,0.));
#6379 = VECTOR('',#6380,1.);
#6380 = DIRECTION('',(0.,1.));
#6381 = ( GEOMETRIC_REPRESENTATION_CONTEXT(2) 
PARAMETRIC_REPRESENTATION_CONTEXT() REPRESENTATION_CONTEXT('2D SPACE',''
  ) );
#6382 = PCURVE('',#6383,#6388);
#6383 = PLANE('',#6384);
#6384 = AXIS2_PLACEMENT_3D('',#6385,#6386,#6387);
#6385 = CARTESIAN_POINT('',(-33.5,-30.,9.));
#6386 = DIRECTION('',(1.,0.,-0.));
#6387 = DIRECTION('',(0.,0.,1.));
#6388 = DEFINITIONAL_REPRESENTATION('',(#6389),#6393);
#6389 = LINE('',#6390,#6391);
#6390 = CARTESIAN_POINT('',(0.,0.));
#6391 = VECTOR('',#6392,1.);
#6392 = DIRECTION('',(0.,-1.));
#6393 = ( GEOMETRIC_REPRESENTATION_CONTEXT(2) 
PARAMETRIC_REPRESENTATION_CONTEXT() REPRESENTATION_CONTEXT('2D SPACE',''
  ) );
#6394 = ORIENTED_EDGE('',*,*,#6395,.F.);
#6395 = EDGE_CURVE('',#6396,#6368,#6398,.T.);
#6396 = VERTEX_POINT('',#6397);
#6397 = CARTESIAN_POINT('',(-34.,-13.,9.));
#6398 = SURFACE_CURVE('',#6399,(#6403,#6409),.PCURVE_S1.);
#6399 = LINE('',#6400,#6401);
#6400 = CARTESIAN_POINT('',(-35.45,-13.,9.));
#6401 = VECTOR('',#6402,1.);
#6402 = DIRECTION('',(1.,0.,-0.));
#6403 = PCURVE('',#3307,#6404);
#6404 = DEFINITIONAL_REPRESENTATION('',(#6405),#6408);
#6405 = B_SPLINE_CURVE_WITH_KNOTS('',1,(#6406,#6407),.UNSPECIFIED.,.F.,
  .F.,(2,2),(1.45,1.95),.PIECEWISE_BEZIER_KNOTS.);
#6406 = CARTESIAN_POINT('',(2.9,17.));
#6407 = CARTESIAN_POINT('',(3.4,17.));
#6408 = ( GEOMETRIC_REPRESENTATION_CONTEXT(2) 
PARAMETRIC_REPRESENTATION_CONTEXT() REPRESENTATION_CONTEXT('2D SPACE',''
  ) );
#6409 = PCURVE('',#4294,#6410);
#6410 = DEFINITIONAL_REPRESENTATION('',(#6411),#6414);
#6411 = B_SPLINE_CURVE_WITH_KNOTS('',1,(#6412,#6413),.UNSPECIFIED.,.F.,
  .F.,(2,2),(1.45,1.95),.PIECEWISE_BEZIER_KNOTS.);
#6412 = CARTESIAN_POINT('',(6.6,0.));
#6413 = CARTESIAN_POINT('',(6.6,0.5));
#6414 = ( GEOMETRIC_REPRESENTATION_CONTEXT(2) 
PARAMETRIC_REPRESENTATION_CONTEXT() REPRESENTATION_CONTEXT('2D SPACE',''
  ) );
#6415 = ORIENTED_EDGE('',*,*,#6416,.F.);
#6416 = EDGE_CURVE('',#6417,#6396,#6419,.T.);
#6417 = VERTEX_POINT('',#6418);
#6418 = CARTESIAN_POINT('',(-34.,13.,9.));
#6419 = SURFACE_CURVE('',#6420,(#6424,#6430),.PCURVE_S1.);
#6420 = LINE('',#6421,#6422);
#6421 = CARTESIAN_POINT('',(-34.,-37.,9.));
#6422 = VECTOR('',#6423,1.);
#6423 = DIRECTION('',(0.,-1.,0.));
#6424 = PCURVE('',#3307,#6425);
#6425 = DEFINITIONAL_REPRESENTATION('',(#6426),#6429);
#6426 = B_SPLINE_CURVE_WITH_KNOTS('',1,(#6427,#6428),.UNSPECIFIED.,.F.,
  .F.,(2,2),(-67.,-7.),.PIECEWISE_BEZIER_KNOTS.);
#6427 = CARTESIAN_POINT('',(2.9,60.));
#6428 = CARTESIAN_POINT('',(2.9,0.));
#6429 = ( GEOMETRIC_REPRESENTATION_CONTEXT(2) 
PARAMETRIC_REPRESENTATION_CONTEXT() REPRESENTATION_CONTEXT('2D SPACE',''
  ) );
#6430 = PCURVE('',#4266,#6431);
#6431 = DEFINITIONAL_REPRESENTATION('',(#6432),#6435);
#6432 = B_SPLINE_CURVE_WITH_KNOTS('',1,(#6433,#6434),.UNSPECIFIED.,.F.,
  .F.,(2,2),(-67.,-7.),.PIECEWISE_BEZIER_KNOTS.);
#6433 = CARTESIAN_POINT('',(6.6,-74.));
#6434 = CARTESIAN_POINT('',(6.6,-14.));
#6435 = ( GEOMETRIC_REPRESENTATION_CONTEXT(2) 
PARAMETRIC_REPRESENTATION_CONTEXT() REPRESENTATION_CONTEXT('2D SPACE',''
  ) );
#6436 = ORIENTED_EDGE('',*,*,#6437,.T.);
#6437 = EDGE_CURVE('',#6417,#6438,#6440,.T.);
#6438 = VERTEX_POINT('',#6439);
#6439 = CARTESIAN_POINT('',(-33.5,13.,9.));
#6440 = SURFACE_CURVE('',#6441,(#6445,#6451),.PCURVE_S1.);
#6441 = LINE('',#6442,#6443);
#6442 = CARTESIAN_POINT('',(-35.45,13.,9.));
#6443 = VECTOR('',#6444,1.);
#6444 = DIRECTION('',(1.,0.,-0.));
#6445 = PCURVE('',#3307,#6446);
#6446 = DEFINITIONAL_REPRESENTATION('',(#6447),#6450);
#6447 = B_SPLINE_CURVE_WITH_KNOTS('',1,(#6448,#6449),.UNSPECIFIED.,.F.,
  .F.,(2,2),(1.45,1.95),.PIECEWISE_BEZIER_KNOTS.);
#6448 = CARTESIAN_POINT('',(2.9,43.));
#6449 = CARTESIAN_POINT('',(3.4,43.));
#6450 = ( GEOMETRIC_REPRESENTATION_CONTEXT(2) 
PARAMETRIC_REPRESENTATION_CONTEXT() REPRESENTATION_CONTEXT('2D SPACE',''
  ) );
#6451 = PCURVE('',#4238,#6452);
#6452 = DEFINITIONAL_REPRESENTATION('',(#6453),#6456);
#6453 = B_SPLINE_CURVE_WITH_KNOTS('',1,(#6454,#6455),.UNSPECIFIED.,.F.,
  .F.,(2,2),(1.45,1.95),.PIECEWISE_BEZIER_KNOTS.);
#6454 = CARTESIAN_POINT('',(6.6,0.));
#6455 = CARTESIAN_POINT('',(6.6,0.5));
#6456 = ( GEOMETRIC_REPRESENTATION_CONTEXT(2) 
PARAMETRIC_REPRESENTATION_CONTEXT() REPRESENTATION_CONTEXT('2D SPACE',''
  ) );
#6457 = ORIENTED_EDGE('',*,*,#6458,.T.);
#6458 = EDGE_CURVE('',#6438,#6459,#6461,.T.);
#6459 = VERTEX_POINT('',#6460);
#6460 = CARTESIAN_POINT('',(-33.5,21.,9.));
#6461 = SURFACE_CURVE('',#6462,(#6466,#6473),.PCURVE_S1.);
#6462 = LINE('',#6463,#6464);
#6463 = CARTESIAN_POINT('',(-33.5,-30.,9.));
#6464 = VECTOR('',#6465,1.);
#6465 = DIRECTION('',(-0.,1.,0.));
#6466 = PCURVE('',#3307,#6467);
#6467 = DEFINITIONAL_REPRESENTATION('',(#6468),#6472);
#6468 = LINE('',#6469,#6470);
#6469 = CARTESIAN_POINT('',(3.4,0.));
#6470 = VECTOR('',#6471,1.);
#6471 = DIRECTION('',(0.,1.));
#6472 = ( GEOMETRIC_REPRESENTATION_CONTEXT(2) 
PARAMETRIC_REPRESENTATION_CONTEXT() REPRESENTATION_CONTEXT('2D SPACE',''
  ) );
#6473 = PCURVE('',#6474,#6479);
#6474 = PLANE('',#6475);
#6475 = AXIS2_PLACEMENT_3D('',#6476,#6477,#6478);
#6476 = CARTESIAN_POINT('',(-33.5,-30.,9.));
#6477 = DIRECTION('',(1.,0.,-0.));
#6478 = DIRECTION('',(0.,0.,1.));
#6479 = DEFINITIONAL_REPRESENTATION('',(#6480),#6484);
#6480 = LINE('',#6481,#6482);
#6481 = CARTESIAN_POINT('',(0.,0.));
#6482 = VECTOR('',#6483,1.);
#6483 = DIRECTION('',(0.,-1.));
#6484 = ( GEOMETRIC_REPRESENTATION_CONTEXT(2) 
PARAMETRIC_REPRESENTATION_CONTEXT() REPRESENTATION_CONTEXT('2D SPACE',''
  ) );
#6485 = ORIENTED_EDGE('',*,*,#6486,.F.);
#6486 = EDGE_CURVE('',#6487,#6459,#6489,.T.);
#6487 = VERTEX_POINT('',#6488);
#6488 = CARTESIAN_POINT('',(-34.,21.,9.));
#6489 = SURFACE_CURVE('',#6490,(#6494,#6500),.PCURVE_S1.);
#6490 = LINE('',#6491,#6492);
#6491 = CARTESIAN_POINT('',(-35.45,21.,9.));
#6492 = VECTOR('',#6493,1.);
#6493 = DIRECTION('',(1.,0.,-0.));
#6494 = PCURVE('',#3307,#6495);
#6495 = DEFINITIONAL_REPRESENTATION('',(#6496),#6499);
#6496 = B_SPLINE_CURVE_WITH_KNOTS('',1,(#6497,#6498),.UNSPECIFIED.,.F.,
  .F.,(2,2),(1.45,1.95),.PIECEWISE_BEZIER_KNOTS.);
#6497 = CARTESIAN_POINT('',(2.9,51.));
#6498 = CARTESIAN_POINT('',(3.4,51.));
#6499 = ( GEOMETRIC_REPRESENTATION_CONTEXT(2) 
PARAMETRIC_REPRESENTATION_CONTEXT() REPRESENTATION_CONTEXT('2D SPACE',''
  ) );
#6500 = PCURVE('',#4182,#6501);
#6501 = DEFINITIONAL_REPRESENTATION('',(#6502),#6505);
#6502 = B_SPLINE_CURVE_WITH_KNOTS('',1,(#6503,#6504),.UNSPECIFIED.,.F.,
  .F.,(2,2),(1.45,1.95),.PIECEWISE_BEZIER_KNOTS.);
#6503 = CARTESIAN_POINT('',(6.6,0.));
#6504 = CARTESIAN_POINT('',(6.6,0.5));
#6505 = ( GEOMETRIC_REPRESENTATION_CONTEXT(2) 
PARAMETRIC_REPRESENTATION_CONTEXT() REPRESENTATION_CONTEXT('2D SPACE',''
  ) );
#6506 = ORIENTED_EDGE('',*,*,#6507,.F.);
#6507 = EDGE_CURVE('',#6301,#6487,#6508,.T.);
#6508 = SURFACE_CURVE('',#6509,(#6513,#6519),.PCURVE_S1.);
#6509 = LINE('',#6510,#6511);
#6510 = CARTESIAN_POINT('',(-34.,-37.,9.));
#6511 = VECTOR('',#6512,1.);
#6512 = DIRECTION('',(0.,-1.,0.));
#6513 = PCURVE('',#3307,#6514);
#6514 = DEFINITIONAL_REPRESENTATION('',(#6515),#6518);
#6515 = B_SPLINE_CURVE_WITH_KNOTS('',1,(#6516,#6517),.UNSPECIFIED.,.F.,
  .F.,(2,2),(-67.,-7.),.PIECEWISE_BEZIER_KNOTS.);
#6516 = CARTESIAN_POINT('',(2.9,60.));
#6517 = CARTESIAN_POINT('',(2.9,0.));
#6518 = ( GEOMETRIC_REPRESENTATION_CONTEXT(2) 
PARAMETRIC_REPRESENTATION_CONTEXT() REPRESENTATION_CONTEXT('2D SPACE',''
  ) );
#6519 = PCURVE('',#4154,#6520);
#6520 = DEFINITIONAL_REPRESENTATION('',(#6521),#6524);
#6521 = B_SPLINE_CURVE_WITH_KNOTS('',1,(#6522,#6523),.UNSPECIFIED.,.F.,
  .F.,(2,2),(-67.,-7.),.PIECEWISE_BEZIER_KNOTS.);
#6522 = CARTESIAN_POINT('',(6.6,-74.));
#6523 = CARTESIAN_POINT('',(6.6,-14.));
#6524 = ( GEOMETRIC_REPRESENTATION_CONTEXT(2) 
PARAMETRIC_REPRESENTATION_CONTEXT() REPRESENTATION_CONTEXT('2D SPACE',''
  ) );
#6525 = ADVANCED_FACE('',(#6526),#3281,.F.);
#6526 = FACE_BOUND('',#6527,.F.);
#6527 = EDGE_LOOP('',(#6528,#6529,#6530,#6551,#6579,#6600));
#6528 = ORIENTED_EDGE('',*,*,#6300,.F.);
#6529 = ORIENTED_EDGE('',*,*,#3266,.T.);
#6530 = ORIENTED_EDGE('',*,*,#6531,.F.);
#6531 = EDGE_CURVE('',#6532,#3241,#6534,.T.);
#6532 = VERTEX_POINT('',#6533);
#6533 = CARTESIAN_POINT('',(-36.9,30.,15.5));
#6534 = SURFACE_CURVE('',#6535,(#6539,#6545),.PCURVE_S1.);
#6535 = LINE('',#6536,#6537);
#6536 = CARTESIAN_POINT('',(-34.875,30.,13.475));
#6537 = VECTOR('',#6538,1.);
#6538 = DIRECTION('',(0.707106781187,0.,-0.707106781187));
#6539 = PCURVE('',#3281,#6540);
#6540 = DEFINITIONAL_REPRESENTATION('',(#6541),#6544);
#6541 = B_SPLINE_CURVE_WITH_KNOTS('',1,(#6542,#6543),.UNSPECIFIED.,.F.,
  .F.,(2,2),(-2.863782463806,-2.156675682619),.PIECEWISE_BEZIER_KNOTS.);
#6542 = CARTESIAN_POINT('',(6.5,-4.440892098501E-16));
#6543 = CARTESIAN_POINT('',(6.,0.5));
#6544 = ( GEOMETRIC_REPRESENTATION_CONTEXT(2) 
PARAMETRIC_REPRESENTATION_CONTEXT() REPRESENTATION_CONTEXT('2D SPACE',''
  ) );
#6545 = PCURVE('',#3255,#6546);
#6546 = DEFINITIONAL_REPRESENTATION('',(#6547),#6550);
#6547 = B_SPLINE_CURVE_WITH_KNOTS('',1,(#6548,#6549),.UNSPECIFIED.,.F.,
  .F.,(2,2),(-2.863782463806,-2.156675682619),.PIECEWISE_BEZIER_KNOTS.);
#6548 = CARTESIAN_POINT('',(1.131370849898,0.4));
#6549 = CARTESIAN_POINT('',(0.424264068712,0.4));
#6550 = ( GEOMETRIC_REPRESENTATION_CONTEXT(2) 
PARAMETRIC_REPRESENTATION_CONTEXT() REPRESENTATION_CONTEXT('2D SPACE',''
  ) );
#6551 = ORIENTED_EDGE('',*,*,#6552,.T.);
#6552 = EDGE_CURVE('',#6532,#6553,#6555,.T.);
#6553 = VERTEX_POINT('',#6554);
#6554 = CARTESIAN_POINT('',(-36.9,30.,32.));
#6555 = SURFACE_CURVE('',#6556,(#6560,#6567),.PCURVE_S1.);
#6556 = LINE('',#6557,#6558);
#6557 = CARTESIAN_POINT('',(-36.9,30.,9.));
#6558 = VECTOR('',#6559,1.);
#6559 = DIRECTION('',(0.,0.,1.));
#6560 = PCURVE('',#3281,#6561);
#6561 = DEFINITIONAL_REPRESENTATION('',(#6562),#6566);
#6562 = LINE('',#6563,#6564);
#6563 = CARTESIAN_POINT('',(0.,0.));
#6564 = VECTOR('',#6565,1.);
#6565 = DIRECTION('',(1.,0.));
#6566 = ( GEOMETRIC_REPRESENTATION_CONTEXT(2) 
PARAMETRIC_REPRESENTATION_CONTEXT() REPRESENTATION_CONTEXT('2D SPACE',''
  ) );
#6567 = PCURVE('',#6568,#6573);
#6568 = PLANE('',#6569);
#6569 = AXIS2_PLACEMENT_3D('',#6570,#6571,#6572);
#6570 = CARTESIAN_POINT('',(-36.9,-30.,9.));
#6571 = DIRECTION('',(1.,0.,-0.));
#6572 = DIRECTION('',(0.,0.,1.));
#6573 = DEFINITIONAL_REPRESENTATION('',(#6574),#6578);
#6574 = LINE('',#6575,#6576);
#6575 = CARTESIAN_POINT('',(0.,-60.));
#6576 = VECTOR('',#6577,1.);
#6577 = DIRECTION('',(1.,0.));
#6578 = ( GEOMETRIC_REPRESENTATION_CONTEXT(2) 
PARAMETRIC_REPRESENTATION_CONTEXT() REPRESENTATION_CONTEXT('2D SPACE',''
  ) );
#6579 = ORIENTED_EDGE('',*,*,#6580,.F.);
#6580 = EDGE_CURVE('',#6581,#6553,#6583,.T.);
#6581 = VERTEX_POINT('',#6582);
#6582 = CARTESIAN_POINT('',(-34.,30.,32.));
#6583 = SURFACE_CURVE('',#6584,(#6588,#6594),.PCURVE_S1.);
#6584 = LINE('',#6585,#6586);
#6585 = CARTESIAN_POINT('',(-36.65,30.,32.));
#6586 = VECTOR('',#6587,1.);
#6587 = DIRECTION('',(-1.,-0.,0.));
#6588 = PCURVE('',#3281,#6589);
#6589 = DEFINITIONAL_REPRESENTATION('',(#6590),#6593);
#6590 = B_SPLINE_CURVE_WITH_KNOTS('',1,(#6591,#6592),.UNSPECIFIED.,.F.,
  .F.,(2,2),(-3.15,0.25),.PIECEWISE_BEZIER_KNOTS.);
#6591 = CARTESIAN_POINT('',(23.,3.4));
#6592 = CARTESIAN_POINT('',(23.,0.));
#6593 = ( GEOMETRIC_REPRESENTATION_CONTEXT(2) 
PARAMETRIC_REPRESENTATION_CONTEXT() REPRESENTATION_CONTEXT('2D SPACE',''
  ) );
#6594 = PCURVE('',#3096,#6595);
#6595 = DEFINITIONAL_REPRESENTATION('',(#6596),#6599);
#6596 = B_SPLINE_CURVE_WITH_KNOTS('',1,(#6597,#6598),.UNSPECIFIED.,.F.,
  .F.,(2,2),(-3.15,0.25),.PIECEWISE_BEZIER_KNOTS.);
#6597 = CARTESIAN_POINT('',(2.9,76.4));
#6598 = CARTESIAN_POINT('',(-0.5,76.4));
#6599 = ( GEOMETRIC_REPRESENTATION_CONTEXT(2) 
PARAMETRIC_REPRESENTATION_CONTEXT() REPRESENTATION_CONTEXT('2D SPACE',''
  ) );
#6600 = ORIENTED_EDGE('',*,*,#6601,.F.);
#6601 = EDGE_CURVE('',#6301,#6581,#6602,.T.);
#6602 = SURFACE_CURVE('',#6603,(#6607,#6613),.PCURVE_S1.);
#6603 = LINE('',#6604,#6605);
#6604 = CARTESIAN_POINT('',(-34.,30.,5.7));
#6605 = VECTOR('',#6606,1.);
#6606 = DIRECTION('',(0.,0.,1.));
#6607 = PCURVE('',#3281,#6608);
#6608 = DEFINITIONAL_REPRESENTATION('',(#6609),#6612);
#6609 = B_SPLINE_CURVE_WITH_KNOTS('',1,(#6610,#6611),.UNSPECIFIED.,.F.,
  .F.,(2,2),(3.3,26.3),.PIECEWISE_BEZIER_KNOTS.);
#6610 = CARTESIAN_POINT('',(0.,2.9));
#6611 = CARTESIAN_POINT('',(23.,2.9));
#6612 = ( GEOMETRIC_REPRESENTATION_CONTEXT(2) 
PARAMETRIC_REPRESENTATION_CONTEXT() REPRESENTATION_CONTEXT('2D SPACE',''
  ) );
#6613 = PCURVE('',#4154,#6614);
#6614 = DEFINITIONAL_REPRESENTATION('',(#6615),#6618);
#6615 = B_SPLINE_CURVE_WITH_KNOTS('',1,(#6616,#6617),.UNSPECIFIED.,.F.,
  .F.,(2,2),(3.3,26.3),.PIECEWISE_BEZIER_KNOTS.);
#6616 = CARTESIAN_POINT('',(6.6,-74.));
#6617 = CARTESIAN_POINT('',(29.6,-74.));
#6618 = ( GEOMETRIC_REPRESENTATION_CONTEXT(2) 
PARAMETRIC_REPRESENTATION_CONTEXT() REPRESENTATION_CONTEXT('2D SPACE',''
  ) );
#6619 = ADVANCED_FACE('',(#6620),#3255,.T.);
#6620 = FACE_BOUND('',#6621,.T.);
#6621 = EDGE_LOOP('',(#6622,#6623,#6624,#6645,#6673,#6701));
#6622 = ORIENTED_EDGE('',*,*,#3240,.F.);
#6623 = ORIENTED_EDGE('',*,*,#6531,.F.);
#6624 = ORIENTED_EDGE('',*,*,#6625,.T.);
#6625 = EDGE_CURVE('',#6532,#6626,#6628,.T.);
#6626 = VERTEX_POINT('',#6627);
#6627 = CARTESIAN_POINT('',(-36.9,28.4,15.5));
#6628 = SURFACE_CURVE('',#6629,(#6633,#6639),.PCURVE_S1.);
#6629 = LINE('',#6630,#6631);
#6630 = CARTESIAN_POINT('',(-36.9,-0.2,15.5));
#6631 = VECTOR('',#6632,1.);
#6632 = DIRECTION('',(0.,-1.,-0.));
#6633 = PCURVE('',#3255,#6634);
#6634 = DEFINITIONAL_REPRESENTATION('',(#6635),#6638);
#6635 = B_SPLINE_CURVE_WITH_KNOTS('',1,(#6636,#6637),.UNSPECIFIED.,.F.,
  .F.,(2,2),(-30.2,-28.6),.PIECEWISE_BEZIER_KNOTS.);
#6636 = CARTESIAN_POINT('',(1.131370849898,0.4));
#6637 = CARTESIAN_POINT('',(1.131370849898,-1.2));
#6638 = ( GEOMETRIC_REPRESENTATION_CONTEXT(2) 
PARAMETRIC_REPRESENTATION_CONTEXT() REPRESENTATION_CONTEXT('2D SPACE',''
  ) );
#6639 = PCURVE('',#6568,#6640);
#6640 = DEFINITIONAL_REPRESENTATION('',(#6641),#6644);
#6641 = B_SPLINE_CURVE_WITH_KNOTS('',1,(#6642,#6643),.UNSPECIFIED.,.F.,
  .F.,(2,2),(-30.2,-28.6),.PIECEWISE_BEZIER_KNOTS.);
#6642 = CARTESIAN_POINT('',(6.5,-60.));
#6643 = CARTESIAN_POINT('',(6.5,-58.4));
#6644 = ( GEOMETRIC_REPRESENTATION_CONTEXT(2) 
PARAMETRIC_REPRESENTATION_CONTEXT() REPRESENTATION_CONTEXT('2D SPACE',''
  ) );
#6645 = ORIENTED_EDGE('',*,*,#6646,.T.);
#6646 = EDGE_CURVE('',#6626,#6647,#6649,.T.);
#6647 = VERTEX_POINT('',#6648);
#6648 = CARTESIAN_POINT('',(-48.4,28.4,27.));
#6649 = SURFACE_CURVE('',#6650,(#6654,#6661),.PCURVE_S1.);
#6650 = LINE('',#6651,#6652);
#6651 = CARTESIAN_POINT('',(-36.1,28.4,14.7));
#6652 = VECTOR('',#6653,1.);
#6653 = DIRECTION('',(-0.707106781187,0.,0.707106781187));
#6654 = PCURVE('',#3255,#6655);
#6655 = DEFINITIONAL_REPRESENTATION('',(#6656),#6660);
#6656 = LINE('',#6657,#6658);
#6657 = CARTESIAN_POINT('',(0.,-1.2));
#6658 = VECTOR('',#6659,1.);
#6659 = DIRECTION('',(1.,0.));
#6660 = ( GEOMETRIC_REPRESENTATION_CONTEXT(2) 
PARAMETRIC_REPRESENTATION_CONTEXT() REPRESENTATION_CONTEXT('2D SPACE',''
  ) );
#6661 = PCURVE('',#6662,#6667);
#6662 = PLANE('',#6663);
#6663 = AXIS2_PLACEMENT_3D('',#6664,#6665,#6666);
#6664 = CARTESIAN_POINT('',(-48.4,28.4,27.));
#6665 = DIRECTION('',(-0.,1.,0.));
#6666 = DIRECTION('',(0.,0.,1.));
#6667 = DEFINITIONAL_REPRESENTATION('',(#6668),#6672);
#6668 = LINE('',#6669,#6670);
#6669 = CARTESIAN_POINT('',(-12.3,12.3));
#6670 = VECTOR('',#6671,1.);
#6671 = DIRECTION('',(0.707106781187,-0.707106781187));
#6672 = ( GEOMETRIC_REPRESENTATION_CONTEXT(2) 
PARAMETRIC_REPRESENTATION_CONTEXT() REPRESENTATION_CONTEXT('2D SPACE',''
  ) );
#6673 = ORIENTED_EDGE('',*,*,#6674,.T.);
#6674 = EDGE_CURVE('',#6647,#6675,#6677,.T.);
#6675 = VERTEX_POINT('',#6676);
#6676 = CARTESIAN_POINT('',(-48.4,30.8,27.));
#6677 = SURFACE_CURVE('',#6678,(#6682,#6689),.PCURVE_S1.);
#6678 = LINE('',#6679,#6680);
#6679 = CARTESIAN_POINT('',(-48.4,28.4,27.));
#6680 = VECTOR('',#6681,1.);
#6681 = DIRECTION('',(-0.,1.,0.));
#6682 = PCURVE('',#3255,#6683);
#6683 = DEFINITIONAL_REPRESENTATION('',(#6684),#6688);
#6684 = LINE('',#6685,#6686);
#6685 = CARTESIAN_POINT('',(17.394826817189,-1.2));
#6686 = VECTOR('',#6687,1.);
#6687 = DIRECTION('',(0.,1.));
#6688 = ( GEOMETRIC_REPRESENTATION_CONTEXT(2) 
PARAMETRIC_REPRESENTATION_CONTEXT() REPRESENTATION_CONTEXT('2D SPACE',''
  ) );
#6689 = PCURVE('',#6690,#6695);
#6690 = PLANE('',#6691);
#6691 = AXIS2_PLACEMENT_3D('',#6692,#6693,#6694);
#6692 = CARTESIAN_POINT('',(-48.4,28.4,27.));
#6693 = DIRECTION('',(1.,0.,-0.));
#6694 = DIRECTION('',(0.,0.,1.));
#6695 = DEFINITIONAL_REPRESENTATION('',(#6696),#6700);
#6696 = LINE('',#6697,#6698);
#6697 = CARTESIAN_POINT('',(0.,0.));
#6698 = VECTOR('',#6699,1.);
#6699 = DIRECTION('',(0.,-1.));
#6700 = ( GEOMETRIC_REPRESENTATION_CONTEXT(2) 
PARAMETRIC_REPRESENTATION_CONTEXT() REPRESENTATION_CONTEXT('2D SPACE',''
  ) );
#6701 = ORIENTED_EDGE('',*,*,#6702,.F.);
#6702 = EDGE_CURVE('',#3215,#6675,#6703,.T.);
#6703 = SURFACE_CURVE('',#6704,(#6708,#6715),.PCURVE_S1.);
#6704 = LINE('',#6705,#6706);
#6705 = CARTESIAN_POINT('',(-36.1,30.8,14.7));
#6706 = VECTOR('',#6707,1.);
#6707 = DIRECTION('',(-0.707106781187,0.,0.707106781187));
#6708 = PCURVE('',#3255,#6709);
#6709 = DEFINITIONAL_REPRESENTATION('',(#6710),#6714);
#6710 = LINE('',#6711,#6712);
#6711 = CARTESIAN_POINT('',(0.,1.2));
#6712 = VECTOR('',#6713,1.);
#6713 = DIRECTION('',(1.,0.));
#6714 = ( GEOMETRIC_REPRESENTATION_CONTEXT(2) 
PARAMETRIC_REPRESENTATION_CONTEXT() REPRESENTATION_CONTEXT('2D SPACE',''
  ) );
#6715 = PCURVE('',#3229,#6716);
#6716 = DEFINITIONAL_REPRESENTATION('',(#6717),#6721);
#6717 = LINE('',#6718,#6719);
#6718 = CARTESIAN_POINT('',(-4.348706704297,-7.951293295703));
#6719 = VECTOR('',#6720,1.);
#6720 = DIRECTION('',(0.707106781187,0.707106781187));
#6721 = ( GEOMETRIC_REPRESENTATION_CONTEXT(2) 
PARAMETRIC_REPRESENTATION_CONTEXT() REPRESENTATION_CONTEXT('2D SPACE',''
  ) );
#6722 = ADVANCED_FACE('',(#6723),#3229,.T.);
#6723 = FACE_BOUND('',#6724,.T.);
#6724 = EDGE_LOOP('',(#6725,#6726,#6727));
#6725 = ORIENTED_EDGE('',*,*,#3214,.F.);
#6726 = ORIENTED_EDGE('',*,*,#6702,.T.);
#6727 = ORIENTED_EDGE('',*,*,#6728,.T.);
#6728 = EDGE_CURVE('',#6675,#3189,#6729,.T.);
#6729 = SURFACE_CURVE('',#6730,(#6734,#6741),.PCURVE_S1.);
#6730 = LINE('',#6731,#6732);
#6731 = CARTESIAN_POINT('',(-48.4,30.8,27.));
#6732 = VECTOR('',#6733,1.);
#6733 = DIRECTION('',(1.,0.,0.));
#6734 = PCURVE('',#3229,#6735);
#6735 = DEFINITIONAL_REPRESENTATION('',(#6736),#6740);
#6736 = LINE('',#6737,#6738);
#6737 = CARTESIAN_POINT('',(7.951293295703,4.348706704297));
#6738 = VECTOR('',#6739,1.);
#6739 = DIRECTION('',(-1.,0.));
#6740 = ( GEOMETRIC_REPRESENTATION_CONTEXT(2) 
PARAMETRIC_REPRESENTATION_CONTEXT() REPRESENTATION_CONTEXT('2D SPACE',''
  ) );
#6741 = PCURVE('',#3203,#6742);
#6742 = DEFINITIONAL_REPRESENTATION('',(#6743),#6747);
#6743 = LINE('',#6744,#6745);
#6744 = CARTESIAN_POINT('',(0.,2.4));
#6745 = VECTOR('',#6746,1.);
#6746 = DIRECTION('',(1.,0.));
#6747 = ( GEOMETRIC_REPRESENTATION_CONTEXT(2) 
PARAMETRIC_REPRESENTATION_CONTEXT() REPRESENTATION_CONTEXT('2D SPACE',''
  ) );
#6748 = ADVANCED_FACE('',(#6749,#6797),#3203,.F.);
#6749 = FACE_BOUND('',#6750,.F.);
#6750 = EDGE_LOOP('',(#6751,#6774,#6795,#6796));
#6751 = ORIENTED_EDGE('',*,*,#6752,.F.);
#6752 = EDGE_CURVE('',#6753,#3163,#6755,.T.);
#6753 = VERTEX_POINT('',#6754);
#6754 = CARTESIAN_POINT('',(-48.4,40.,27.));
#6755 = SURFACE_CURVE('',#6756,(#6760,#6767),.PCURVE_S1.);
#6756 = LINE('',#6757,#6758);
#6757 = CARTESIAN_POINT('',(-48.4,40.,27.));
#6758 = VECTOR('',#6759,1.);
#6759 = DIRECTION('',(1.,0.,0.));
#6760 = PCURVE('',#3203,#6761);
#6761 = DEFINITIONAL_REPRESENTATION('',(#6762),#6766);
#6762 = LINE('',#6763,#6764);
#6763 = CARTESIAN_POINT('',(0.,11.6));
#6764 = VECTOR('',#6765,1.);
#6765 = DIRECTION('',(1.,0.));
#6766 = ( GEOMETRIC_REPRESENTATION_CONTEXT(2) 
PARAMETRIC_REPRESENTATION_CONTEXT() REPRESENTATION_CONTEXT('2D SPACE',''
  ) );
#6767 = PCURVE('',#3177,#6768);
#6768 = DEFINITIONAL_REPRESENTATION('',(#6769),#6773);
#6769 = LINE('',#6770,#6771);
#6770 = CARTESIAN_POINT('',(7.951293295703,4.348706704297));
#6771 = VECTOR('',#6772,1.);
#6772 = DIRECTION('',(-1.,0.));
#6773 = ( GEOMETRIC_REPRESENTATION_CONTEXT(2) 
PARAMETRIC_REPRESENTATION_CONTEXT() REPRESENTATION_CONTEXT('2D SPACE',''
  ) );
#6774 = ORIENTED_EDGE('',*,*,#6775,.F.);
#6775 = EDGE_CURVE('',#6675,#6753,#6776,.T.);
#6776 = SURFACE_CURVE('',#6777,(#6781,#6788),.PCURVE_S1.);
#6777 = LINE('',#6778,#6779);
#6778 = CARTESIAN_POINT('',(-48.4,28.4,27.));
#6779 = VECTOR('',#6780,1.);
#6780 = DIRECTION('',(-0.,1.,0.));
#6781 = PCURVE('',#3203,#6782);
#6782 = DEFINITIONAL_REPRESENTATION('',(#6783),#6787);
#6783 = LINE('',#6784,#6785);
#6784 = CARTESIAN_POINT('',(0.,0.));
#6785 = VECTOR('',#6786,1.);
#6786 = DIRECTION('',(0.,1.));
#6787 = ( GEOMETRIC_REPRESENTATION_CONTEXT(2) 
PARAMETRIC_REPRESENTATION_CONTEXT() REPRESENTATION_CONTEXT('2D SPACE',''
  ) );
#6788 = PCURVE('',#6690,#6789);
#6789 = DEFINITIONAL_REPRESENTATION('',(#6790),#6794);
#6790 = LINE('',#6791,#6792);
#6791 = CARTESIAN_POINT('',(0.,0.));
#6792 = VECTOR('',#6793,1.);
#6793 = DIRECTION('',(0.,-1.));
#6794 = ( GEOMETRIC_REPRESENTATION_CONTEXT(2) 
PARAMETRIC_REPRESENTATION_CONTEXT() REPRESENTATION_CONTEXT('2D SPACE',''
  ) );
#6795 = ORIENTED_EDGE('',*,*,#6728,.T.);
#6796 = ORIENTED_EDGE('',*,*,#3188,.F.);
#6797 = FACE_BOUND('',#6798,.F.);
#6798 = EDGE_LOOP('',(#6799));
#6799 = ORIENTED_EDGE('',*,*,#6800,.F.);
#6800 = EDGE_CURVE('',#6801,#6801,#6803,.T.);
#6801 = VERTEX_POINT('',#6802);
#6802 = CARTESIAN_POINT('',(-40.7,35.4,27.));
#6803 = SURFACE_CURVE('',#6804,(#6809,#6816),.PCURVE_S1.);
#6804 = CIRCLE('',#6805,1.7);
#6805 = AXIS2_PLACEMENT_3D('',#6806,#6807,#6808);
#6806 = CARTESIAN_POINT('',(-42.4,35.4,27.));
#6807 = DIRECTION('',(0.,0.,1.));
#6808 = DIRECTION('',(1.,0.,-0.));
#6809 = PCURVE('',#3203,#6810);
#6810 = DEFINITIONAL_REPRESENTATION('',(#6811),#6815);
#6811 = CIRCLE('',#6812,1.7);
#6812 = AXIS2_PLACEMENT_2D('',#6813,#6814);
#6813 = CARTESIAN_POINT('',(6.,7.));
#6814 = DIRECTION('',(1.,0.));
#6815 = ( GEOMETRIC_REPRESENTATION_CONTEXT(2) 
PARAMETRIC_REPRESENTATION_CONTEXT() REPRESENTATION_CONTEXT('2D SPACE',''
  ) );
#6816 = PCURVE('',#6817,#6822);
#6817 = CYLINDRICAL_SURFACE('',#6818,1.7);
#6818 = AXIS2_PLACEMENT_3D('',#6819,#6820,#6821);
#6819 = CARTESIAN_POINT('',(-42.4,35.4,26.5));
#6820 = DIRECTION('',(0.,0.,1.));
#6821 = DIRECTION('',(1.,0.,-0.));
#6822 = DEFINITIONAL_REPRESENTATION('',(#6823),#6827);
#6823 = LINE('',#6824,#6825);
#6824 = CARTESIAN_POINT('',(0.,0.5));
#6825 = VECTOR('',#6826,1.);
#6826 = DIRECTION('',(1.,0.));
#6827 = ( GEOMETRIC_REPRESENTATION_CONTEXT(2) 
PARAMETRIC_REPRESENTATION_CONTEXT() REPRESENTATION_CONTEXT('2D SPACE',''
  ) );
#6828 = ADVANCED_FACE('',(#6829),#3177,.F.);
#6829 = FACE_BOUND('',#6830,.F.);
#6830 = EDGE_LOOP('',(#6831,#6832,#6853));
#6831 = ORIENTED_EDGE('',*,*,#3162,.F.);
#6832 = ORIENTED_EDGE('',*,*,#6833,.T.);
#6833 = EDGE_CURVE('',#3137,#6753,#6834,.T.);
#6834 = SURFACE_CURVE('',#6835,(#6839,#6846),.PCURVE_S1.);
#6835 = LINE('',#6836,#6837);
#6836 = CARTESIAN_POINT('',(-36.1,40.,14.7));
#6837 = VECTOR('',#6838,1.);
#6838 = DIRECTION('',(-0.707106781187,0.,0.707106781187));
#6839 = PCURVE('',#3177,#6840);
#6840 = DEFINITIONAL_REPRESENTATION('',(#6841),#6845);
#6841 = LINE('',#6842,#6843);
#6842 = CARTESIAN_POINT('',(-4.348706704297,-7.951293295703));
#6843 = VECTOR('',#6844,1.);
#6844 = DIRECTION('',(0.707106781187,0.707106781187));
#6845 = ( GEOMETRIC_REPRESENTATION_CONTEXT(2) 
PARAMETRIC_REPRESENTATION_CONTEXT() REPRESENTATION_CONTEXT('2D SPACE',''
  ) );
#6846 = PCURVE('',#3151,#6847);
#6847 = DEFINITIONAL_REPRESENTATION('',(#6848),#6852);
#6848 = LINE('',#6849,#6850);
#6849 = CARTESIAN_POINT('',(0.,-1.2));
#6850 = VECTOR('',#6851,1.);
#6851 = DIRECTION('',(1.,0.));
#6852 = ( GEOMETRIC_REPRESENTATION_CONTEXT(2) 
PARAMETRIC_REPRESENTATION_CONTEXT() REPRESENTATION_CONTEXT('2D SPACE',''
  ) );
#6853 = ORIENTED_EDGE('',*,*,#6752,.T.);
#6854 = ADVANCED_FACE('',(#6855),#3151,.T.);
#6855 = FACE_BOUND('',#6856,.T.);
#6856 = EDGE_LOOP('',(#6857,#6858,#6859,#6882));
#6857 = ORIENTED_EDGE('',*,*,#3136,.F.);
#6858 = ORIENTED_EDGE('',*,*,#6833,.T.);
#6859 = ORIENTED_EDGE('',*,*,#6860,.T.);
#6860 = EDGE_CURVE('',#6753,#6861,#6863,.T.);
#6861 = VERTEX_POINT('',#6862);
#6862 = CARTESIAN_POINT('',(-48.4,42.4,27.));
#6863 = SURFACE_CURVE('',#6864,(#6868,#6875),.PCURVE_S1.);
#6864 = LINE('',#6865,#6866);
#6865 = CARTESIAN_POINT('',(-48.4,28.4,27.));
#6866 = VECTOR('',#6867,1.);
#6867 = DIRECTION('',(-0.,1.,0.));
#6868 = PCURVE('',#3151,#6869);
#6869 = DEFINITIONAL_REPRESENTATION('',(#6870),#6874);
#6870 = LINE('',#6871,#6872);
#6871 = CARTESIAN_POINT('',(17.394826817189,-12.8));
#6872 = VECTOR('',#6873,1.);
#6873 = DIRECTION('',(0.,1.));
#6874 = ( GEOMETRIC_REPRESENTATION_CONTEXT(2) 
PARAMETRIC_REPRESENTATION_CONTEXT() REPRESENTATION_CONTEXT('2D SPACE',''
  ) );
#6875 = PCURVE('',#6690,#6876);
#6876 = DEFINITIONAL_REPRESENTATION('',(#6877),#6881);
#6877 = LINE('',#6878,#6879);
#6878 = CARTESIAN_POINT('',(0.,0.));
#6879 = VECTOR('',#6880,1.);
#6880 = DIRECTION('',(0.,-1.));
#6881 = ( GEOMETRIC_REPRESENTATION_CONTEXT(2) 
PARAMETRIC_REPRESENTATION_CONTEXT() REPRESENTATION_CONTEXT('2D SPACE',''
  ) );
#6882 = ORIENTED_EDGE('',*,*,#6883,.F.);
#6883 = EDGE_CURVE('',#3109,#6861,#6884,.T.);
#6884 = SURFACE_CURVE('',#6885,(#6889,#6896),.PCURVE_S1.);
#6885 = LINE('',#6886,#6887);
#6886 = CARTESIAN_POINT('',(-36.1,42.4,14.7));
#6887 = VECTOR('',#6888,1.);
#6888 = DIRECTION('',(-0.707106781187,0.,0.707106781187));
#6889 = PCURVE('',#3151,#6890);
#6890 = DEFINITIONAL_REPRESENTATION('',(#6891),#6895);
#6891 = LINE('',#6892,#6893);
#6892 = CARTESIAN_POINT('',(0.,1.2));
#6893 = VECTOR('',#6894,1.);
#6894 = DIRECTION('',(1.,0.));
#6895 = ( GEOMETRIC_REPRESENTATION_CONTEXT(2) 
PARAMETRIC_REPRESENTATION_CONTEXT() REPRESENTATION_CONTEXT('2D SPACE',''
  ) );
#6896 = PCURVE('',#3124,#6897);
#6897 = DEFINITIONAL_REPRESENTATION('',(#6898),#6902);
#6898 = LINE('',#6899,#6900);
#6899 = CARTESIAN_POINT('',(-4.348706704297,-7.951293295703));
#6900 = VECTOR('',#6901,1.);
#6901 = DIRECTION('',(0.707106781187,0.707106781187));
#6902 = ( GEOMETRIC_REPRESENTATION_CONTEXT(2) 
PARAMETRIC_REPRESENTATION_CONTEXT() REPRESENTATION_CONTEXT('2D SPACE',''
  ) );
#6903 = ADVANCED_FACE('',(#6904),#3124,.T.);
#6904 = FACE_BOUND('',#6905,.T.);
#6905 = EDGE_LOOP('',(#6906,#6907,#6908,#6931));
#6906 = ORIENTED_EDGE('',*,*,#3108,.F.);
#6907 = ORIENTED_EDGE('',*,*,#6883,.T.);
#6908 = ORIENTED_EDGE('',*,*,#6909,.T.);
#6909 = EDGE_CURVE('',#6861,#6910,#6912,.T.);
#6910 = VERTEX_POINT('',#6911);
#6911 = CARTESIAN_POINT('',(-48.4,42.4,32.));
#6912 = SURFACE_CURVE('',#6913,(#6917,#6924),.PCURVE_S1.);
#6913 = LINE('',#6914,#6915);
#6914 = CARTESIAN_POINT('',(-48.4,42.4,27.));
#6915 = VECTOR('',#6916,1.);
#6916 = DIRECTION('',(0.,0.,1.));
#6917 = PCURVE('',#3124,#6918);
#6918 = DEFINITIONAL_REPRESENTATION('',(#6919),#6923);
#6919 = LINE('',#6920,#6921);
#6920 = CARTESIAN_POINT('',(7.951293295703,4.348706704297));
#6921 = VECTOR('',#6922,1.);
#6922 = DIRECTION('',(0.,1.));
#6923 = ( GEOMETRIC_REPRESENTATION_CONTEXT(2) 
PARAMETRIC_REPRESENTATION_CONTEXT() REPRESENTATION_CONTEXT('2D SPACE',''
  ) );
#6924 = PCURVE('',#6690,#6925);
#6925 = DEFINITIONAL_REPRESENTATION('',(#6926),#6930);
#6926 = LINE('',#6927,#6928);
#6927 = CARTESIAN_POINT('',(0.,-14.));
#6928 = VECTOR('',#6929,1.);
#6929 = DIRECTION('',(1.,0.));
#6930 = ( GEOMETRIC_REPRESENTATION_CONTEXT(2) 
PARAMETRIC_REPRESENTATION_CONTEXT() REPRESENTATION_CONTEXT('2D SPACE',''
  ) );
#6931 = ORIENTED_EDGE('',*,*,#6932,.T.);
#6932 = EDGE_CURVE('',#6910,#3081,#6933,.T.);
#6933 = SURFACE_CURVE('',#6934,(#6938,#6945),.PCURVE_S1.);
#6934 = LINE('',#6935,#6936);
#6935 = CARTESIAN_POINT('',(-48.4,42.4,32.));
#6936 = VECTOR('',#6937,1.);
#6937 = DIRECTION('',(1.,0.,-0.));
#6938 = PCURVE('',#3124,#6939);
#6939 = DEFINITIONAL_REPRESENTATION('',(#6940),#6944);
#6940 = LINE('',#6941,#6942);
#6941 = CARTESIAN_POINT('',(7.951293295703,9.348706704297));
#6942 = VECTOR('',#6943,1.);
#6943 = DIRECTION('',(-1.,0.));
#6944 = ( GEOMETRIC_REPRESENTATION_CONTEXT(2) 
PARAMETRIC_REPRESENTATION_CONTEXT() REPRESENTATION_CONTEXT('2D SPACE',''
  ) );
#6945 = PCURVE('',#3096,#6946);
#6946 = DEFINITIONAL_REPRESENTATION('',(#6947),#6951);
#6947 = LINE('',#6948,#6949);
#6948 = CARTESIAN_POINT('',(-12.,88.8));
#6949 = VECTOR('',#6950,1.);
#6950 = DIRECTION('',(1.,0.));
#6951 = ( GEOMETRIC_REPRESENTATION_CONTEXT(2) 
PARAMETRIC_REPRESENTATION_CONTEXT() REPRESENTATION_CONTEXT('2D SPACE',''
  ) );
#6952 = ADVANCED_FACE('',(#6953,#7166,#7192,#7223),#3096,.T.);
#6953 = FACE_BOUND('',#6954,.T.);
#6954 = EDGE_LOOP('',(#6955,#6979,#7005,#7028,#7054,#7055,#7056,#7079,
    #7102,#7121,#7122,#7144));
#6955 = ORIENTED_EDGE('',*,*,#6956,.F.);
#6956 = EDGE_CURVE('',#6957,#6959,#6961,.T.);
#6957 = VERTEX_POINT('',#6958);
#6958 = CARTESIAN_POINT('',(-12.,44.,32.));
#6959 = VERTEX_POINT('',#6960);
#6960 = CARTESIAN_POINT('',(-28.16696972201,44.,32.));
#6961 = SURFACE_CURVE('',#6962,(#6966,#6973),.PCURVE_S1.);
#6962 = LINE('',#6963,#6964);
#6963 = CARTESIAN_POINT('',(-35.2,44.,32.));
#6964 = VECTOR('',#6965,1.);
#6965 = DIRECTION('',(-1.,-0.,0.));
#6966 = PCURVE('',#3096,#6967);
#6967 = DEFINITIONAL_REPRESENTATION('',(#6968),#6972);
#6968 = LINE('',#6969,#6970);
#6969 = CARTESIAN_POINT('',(1.2,90.4));
#6970 = VECTOR('',#6971,1.);
#6971 = DIRECTION('',(-1.,0.));
#6972 = ( GEOMETRIC_REPRESENTATION_CONTEXT(2) 
PARAMETRIC_REPRESENTATION_CONTEXT() REPRESENTATION_CONTEXT('2D SPACE',''
  ) );
#6973 = PCURVE('',#4093,#6974);
#6974 = DEFINITIONAL_REPRESENTATION('',(#6975),#6978);
#6975 = B_SPLINE_CURVE_WITH_KNOTS('',1,(#6976,#6977),.UNSPECIFIED.,.F.,
  .F.,(2,2),(-69.2,-1.2),.PIECEWISE_BEZIER_KNOTS.);
#6976 = CARTESIAN_POINT('',(29.6,68.));
#6977 = CARTESIAN_POINT('',(29.6,0.));
#6978 = ( GEOMETRIC_REPRESENTATION_CONTEXT(2) 
PARAMETRIC_REPRESENTATION_CONTEXT() REPRESENTATION_CONTEXT('2D SPACE',''
  ) );
#6979 = ORIENTED_EDGE('',*,*,#6980,.T.);
#6980 = EDGE_CURVE('',#6957,#6981,#6983,.T.);
#6981 = VERTEX_POINT('',#6982);
#6982 = CARTESIAN_POINT('',(-12.,46.4,32.));
#6983 = SURFACE_CURVE('',#6984,(#6988,#6994),.PCURVE_S1.);
#6984 = LINE('',#6985,#6986);
#6985 = CARTESIAN_POINT('',(-12.,-1.45,32.));
#6986 = VECTOR('',#6987,1.);
#6987 = DIRECTION('',(-0.,1.,0.));
#6988 = PCURVE('',#3096,#6989);
#6989 = DEFINITIONAL_REPRESENTATION('',(#6990),#6993);
#6990 = B_SPLINE_CURVE_WITH_KNOTS('',1,(#6991,#6992),.UNSPECIFIED.,.F.,
  .F.,(2,2),(44.95,47.85),.PIECEWISE_BEZIER_KNOTS.);
#6991 = CARTESIAN_POINT('',(24.4,89.9));
#6992 = CARTESIAN_POINT('',(24.4,92.8));
#6993 = ( GEOMETRIC_REPRESENTATION_CONTEXT(2) 
PARAMETRIC_REPRESENTATION_CONTEXT() REPRESENTATION_CONTEXT('2D SPACE',''
  ) );
#6994 = PCURVE('',#6995,#7000);
#6995 = PLANE('',#6996);
#6996 = AXIS2_PLACEMENT_3D('',#6997,#6998,#6999);
#6997 = CARTESIAN_POINT('',(-12.,43.5,16.));
#6998 = DIRECTION('',(1.,0.,-0.));
#6999 = DIRECTION('',(0.,0.,1.));
#7000 = DEFINITIONAL_REPRESENTATION('',(#7001),#7004);
#7001 = B_SPLINE_CURVE_WITH_KNOTS('',1,(#7002,#7003),.UNSPECIFIED.,.F.,
  .F.,(2,2),(44.95,47.85),.PIECEWISE_BEZIER_KNOTS.);
#7002 = CARTESIAN_POINT('',(16.,0.));
#7003 = CARTESIAN_POINT('',(16.,-2.9));
#7004 = ( GEOMETRIC_REPRESENTATION_CONTEXT(2) 
PARAMETRIC_REPRESENTATION_CONTEXT() REPRESENTATION_CONTEXT('2D SPACE',''
  ) );
#7005 = ORIENTED_EDGE('',*,*,#7006,.F.);
#7006 = EDGE_CURVE('',#7007,#6981,#7009,.T.);
#7007 = VERTEX_POINT('',#7008);
#7008 = CARTESIAN_POINT('',(-33.4,46.4,32.));
#7009 = SURFACE_CURVE('',#7010,(#7014,#7021),.PCURVE_S1.);
#7010 = LINE('',#7011,#7012);
#7011 = CARTESIAN_POINT('',(-36.4,46.4,32.));
#7012 = VECTOR('',#7013,1.);
#7013 = DIRECTION('',(1.,0.,-0.));
#7014 = PCURVE('',#3096,#7015);
#7015 = DEFINITIONAL_REPRESENTATION('',(#7016),#7020);
#7016 = LINE('',#7017,#7018);
#7017 = CARTESIAN_POINT('',(0.,92.8));
#7018 = VECTOR('',#7019,1.);
#7019 = DIRECTION('',(1.,0.));
#7020 = ( GEOMETRIC_REPRESENTATION_CONTEXT(2) 
PARAMETRIC_REPRESENTATION_CONTEXT() REPRESENTATION_CONTEXT('2D SPACE',''
  ) );
#7021 = PCURVE('',#5149,#7022);
#7022 = DEFINITIONAL_REPRESENTATION('',(#7023),#7027);
#7023 = LINE('',#7024,#7025);
#7024 = CARTESIAN_POINT('',(32.,0.));
#7025 = VECTOR('',#7026,1.);
#7026 = DIRECTION('',(0.,1.));
#7027 = ( GEOMETRIC_REPRESENTATION_CONTEXT(2) 
PARAMETRIC_REPRESENTATION_CONTEXT() REPRESENTATION_CONTEXT('2D SPACE',''
  ) );
#7028 = ORIENTED_EDGE('',*,*,#7029,.F.);
#7029 = EDGE_CURVE('',#3053,#7007,#7030,.T.);
#7030 = SURFACE_CURVE('',#7031,(#7036,#7047),.PCURVE_S1.);
#7031 = CIRCLE('',#7032,3.);
#7032 = AXIS2_PLACEMENT_3D('',#7033,#7034,#7035);
#7033 = CARTESIAN_POINT('',(-33.4,43.4,32.));
#7034 = DIRECTION('',(-0.,-0.,-1.));
#7035 = DIRECTION('',(0.,-1.,0.));
#7036 = PCURVE('',#3096,#7037);
#7037 = DEFINITIONAL_REPRESENTATION('',(#7038),#7046);
#7038 = ( BOUNDED_CURVE() B_SPLINE_CURVE(2,(#7039,#7040,#7041,#7042,
#7043,#7044,#7045),.UNSPECIFIED.,.T.,.F.) B_SPLINE_CURVE_WITH_KNOTS((1,2
    ,2,2,2,1),(-2.094395102393,0.,2.094395102393,4.188790204786,
6.28318530718,8.377580409573),.UNSPECIFIED.) CURVE() 
GEOMETRIC_REPRESENTATION_ITEM() RATIONAL_B_SPLINE_CURVE((1.,0.5,1.,0.5,
1.,0.5,1.)) REPRESENTATION_ITEM('') );
#7039 = CARTESIAN_POINT('',(3.,86.8));
#7040 = CARTESIAN_POINT('',(-2.196152422707,86.8));
#7041 = CARTESIAN_POINT('',(0.401923788647,91.3));
#7042 = CARTESIAN_POINT('',(3.,95.8));
#7043 = CARTESIAN_POINT('',(5.598076211353,91.3));
#7044 = CARTESIAN_POINT('',(8.196152422707,86.8));
#7045 = CARTESIAN_POINT('',(3.,86.8));
#7046 = ( GEOMETRIC_REPRESENTATION_CONTEXT(2) 
PARAMETRIC_REPRESENTATION_CONTEXT() REPRESENTATION_CONTEXT('2D SPACE',''
  ) );
#7047 = PCURVE('',#3068,#7048);
#7048 = DEFINITIONAL_REPRESENTATION('',(#7049),#7053);
#7049 = LINE('',#7050,#7051);
#7050 = CARTESIAN_POINT('',(1.570796326795,32.));
#7051 = VECTOR('',#7052,1.);
#7052 = DIRECTION('',(-1.,0.));
#7053 = ( GEOMETRIC_REPRESENTATION_CONTEXT(2) 
PARAMETRIC_REPRESENTATION_CONTEXT() REPRESENTATION_CONTEXT('2D SPACE',''
  ) );
#7054 = ORIENTED_EDGE('',*,*,#3080,.F.);
#7055 = ORIENTED_EDGE('',*,*,#6932,.F.);
#7056 = ORIENTED_EDGE('',*,*,#7057,.F.);
#7057 = EDGE_CURVE('',#7058,#6910,#7060,.T.);
#7058 = VERTEX_POINT('',#7059);
#7059 = CARTESIAN_POINT('',(-48.4,28.4,32.));
#7060 = SURFACE_CURVE('',#7061,(#7065,#7072),.PCURVE_S1.);
#7061 = LINE('',#7062,#7063);
#7062 = CARTESIAN_POINT('',(-48.4,28.4,32.));
#7063 = VECTOR('',#7064,1.);
#7064 = DIRECTION('',(-0.,1.,0.));
#7065 = PCURVE('',#3096,#7066);
#7066 = DEFINITIONAL_REPRESENTATION('',(#7067),#7071);
#7067 = LINE('',#7068,#7069);
#7068 = CARTESIAN_POINT('',(-12.,74.8));
#7069 = VECTOR('',#7070,1.);
#7070 = DIRECTION('',(0.,1.));
#7071 = ( GEOMETRIC_REPRESENTATION_CONTEXT(2) 
PARAMETRIC_REPRESENTATION_CONTEXT() REPRESENTATION_CONTEXT('2D SPACE',''
  ) );
#7072 = PCURVE('',#6690,#7073);
#7073 = DEFINITIONAL_REPRESENTATION('',(#7074),#7078);
#7074 = LINE('',#7075,#7076);
#7075 = CARTESIAN_POINT('',(5.,0.));
#7076 = VECTOR('',#7077,1.);
#7077 = DIRECTION('',(0.,-1.));
#7078 = ( GEOMETRIC_REPRESENTATION_CONTEXT(2) 
PARAMETRIC_REPRESENTATION_CONTEXT() REPRESENTATION_CONTEXT('2D SPACE',''
  ) );
#7079 = ORIENTED_EDGE('',*,*,#7080,.T.);
#7080 = EDGE_CURVE('',#7058,#7081,#7083,.T.);
#7081 = VERTEX_POINT('',#7082);
#7082 = CARTESIAN_POINT('',(-36.9,28.4,32.));
#7083 = SURFACE_CURVE('',#7084,(#7088,#7095),.PCURVE_S1.);
#7084 = LINE('',#7085,#7086);
#7085 = CARTESIAN_POINT('',(-48.4,28.4,32.));
#7086 = VECTOR('',#7087,1.);
#7087 = DIRECTION('',(1.,0.,-0.));
#7088 = PCURVE('',#3096,#7089);
#7089 = DEFINITIONAL_REPRESENTATION('',(#7090),#7094);
#7090 = LINE('',#7091,#7092);
#7091 = CARTESIAN_POINT('',(-12.,74.8));
#7092 = VECTOR('',#7093,1.);
#7093 = DIRECTION('',(1.,0.));
#7094 = ( GEOMETRIC_REPRESENTATION_CONTEXT(2) 
PARAMETRIC_REPRESENTATION_CONTEXT() REPRESENTATION_CONTEXT('2D SPACE',''
  ) );
#7095 = PCURVE('',#6662,#7096);
#7096 = DEFINITIONAL_REPRESENTATION('',(#7097),#7101);
#7097 = LINE('',#7098,#7099);
#7098 = CARTESIAN_POINT('',(5.,0.));
#7099 = VECTOR('',#7100,1.);
#7100 = DIRECTION('',(0.,1.));
#7101 = ( GEOMETRIC_REPRESENTATION_CONTEXT(2) 
PARAMETRIC_REPRESENTATION_CONTEXT() REPRESENTATION_CONTEXT('2D SPACE',''
  ) );
#7102 = ORIENTED_EDGE('',*,*,#7103,.T.);
#7103 = EDGE_CURVE('',#7081,#6553,#7104,.T.);
#7104 = SURFACE_CURVE('',#7105,(#7109,#7115),.PCURVE_S1.);
#7105 = LINE('',#7106,#7107);
#7106 = CARTESIAN_POINT('',(-36.9,-38.2,32.));
#7107 = VECTOR('',#7108,1.);
#7108 = DIRECTION('',(-0.,1.,0.));
#7109 = PCURVE('',#3096,#7110);
#7110 = DEFINITIONAL_REPRESENTATION('',(#7111),#7114);
#7111 = B_SPLINE_CURVE_WITH_KNOTS('',1,(#7112,#7113),.UNSPECIFIED.,.F.,
  .F.,(2,2),(8.2,68.2),.PIECEWISE_BEZIER_KNOTS.);
#7112 = CARTESIAN_POINT('',(-0.5,16.4));
#7113 = CARTESIAN_POINT('',(-0.5,76.4));
#7114 = ( GEOMETRIC_REPRESENTATION_CONTEXT(2) 
PARAMETRIC_REPRESENTATION_CONTEXT() REPRESENTATION_CONTEXT('2D SPACE',''
  ) );
#7115 = PCURVE('',#6568,#7116);
#7116 = DEFINITIONAL_REPRESENTATION('',(#7117),#7120);
#7117 = B_SPLINE_CURVE_WITH_KNOTS('',1,(#7118,#7119),.UNSPECIFIED.,.F.,
  .F.,(2,2),(8.2,68.2),.PIECEWISE_BEZIER_KNOTS.);
#7118 = CARTESIAN_POINT('',(23.,0.));
#7119 = CARTESIAN_POINT('',(23.,-60.));
#7120 = ( GEOMETRIC_REPRESENTATION_CONTEXT(2) 
PARAMETRIC_REPRESENTATION_CONTEXT() REPRESENTATION_CONTEXT('2D SPACE',''
  ) );
#7121 = ORIENTED_EDGE('',*,*,#6580,.F.);
#7122 = ORIENTED_EDGE('',*,*,#7123,.T.);
#7123 = EDGE_CURVE('',#6581,#7124,#7126,.T.);
#7124 = VERTEX_POINT('',#7125);
#7125 = CARTESIAN_POINT('',(-34.,38.166969722018,32.));
#7126 = SURFACE_CURVE('',#7127,(#7131,#7138),.PCURVE_S1.);
#7127 = LINE('',#7128,#7129);
#7128 = CARTESIAN_POINT('',(-34.,-45.2,32.));
#7129 = VECTOR('',#7130,1.);
#7130 = DIRECTION('',(-0.,1.,0.));
#7131 = PCURVE('',#3096,#7132);
#7132 = DEFINITIONAL_REPRESENTATION('',(#7133),#7137);
#7133 = LINE('',#7134,#7135);
#7134 = CARTESIAN_POINT('',(2.4,1.2));
#7135 = VECTOR('',#7136,1.);
#7136 = DIRECTION('',(0.,1.));
#7137 = ( GEOMETRIC_REPRESENTATION_CONTEXT(2) 
PARAMETRIC_REPRESENTATION_CONTEXT() REPRESENTATION_CONTEXT('2D SPACE',''
  ) );
#7138 = PCURVE('',#4154,#7139);
#7139 = DEFINITIONAL_REPRESENTATION('',(#7140),#7143);
#7140 = B_SPLINE_CURVE_WITH_KNOTS('',1,(#7141,#7142),.UNSPECIFIED.,.F.,
  .F.,(2,2),(1.2,89.2),.PIECEWISE_BEZIER_KNOTS.);
#7141 = CARTESIAN_POINT('',(29.6,0.));
#7142 = CARTESIAN_POINT('',(29.6,-88.));
#7143 = ( GEOMETRIC_REPRESENTATION_CONTEXT(2) 
PARAMETRIC_REPRESENTATION_CONTEXT() REPRESENTATION_CONTEXT('2D SPACE',''
  ) );
#7144 = ORIENTED_EDGE('',*,*,#7145,.T.);
#7145 = EDGE_CURVE('',#7124,#6959,#7146,.T.);
#7146 = SURFACE_CURVE('',#7147,(#7152,#7159),.PCURVE_S1.);
#7147 = CIRCLE('',#7148,4.4);
#7148 = AXIS2_PLACEMENT_3D('',#7149,#7150,#7151);
#7149 = CARTESIAN_POINT('',(-30.,40.,32.));
#7150 = DIRECTION('',(0.,0.,1.));
#7151 = DIRECTION('',(-0.909090909091,-0.416597790451,0.));
#7152 = PCURVE('',#3096,#7153);
#7153 = DEFINITIONAL_REPRESENTATION('',(#7154),#7158);
#7154 = CIRCLE('',#7155,4.4);
#7155 = AXIS2_PLACEMENT_2D('',#7156,#7157);
#7156 = CARTESIAN_POINT('',(6.4,86.4));
#7157 = DIRECTION('',(-0.909090909091,-0.416597790451));
#7158 = ( GEOMETRIC_REPRESENTATION_CONTEXT(2) 
PARAMETRIC_REPRESENTATION_CONTEXT() REPRESENTATION_CONTEXT('2D SPACE',''
  ) );
#7159 = PCURVE('',#4126,#7160);
#7160 = DEFINITIONAL_REPRESENTATION('',(#7161),#7165);
#7161 = LINE('',#7162,#7163);
#7162 = CARTESIAN_POINT('',(3.571292319741,29.6));
#7163 = VECTOR('',#7164,1.);
#7164 = DIRECTION('',(1.,0.));
#7165 = ( GEOMETRIC_REPRESENTATION_CONTEXT(2) 
PARAMETRIC_REPRESENTATION_CONTEXT() REPRESENTATION_CONTEXT('2D SPACE',''
  ) );
#7166 = FACE_BOUND('',#7167,.T.);
#7167 = EDGE_LOOP('',(#7168));
#7168 = ORIENTED_EDGE('',*,*,#7169,.F.);
#7169 = EDGE_CURVE('',#7170,#7170,#7172,.T.);
#7170 = VERTEX_POINT('',#7171);
#7171 = CARTESIAN_POINT('',(-40.7,35.4,32.));
#7172 = SURFACE_CURVE('',#7173,(#7178,#7185),.PCURVE_S1.);
#7173 = CIRCLE('',#7174,1.7);
#7174 = AXIS2_PLACEMENT_3D('',#7175,#7176,#7177);
#7175 = CARTESIAN_POINT('',(-42.4,35.4,32.));
#7176 = DIRECTION('',(0.,0.,1.));
#7177 = DIRECTION('',(1.,0.,-0.));
#7178 = PCURVE('',#3096,#7179);
#7179 = DEFINITIONAL_REPRESENTATION('',(#7180),#7184);
#7180 = CIRCLE('',#7181,1.7);
#7181 = AXIS2_PLACEMENT_2D('',#7182,#7183);
#7182 = CARTESIAN_POINT('',(-6.,81.8));
#7183 = DIRECTION('',(1.,0.));
#7184 = ( GEOMETRIC_REPRESENTATION_CONTEXT(2) 
PARAMETRIC_REPRESENTATION_CONTEXT() REPRESENTATION_CONTEXT('2D SPACE',''
  ) );
#7185 = PCURVE('',#6817,#7186);
#7186 = DEFINITIONAL_REPRESENTATION('',(#7187),#7191);
#7187 = LINE('',#7188,#7189);
#7188 = CARTESIAN_POINT('',(0.,5.5));
#7189 = VECTOR('',#7190,1.);
#7190 = DIRECTION('',(1.,0.));
#7191 = ( GEOMETRIC_REPRESENTATION_CONTEXT(2) 
PARAMETRIC_REPRESENTATION_CONTEXT() REPRESENTATION_CONTEXT('2D SPACE',''
  ) );
#7192 = FACE_BOUND('',#7193,.T.);
#7193 = EDGE_LOOP('',(#7194));
#7194 = ORIENTED_EDGE('',*,*,#7195,.F.);
#7195 = EDGE_CURVE('',#7196,#7196,#7198,.T.);
#7196 = VERTEX_POINT('',#7197);
#7197 = CARTESIAN_POINT('',(-28.3,40.,32.));
#7198 = SURFACE_CURVE('',#7199,(#7204,#7211),.PCURVE_S1.);
#7199 = CIRCLE('',#7200,1.7);
#7200 = AXIS2_PLACEMENT_3D('',#7201,#7202,#7203);
#7201 = CARTESIAN_POINT('',(-30.,40.,32.));
#7202 = DIRECTION('',(0.,0.,1.));
#7203 = DIRECTION('',(1.,0.,-0.));
#7204 = PCURVE('',#3096,#7205);
#7205 = DEFINITIONAL_REPRESENTATION('',(#7206),#7210);
#7206 = CIRCLE('',#7207,1.7);
#7207 = AXIS2_PLACEMENT_2D('',#7208,#7209);
#7208 = CARTESIAN_POINT('',(6.4,86.4));
#7209 = DIRECTION('',(1.,0.));
#7210 = ( GEOMETRIC_REPRESENTATION_CONTEXT(2) 
PARAMETRIC_REPRESENTATION_CONTEXT() REPRESENTATION_CONTEXT('2D SPACE',''
  ) );
#7211 = PCURVE('',#7212,#7217);
#7212 = CYLINDRICAL_SURFACE('',#7213,1.7);
#7213 = AXIS2_PLACEMENT_3D('',#7214,#7215,#7216);
#7214 = CARTESIAN_POINT('',(-30.,40.,22.));
#7215 = DIRECTION('',(0.,0.,1.));
#7216 = DIRECTION('',(1.,0.,-0.));
#7217 = DEFINITIONAL_REPRESENTATION('',(#7218),#7222);
#7218 = LINE('',#7219,#7220);
#7219 = CARTESIAN_POINT('',(0.,10.));
#7220 = VECTOR('',#7221,1.);
#7221 = DIRECTION('',(1.,0.));
#7222 = ( GEOMETRIC_REPRESENTATION_CONTEXT(2) 
PARAMETRIC_REPRESENTATION_CONTEXT() REPRESENTATION_CONTEXT('2D SPACE',''
  ) );
#7223 = FACE_BOUND('',#7224,.T.);
#7224 = EDGE_LOOP('',(#7225,#7254,#7283));
#7225 = ORIENTED_EDGE('',*,*,#7226,.F.);
#7226 = EDGE_CURVE('',#7227,#7229,#7231,.T.);
#7227 = VERTEX_POINT('',#7228);
#7228 = CARTESIAN_POINT('',(-31.83303027798,44.,32.));
#7229 = VERTEX_POINT('',#7230);
#7230 = CARTESIAN_POINT('',(-34.,44.,32.));
#7231 = SURFACE_CURVE('',#7232,(#7236,#7243),.PCURVE_S1.);
#7232 = LINE('',#7233,#7234);
#7233 = CARTESIAN_POINT('',(-35.2,44.,32.));
#7234 = VECTOR('',#7235,1.);
#7235 = DIRECTION('',(-1.,-0.,0.));
#7236 = PCURVE('',#3096,#7237);
#7237 = DEFINITIONAL_REPRESENTATION('',(#7238),#7242);
#7238 = LINE('',#7239,#7240);
#7239 = CARTESIAN_POINT('',(1.2,90.4));
#7240 = VECTOR('',#7241,1.);
#7241 = DIRECTION('',(-1.,0.));
#7242 = ( GEOMETRIC_REPRESENTATION_CONTEXT(2) 
PARAMETRIC_REPRESENTATION_CONTEXT() REPRESENTATION_CONTEXT('2D SPACE',''
  ) );
#7243 = PCURVE('',#7244,#7249);
#7244 = PLANE('',#7245);
#7245 = AXIS2_PLACEMENT_3D('',#7246,#7247,#7248);
#7246 = CARTESIAN_POINT('',(-34.,44.,2.4));
#7247 = DIRECTION('',(-0.,1.,0.));
#7248 = DIRECTION('',(0.,0.,1.));
#7249 = DEFINITIONAL_REPRESENTATION('',(#7250),#7253);
#7250 = B_SPLINE_CURVE_WITH_KNOTS('',1,(#7251,#7252),.UNSPECIFIED.,.F.,
  .F.,(2,2),(-69.2,-1.2),.PIECEWISE_BEZIER_KNOTS.);
#7251 = CARTESIAN_POINT('',(29.6,68.));
#7252 = CARTESIAN_POINT('',(29.6,0.));
#7253 = ( GEOMETRIC_REPRESENTATION_CONTEXT(2) 
PARAMETRIC_REPRESENTATION_CONTEXT() REPRESENTATION_CONTEXT('2D SPACE',''
  ) );
#7254 = ORIENTED_EDGE('',*,*,#7255,.T.);
#7255 = EDGE_CURVE('',#7227,#7256,#7258,.T.);
#7256 = VERTEX_POINT('',#7257);
#7257 = CARTESIAN_POINT('',(-34.,41.833030277982,32.));
#7258 = SURFACE_CURVE('',#7259,(#7264,#7271),.PCURVE_S1.);
#7259 = CIRCLE('',#7260,4.4);
#7260 = AXIS2_PLACEMENT_3D('',#7261,#7262,#7263);
#7261 = CARTESIAN_POINT('',(-30.,40.,32.));
#7262 = DIRECTION('',(0.,0.,1.));
#7263 = DIRECTION('',(1.,0.,-0.));
#7264 = PCURVE('',#3096,#7265);
#7265 = DEFINITIONAL_REPRESENTATION('',(#7266),#7270);
#7266 = CIRCLE('',#7267,4.4);
#7267 = AXIS2_PLACEMENT_2D('',#7268,#7269);
#7268 = CARTESIAN_POINT('',(6.4,86.4));
#7269 = DIRECTION('',(1.,0.));
#7270 = ( GEOMETRIC_REPRESENTATION_CONTEXT(2) 
PARAMETRIC_REPRESENTATION_CONTEXT() REPRESENTATION_CONTEXT('2D SPACE',''
  ) );
#7271 = PCURVE('',#7272,#7277);
#7272 = CYLINDRICAL_SURFACE('',#7273,4.4);
#7273 = AXIS2_PLACEMENT_3D('',#7274,#7275,#7276);
#7274 = CARTESIAN_POINT('',(-30.,40.,2.4));
#7275 = DIRECTION('',(0.,0.,1.));
#7276 = DIRECTION('',(1.,0.,-0.));
#7277 = DEFINITIONAL_REPRESENTATION('',(#7278),#7282);
#7278 = LINE('',#7279,#7280);
#7279 = CARTESIAN_POINT('',(0.,29.6));
#7280 = VECTOR('',#7281,1.);
#7281 = DIRECTION('',(1.,0.));
#7282 = ( GEOMETRIC_REPRESENTATION_CONTEXT(2) 
PARAMETRIC_REPRESENTATION_CONTEXT() REPRESENTATION_CONTEXT('2D SPACE',''
  ) );
#7283 = ORIENTED_EDGE('',*,*,#7284,.T.);
#7284 = EDGE_CURVE('',#7256,#7229,#7285,.T.);
#7285 = SURFACE_CURVE('',#7286,(#7290,#7297),.PCURVE_S1.);
#7286 = LINE('',#7287,#7288);
#7287 = CARTESIAN_POINT('',(-34.,-45.2,32.));
#7288 = VECTOR('',#7289,1.);
#7289 = DIRECTION('',(-0.,1.,0.));
#7290 = PCURVE('',#3096,#7291);
#7291 = DEFINITIONAL_REPRESENTATION('',(#7292),#7296);
#7292 = LINE('',#7293,#7294);
#7293 = CARTESIAN_POINT('',(2.4,1.2));
#7294 = VECTOR('',#7295,1.);
#7295 = DIRECTION('',(0.,1.));
#7296 = ( GEOMETRIC_REPRESENTATION_CONTEXT(2) 
PARAMETRIC_REPRESENTATION_CONTEXT() REPRESENTATION_CONTEXT('2D SPACE',''
  ) );
#7297 = PCURVE('',#7298,#7303);
#7298 = PLANE('',#7299);
#7299 = AXIS2_PLACEMENT_3D('',#7300,#7301,#7302);
#7300 = CARTESIAN_POINT('',(-34.,-44.,2.4));
#7301 = DIRECTION('',(1.,0.,-0.));
#7302 = DIRECTION('',(0.,0.,1.));
#7303 = DEFINITIONAL_REPRESENTATION('',(#7304),#7307);
#7304 = B_SPLINE_CURVE_WITH_KNOTS('',1,(#7305,#7306),.UNSPECIFIED.,.F.,
  .F.,(2,2),(1.2,89.2),.PIECEWISE_BEZIER_KNOTS.);
#7305 = CARTESIAN_POINT('',(29.6,0.));
#7306 = CARTESIAN_POINT('',(29.6,-88.));
#7307 = ( GEOMETRIC_REPRESENTATION_CONTEXT(2) 
PARAMETRIC_REPRESENTATION_CONTEXT() REPRESENTATION_CONTEXT('2D SPACE',''
  ) );
#7308 = ADVANCED_FACE('',(#7309),#3068,.T.);
#7309 = FACE_BOUND('',#7310,.F.);
#7310 = EDGE_LOOP('',(#7311,#7312,#7313,#7334));
#7311 = ORIENTED_EDGE('',*,*,#3052,.F.);
#7312 = ORIENTED_EDGE('',*,*,#3559,.T.);
#7313 = ORIENTED_EDGE('',*,*,#7314,.T.);
#7314 = EDGE_CURVE('',#3534,#7007,#7315,.T.);
#7315 = SURFACE_CURVE('',#7316,(#7320,#7327),.PCURVE_S1.);
#7316 = LINE('',#7317,#7318);
#7317 = CARTESIAN_POINT('',(-33.4,46.4,0.));
#7318 = VECTOR('',#7319,1.);
#7319 = DIRECTION('',(0.,0.,1.));
#7320 = PCURVE('',#3068,#7321);
#7321 = DEFINITIONAL_REPRESENTATION('',(#7322),#7326);
#7322 = LINE('',#7323,#7324);
#7323 = CARTESIAN_POINT('',(-1.570796326795,0.));
#7324 = VECTOR('',#7325,1.);
#7325 = DIRECTION('',(-0.,1.));
#7326 = ( GEOMETRIC_REPRESENTATION_CONTEXT(2) 
PARAMETRIC_REPRESENTATION_CONTEXT() REPRESENTATION_CONTEXT('2D SPACE',''
  ) );
#7327 = PCURVE('',#5149,#7328);
#7328 = DEFINITIONAL_REPRESENTATION('',(#7329),#7333);
#7329 = LINE('',#7330,#7331);
#7330 = CARTESIAN_POINT('',(0.,3.));
#7331 = VECTOR('',#7332,1.);
#7332 = DIRECTION('',(1.,0.));
#7333 = ( GEOMETRIC_REPRESENTATION_CONTEXT(2) 
PARAMETRIC_REPRESENTATION_CONTEXT() REPRESENTATION_CONTEXT('2D SPACE',''
  ) );
#7334 = ORIENTED_EDGE('',*,*,#7029,.F.);
#7335 = ADVANCED_FACE('',(#7336),#3548,.T.);
#7336 = FACE_BOUND('',#7337,.F.);
#7337 = EDGE_LOOP('',(#7338,#7339,#7340,#7366));
#7338 = ORIENTED_EDGE('',*,*,#3533,.F.);
#7339 = ORIENTED_EDGE('',*,*,#3585,.T.);
#7340 = ORIENTED_EDGE('',*,*,#7341,.T.);
#7341 = EDGE_CURVE('',#3586,#7342,#7344,.T.);
#7342 = VERTEX_POINT('',#7343);
#7343 = CARTESIAN_POINT('',(33.4,46.4,8.4));
#7344 = SURFACE_CURVE('',#7345,(#7349,#7355),.PCURVE_S1.);
#7345 = LINE('',#7346,#7347);
#7346 = CARTESIAN_POINT('',(33.4,47.,7.8));
#7347 = VECTOR('',#7348,1.);
#7348 = DIRECTION('',(0.,-0.707106781187,0.707106781187));
#7349 = PCURVE('',#3548,#7350);
#7350 = DEFINITIONAL_REPRESENTATION('',(#7351),#7354);
#7351 = B_SPLINE_CURVE_WITH_KNOTS('',1,(#7352,#7353),.UNSPECIFIED.,.F.,
  .F.,(2,2),(-0.848528137424,0.848528137424),.PIECEWISE_BEZIER_KNOTS.);
#7352 = CARTESIAN_POINT('',(-66.8,-0.848528137424));
#7353 = CARTESIAN_POINT('',(-66.8,0.848528137424));
#7354 = ( GEOMETRIC_REPRESENTATION_CONTEXT(2) 
PARAMETRIC_REPRESENTATION_CONTEXT() REPRESENTATION_CONTEXT('2D SPACE',''
  ) );
#7355 = PCURVE('',#7356,#7361);
#7356 = CONICAL_SURFACE('',#7357,4.2,0.785398163397);
#7357 = AXIS2_PLACEMENT_3D('',#7358,#7359,#7360);
#7358 = CARTESIAN_POINT('',(33.4,43.4,7.2));
#7359 = DIRECTION('',(-0.,-0.,-1.));
#7360 = DIRECTION('',(1.691768418476E-15,1.,-0.));
#7361 = DEFINITIONAL_REPRESENTATION('',(#7362),#7365);
#7362 = B_SPLINE_CURVE_WITH_KNOTS('',1,(#7363,#7364),.UNSPECIFIED.,.F.,
  .F.,(2,2),(-0.848528137424,0.848528137424),.PIECEWISE_BEZIER_KNOTS.);
#7363 = CARTESIAN_POINT('',(0.,0.));
#7364 = CARTESIAN_POINT('',(0.,-1.2));
#7365 = ( GEOMETRIC_REPRESENTATION_CONTEXT(2) 
PARAMETRIC_REPRESENTATION_CONTEXT() REPRESENTATION_CONTEXT('2D SPACE',''
  ) );
#7366 = ORIENTED_EDGE('',*,*,#7367,.F.);
#7367 = EDGE_CURVE('',#3534,#7342,#7368,.T.);
#7368 = SURFACE_CURVE('',#7369,(#7373,#7380),.PCURVE_S1.);
#7369 = LINE('',#7370,#7371);
#7370 = CARTESIAN_POINT('',(-33.4,46.4,8.4));
#7371 = VECTOR('',#7372,1.);
#7372 = DIRECTION('',(1.,0.,-0.));
#7373 = PCURVE('',#3548,#7374);
#7374 = DEFINITIONAL_REPRESENTATION('',(#7375),#7379);
#7375 = LINE('',#7376,#7377);
#7376 = CARTESIAN_POINT('',(-0.,0.848528137424));
#7377 = VECTOR('',#7378,1.);
#7378 = DIRECTION('',(-1.,0.));
#7379 = ( GEOMETRIC_REPRESENTATION_CONTEXT(2) 
PARAMETRIC_REPRESENTATION_CONTEXT() REPRESENTATION_CONTEXT('2D SPACE',''
  ) );
#7380 = PCURVE('',#5149,#7381);
#7381 = DEFINITIONAL_REPRESENTATION('',(#7382),#7386);
#7382 = LINE('',#7383,#7384);
#7383 = CARTESIAN_POINT('',(8.4,3.));
#7384 = VECTOR('',#7385,1.);
#7385 = DIRECTION('',(0.,1.));
#7386 = ( GEOMETRIC_REPRESENTATION_CONTEXT(2) 
PARAMETRIC_REPRESENTATION_CONTEXT() REPRESENTATION_CONTEXT('2D SPACE',''
  ) );
#7387 = ADVANCED_FACE('',(#7388),#3622,.T.);
#7388 = FACE_BOUND('',#7389,.T.);
#7389 = EDGE_LOOP('',(#7390,#7413,#7414,#7415));
#7390 = ORIENTED_EDGE('',*,*,#7391,.F.);
#7391 = EDGE_CURVE('',#3640,#7392,#7394,.T.);
#7392 = VERTEX_POINT('',#7393);
#7393 = CARTESIAN_POINT('',(37.6,43.4,7.2));
#7394 = SURFACE_CURVE('',#7395,(#7399,#7406),.PCURVE_S1.);
#7395 = LINE('',#7396,#7397);
#7396 = CARTESIAN_POINT('',(37.6,43.4,3.6));
#7397 = VECTOR('',#7398,1.);
#7398 = DIRECTION('',(0.,0.,1.));
#7399 = PCURVE('',#3622,#7400);
#7400 = DEFINITIONAL_REPRESENTATION('',(#7401),#7405);
#7401 = LINE('',#7402,#7403);
#7402 = CARTESIAN_POINT('',(0.,0.));
#7403 = VECTOR('',#7404,1.);
#7404 = DIRECTION('',(0.,1.));
#7405 = ( GEOMETRIC_REPRESENTATION_CONTEXT(2) 
PARAMETRIC_REPRESENTATION_CONTEXT() REPRESENTATION_CONTEXT('2D SPACE',''
  ) );
#7406 = PCURVE('',#4630,#7407);
#7407 = DEFINITIONAL_REPRESENTATION('',(#7408),#7412);
#7408 = LINE('',#7409,#7410);
#7409 = CARTESIAN_POINT('',(0.,-91.));
#7410 = VECTOR('',#7411,1.);
#7411 = DIRECTION('',(1.,0.));
#7412 = ( GEOMETRIC_REPRESENTATION_CONTEXT(2) 
PARAMETRIC_REPRESENTATION_CONTEXT() REPRESENTATION_CONTEXT('2D SPACE',''
  ) );
#7413 = ORIENTED_EDGE('',*,*,#3639,.F.);
#7414 = ORIENTED_EDGE('',*,*,#3608,.T.);
#7415 = ORIENTED_EDGE('',*,*,#7416,.T.);
#7416 = EDGE_CURVE('',#3586,#7392,#7417,.T.);
#7417 = SURFACE_CURVE('',#7418,(#7423,#7430),.PCURVE_S1.);
#7418 = CIRCLE('',#7419,4.2);
#7419 = AXIS2_PLACEMENT_3D('',#7420,#7421,#7422);
#7420 = CARTESIAN_POINT('',(33.4,43.4,7.2));
#7421 = DIRECTION('',(0.,-0.,-1.));
#7422 = DIRECTION('',(1.691768418476E-15,1.,-0.));
#7423 = PCURVE('',#3622,#7424);
#7424 = DEFINITIONAL_REPRESENTATION('',(#7425),#7429);
#7425 = LINE('',#7426,#7427);
#7426 = CARTESIAN_POINT('',(1.570796326795,3.6));
#7427 = VECTOR('',#7428,1.);
#7428 = DIRECTION('',(-1.,-0.));
#7429 = ( GEOMETRIC_REPRESENTATION_CONTEXT(2) 
PARAMETRIC_REPRESENTATION_CONTEXT() REPRESENTATION_CONTEXT('2D SPACE',''
  ) );
#7430 = PCURVE('',#7356,#7431);
#7431 = DEFINITIONAL_REPRESENTATION('',(#7432),#7436);
#7432 = LINE('',#7433,#7434);
#7433 = CARTESIAN_POINT('',(0.,-0.));
#7434 = VECTOR('',#7435,1.);
#7435 = DIRECTION('',(1.,-0.));
#7436 = ( GEOMETRIC_REPRESENTATION_CONTEXT(2) 
PARAMETRIC_REPRESENTATION_CONTEXT() REPRESENTATION_CONTEXT('2D SPACE',''
  ) );
#7437 = ADVANCED_FACE('',(#7438),#3704,.T.);
#7438 = FACE_BOUND('',#7439,.T.);
#7439 = EDGE_LOOP('',(#7440,#7459,#7460,#7481,#7482,#7483));
#7440 = ORIENTED_EDGE('',*,*,#7441,.F.);
#7441 = EDGE_CURVE('',#3687,#5302,#7442,.T.);
#7442 = SURFACE_CURVE('',#7443,(#7447,#7453),.PCURVE_S1.);
#7443 = LINE('',#7444,#7445);
#7444 = CARTESIAN_POINT('',(-34.,-38.16696972201,2.4));
#7445 = VECTOR('',#7446,1.);
#7446 = DIRECTION('',(0.,0.,1.));
#7447 = PCURVE('',#3704,#7448);
#7448 = DEFINITIONAL_REPRESENTATION('',(#7449),#7452);
#7449 = B_SPLINE_CURVE_WITH_KNOTS('',1,(#7450,#7451),.UNSPECIFIED.,.F.,
  .F.,(2,2),(-2.400000000069E-06,29.6000024),.PIECEWISE_BEZIER_KNOTS.);
#7450 = CARTESIAN_POINT('',(-2.400000000069E-06,-5.833030277982));
#7451 = CARTESIAN_POINT('',(29.6000024,-5.833030277982));
#7452 = ( GEOMETRIC_REPRESENTATION_CONTEXT(2) 
PARAMETRIC_REPRESENTATION_CONTEXT() REPRESENTATION_CONTEXT('2D SPACE',''
  ) );
#7453 = PCURVE('',#3737,#7454);
#7454 = DEFINITIONAL_REPRESENTATION('',(#7455),#7458);
#7455 = B_SPLINE_CURVE_WITH_KNOTS('',1,(#7456,#7457),.UNSPECIFIED.,.F.,
  .F.,(2,2),(0.,29.6),.PIECEWISE_BEZIER_KNOTS.);
#7456 = CARTESIAN_POINT('',(8.995078294618,0.));
#7457 = CARTESIAN_POINT('',(8.995078294618,29.6));
#7458 = ( GEOMETRIC_REPRESENTATION_CONTEXT(2) 
PARAMETRIC_REPRESENTATION_CONTEXT() REPRESENTATION_CONTEXT('2D SPACE',''
  ) );
#7459 = ORIENTED_EDGE('',*,*,#3686,.T.);
#7460 = ORIENTED_EDGE('',*,*,#7461,.T.);
#7461 = EDGE_CURVE('',#3689,#6326,#7462,.T.);
#7462 = SURFACE_CURVE('',#7463,(#7467,#7474),.PCURVE_S1.);
#7463 = LINE('',#7464,#7465);
#7464 = CARTESIAN_POINT('',(-34.,-21.,2.4));
#7465 = VECTOR('',#7466,1.);
#7466 = DIRECTION('',(0.,0.,1.));
#7467 = PCURVE('',#3704,#7468);
#7468 = DEFINITIONAL_REPRESENTATION('',(#7469),#7473);
#7469 = LINE('',#7470,#7471);
#7470 = CARTESIAN_POINT('',(0.,-23.));
#7471 = VECTOR('',#7472,1.);
#7472 = DIRECTION('',(1.,0.));
#7473 = ( GEOMETRIC_REPRESENTATION_CONTEXT(2) 
PARAMETRIC_REPRESENTATION_CONTEXT() REPRESENTATION_CONTEXT('2D SPACE',''
  ) );
#7474 = PCURVE('',#4348,#7475);
#7475 = DEFINITIONAL_REPRESENTATION('',(#7476),#7480);
#7476 = LINE('',#7477,#7478);
#7477 = CARTESIAN_POINT('',(0.,0.));
#7478 = VECTOR('',#7479,1.);
#7479 = DIRECTION('',(1.,0.));
#7480 = ( GEOMETRIC_REPRESENTATION_CONTEXT(2) 
PARAMETRIC_REPRESENTATION_CONTEXT() REPRESENTATION_CONTEXT('2D SPACE',''
  ) );
#7481 = ORIENTED_EDGE('',*,*,#6325,.T.);
#7482 = ORIENTED_EDGE('',*,*,#6278,.T.);
#7483 = ORIENTED_EDGE('',*,*,#5325,.F.);
#7484 = ADVANCED_FACE('',(#7485,#7509),#3737,.T.);
#7485 = FACE_BOUND('',#7486,.T.);
#7486 = EDGE_LOOP('',(#7487,#7488,#7507,#7508));
#7487 = ORIENTED_EDGE('',*,*,#5301,.F.);
#7488 = ORIENTED_EDGE('',*,*,#7489,.F.);
#7489 = EDGE_CURVE('',#3717,#5280,#7490,.T.);
#7490 = SURFACE_CURVE('',#7491,(#7495,#7501),.PCURVE_S1.);
#7491 = LINE('',#7492,#7493);
#7492 = CARTESIAN_POINT('',(-28.16696972201,-44.,2.4));
#7493 = VECTOR('',#7494,1.);
#7494 = DIRECTION('',(0.,0.,1.));
#7495 = PCURVE('',#3737,#7496);
#7496 = DEFINITIONAL_REPRESENTATION('',(#7497),#7500);
#7497 = B_SPLINE_CURVE_WITH_KNOTS('',1,(#7498,#7499),.UNSPECIFIED.,.F.,
  .F.,(2,2),(0.,29.6),.PIECEWISE_BEZIER_KNOTS.);
#7498 = CARTESIAN_POINT('',(5.142088646536,0.));
#7499 = CARTESIAN_POINT('',(5.142088646536,29.6));
#7500 = ( GEOMETRIC_REPRESENTATION_CONTEXT(2) 
PARAMETRIC_REPRESENTATION_CONTEXT() REPRESENTATION_CONTEXT('2D SPACE',''
  ) );
#7501 = PCURVE('',#3765,#7502);
#7502 = DEFINITIONAL_REPRESENTATION('',(#7503),#7506);
#7503 = B_SPLINE_CURVE_WITH_KNOTS('',1,(#7504,#7505),.UNSPECIFIED.,.F.,
  .F.,(2,2),(-2.400000000069E-06,29.6000024),.PIECEWISE_BEZIER_KNOTS.);
#7504 = CARTESIAN_POINT('',(-2.400000000069E-06,5.833030277982));
#7505 = CARTESIAN_POINT('',(29.6000024,5.833030277982));
#7506 = ( GEOMETRIC_REPRESENTATION_CONTEXT(2) 
PARAMETRIC_REPRESENTATION_CONTEXT() REPRESENTATION_CONTEXT('2D SPACE',''
  ) );
#7507 = ORIENTED_EDGE('',*,*,#3716,.F.);
#7508 = ORIENTED_EDGE('',*,*,#7441,.T.);
#7509 = FACE_BOUND('',#7510,.T.);
#7510 = EDGE_LOOP('',(#7511,#7542,#7568,#7597));
#7511 = ORIENTED_EDGE('',*,*,#7512,.F.);
#7512 = EDGE_CURVE('',#7513,#7515,#7517,.T.);
#7513 = VERTEX_POINT('',#7514);
#7514 = CARTESIAN_POINT('',(-27.1,-36.69092157844,26.5));
#7515 = VERTEX_POINT('',#7516);
#7516 = CARTESIAN_POINT('',(-32.9,-36.69092157844,26.5));
#7517 = SURFACE_CURVE('',#7518,(#7523,#7530),.PCURVE_S1.);
#7518 = CIRCLE('',#7519,4.4);
#7519 = AXIS2_PLACEMENT_3D('',#7520,#7521,#7522);
#7520 = CARTESIAN_POINT('',(-30.,-40.,26.5));
#7521 = DIRECTION('',(0.,0.,1.));
#7522 = DIRECTION('',(1.,0.,-0.));
#7523 = PCURVE('',#3737,#7524);
#7524 = DEFINITIONAL_REPRESENTATION('',(#7525),#7529);
#7525 = LINE('',#7526,#7527);
#7526 = CARTESIAN_POINT('',(6.28318530718,24.1));
#7527 = VECTOR('',#7528,1.);
#7528 = DIRECTION('',(1.,0.));
#7529 = ( GEOMETRIC_REPRESENTATION_CONTEXT(2) 
PARAMETRIC_REPRESENTATION_CONTEXT() REPRESENTATION_CONTEXT('2D SPACE',''
  ) );
#7530 = PCURVE('',#7531,#7536);
#7531 = PLANE('',#7532);
#7532 = AXIS2_PLACEMENT_3D('',#7533,#7534,#7535);
#7533 = CARTESIAN_POINT('',(-30.,-40.,26.5));
#7534 = DIRECTION('',(0.,0.,1.));
#7535 = DIRECTION('',(1.,0.,-0.));
#7536 = DEFINITIONAL_REPRESENTATION('',(#7537),#7541);
#7537 = CIRCLE('',#7538,4.4);
#7538 = AXIS2_PLACEMENT_2D('',#7539,#7540);
#7539 = CARTESIAN_POINT('',(0.,0.));
#7540 = DIRECTION('',(1.,0.));
#7541 = ( GEOMETRIC_REPRESENTATION_CONTEXT(2) 
PARAMETRIC_REPRESENTATION_CONTEXT() REPRESENTATION_CONTEXT('2D SPACE',''
  ) );
#7542 = ORIENTED_EDGE('',*,*,#7543,.T.);
#7543 = EDGE_CURVE('',#7513,#7544,#7546,.T.);
#7544 = VERTEX_POINT('',#7545);
#7545 = CARTESIAN_POINT('',(-27.1,-36.69092157844,29.2));
#7546 = SURFACE_CURVE('',#7547,(#7551,#7557),.PCURVE_S1.);
#7547 = LINE('',#7548,#7549);
#7548 = CARTESIAN_POINT('',(-27.1,-36.69092157844,2.4));
#7549 = VECTOR('',#7550,1.);
#7550 = DIRECTION('',(0.,0.,1.));
#7551 = PCURVE('',#3737,#7552);
#7552 = DEFINITIONAL_REPRESENTATION('',(#7553),#7556);
#7553 = B_SPLINE_CURVE_WITH_KNOTS('',1,(#7554,#7555),.UNSPECIFIED.,.F.,
  .F.,(2,2),(23.83,27.07),.PIECEWISE_BEZIER_KNOTS.);
#7554 = CARTESIAN_POINT('',(7.134372310124,23.83));
#7555 = CARTESIAN_POINT('',(7.134372310124,27.07));
#7556 = ( GEOMETRIC_REPRESENTATION_CONTEXT(2) 
PARAMETRIC_REPRESENTATION_CONTEXT() REPRESENTATION_CONTEXT('2D SPACE',''
  ) );
#7557 = PCURVE('',#7558,#7563);
#7558 = PLANE('',#7559);
#7559 = AXIS2_PLACEMENT_3D('',#7560,#7561,#7562);
#7560 = CARTESIAN_POINT('',(-27.1,-41.67431578065,26.5));
#7561 = DIRECTION('',(-1.,0.,0.));
#7562 = DIRECTION('',(0.,1.,0.));
#7563 = DEFINITIONAL_REPRESENTATION('',(#7564),#7567);
#7564 = B_SPLINE_CURVE_WITH_KNOTS('',1,(#7565,#7566),.UNSPECIFIED.,.F.,
  .F.,(2,2),(23.83,27.07),.PIECEWISE_BEZIER_KNOTS.);
#7565 = CARTESIAN_POINT('',(4.983394202205,0.27));
#7566 = CARTESIAN_POINT('',(4.983394202205,-2.97));
#7567 = ( GEOMETRIC_REPRESENTATION_CONTEXT(2) 
PARAMETRIC_REPRESENTATION_CONTEXT() REPRESENTATION_CONTEXT('2D SPACE',''
  ) );
#7568 = ORIENTED_EDGE('',*,*,#7569,.T.);
#7569 = EDGE_CURVE('',#7544,#7570,#7572,.T.);
#7570 = VERTEX_POINT('',#7571);
#7571 = CARTESIAN_POINT('',(-32.9,-36.69092157844,29.2));
#7572 = SURFACE_CURVE('',#7573,(#7578,#7585),.PCURVE_S1.);
#7573 = CIRCLE('',#7574,4.4);
#7574 = AXIS2_PLACEMENT_3D('',#7575,#7576,#7577);
#7575 = CARTESIAN_POINT('',(-30.,-40.,29.2));
#7576 = DIRECTION('',(0.,0.,1.));
#7577 = DIRECTION('',(1.,0.,-0.));
#7578 = PCURVE('',#3737,#7579);
#7579 = DEFINITIONAL_REPRESENTATION('',(#7580),#7584);
#7580 = LINE('',#7581,#7582);
#7581 = CARTESIAN_POINT('',(6.28318530718,26.8));
#7582 = VECTOR('',#7583,1.);
#7583 = DIRECTION('',(1.,0.));
#7584 = ( GEOMETRIC_REPRESENTATION_CONTEXT(2) 
PARAMETRIC_REPRESENTATION_CONTEXT() REPRESENTATION_CONTEXT('2D SPACE',''
  ) );
#7585 = PCURVE('',#7586,#7591);
#7586 = PLANE('',#7587);
#7587 = AXIS2_PLACEMENT_3D('',#7588,#7589,#7590);
#7588 = CARTESIAN_POINT('',(-30.,-40.,29.2));
#7589 = DIRECTION('',(0.,0.,1.));
#7590 = DIRECTION('',(1.,0.,-0.));
#7591 = DEFINITIONAL_REPRESENTATION('',(#7592),#7596);
#7592 = CIRCLE('',#7593,4.4);
#7593 = AXIS2_PLACEMENT_2D('',#7594,#7595);
#7594 = CARTESIAN_POINT('',(0.,0.));
#7595 = DIRECTION('',(1.,0.));
#7596 = ( GEOMETRIC_REPRESENTATION_CONTEXT(2) 
PARAMETRIC_REPRESENTATION_CONTEXT() REPRESENTATION_CONTEXT('2D SPACE',''
  ) );
#7597 = ORIENTED_EDGE('',*,*,#7598,.F.);
#7598 = EDGE_CURVE('',#7515,#7570,#7599,.T.);
#7599 = SURFACE_CURVE('',#7600,(#7604,#7610),.PCURVE_S1.);
#7600 = LINE('',#7601,#7602);
#7601 = CARTESIAN_POINT('',(-32.9,-36.69092157844,2.4));
#7602 = VECTOR('',#7603,1.);
#7603 = DIRECTION('',(0.,0.,1.));
#7604 = PCURVE('',#3737,#7605);
#7605 = DEFINITIONAL_REPRESENTATION('',(#7606),#7609);
#7606 = B_SPLINE_CURVE_WITH_KNOTS('',1,(#7607,#7608),.UNSPECIFIED.,.F.,
  .F.,(2,2),(23.83,27.07),.PIECEWISE_BEZIER_KNOTS.);
#7607 = CARTESIAN_POINT('',(8.573590957824,23.83));
#7608 = CARTESIAN_POINT('',(8.573590957824,27.07));
#7609 = ( GEOMETRIC_REPRESENTATION_CONTEXT(2) 
PARAMETRIC_REPRESENTATION_CONTEXT() REPRESENTATION_CONTEXT('2D SPACE',''
  ) );
#7610 = PCURVE('',#7611,#7616);
#7611 = PLANE('',#7612);
#7612 = AXIS2_PLACEMENT_3D('',#7613,#7614,#7615);
#7613 = CARTESIAN_POINT('',(-32.9,-38.32568421935,26.5));
#7614 = DIRECTION('',(1.,-2.652362326046E-16,0.));
#7615 = DIRECTION('',(-2.652362326046E-16,-1.,0.));
#7616 = DEFINITIONAL_REPRESENTATION('',(#7617),#7620);
#7617 = B_SPLINE_CURVE_WITH_KNOTS('',1,(#7618,#7619),.UNSPECIFIED.,.F.,
  .F.,(2,2),(23.83,27.07),.PIECEWISE_BEZIER_KNOTS.);
#7618 = CARTESIAN_POINT('',(-1.634762640905,0.27));
#7619 = CARTESIAN_POINT('',(-1.634762640905,-2.97));
#7620 = ( GEOMETRIC_REPRESENTATION_CONTEXT(2) 
PARAMETRIC_REPRESENTATION_CONTEXT() REPRESENTATION_CONTEXT('2D SPACE',''
  ) );
#7621 = ADVANCED_FACE('',(#7622,#7753),#4348,.F.);
#7622 = FACE_BOUND('',#7623,.F.);
#7623 = EDGE_LOOP('',(#7624,#7654,#7682,#7703,#7704,#7705,#7706,#7727));
#7624 = ORIENTED_EDGE('',*,*,#7625,.F.);
#7625 = EDGE_CURVE('',#7626,#7628,#7630,.T.);
#7626 = VERTEX_POINT('',#7627);
#7627 = CARTESIAN_POINT('',(-26.4,-21.,8.4));
#7628 = VERTEX_POINT('',#7629);
#7629 = CARTESIAN_POINT('',(-26.4,-21.,10.2));
#7630 = SURFACE_CURVE('',#7631,(#7635,#7642),.PCURVE_S1.);
#7631 = LINE('',#7632,#7633);
#7632 = CARTESIAN_POINT('',(-26.4,-21.,2.4));
#7633 = VECTOR('',#7634,1.);
#7634 = DIRECTION('',(0.,0.,1.));
#7635 = PCURVE('',#4348,#7636);
#7636 = DEFINITIONAL_REPRESENTATION('',(#7637),#7641);
#7637 = LINE('',#7638,#7639);
#7638 = CARTESIAN_POINT('',(0.,7.6));
#7639 = VECTOR('',#7640,1.);
#7640 = DIRECTION('',(1.,0.));
#7641 = ( GEOMETRIC_REPRESENTATION_CONTEXT(2) 
PARAMETRIC_REPRESENTATION_CONTEXT() REPRESENTATION_CONTEXT('2D SPACE',''
  ) );
#7642 = PCURVE('',#7643,#7648);
#7643 = PLANE('',#7644);
#7644 = AXIS2_PLACEMENT_3D('',#7645,#7646,#7647);
#7645 = CARTESIAN_POINT('',(-26.4,-21.,2.4));
#7646 = DIRECTION('',(1.,0.,-0.));
#7647 = DIRECTION('',(0.,0.,1.));
#7648 = DEFINITIONAL_REPRESENTATION('',(#7649),#7653);
#7649 = LINE('',#7650,#7651);
#7650 = CARTESIAN_POINT('',(0.,0.));
#7651 = VECTOR('',#7652,1.);
#7652 = DIRECTION('',(1.,0.));
#7653 = ( GEOMETRIC_REPRESENTATION_CONTEXT(2) 
PARAMETRIC_REPRESENTATION_CONTEXT() REPRESENTATION_CONTEXT('2D SPACE',''
  ) );
#7654 = ORIENTED_EDGE('',*,*,#7655,.T.);
#7655 = EDGE_CURVE('',#7626,#7656,#7658,.T.);
#7656 = VERTEX_POINT('',#7657);
#7657 = CARTESIAN_POINT('',(-25.2,-21.,8.4));
#7658 = SURFACE_CURVE('',#7659,(#7663,#7670),.PCURVE_S1.);
#7659 = LINE('',#7660,#7661);
#7660 = CARTESIAN_POINT('',(-34.,-21.,8.4));
#7661 = VECTOR('',#7662,1.);
#7662 = DIRECTION('',(1.,0.,-0.));
#7663 = PCURVE('',#4348,#7664);
#7664 = DEFINITIONAL_REPRESENTATION('',(#7665),#7669);
#7665 = LINE('',#7666,#7667);
#7666 = CARTESIAN_POINT('',(6.,0.));
#7667 = VECTOR('',#7668,1.);
#7668 = DIRECTION('',(0.,1.));
#7669 = ( GEOMETRIC_REPRESENTATION_CONTEXT(2) 
PARAMETRIC_REPRESENTATION_CONTEXT() REPRESENTATION_CONTEXT('2D SPACE',''
  ) );
#7670 = PCURVE('',#7671,#7676);
#7671 = PLANE('',#7672);
#7672 = AXIS2_PLACEMENT_3D('',#7673,#7674,#7675);
#7673 = CARTESIAN_POINT('',(-34.,-21.,8.4));
#7674 = DIRECTION('',(0.,0.,1.));
#7675 = DIRECTION('',(1.,0.,-0.));
#7676 = DEFINITIONAL_REPRESENTATION('',(#7677),#7681);
#7677 = LINE('',#7678,#7679);
#7678 = CARTESIAN_POINT('',(0.,0.));
#7679 = VECTOR('',#7680,1.);
#7680 = DIRECTION('',(1.,0.));
#7681 = ( GEOMETRIC_REPRESENTATION_CONTEXT(2) 
PARAMETRIC_REPRESENTATION_CONTEXT() REPRESENTATION_CONTEXT('2D SPACE',''
  ) );
#7682 = ORIENTED_EDGE('',*,*,#7683,.F.);
#7683 = EDGE_CURVE('',#4307,#7656,#7684,.T.);
#7684 = SURFACE_CURVE('',#7685,(#7689,#7696),.PCURVE_S1.);
#7685 = LINE('',#7686,#7687);
#7686 = CARTESIAN_POINT('',(-25.2,-21.,2.4));
#7687 = VECTOR('',#7688,1.);
#7688 = DIRECTION('',(0.,0.,1.));
#7689 = PCURVE('',#4348,#7690);
#7690 = DEFINITIONAL_REPRESENTATION('',(#7691),#7695);
#7691 = LINE('',#7692,#7693);
#7692 = CARTESIAN_POINT('',(0.,8.8));
#7693 = VECTOR('',#7694,1.);
#7694 = DIRECTION('',(1.,0.));
#7695 = ( GEOMETRIC_REPRESENTATION_CONTEXT(2) 
PARAMETRIC_REPRESENTATION_CONTEXT() REPRESENTATION_CONTEXT('2D SPACE',''
  ) );
#7696 = PCURVE('',#4322,#7697);
#7697 = DEFINITIONAL_REPRESENTATION('',(#7698),#7702);
#7698 = LINE('',#7699,#7700);
#7699 = CARTESIAN_POINT('',(0.,0.));
#7700 = VECTOR('',#7701,1.);
#7701 = DIRECTION('',(1.,0.));
#7702 = ( GEOMETRIC_REPRESENTATION_CONTEXT(2) 
PARAMETRIC_REPRESENTATION_CONTEXT() REPRESENTATION_CONTEXT('2D SPACE',''
  ) );
#7703 = ORIENTED_EDGE('',*,*,#4334,.T.);
#7704 = ORIENTED_EDGE('',*,*,#7461,.T.);
#7705 = ORIENTED_EDGE('',*,*,#6346,.T.);
#7706 = ORIENTED_EDGE('',*,*,#7707,.F.);
#7707 = EDGE_CURVE('',#7708,#6347,#7710,.T.);
#7708 = VERTEX_POINT('',#7709);
#7709 = CARTESIAN_POINT('',(-33.5,-21.,10.2));
#7710 = SURFACE_CURVE('',#7711,(#7715,#7721),.PCURVE_S1.);
#7711 = LINE('',#7712,#7713);
#7712 = CARTESIAN_POINT('',(-33.5,-21.,5.7));
#7713 = VECTOR('',#7714,1.);
#7714 = DIRECTION('',(-0.,0.,-1.));
#7715 = PCURVE('',#4348,#7716);
#7716 = DEFINITIONAL_REPRESENTATION('',(#7717),#7720);
#7717 = B_SPLINE_CURVE_WITH_KNOTS('',1,(#7718,#7719),.UNSPECIFIED.,.F.,
  .F.,(2,2),(-4.5,-3.3),.PIECEWISE_BEZIER_KNOTS.);
#7718 = CARTESIAN_POINT('',(7.8,0.5));
#7719 = CARTESIAN_POINT('',(6.6,0.5));
#7720 = ( GEOMETRIC_REPRESENTATION_CONTEXT(2) 
PARAMETRIC_REPRESENTATION_CONTEXT() REPRESENTATION_CONTEXT('2D SPACE',''
  ) );
#7721 = PCURVE('',#6383,#7722);
#7722 = DEFINITIONAL_REPRESENTATION('',(#7723),#7726);
#7723 = B_SPLINE_CURVE_WITH_KNOTS('',1,(#7724,#7725),.UNSPECIFIED.,.F.,
  .F.,(2,2),(-4.5,-3.3),.PIECEWISE_BEZIER_KNOTS.);
#7724 = CARTESIAN_POINT('',(1.2,-9.));
#7725 = CARTESIAN_POINT('',(0.,-9.));
#7726 = ( GEOMETRIC_REPRESENTATION_CONTEXT(2) 
PARAMETRIC_REPRESENTATION_CONTEXT() REPRESENTATION_CONTEXT('2D SPACE',''
  ) );
#7727 = ORIENTED_EDGE('',*,*,#7728,.T.);
#7728 = EDGE_CURVE('',#7708,#7628,#7729,.T.);
#7729 = SURFACE_CURVE('',#7730,(#7734,#7741),.PCURVE_S1.);
#7730 = LINE('',#7731,#7732);
#7731 = CARTESIAN_POINT('',(-34.,-21.,10.2));
#7732 = VECTOR('',#7733,1.);
#7733 = DIRECTION('',(1.,0.,-0.));
#7734 = PCURVE('',#4348,#7735);
#7735 = DEFINITIONAL_REPRESENTATION('',(#7736),#7740);
#7736 = LINE('',#7737,#7738);
#7737 = CARTESIAN_POINT('',(7.8,0.));
#7738 = VECTOR('',#7739,1.);
#7739 = DIRECTION('',(0.,1.));
#7740 = ( GEOMETRIC_REPRESENTATION_CONTEXT(2) 
PARAMETRIC_REPRESENTATION_CONTEXT() REPRESENTATION_CONTEXT('2D SPACE',''
  ) );
#7741 = PCURVE('',#7742,#7747);
#7742 = PLANE('',#7743);
#7743 = AXIS2_PLACEMENT_3D('',#7744,#7745,#7746);
#7744 = CARTESIAN_POINT('',(-34.,-21.,10.2));
#7745 = DIRECTION('',(0.,0.,1.));
#7746 = DIRECTION('',(1.,0.,-0.));
#7747 = DEFINITIONAL_REPRESENTATION('',(#7748),#7752);
#7748 = LINE('',#7749,#7750);
#7749 = CARTESIAN_POINT('',(0.,0.));
#7750 = VECTOR('',#7751,1.);
#7751 = DIRECTION('',(1.,0.));
#7752 = ( GEOMETRIC_REPRESENTATION_CONTEXT(2) 
PARAMETRIC_REPRESENTATION_CONTEXT() REPRESENTATION_CONTEXT('2D SPACE',''
  ) );
#7753 = FACE_BOUND('',#7754,.F.);
#7754 = EDGE_LOOP('',(#7755,#7783,#7809,#7835));
#7755 = ORIENTED_EDGE('',*,*,#7756,.F.);
#7756 = EDGE_CURVE('',#7757,#7759,#7761,.T.);
#7757 = VERTEX_POINT('',#7758);
#7758 = CARTESIAN_POINT('',(-33.4,-21.,7.6));
#7759 = VERTEX_POINT('',#7760);
#7760 = CARTESIAN_POINT('',(-27.6,-21.,7.6));
#7761 = SURFACE_CURVE('',#7762,(#7766,#7772),.PCURVE_S1.);
#7762 = LINE('',#7763,#7764);
#7763 = CARTESIAN_POINT('',(-32.25,-21.,7.6));
#7764 = VECTOR('',#7765,1.);
#7765 = DIRECTION('',(1.,0.,-0.));
#7766 = PCURVE('',#4348,#7767);
#7767 = DEFINITIONAL_REPRESENTATION('',(#7768),#7771);
#7768 = B_SPLINE_CURVE_WITH_KNOTS('',1,(#7769,#7770),.UNSPECIFIED.,.F.,
  .F.,(2,2),(-1.15,4.65),.PIECEWISE_BEZIER_KNOTS.);
#7769 = CARTESIAN_POINT('',(5.2,0.6));
#7770 = CARTESIAN_POINT('',(5.2,6.4));
#7771 = ( GEOMETRIC_REPRESENTATION_CONTEXT(2) 
PARAMETRIC_REPRESENTATION_CONTEXT() REPRESENTATION_CONTEXT('2D SPACE',''
  ) );
#7772 = PCURVE('',#7773,#7778);
#7773 = PLANE('',#7774);
#7774 = AXIS2_PLACEMENT_3D('',#7775,#7776,#7777);
#7775 = CARTESIAN_POINT('',(-30.5,-17.,7.6));
#7776 = DIRECTION('',(0.,0.,1.));
#7777 = DIRECTION('',(1.,0.,-0.));
#7778 = DEFINITIONAL_REPRESENTATION('',(#7779),#7782);
#7779 = B_SPLINE_CURVE_WITH_KNOTS('',1,(#7780,#7781),.UNSPECIFIED.,.F.,
  .F.,(2,2),(-1.15,4.65),.PIECEWISE_BEZIER_KNOTS.);
#7780 = CARTESIAN_POINT('',(-2.9,-4.));
#7781 = CARTESIAN_POINT('',(2.9,-4.));
#7782 = ( GEOMETRIC_REPRESENTATION_CONTEXT(2) 
PARAMETRIC_REPRESENTATION_CONTEXT() REPRESENTATION_CONTEXT('2D SPACE',''
  ) );
#7783 = ORIENTED_EDGE('',*,*,#7784,.T.);
#7784 = EDGE_CURVE('',#7757,#7785,#7787,.T.);
#7785 = VERTEX_POINT('',#7786);
#7786 = CARTESIAN_POINT('',(-33.4,-21.,4.9));
#7787 = SURFACE_CURVE('',#7788,(#7792,#7798),.PCURVE_S1.);
#7788 = LINE('',#7789,#7790);
#7789 = CARTESIAN_POINT('',(-33.4,-21.,3.65));
#7790 = VECTOR('',#7791,1.);
#7791 = DIRECTION('',(0.,0.,-1.));
#7792 = PCURVE('',#4348,#7793);
#7793 = DEFINITIONAL_REPRESENTATION('',(#7794),#7797);
#7794 = B_SPLINE_CURVE_WITH_KNOTS('',1,(#7795,#7796),.UNSPECIFIED.,.F.,
  .F.,(2,2),(-3.95,-1.25),.PIECEWISE_BEZIER_KNOTS.);
#7795 = CARTESIAN_POINT('',(5.2,0.6));
#7796 = CARTESIAN_POINT('',(2.5,0.6));
#7797 = ( GEOMETRIC_REPRESENTATION_CONTEXT(2) 
PARAMETRIC_REPRESENTATION_CONTEXT() REPRESENTATION_CONTEXT('2D SPACE',''
  ) );
#7798 = PCURVE('',#7799,#7804);
#7799 = PLANE('',#7800);
#7800 = AXIS2_PLACEMENT_3D('',#7801,#7802,#7803);
#7801 = CARTESIAN_POINT('',(-33.4,-15.32568421935,4.9));
#7802 = DIRECTION('',(1.,-2.652362326046E-16,0.));
#7803 = DIRECTION('',(-2.652362326046E-16,-1.,0.));
#7804 = DEFINITIONAL_REPRESENTATION('',(#7805),#7808);
#7805 = B_SPLINE_CURVE_WITH_KNOTS('',1,(#7806,#7807),.UNSPECIFIED.,.F.,
  .F.,(2,2),(-3.95,-1.25),.PIECEWISE_BEZIER_KNOTS.);
#7806 = CARTESIAN_POINT('',(5.67431578065,-2.7));
#7807 = CARTESIAN_POINT('',(5.67431578065,0.));
#7808 = ( GEOMETRIC_REPRESENTATION_CONTEXT(2) 
PARAMETRIC_REPRESENTATION_CONTEXT() REPRESENTATION_CONTEXT('2D SPACE',''
  ) );
#7809 = ORIENTED_EDGE('',*,*,#7810,.T.);
#7810 = EDGE_CURVE('',#7785,#7811,#7813,.T.);
#7811 = VERTEX_POINT('',#7812);
#7812 = CARTESIAN_POINT('',(-27.6,-21.,4.9));
#7813 = SURFACE_CURVE('',#7814,(#7818,#7824),.PCURVE_S1.);
#7814 = LINE('',#7815,#7816);
#7815 = CARTESIAN_POINT('',(-32.25,-21.,4.9));
#7816 = VECTOR('',#7817,1.);
#7817 = DIRECTION('',(1.,0.,-0.));
#7818 = PCURVE('',#4348,#7819);
#7819 = DEFINITIONAL_REPRESENTATION('',(#7820),#7823);
#7820 = B_SPLINE_CURVE_WITH_KNOTS('',1,(#7821,#7822),.UNSPECIFIED.,.F.,
  .F.,(2,2),(-1.15,4.65),.PIECEWISE_BEZIER_KNOTS.);
#7821 = CARTESIAN_POINT('',(2.5,0.6));
#7822 = CARTESIAN_POINT('',(2.5,6.4));
#7823 = ( GEOMETRIC_REPRESENTATION_CONTEXT(2) 
PARAMETRIC_REPRESENTATION_CONTEXT() REPRESENTATION_CONTEXT('2D SPACE',''
  ) );
#7824 = PCURVE('',#7825,#7830);
#7825 = PLANE('',#7826);
#7826 = AXIS2_PLACEMENT_3D('',#7827,#7828,#7829);
#7827 = CARTESIAN_POINT('',(-30.5,-17.,4.9));
#7828 = DIRECTION('',(0.,0.,1.));
#7829 = DIRECTION('',(1.,0.,-0.));
#7830 = DEFINITIONAL_REPRESENTATION('',(#7831),#7834);
#7831 = B_SPLINE_CURVE_WITH_KNOTS('',1,(#7832,#7833),.UNSPECIFIED.,.F.,
  .F.,(2,2),(-1.15,4.65),.PIECEWISE_BEZIER_KNOTS.);
#7832 = CARTESIAN_POINT('',(-2.9,-4.));
#7833 = CARTESIAN_POINT('',(2.9,-4.));
#7834 = ( GEOMETRIC_REPRESENTATION_CONTEXT(2) 
PARAMETRIC_REPRESENTATION_CONTEXT() REPRESENTATION_CONTEXT('2D SPACE',''
  ) );
#7835 = ORIENTED_EDGE('',*,*,#7836,.T.);
#7836 = EDGE_CURVE('',#7811,#7759,#7837,.T.);
#7837 = SURFACE_CURVE('',#7838,(#7842,#7848),.PCURVE_S1.);
#7838 = LINE('',#7839,#7840);
#7839 = CARTESIAN_POINT('',(-27.6,-21.,3.65));
#7840 = VECTOR('',#7841,1.);
#7841 = DIRECTION('',(0.,0.,1.));
#7842 = PCURVE('',#4348,#7843);
#7843 = DEFINITIONAL_REPRESENTATION('',(#7844),#7847);
#7844 = B_SPLINE_CURVE_WITH_KNOTS('',1,(#7845,#7846),.UNSPECIFIED.,.F.,
  .F.,(2,2),(1.25,3.95),.PIECEWISE_BEZIER_KNOTS.);
#7845 = CARTESIAN_POINT('',(2.5,6.4));
#7846 = CARTESIAN_POINT('',(5.2,6.4));
#7847 = ( GEOMETRIC_REPRESENTATION_CONTEXT(2) 
PARAMETRIC_REPRESENTATION_CONTEXT() REPRESENTATION_CONTEXT('2D SPACE',''
  ) );
#7848 = PCURVE('',#7849,#7854);
#7849 = PLANE('',#7850);
#7850 = AXIS2_PLACEMENT_3D('',#7851,#7852,#7853);
#7851 = CARTESIAN_POINT('',(-27.6,-18.67431578065,4.9));
#7852 = DIRECTION('',(-1.,0.,0.));
#7853 = DIRECTION('',(0.,1.,0.));
#7854 = DEFINITIONAL_REPRESENTATION('',(#7855),#7858);
#7855 = B_SPLINE_CURVE_WITH_KNOTS('',1,(#7856,#7857),.UNSPECIFIED.,.F.,
  .F.,(2,2),(1.25,3.95),.PIECEWISE_BEZIER_KNOTS.);
#7856 = CARTESIAN_POINT('',(-2.32568421935,0.));
#7857 = CARTESIAN_POINT('',(-2.32568421935,-2.7));
#7858 = ( GEOMETRIC_REPRESENTATION_CONTEXT(2) 
PARAMETRIC_REPRESENTATION_CONTEXT() REPRESENTATION_CONTEXT('2D SPACE',''
  ) );
#7859 = ADVANCED_FACE('',(#7860),#3765,.T.);
#7860 = FACE_BOUND('',#7861,.T.);
#7861 = EDGE_LOOP('',(#7862,#7881,#7882,#7883));
#7862 = ORIENTED_EDGE('',*,*,#7863,.F.);
#7863 = EDGE_CURVE('',#3750,#5256,#7864,.T.);
#7864 = SURFACE_CURVE('',#7865,(#7869,#7875),.PCURVE_S1.);
#7865 = LINE('',#7866,#7867);
#7866 = CARTESIAN_POINT('',(28.166969722018,-44.,2.4));
#7867 = VECTOR('',#7868,1.);
#7868 = DIRECTION('',(0.,0.,1.));
#7869 = PCURVE('',#3765,#7870);
#7870 = DEFINITIONAL_REPRESENTATION('',(#7871),#7874);
#7871 = B_SPLINE_CURVE_WITH_KNOTS('',1,(#7872,#7873),.UNSPECIFIED.,.F.,
  .F.,(2,2),(-2.400000000069E-06,29.6000024),.PIECEWISE_BEZIER_KNOTS.);
#7872 = CARTESIAN_POINT('',(-2.400000000069E-06,62.166969722018));
#7873 = CARTESIAN_POINT('',(29.6000024,62.166969722018));
#7874 = ( GEOMETRIC_REPRESENTATION_CONTEXT(2) 
PARAMETRIC_REPRESENTATION_CONTEXT() REPRESENTATION_CONTEXT('2D SPACE',''
  ) );
#7875 = PCURVE('',#3794,#7876);
#7876 = DEFINITIONAL_REPRESENTATION('',(#7877),#7880);
#7877 = B_SPLINE_CURVE_WITH_KNOTS('',1,(#7878,#7879),.UNSPECIFIED.,.F.,
  .F.,(2,2),(-2.400000000069E-06,29.6000024),.PIECEWISE_BEZIER_KNOTS.);
#7878 = CARTESIAN_POINT('',(4.282689314233,-2.400000000069E-06));
#7879 = CARTESIAN_POINT('',(4.282689314233,29.6000024));
#7880 = ( GEOMETRIC_REPRESENTATION_CONTEXT(2) 
PARAMETRIC_REPRESENTATION_CONTEXT() REPRESENTATION_CONTEXT('2D SPACE',''
  ) );
#7881 = ORIENTED_EDGE('',*,*,#3749,.F.);
#7882 = ORIENTED_EDGE('',*,*,#7489,.T.);
#7883 = ORIENTED_EDGE('',*,*,#5279,.F.);
#7884 = ADVANCED_FACE('',(#7885),#4322,.T.);
#7885 = FACE_BOUND('',#7886,.T.);
#7886 = EDGE_LOOP('',(#7887,#7888,#7889,#7912));
#7887 = ORIENTED_EDGE('',*,*,#7683,.F.);
#7888 = ORIENTED_EDGE('',*,*,#4306,.T.);
#7889 = ORIENTED_EDGE('',*,*,#7890,.T.);
#7890 = EDGE_CURVE('',#4279,#7891,#7893,.T.);
#7891 = VERTEX_POINT('',#7892);
#7892 = CARTESIAN_POINT('',(-25.2,-13.,8.4));
#7893 = SURFACE_CURVE('',#7894,(#7898,#7905),.PCURVE_S1.);
#7894 = LINE('',#7895,#7896);
#7895 = CARTESIAN_POINT('',(-25.2,-13.,2.4));
#7896 = VECTOR('',#7897,1.);
#7897 = DIRECTION('',(0.,0.,1.));
#7898 = PCURVE('',#4322,#7899);
#7899 = DEFINITIONAL_REPRESENTATION('',(#7900),#7904);
#7900 = LINE('',#7901,#7902);
#7901 = CARTESIAN_POINT('',(0.,-8.));
#7902 = VECTOR('',#7903,1.);
#7903 = DIRECTION('',(1.,0.));
#7904 = ( GEOMETRIC_REPRESENTATION_CONTEXT(2) 
PARAMETRIC_REPRESENTATION_CONTEXT() REPRESENTATION_CONTEXT('2D SPACE',''
  ) );
#7905 = PCURVE('',#4294,#7906);
#7906 = DEFINITIONAL_REPRESENTATION('',(#7907),#7911);
#7907 = LINE('',#7908,#7909);
#7908 = CARTESIAN_POINT('',(0.,8.8));
#7909 = VECTOR('',#7910,1.);
#7910 = DIRECTION('',(1.,0.));
#7911 = ( GEOMETRIC_REPRESENTATION_CONTEXT(2) 
PARAMETRIC_REPRESENTATION_CONTEXT() REPRESENTATION_CONTEXT('2D SPACE',''
  ) );
#7912 = ORIENTED_EDGE('',*,*,#7913,.F.);
#7913 = EDGE_CURVE('',#7656,#7891,#7914,.T.);
#7914 = SURFACE_CURVE('',#7915,(#7919,#7926),.PCURVE_S1.);
#7915 = LINE('',#7916,#7917);
#7916 = CARTESIAN_POINT('',(-25.2,-21.,8.4));
#7917 = VECTOR('',#7918,1.);
#7918 = DIRECTION('',(-0.,1.,0.));
#7919 = PCURVE('',#4322,#7920);
#7920 = DEFINITIONAL_REPRESENTATION('',(#7921),#7925);
#7921 = LINE('',#7922,#7923);
#7922 = CARTESIAN_POINT('',(6.,0.));
#7923 = VECTOR('',#7924,1.);
#7924 = DIRECTION('',(0.,-1.));
#7925 = ( GEOMETRIC_REPRESENTATION_CONTEXT(2) 
PARAMETRIC_REPRESENTATION_CONTEXT() REPRESENTATION_CONTEXT('2D SPACE',''
  ) );
#7926 = PCURVE('',#7671,#7927);
#7927 = DEFINITIONAL_REPRESENTATION('',(#7928),#7932);
#7928 = LINE('',#7929,#7930);
#7929 = CARTESIAN_POINT('',(8.8,0.));
#7930 = VECTOR('',#7931,1.);
#7931 = DIRECTION('',(0.,1.));
#7932 = ( GEOMETRIC_REPRESENTATION_CONTEXT(2) 
PARAMETRIC_REPRESENTATION_CONTEXT() REPRESENTATION_CONTEXT('2D SPACE',''
  ) );
#7933 = ADVANCED_FACE('',(#7934,#7958),#3794,.T.);
#7934 = FACE_BOUND('',#7935,.T.);
#7935 = EDGE_LOOP('',(#7936,#7937,#7956,#7957));
#7936 = ORIENTED_EDGE('',*,*,#5255,.F.);
#7937 = ORIENTED_EDGE('',*,*,#7938,.F.);
#7938 = EDGE_CURVE('',#3778,#5234,#7939,.T.);
#7939 = SURFACE_CURVE('',#7940,(#7944,#7950),.PCURVE_S1.);
#7940 = LINE('',#7941,#7942);
#7941 = CARTESIAN_POINT('',(34.,-38.16696972201,2.4));
#7942 = VECTOR('',#7943,1.);
#7943 = DIRECTION('',(0.,0.,1.));
#7944 = PCURVE('',#3794,#7945);
#7945 = DEFINITIONAL_REPRESENTATION('',(#7946),#7949);
#7946 = B_SPLINE_CURVE_WITH_KNOTS('',1,(#7947,#7948),.UNSPECIFIED.,.F.,
  .F.,(2,2),(-2.400000000069E-06,29.6000024),.PIECEWISE_BEZIER_KNOTS.);
#7947 = CARTESIAN_POINT('',(0.429699666151,-2.400000000069E-06));
#7948 = CARTESIAN_POINT('',(0.429699666151,29.6000024));
#7949 = ( GEOMETRIC_REPRESENTATION_CONTEXT(2) 
PARAMETRIC_REPRESENTATION_CONTEXT() REPRESENTATION_CONTEXT('2D SPACE',''
  ) );
#7950 = PCURVE('',#3822,#7951);
#7951 = DEFINITIONAL_REPRESENTATION('',(#7952),#7955);
#7952 = B_SPLINE_CURVE_WITH_KNOTS('',1,(#7953,#7954),.UNSPECIFIED.,.F.,
  .F.,(2,2),(-2.400000000069E-06,29.6000024),.PIECEWISE_BEZIER_KNOTS.);
#7953 = CARTESIAN_POINT('',(-2.400000000069E-06,-5.833030277982));
#7954 = CARTESIAN_POINT('',(29.6000024,-5.833030277982));
#7955 = ( GEOMETRIC_REPRESENTATION_CONTEXT(2) 
PARAMETRIC_REPRESENTATION_CONTEXT() REPRESENTATION_CONTEXT('2D SPACE',''
  ) );
#7956 = ORIENTED_EDGE('',*,*,#3777,.T.);
#7957 = ORIENTED_EDGE('',*,*,#7863,.T.);
#7958 = FACE_BOUND('',#7959,.T.);
#7959 = EDGE_LOOP('',(#7960,#7991,#8017,#8046));
#7960 = ORIENTED_EDGE('',*,*,#7961,.F.);
#7961 = EDGE_CURVE('',#7962,#7964,#7966,.T.);
#7962 = VERTEX_POINT('',#7963);
#7963 = CARTESIAN_POINT('',(32.9,-36.69092157844,26.5));
#7964 = VERTEX_POINT('',#7965);
#7965 = CARTESIAN_POINT('',(27.1,-36.69092157844,26.5));
#7966 = SURFACE_CURVE('',#7967,(#7972,#7979),.PCURVE_S1.);
#7967 = CIRCLE('',#7968,4.4);
#7968 = AXIS2_PLACEMENT_3D('',#7969,#7970,#7971);
#7969 = CARTESIAN_POINT('',(30.,-40.,26.5));
#7970 = DIRECTION('',(0.,0.,1.));
#7971 = DIRECTION('',(1.,0.,-0.));
#7972 = PCURVE('',#3794,#7973);
#7973 = DEFINITIONAL_REPRESENTATION('',(#7974),#7978);
#7974 = LINE('',#7975,#7976);
#7975 = CARTESIAN_POINT('',(0.,24.1));
#7976 = VECTOR('',#7977,1.);
#7977 = DIRECTION('',(1.,0.));
#7978 = ( GEOMETRIC_REPRESENTATION_CONTEXT(2) 
PARAMETRIC_REPRESENTATION_CONTEXT() REPRESENTATION_CONTEXT('2D SPACE',''
  ) );
#7979 = PCURVE('',#7980,#7985);
#7980 = PLANE('',#7981);
#7981 = AXIS2_PLACEMENT_3D('',#7982,#7983,#7984);
#7982 = CARTESIAN_POINT('',(30.,-40.,26.5));
#7983 = DIRECTION('',(0.,0.,1.));
#7984 = DIRECTION('',(1.,0.,-0.));
#7985 = DEFINITIONAL_REPRESENTATION('',(#7986),#7990);
#7986 = CIRCLE('',#7987,4.4);
#7987 = AXIS2_PLACEMENT_2D('',#7988,#7989);
#7988 = CARTESIAN_POINT('',(0.,0.));
#7989 = DIRECTION('',(1.,0.));
#7990 = ( GEOMETRIC_REPRESENTATION_CONTEXT(2) 
PARAMETRIC_REPRESENTATION_CONTEXT() REPRESENTATION_CONTEXT('2D SPACE',''
  ) );
#7991 = ORIENTED_EDGE('',*,*,#7992,.T.);
#7992 = EDGE_CURVE('',#7962,#7993,#7995,.T.);
#7993 = VERTEX_POINT('',#7994);
#7994 = CARTESIAN_POINT('',(32.9,-36.69092157844,29.2));
#7995 = SURFACE_CURVE('',#7996,(#8000,#8006),.PCURVE_S1.);
#7996 = LINE('',#7997,#7998);
#7997 = CARTESIAN_POINT('',(32.9,-36.69092157844,2.4));
#7998 = VECTOR('',#7999,1.);
#7999 = DIRECTION('',(0.,0.,1.));
#8000 = PCURVE('',#3794,#8001);
#8001 = DEFINITIONAL_REPRESENTATION('',(#8002),#8005);
#8002 = B_SPLINE_CURVE_WITH_KNOTS('',1,(#8003,#8004),.UNSPECIFIED.,.F.,
  .F.,(2,2),(23.83,27.07),.PIECEWISE_BEZIER_KNOTS.);
#8003 = CARTESIAN_POINT('',(0.851187002945,23.83));
#8004 = CARTESIAN_POINT('',(0.851187002945,27.07));
#8005 = ( GEOMETRIC_REPRESENTATION_CONTEXT(2) 
PARAMETRIC_REPRESENTATION_CONTEXT() REPRESENTATION_CONTEXT('2D SPACE',''
  ) );
#8006 = PCURVE('',#8007,#8012);
#8007 = PLANE('',#8008);
#8008 = AXIS2_PLACEMENT_3D('',#8009,#8010,#8011);
#8009 = CARTESIAN_POINT('',(32.9,-41.67431578065,26.5));
#8010 = DIRECTION('',(-1.,0.,0.));
#8011 = DIRECTION('',(0.,1.,0.));
#8012 = DEFINITIONAL_REPRESENTATION('',(#8013),#8016);
#8013 = B_SPLINE_CURVE_WITH_KNOTS('',1,(#8014,#8015),.UNSPECIFIED.,.F.,
  .F.,(2,2),(23.83,27.07),.PIECEWISE_BEZIER_KNOTS.);
#8014 = CARTESIAN_POINT('',(4.983394202205,0.27));
#8015 = CARTESIAN_POINT('',(4.983394202205,-2.97));
#8016 = ( GEOMETRIC_REPRESENTATION_CONTEXT(2) 
PARAMETRIC_REPRESENTATION_CONTEXT() REPRESENTATION_CONTEXT('2D SPACE',''
  ) );
#8017 = ORIENTED_EDGE('',*,*,#8018,.T.);
#8018 = EDGE_CURVE('',#7993,#8019,#8021,.T.);
#8019 = VERTEX_POINT('',#8020);
#8020 = CARTESIAN_POINT('',(27.1,-36.69092157844,29.2));
#8021 = SURFACE_CURVE('',#8022,(#8027,#8034),.PCURVE_S1.);
#8022 = CIRCLE('',#8023,4.4);
#8023 = AXIS2_PLACEMENT_3D('',#8024,#8025,#8026);
#8024 = CARTESIAN_POINT('',(30.,-40.,29.2));
#8025 = DIRECTION('',(0.,0.,1.));
#8026 = DIRECTION('',(1.,0.,-0.));
#8027 = PCURVE('',#3794,#8028);
#8028 = DEFINITIONAL_REPRESENTATION('',(#8029),#8033);
#8029 = LINE('',#8030,#8031);
#8030 = CARTESIAN_POINT('',(0.,26.8));
#8031 = VECTOR('',#8032,1.);
#8032 = DIRECTION('',(1.,0.));
#8033 = ( GEOMETRIC_REPRESENTATION_CONTEXT(2) 
PARAMETRIC_REPRESENTATION_CONTEXT() REPRESENTATION_CONTEXT('2D SPACE',''
  ) );
#8034 = PCURVE('',#8035,#8040);
#8035 = PLANE('',#8036);
#8036 = AXIS2_PLACEMENT_3D('',#8037,#8038,#8039);
#8037 = CARTESIAN_POINT('',(30.,-40.,29.2));
#8038 = DIRECTION('',(0.,0.,1.));
#8039 = DIRECTION('',(1.,0.,-0.));
#8040 = DEFINITIONAL_REPRESENTATION('',(#8041),#8045);
#8041 = CIRCLE('',#8042,4.4);
#8042 = AXIS2_PLACEMENT_2D('',#8043,#8044);
#8043 = CARTESIAN_POINT('',(0.,0.));
#8044 = DIRECTION('',(1.,0.));
#8045 = ( GEOMETRIC_REPRESENTATION_CONTEXT(2) 
PARAMETRIC_REPRESENTATION_CONTEXT() REPRESENTATION_CONTEXT('2D SPACE',''
  ) );
#8046 = ORIENTED_EDGE('',*,*,#8047,.F.);
#8047 = EDGE_CURVE('',#7964,#8019,#8048,.T.);
#8048 = SURFACE_CURVE('',#8049,(#8053,#8059),.PCURVE_S1.);
#8049 = LINE('',#8050,#8051);
#8050 = CARTESIAN_POINT('',(27.1,-36.69092157844,2.4));
#8051 = VECTOR('',#8052,1.);
#8052 = DIRECTION('',(0.,0.,1.));
#8053 = PCURVE('',#3794,#8054);
#8054 = DEFINITIONAL_REPRESENTATION('',(#8055),#8058);
#8055 = B_SPLINE_CURVE_WITH_KNOTS('',1,(#8056,#8057),.UNSPECIFIED.,.F.,
  .F.,(2,2),(23.83,27.07),.PIECEWISE_BEZIER_KNOTS.);
#8056 = CARTESIAN_POINT('',(2.290405650645,23.83));
#8057 = CARTESIAN_POINT('',(2.290405650645,27.07));
#8058 = ( GEOMETRIC_REPRESENTATION_CONTEXT(2) 
PARAMETRIC_REPRESENTATION_CONTEXT() REPRESENTATION_CONTEXT('2D SPACE',''
  ) );
#8059 = PCURVE('',#8060,#8065);
#8060 = PLANE('',#8061);
#8061 = AXIS2_PLACEMENT_3D('',#8062,#8063,#8064);
#8062 = CARTESIAN_POINT('',(27.1,-38.32568421935,26.5));
#8063 = DIRECTION('',(1.,-2.652362326046E-16,0.));
#8064 = DIRECTION('',(-2.652362326046E-16,-1.,0.));
#8065 = DEFINITIONAL_REPRESENTATION('',(#8066),#8069);
#8066 = B_SPLINE_CURVE_WITH_KNOTS('',1,(#8067,#8068),.UNSPECIFIED.,.F.,
  .F.,(2,2),(23.83,27.07),.PIECEWISE_BEZIER_KNOTS.);
#8067 = CARTESIAN_POINT('',(-1.634762640905,0.27));
#8068 = CARTESIAN_POINT('',(-1.634762640905,-2.97));
#8069 = ( GEOMETRIC_REPRESENTATION_CONTEXT(2) 
PARAMETRIC_REPRESENTATION_CONTEXT() REPRESENTATION_CONTEXT('2D SPACE',''
  ) );
#8070 = ADVANCED_FACE('',(#8071),#4294,.T.);
#8071 = FACE_BOUND('',#8072,.T.);
#8072 = EDGE_LOOP('',(#8073,#8074,#8095,#8096,#8117,#8140,#8163,#8184));
#8073 = ORIENTED_EDGE('',*,*,#4278,.F.);
#8074 = ORIENTED_EDGE('',*,*,#8075,.F.);
#8075 = EDGE_CURVE('',#6396,#4251,#8076,.T.);
#8076 = SURFACE_CURVE('',#8077,(#8081,#8088),.PCURVE_S1.);
#8077 = LINE('',#8078,#8079);
#8078 = CARTESIAN_POINT('',(-34.,-13.,10.2));
#8079 = VECTOR('',#8080,1.);
#8080 = DIRECTION('',(0.,0.,-1.));
#8081 = PCURVE('',#4294,#8082);
#8082 = DEFINITIONAL_REPRESENTATION('',(#8083),#8087);
#8083 = LINE('',#8084,#8085);
#8084 = CARTESIAN_POINT('',(7.8,0.));
#8085 = VECTOR('',#8086,1.);
#8086 = DIRECTION('',(-1.,0.));
#8087 = ( GEOMETRIC_REPRESENTATION_CONTEXT(2) 
PARAMETRIC_REPRESENTATION_CONTEXT() REPRESENTATION_CONTEXT('2D SPACE',''
  ) );
#8088 = PCURVE('',#4266,#8089);
#8089 = DEFINITIONAL_REPRESENTATION('',(#8090),#8094);
#8090 = LINE('',#8091,#8092);
#8091 = CARTESIAN_POINT('',(7.8,-31.));
#8092 = VECTOR('',#8093,1.);
#8093 = DIRECTION('',(-1.,0.));
#8094 = ( GEOMETRIC_REPRESENTATION_CONTEXT(2) 
PARAMETRIC_REPRESENTATION_CONTEXT() REPRESENTATION_CONTEXT('2D SPACE',''
  ) );
#8095 = ORIENTED_EDGE('',*,*,#6395,.T.);
#8096 = ORIENTED_EDGE('',*,*,#8097,.F.);
#8097 = EDGE_CURVE('',#8098,#6368,#8100,.T.);
#8098 = VERTEX_POINT('',#8099);
#8099 = CARTESIAN_POINT('',(-33.5,-13.,10.2));
#8100 = SURFACE_CURVE('',#8101,(#8105,#8111),.PCURVE_S1.);
#8101 = LINE('',#8102,#8103);
#8102 = CARTESIAN_POINT('',(-33.5,-13.,5.7));
#8103 = VECTOR('',#8104,1.);
#8104 = DIRECTION('',(-0.,0.,-1.));
#8105 = PCURVE('',#4294,#8106);
#8106 = DEFINITIONAL_REPRESENTATION('',(#8107),#8110);
#8107 = B_SPLINE_CURVE_WITH_KNOTS('',1,(#8108,#8109),.UNSPECIFIED.,.F.,
  .F.,(2,2),(-4.5,-3.3),.PIECEWISE_BEZIER_KNOTS.);
#8108 = CARTESIAN_POINT('',(7.8,0.5));
#8109 = CARTESIAN_POINT('',(6.6,0.5));
#8110 = ( GEOMETRIC_REPRESENTATION_CONTEXT(2) 
PARAMETRIC_REPRESENTATION_CONTEXT() REPRESENTATION_CONTEXT('2D SPACE',''
  ) );
#8111 = PCURVE('',#6383,#8112);
#8112 = DEFINITIONAL_REPRESENTATION('',(#8113),#8116);
#8113 = B_SPLINE_CURVE_WITH_KNOTS('',1,(#8114,#8115),.UNSPECIFIED.,.F.,
  .F.,(2,2),(-4.5,-3.3),.PIECEWISE_BEZIER_KNOTS.);
#8114 = CARTESIAN_POINT('',(1.2,-17.));
#8115 = CARTESIAN_POINT('',(0.,-17.));
#8116 = ( GEOMETRIC_REPRESENTATION_CONTEXT(2) 
PARAMETRIC_REPRESENTATION_CONTEXT() REPRESENTATION_CONTEXT('2D SPACE',''
  ) );
#8117 = ORIENTED_EDGE('',*,*,#8118,.T.);
#8118 = EDGE_CURVE('',#8098,#8119,#8121,.T.);
#8119 = VERTEX_POINT('',#8120);
#8120 = CARTESIAN_POINT('',(-26.4,-13.,10.2));
#8121 = SURFACE_CURVE('',#8122,(#8126,#8133),.PCURVE_S1.);
#8122 = LINE('',#8123,#8124);
#8123 = CARTESIAN_POINT('',(-34.,-13.,10.2));
#8124 = VECTOR('',#8125,1.);
#8125 = DIRECTION('',(1.,0.,-0.));
#8126 = PCURVE('',#4294,#8127);
#8127 = DEFINITIONAL_REPRESENTATION('',(#8128),#8132);
#8128 = LINE('',#8129,#8130);
#8129 = CARTESIAN_POINT('',(7.8,0.));
#8130 = VECTOR('',#8131,1.);
#8131 = DIRECTION('',(0.,1.));
#8132 = ( GEOMETRIC_REPRESENTATION_CONTEXT(2) 
PARAMETRIC_REPRESENTATION_CONTEXT() REPRESENTATION_CONTEXT('2D SPACE',''
  ) );
#8133 = PCURVE('',#7742,#8134);
#8134 = DEFINITIONAL_REPRESENTATION('',(#8135),#8139);
#8135 = LINE('',#8136,#8137);
#8136 = CARTESIAN_POINT('',(0.,8.));
#8137 = VECTOR('',#8138,1.);
#8138 = DIRECTION('',(1.,0.));
#8139 = ( GEOMETRIC_REPRESENTATION_CONTEXT(2) 
PARAMETRIC_REPRESENTATION_CONTEXT() REPRESENTATION_CONTEXT('2D SPACE',''
  ) );
#8140 = ORIENTED_EDGE('',*,*,#8141,.F.);
#8141 = EDGE_CURVE('',#8142,#8119,#8144,.T.);
#8142 = VERTEX_POINT('',#8143);
#8143 = CARTESIAN_POINT('',(-26.4,-13.,8.4));
#8144 = SURFACE_CURVE('',#8145,(#8149,#8156),.PCURVE_S1.);
#8145 = LINE('',#8146,#8147);
#8146 = CARTESIAN_POINT('',(-26.4,-13.,2.4));
#8147 = VECTOR('',#8148,1.);
#8148 = DIRECTION('',(0.,0.,1.));
#8149 = PCURVE('',#4294,#8150);
#8150 = DEFINITIONAL_REPRESENTATION('',(#8151),#8155);
#8151 = LINE('',#8152,#8153);
#8152 = CARTESIAN_POINT('',(0.,7.6));
#8153 = VECTOR('',#8154,1.);
#8154 = DIRECTION('',(1.,0.));
#8155 = ( GEOMETRIC_REPRESENTATION_CONTEXT(2) 
PARAMETRIC_REPRESENTATION_CONTEXT() REPRESENTATION_CONTEXT('2D SPACE',''
  ) );
#8156 = PCURVE('',#7643,#8157);
#8157 = DEFINITIONAL_REPRESENTATION('',(#8158),#8162);
#8158 = LINE('',#8159,#8160);
#8159 = CARTESIAN_POINT('',(0.,-8.));
#8160 = VECTOR('',#8161,1.);
#8161 = DIRECTION('',(1.,0.));
#8162 = ( GEOMETRIC_REPRESENTATION_CONTEXT(2) 
PARAMETRIC_REPRESENTATION_CONTEXT() REPRESENTATION_CONTEXT('2D SPACE',''
  ) );
#8163 = ORIENTED_EDGE('',*,*,#8164,.T.);
#8164 = EDGE_CURVE('',#8142,#7891,#8165,.T.);
#8165 = SURFACE_CURVE('',#8166,(#8170,#8177),.PCURVE_S1.);
#8166 = LINE('',#8167,#8168);
#8167 = CARTESIAN_POINT('',(-34.,-13.,8.4));
#8168 = VECTOR('',#8169,1.);
#8169 = DIRECTION('',(1.,0.,-0.));
#8170 = PCURVE('',#4294,#8171);
#8171 = DEFINITIONAL_REPRESENTATION('',(#8172),#8176);
#8172 = LINE('',#8173,#8174);
#8173 = CARTESIAN_POINT('',(6.,0.));
#8174 = VECTOR('',#8175,1.);
#8175 = DIRECTION('',(0.,1.));
#8176 = ( GEOMETRIC_REPRESENTATION_CONTEXT(2) 
PARAMETRIC_REPRESENTATION_CONTEXT() REPRESENTATION_CONTEXT('2D SPACE',''
  ) );
#8177 = PCURVE('',#7671,#8178);
#8178 = DEFINITIONAL_REPRESENTATION('',(#8179),#8183);
#8179 = LINE('',#8180,#8181);
#8180 = CARTESIAN_POINT('',(0.,8.));
#8181 = VECTOR('',#8182,1.);
#8182 = DIRECTION('',(1.,0.));
#8183 = ( GEOMETRIC_REPRESENTATION_CONTEXT(2) 
PARAMETRIC_REPRESENTATION_CONTEXT() REPRESENTATION_CONTEXT('2D SPACE',''
  ) );
#8184 = ORIENTED_EDGE('',*,*,#7890,.F.);
#8185 = ADVANCED_FACE('',(#8186,#8356,#8476,#8596,#8716,#8836,#8956,
    #9076),#3822,.F.);
#8186 = FACE_BOUND('',#8187,.F.);
#8187 = EDGE_LOOP('',(#8188,#8189,#8190,#8213,#8241,#8262,#8263,#8286,
    #8314,#8335,#8336,#8355));
#8188 = ORIENTED_EDGE('',*,*,#7938,.F.);
#8189 = ORIENTED_EDGE('',*,*,#3806,.T.);
#8190 = ORIENTED_EDGE('',*,*,#8191,.F.);
#8191 = EDGE_CURVE('',#8192,#3807,#8194,.T.);
#8192 = VERTEX_POINT('',#8193);
#8193 = CARTESIAN_POINT('',(34.,-21.,10.2));
#8194 = SURFACE_CURVE('',#8195,(#8199,#8206),.PCURVE_S1.);
#8195 = LINE('',#8196,#8197);
#8196 = CARTESIAN_POINT('',(34.,-21.,10.2));
#8197 = VECTOR('',#8198,1.);
#8198 = DIRECTION('',(0.,0.,-1.));
#8199 = PCURVE('',#3822,#8200);
#8200 = DEFINITIONAL_REPRESENTATION('',(#8201),#8205);
#8201 = LINE('',#8202,#8203);
#8202 = CARTESIAN_POINT('',(7.8,-23.));
#8203 = VECTOR('',#8204,1.);
#8204 = DIRECTION('',(-1.,0.));
#8205 = ( GEOMETRIC_REPRESENTATION_CONTEXT(2) 
PARAMETRIC_REPRESENTATION_CONTEXT() REPRESENTATION_CONTEXT('2D SPACE',''
  ) );
#8206 = PCURVE('',#3850,#8207);
#8207 = DEFINITIONAL_REPRESENTATION('',(#8208),#8212);
#8208 = LINE('',#8209,#8210);
#8209 = CARTESIAN_POINT('',(7.8,7.6));
#8210 = VECTOR('',#8211,1.);
#8211 = DIRECTION('',(-1.,0.));
#8212 = ( GEOMETRIC_REPRESENTATION_CONTEXT(2) 
PARAMETRIC_REPRESENTATION_CONTEXT() REPRESENTATION_CONTEXT('2D SPACE',''
  ) );
#8213 = ORIENTED_EDGE('',*,*,#8214,.T.);
#8214 = EDGE_CURVE('',#8192,#8215,#8217,.T.);
#8215 = VERTEX_POINT('',#8216);
#8216 = CARTESIAN_POINT('',(34.,-13.,10.2));
#8217 = SURFACE_CURVE('',#8218,(#8222,#8229),.PCURVE_S1.);
#8218 = LINE('',#8219,#8220);
#8219 = CARTESIAN_POINT('',(34.,-21.,10.2));
#8220 = VECTOR('',#8221,1.);
#8221 = DIRECTION('',(-0.,1.,0.));
#8222 = PCURVE('',#3822,#8223);
#8223 = DEFINITIONAL_REPRESENTATION('',(#8224),#8228);
#8224 = LINE('',#8225,#8226);
#8225 = CARTESIAN_POINT('',(7.8,-23.));
#8226 = VECTOR('',#8227,1.);
#8227 = DIRECTION('',(0.,-1.));
#8228 = ( GEOMETRIC_REPRESENTATION_CONTEXT(2) 
PARAMETRIC_REPRESENTATION_CONTEXT() REPRESENTATION_CONTEXT('2D SPACE',''
  ) );
#8229 = PCURVE('',#8230,#8235);
#8230 = PLANE('',#8231);
#8231 = AXIS2_PLACEMENT_3D('',#8232,#8233,#8234);
#8232 = CARTESIAN_POINT('',(26.4,-21.,10.2));
#8233 = DIRECTION('',(0.,0.,1.));
#8234 = DIRECTION('',(1.,0.,-0.));
#8235 = DEFINITIONAL_REPRESENTATION('',(#8236),#8240);
#8236 = LINE('',#8237,#8238);
#8237 = CARTESIAN_POINT('',(7.6,0.));
#8238 = VECTOR('',#8239,1.);
#8239 = DIRECTION('',(0.,1.));
#8240 = ( GEOMETRIC_REPRESENTATION_CONTEXT(2) 
PARAMETRIC_REPRESENTATION_CONTEXT() REPRESENTATION_CONTEXT('2D SPACE',''
  ) );
#8241 = ORIENTED_EDGE('',*,*,#8242,.F.);
#8242 = EDGE_CURVE('',#3891,#8215,#8243,.T.);
#8243 = SURFACE_CURVE('',#8244,(#8248,#8255),.PCURVE_S1.);
#8244 = LINE('',#8245,#8246);
#8245 = CARTESIAN_POINT('',(34.,-13.,2.4));
#8246 = VECTOR('',#8247,1.);
#8247 = DIRECTION('',(0.,0.,1.));
#8248 = PCURVE('',#3822,#8249);
#8249 = DEFINITIONAL_REPRESENTATION('',(#8250),#8254);
#8250 = LINE('',#8251,#8252);
#8251 = CARTESIAN_POINT('',(0.,-31.));
#8252 = VECTOR('',#8253,1.);
#8253 = DIRECTION('',(1.,0.));
#8254 = ( GEOMETRIC_REPRESENTATION_CONTEXT(2) 
PARAMETRIC_REPRESENTATION_CONTEXT() REPRESENTATION_CONTEXT('2D SPACE',''
  ) );
#8255 = PCURVE('',#3906,#8256);
#8256 = DEFINITIONAL_REPRESENTATION('',(#8257),#8261);
#8257 = LINE('',#8258,#8259);
#8258 = CARTESIAN_POINT('',(0.,8.8));
#8259 = VECTOR('',#8260,1.);
#8260 = DIRECTION('',(1.,0.));
#8261 = ( GEOMETRIC_REPRESENTATION_CONTEXT(2) 
PARAMETRIC_REPRESENTATION_CONTEXT() REPRESENTATION_CONTEXT('2D SPACE',''
  ) );
#8262 = ORIENTED_EDGE('',*,*,#3918,.T.);
#8263 = ORIENTED_EDGE('',*,*,#8264,.F.);
#8264 = EDGE_CURVE('',#8265,#3919,#8267,.T.);
#8265 = VERTEX_POINT('',#8266);
#8266 = CARTESIAN_POINT('',(34.,13.,10.2));
#8267 = SURFACE_CURVE('',#8268,(#8272,#8279),.PCURVE_S1.);
#8268 = LINE('',#8269,#8270);
#8269 = CARTESIAN_POINT('',(34.,13.,10.2));
#8270 = VECTOR('',#8271,1.);
#8271 = DIRECTION('',(0.,0.,-1.));
#8272 = PCURVE('',#3822,#8273);
#8273 = DEFINITIONAL_REPRESENTATION('',(#8274),#8278);
#8274 = LINE('',#8275,#8276);
#8275 = CARTESIAN_POINT('',(7.8,-57.));
#8276 = VECTOR('',#8277,1.);
#8277 = DIRECTION('',(-1.,0.));
#8278 = ( GEOMETRIC_REPRESENTATION_CONTEXT(2) 
PARAMETRIC_REPRESENTATION_CONTEXT() REPRESENTATION_CONTEXT('2D SPACE',''
  ) );
#8279 = PCURVE('',#3957,#8280);
#8280 = DEFINITIONAL_REPRESENTATION('',(#8281),#8285);
#8281 = LINE('',#8282,#8283);
#8282 = CARTESIAN_POINT('',(7.8,7.6));
#8283 = VECTOR('',#8284,1.);
#8284 = DIRECTION('',(-1.,0.));
#8285 = ( GEOMETRIC_REPRESENTATION_CONTEXT(2) 
PARAMETRIC_REPRESENTATION_CONTEXT() REPRESENTATION_CONTEXT('2D SPACE',''
  ) );
#8286 = ORIENTED_EDGE('',*,*,#8287,.T.);
#8287 = EDGE_CURVE('',#8265,#8288,#8290,.T.);
#8288 = VERTEX_POINT('',#8289);
#8289 = CARTESIAN_POINT('',(34.,21.,10.2));
#8290 = SURFACE_CURVE('',#8291,(#8295,#8302),.PCURVE_S1.);
#8291 = LINE('',#8292,#8293);
#8292 = CARTESIAN_POINT('',(34.,13.,10.2));
#8293 = VECTOR('',#8294,1.);
#8294 = DIRECTION('',(-0.,1.,0.));
#8295 = PCURVE('',#3822,#8296);
#8296 = DEFINITIONAL_REPRESENTATION('',(#8297),#8301);
#8297 = LINE('',#8298,#8299);
#8298 = CARTESIAN_POINT('',(7.8,-57.));
#8299 = VECTOR('',#8300,1.);
#8300 = DIRECTION('',(0.,-1.));
#8301 = ( GEOMETRIC_REPRESENTATION_CONTEXT(2) 
PARAMETRIC_REPRESENTATION_CONTEXT() REPRESENTATION_CONTEXT('2D SPACE',''
  ) );
#8302 = PCURVE('',#8303,#8308);
#8303 = PLANE('',#8304);
#8304 = AXIS2_PLACEMENT_3D('',#8305,#8306,#8307);
#8305 = CARTESIAN_POINT('',(26.4,13.,10.2));
#8306 = DIRECTION('',(0.,0.,1.));
#8307 = DIRECTION('',(1.,0.,-0.));
#8308 = DEFINITIONAL_REPRESENTATION('',(#8309),#8313);
#8309 = LINE('',#8310,#8311);
#8310 = CARTESIAN_POINT('',(7.6,0.));
#8311 = VECTOR('',#8312,1.);
#8312 = DIRECTION('',(0.,1.));
#8313 = ( GEOMETRIC_REPRESENTATION_CONTEXT(2) 
PARAMETRIC_REPRESENTATION_CONTEXT() REPRESENTATION_CONTEXT('2D SPACE',''
  ) );
#8314 = ORIENTED_EDGE('',*,*,#8315,.F.);
#8315 = EDGE_CURVE('',#3998,#8288,#8316,.T.);
#8316 = SURFACE_CURVE('',#8317,(#8321,#8328),.PCURVE_S1.);
#8317 = LINE('',#8318,#8319);
#8318 = CARTESIAN_POINT('',(34.,21.,2.4));
#8319 = VECTOR('',#8320,1.);
#8320 = DIRECTION('',(0.,0.,1.));
#8321 = PCURVE('',#3822,#8322);
#8322 = DEFINITIONAL_REPRESENTATION('',(#8323),#8327);
#8323 = LINE('',#8324,#8325);
#8324 = CARTESIAN_POINT('',(0.,-65.));
#8325 = VECTOR('',#8326,1.);
#8326 = DIRECTION('',(1.,0.));
#8327 = ( GEOMETRIC_REPRESENTATION_CONTEXT(2) 
PARAMETRIC_REPRESENTATION_CONTEXT() REPRESENTATION_CONTEXT('2D SPACE',''
  ) );
#8328 = PCURVE('',#4013,#8329);
#8329 = DEFINITIONAL_REPRESENTATION('',(#8330),#8334);
#8330 = LINE('',#8331,#8332);
#8331 = CARTESIAN_POINT('',(0.,8.8));
#8332 = VECTOR('',#8333,1.);
#8333 = DIRECTION('',(1.,0.));
#8334 = ( GEOMETRIC_REPRESENTATION_CONTEXT(2) 
PARAMETRIC_REPRESENTATION_CONTEXT() REPRESENTATION_CONTEXT('2D SPACE',''
  ) );
#8335 = ORIENTED_EDGE('',*,*,#4025,.T.);
#8336 = ORIENTED_EDGE('',*,*,#8337,.T.);
#8337 = EDGE_CURVE('',#4026,#5210,#8338,.T.);
#8338 = SURFACE_CURVE('',#8339,(#8343,#8349),.PCURVE_S1.);
#8339 = LINE('',#8340,#8341);
#8340 = CARTESIAN_POINT('',(34.,38.166969722018,2.4));
#8341 = VECTOR('',#8342,1.);
#8342 = DIRECTION('',(0.,0.,1.));
#8343 = PCURVE('',#3822,#8344);
#8344 = DEFINITIONAL_REPRESENTATION('',(#8345),#8348);
#8345 = B_SPLINE_CURVE_WITH_KNOTS('',1,(#8346,#8347),.UNSPECIFIED.,.F.,
  .F.,(2,2),(-2.400000000069E-06,29.6000024),.PIECEWISE_BEZIER_KNOTS.);
#8346 = CARTESIAN_POINT('',(-2.400000000069E-06,-82.16696972201));
#8347 = CARTESIAN_POINT('',(29.6000024,-82.16696972201));
#8348 = ( GEOMETRIC_REPRESENTATION_CONTEXT(2) 
PARAMETRIC_REPRESENTATION_CONTEXT() REPRESENTATION_CONTEXT('2D SPACE',''
  ) );
#8349 = PCURVE('',#4065,#8350);
#8350 = DEFINITIONAL_REPRESENTATION('',(#8351),#8354);
#8351 = B_SPLINE_CURVE_WITH_KNOTS('',1,(#8352,#8353),.UNSPECIFIED.,.F.,
  .F.,(2,2),(-2.400000000069E-06,29.6000024),.PIECEWISE_BEZIER_KNOTS.);
#8352 = CARTESIAN_POINT('',(5.853485641028,-2.400000000069E-06));
#8353 = CARTESIAN_POINT('',(5.853485641028,29.6000024));
#8354 = ( GEOMETRIC_REPRESENTATION_CONTEXT(2) 
PARAMETRIC_REPRESENTATION_CONTEXT() REPRESENTATION_CONTEXT('2D SPACE',''
  ) );
#8355 = ORIENTED_EDGE('',*,*,#5233,.F.);
#8356 = FACE_BOUND('',#8357,.F.);
#8357 = EDGE_LOOP('',(#8358,#8386,#8419,#8445));
#8358 = ORIENTED_EDGE('',*,*,#8359,.F.);
#8359 = EDGE_CURVE('',#8360,#8362,#8364,.T.);
#8360 = VERTEX_POINT('',#8361);
#8361 = CARTESIAN_POINT('',(34.,17.7070709193,23.99795761131));
#8362 = VERTEX_POINT('',#8363);
#8363 = CARTESIAN_POINT('',(34.,14.917790391812,18.016326216868));
#8364 = SURFACE_CURVE('',#8365,(#8369,#8375),.PCURVE_S1.);
#8365 = LINE('',#8366,#8367);
#8366 = CARTESIAN_POINT('',(34.,6.665549227259,0.31933792977));
#8367 = VECTOR('',#8368,1.);
#8368 = DIRECTION('',(0.,-0.422618261741,-0.906307787037));
#8369 = PCURVE('',#3822,#8370);
#8370 = DEFINITIONAL_REPRESENTATION('',(#8371),#8374);
#8371 = B_SPLINE_CURVE_WITH_KNOTS('',1,(#8372,#8373),.UNSPECIFIED.,.F.,
  .F.,(2,2),(-26.12646610812,-19.52646610812),.PIECEWISE_BEZIER_KNOTS.);
#8372 = CARTESIAN_POINT('',(21.59795761131,-61.7070709193));
#8373 = CARTESIAN_POINT('',(15.616326216868,-58.91779039181));
#8374 = ( GEOMETRIC_REPRESENTATION_CONTEXT(2) 
PARAMETRIC_REPRESENTATION_CONTEXT() REPRESENTATION_CONTEXT('2D SPACE',''
  ) );
#8375 = PCURVE('',#8376,#8381);
#8376 = PLANE('',#8377);
#8377 = AXIS2_PLACEMENT_3D('',#8378,#8379,#8380);
#8378 = CARTESIAN_POINT('',(33.5,14.917790391812,18.016326216868));
#8379 = DIRECTION('',(0.,-0.906307787037,0.422618261741));
#8380 = DIRECTION('',(0.,0.422618261741,0.906307787037));
#8381 = DEFINITIONAL_REPRESENTATION('',(#8382),#8385);
#8382 = B_SPLINE_CURVE_WITH_KNOTS('',1,(#8383,#8384),.UNSPECIFIED.,.F.,
  .F.,(2,2),(-26.12646610812,-19.52646610812),.PIECEWISE_BEZIER_KNOTS.);
#8383 = CARTESIAN_POINT('',(6.6,-0.5));
#8384 = CARTESIAN_POINT('',(0.,-0.5));
#8385 = ( GEOMETRIC_REPRESENTATION_CONTEXT(2) 
PARAMETRIC_REPRESENTATION_CONTEXT() REPRESENTATION_CONTEXT('2D SPACE',''
  ) );
#8386 = ORIENTED_EDGE('',*,*,#8387,.T.);
#8387 = EDGE_CURVE('',#8360,#8388,#8390,.T.);
#8388 = VERTEX_POINT('',#8389);
#8389 = CARTESIAN_POINT('',(34.,19.882209608188,22.983673783132));
#8390 = SURFACE_CURVE('',#8391,(#8396,#8407),.PCURVE_S1.);
#8391 = CIRCLE('',#8392,1.2);
#8392 = AXIS2_PLACEMENT_3D('',#8393,#8394,#8395);
#8393 = CARTESIAN_POINT('',(34.,18.794640263744,23.490815697221));
#8394 = DIRECTION('',(-1.,-0.,0.));
#8395 = DIRECTION('',(0.,-0.422618261741,-0.906307787037));
#8396 = PCURVE('',#3822,#8397);
#8397 = DEFINITIONAL_REPRESENTATION('',(#8398),#8406);
#8398 = ( BOUNDED_CURVE() B_SPLINE_CURVE(2,(#8399,#8400,#8401,#8402,
#8403,#8404,#8405),.UNSPECIFIED.,.T.,.F.) B_SPLINE_CURVE_WITH_KNOTS((1,2
    ,2,2,2,1),(-2.094395102393,0.,2.094395102393,4.188790204786,
6.28318530718,8.377580409573),.UNSPECIFIED.) CURVE() 
GEOMETRIC_REPRESENTATION_ITEM() RATIONAL_B_SPLINE_CURVE((1.,0.5,1.,0.5,
1.,0.5,1.)) REPRESENTATION_ITEM('') );
#8399 = CARTESIAN_POINT('',(20.003246352777,-62.28749834965));
#8400 = CARTESIAN_POINT('',(20.881641914627,-60.40377298832));
#8401 = CARTESIAN_POINT('',(22.073798150368,-62.10634854012));
#8402 = CARTESIAN_POINT('',(23.265954386109,-63.80892409192));
#8403 = CARTESIAN_POINT('',(21.195402588518,-63.99007390145));
#8404 = CARTESIAN_POINT('',(19.124850790927,-64.17122371098));
#8405 = CARTESIAN_POINT('',(20.003246352777,-62.28749834965));
#8406 = ( GEOMETRIC_REPRESENTATION_CONTEXT(2) 
PARAMETRIC_REPRESENTATION_CONTEXT() REPRESENTATION_CONTEXT('2D SPACE',''
  ) );
#8407 = PCURVE('',#8408,#8413);
#8408 = CYLINDRICAL_SURFACE('',#8409,1.2);
#8409 = AXIS2_PLACEMENT_3D('',#8410,#8411,#8412);
#8410 = CARTESIAN_POINT('',(33.5,18.794640263744,23.490815697221));
#8411 = DIRECTION('',(-1.,-0.,0.));
#8412 = DIRECTION('',(0.,-0.422618261741,-0.906307787037));
#8413 = DEFINITIONAL_REPRESENTATION('',(#8414),#8418);
#8414 = LINE('',#8415,#8416);
#8415 = CARTESIAN_POINT('',(0.,-0.5));
#8416 = VECTOR('',#8417,1.);
#8417 = DIRECTION('',(1.,0.));
#8418 = ( GEOMETRIC_REPRESENTATION_CONTEXT(2) 
PARAMETRIC_REPRESENTATION_CONTEXT() REPRESENTATION_CONTEXT('2D SPACE',''
  ) );
#8419 = ORIENTED_EDGE('',*,*,#8420,.T.);
#8420 = EDGE_CURVE('',#8388,#8421,#8423,.T.);
#8421 = VERTEX_POINT('',#8422);
#8422 = CARTESIAN_POINT('',(34.,17.0929290807,17.00204238869));
#8423 = SURFACE_CURVE('',#8424,(#8428,#8434),.PCURVE_S1.);
#8424 = LINE('',#8425,#8426);
#8425 = CARTESIAN_POINT('',(34.,9.538008048019,0.800461950203));
#8426 = VECTOR('',#8427,1.);
#8427 = DIRECTION('',(0.,-0.422618261741,-0.906307787037));
#8428 = PCURVE('',#3822,#8429);
#8429 = DEFINITIONAL_REPRESENTATION('',(#8430),#8433);
#8430 = B_SPLINE_CURVE_WITH_KNOTS('',1,(#8431,#8432),.UNSPECIFIED.,.F.,
  .F.,(2,2),(-24.47646610812,-17.87646610812),.PIECEWISE_BEZIER_KNOTS.);
#8431 = CARTESIAN_POINT('',(20.583673783132,-63.88220960818));
#8432 = CARTESIAN_POINT('',(14.60204238869,-61.0929290807));
#8433 = ( GEOMETRIC_REPRESENTATION_CONTEXT(2) 
PARAMETRIC_REPRESENTATION_CONTEXT() REPRESENTATION_CONTEXT('2D SPACE',''
  ) );
#8434 = PCURVE('',#8435,#8440);
#8435 = PLANE('',#8436);
#8436 = AXIS2_PLACEMENT_3D('',#8437,#8438,#8439);
#8437 = CARTESIAN_POINT('',(33.5,18.487569344444,19.992858085911));
#8438 = DIRECTION('',(0.,-0.906307787037,0.422618261741));
#8439 = DIRECTION('',(0.,0.422618261741,0.906307787037));
#8440 = DEFINITIONAL_REPRESENTATION('',(#8441),#8444);
#8441 = B_SPLINE_CURVE_WITH_KNOTS('',1,(#8442,#8443),.UNSPECIFIED.,.F.,
  .F.,(2,2),(-24.47646610812,-17.87646610812),.PIECEWISE_BEZIER_KNOTS.);
#8442 = CARTESIAN_POINT('',(3.3,-0.5));
#8443 = CARTESIAN_POINT('',(-3.3,-0.5));
#8444 = ( GEOMETRIC_REPRESENTATION_CONTEXT(2) 
PARAMETRIC_REPRESENTATION_CONTEXT() REPRESENTATION_CONTEXT('2D SPACE',''
  ) );
#8445 = ORIENTED_EDGE('',*,*,#8446,.T.);
#8446 = EDGE_CURVE('',#8421,#8362,#8447,.T.);
#8447 = SURFACE_CURVE('',#8448,(#8453,#8464),.PCURVE_S1.);
#8448 = CIRCLE('',#8449,1.2);
#8449 = AXIS2_PLACEMENT_3D('',#8450,#8451,#8452);
#8450 = CARTESIAN_POINT('',(34.,16.005359736256,17.509184302779));
#8451 = DIRECTION('',(-1.,0.,0.));
#8452 = DIRECTION('',(0.,0.422618261741,0.906307787037));
#8453 = PCURVE('',#3822,#8454);
#8454 = DEFINITIONAL_REPRESENTATION('',(#8455),#8463);
#8455 = ( BOUNDED_CURVE() B_SPLINE_CURVE(2,(#8456,#8457,#8458,#8459,
#8460,#8461,#8462),.UNSPECIFIED.,.T.,.F.) B_SPLINE_CURVE_WITH_KNOTS((1,2
    ,2,2,2,1),(-2.094395102393,0.,2.094395102393,4.188790204786,
6.28318530718,8.377580409573),.UNSPECIFIED.) CURVE() 
GEOMETRIC_REPRESENTATION_ITEM() RATIONAL_B_SPLINE_CURVE((1.,0.5,1.,0.5,
1.,0.5,1.)) REPRESENTATION_ITEM('') );
#8456 = CARTESIAN_POINT('',(16.196753647223,-60.51250165034));
#8457 = CARTESIAN_POINT('',(15.318358085373,-62.39622701167));
#8458 = CARTESIAN_POINT('',(14.126201849632,-60.69365145987));
#8459 = CARTESIAN_POINT('',(12.934045613891,-58.99107590807));
#8460 = CARTESIAN_POINT('',(15.004597411482,-58.80992609854));
#8461 = CARTESIAN_POINT('',(17.075149209073,-58.62877628901));
#8462 = CARTESIAN_POINT('',(16.196753647223,-60.51250165034));
#8463 = ( GEOMETRIC_REPRESENTATION_CONTEXT(2) 
PARAMETRIC_REPRESENTATION_CONTEXT() REPRESENTATION_CONTEXT('2D SPACE',''
  ) );
#8464 = PCURVE('',#8465,#8470);
#8465 = CYLINDRICAL_SURFACE('',#8466,1.2);
#8466 = AXIS2_PLACEMENT_3D('',#8467,#8468,#8469);
#8467 = CARTESIAN_POINT('',(33.5,16.005359736256,17.509184302779));
#8468 = DIRECTION('',(-1.,0.,0.));
#8469 = DIRECTION('',(0.,0.422618261741,0.906307787037));
#8470 = DEFINITIONAL_REPRESENTATION('',(#8471),#8475);
#8471 = LINE('',#8472,#8473);
#8472 = CARTESIAN_POINT('',(0.,-0.5));
#8473 = VECTOR('',#8474,1.);
#8474 = DIRECTION('',(1.,0.));
#8475 = ( GEOMETRIC_REPRESENTATION_CONTEXT(2) 
PARAMETRIC_REPRESENTATION_CONTEXT() REPRESENTATION_CONTEXT('2D SPACE',''
  ) );
#8476 = FACE_BOUND('',#8477,.F.);
#8477 = EDGE_LOOP('',(#8478,#8506,#8539,#8565));
#8478 = ORIENTED_EDGE('',*,*,#8479,.F.);
#8479 = EDGE_CURVE('',#8480,#8482,#8484,.T.);
#8480 = VERTEX_POINT('',#8481);
#8481 = CARTESIAN_POINT('',(34.,11.9070709193,23.99795761131));
#8482 = VERTEX_POINT('',#8483);
#8483 = CARTESIAN_POINT('',(34.,9.117790391812,18.016326216868));
#8484 = SURFACE_CURVE('',#8485,(#8489,#8495),.PCURVE_S1.);
#8485 = LINE('',#8486,#8487);
#8486 = CARTESIAN_POINT('',(34.,1.383507193213,1.430102372293));
#8487 = VECTOR('',#8488,1.);
#8488 = DIRECTION('',(0.,-0.422618261741,-0.906307787037));
#8489 = PCURVE('',#3822,#8490);
#8490 = DEFINITIONAL_REPRESENTATION('',(#8491),#8494);
#8491 = B_SPLINE_CURVE_WITH_KNOTS('',1,(#8492,#8493),.UNSPECIFIED.,.F.,
  .F.,(2,2),(-24.90087314907,-18.30087314907),.PIECEWISE_BEZIER_KNOTS.);
#8492 = CARTESIAN_POINT('',(21.59795761131,-55.9070709193));
#8493 = CARTESIAN_POINT('',(15.616326216868,-53.11779039181));
#8494 = ( GEOMETRIC_REPRESENTATION_CONTEXT(2) 
PARAMETRIC_REPRESENTATION_CONTEXT() REPRESENTATION_CONTEXT('2D SPACE',''
  ) );
#8495 = PCURVE('',#8496,#8501);
#8496 = PLANE('',#8497);
#8497 = AXIS2_PLACEMENT_3D('',#8498,#8499,#8500);
#8498 = CARTESIAN_POINT('',(33.5,9.117790391812,18.016326216868));
#8499 = DIRECTION('',(0.,-0.906307787037,0.422618261741));
#8500 = DIRECTION('',(0.,0.422618261741,0.906307787037));
#8501 = DEFINITIONAL_REPRESENTATION('',(#8502),#8505);
#8502 = B_SPLINE_CURVE_WITH_KNOTS('',1,(#8503,#8504),.UNSPECIFIED.,.F.,
  .F.,(2,2),(-24.90087314907,-18.30087314907),.PIECEWISE_BEZIER_KNOTS.);
#8503 = CARTESIAN_POINT('',(6.6,-0.5));
#8504 = CARTESIAN_POINT('',(0.,-0.5));
#8505 = ( GEOMETRIC_REPRESENTATION_CONTEXT(2) 
PARAMETRIC_REPRESENTATION_CONTEXT() REPRESENTATION_CONTEXT('2D SPACE',''
  ) );
#8506 = ORIENTED_EDGE('',*,*,#8507,.T.);
#8507 = EDGE_CURVE('',#8480,#8508,#8510,.T.);
#8508 = VERTEX_POINT('',#8509);
#8509 = CARTESIAN_POINT('',(34.,14.082209608188,22.983673783132));
#8510 = SURFACE_CURVE('',#8511,(#8516,#8527),.PCURVE_S1.);
#8511 = CIRCLE('',#8512,1.2);
#8512 = AXIS2_PLACEMENT_3D('',#8513,#8514,#8515);
#8513 = CARTESIAN_POINT('',(34.,12.994640263744,23.490815697221));
#8514 = DIRECTION('',(-1.,-0.,0.));
#8515 = DIRECTION('',(0.,-0.422618261741,-0.906307787037));
#8516 = PCURVE('',#3822,#8517);
#8517 = DEFINITIONAL_REPRESENTATION('',(#8518),#8526);
#8518 = ( BOUNDED_CURVE() B_SPLINE_CURVE(2,(#8519,#8520,#8521,#8522,
#8523,#8524,#8525),.UNSPECIFIED.,.T.,.F.) B_SPLINE_CURVE_WITH_KNOTS((1,2
    ,2,2,2,1),(-2.094395102393,0.,2.094395102393,4.188790204786,
6.28318530718,8.377580409573),.UNSPECIFIED.) CURVE() 
GEOMETRIC_REPRESENTATION_ITEM() RATIONAL_B_SPLINE_CURVE((1.,0.5,1.,0.5,
1.,0.5,1.)) REPRESENTATION_ITEM('') );
#8519 = CARTESIAN_POINT('',(20.003246352777,-56.48749834965));
#8520 = CARTESIAN_POINT('',(20.881641914627,-54.60377298832));
#8521 = CARTESIAN_POINT('',(22.073798150368,-56.30634854012));
#8522 = CARTESIAN_POINT('',(23.265954386109,-58.00892409192));
#8523 = CARTESIAN_POINT('',(21.195402588518,-58.19007390145));
#8524 = CARTESIAN_POINT('',(19.124850790927,-58.37122371098));
#8525 = CARTESIAN_POINT('',(20.003246352777,-56.48749834965));
#8526 = ( GEOMETRIC_REPRESENTATION_CONTEXT(2) 
PARAMETRIC_REPRESENTATION_CONTEXT() REPRESENTATION_CONTEXT('2D SPACE',''
  ) );
#8527 = PCURVE('',#8528,#8533);
#8528 = CYLINDRICAL_SURFACE('',#8529,1.2);
#8529 = AXIS2_PLACEMENT_3D('',#8530,#8531,#8532);
#8530 = CARTESIAN_POINT('',(33.5,12.994640263744,23.490815697221));
#8531 = DIRECTION('',(-1.,-0.,0.));
#8532 = DIRECTION('',(0.,-0.422618261741,-0.906307787037));
#8533 = DEFINITIONAL_REPRESENTATION('',(#8534),#8538);
#8534 = LINE('',#8535,#8536);
#8535 = CARTESIAN_POINT('',(0.,-0.5));
#8536 = VECTOR('',#8537,1.);
#8537 = DIRECTION('',(1.,0.));
#8538 = ( GEOMETRIC_REPRESENTATION_CONTEXT(2) 
PARAMETRIC_REPRESENTATION_CONTEXT() REPRESENTATION_CONTEXT('2D SPACE',''
  ) );
#8539 = ORIENTED_EDGE('',*,*,#8540,.T.);
#8540 = EDGE_CURVE('',#8508,#8541,#8543,.T.);
#8541 = VERTEX_POINT('',#8542);
#8542 = CARTESIAN_POINT('',(34.,11.2929290807,17.00204238869));
#8543 = SURFACE_CURVE('',#8544,(#8548,#8554),.PCURVE_S1.);
#8544 = LINE('',#8545,#8546);
#8545 = CARTESIAN_POINT('',(34.,4.255966013974,1.911226392726));
#8546 = VECTOR('',#8547,1.);
#8547 = DIRECTION('',(0.,-0.422618261741,-0.906307787037));
#8548 = PCURVE('',#3822,#8549);
#8549 = DEFINITIONAL_REPRESENTATION('',(#8550),#8553);
#8550 = B_SPLINE_CURVE_WITH_KNOTS('',1,(#8551,#8552),.UNSPECIFIED.,.F.,
  .F.,(2,2),(-23.25087314907,-16.65087314907),.PIECEWISE_BEZIER_KNOTS.);
#8551 = CARTESIAN_POINT('',(20.583673783132,-58.08220960818));
#8552 = CARTESIAN_POINT('',(14.60204238869,-55.2929290807));
#8553 = ( GEOMETRIC_REPRESENTATION_CONTEXT(2) 
PARAMETRIC_REPRESENTATION_CONTEXT() REPRESENTATION_CONTEXT('2D SPACE',''
  ) );
#8554 = PCURVE('',#8555,#8560);
#8555 = PLANE('',#8556);
#8556 = AXIS2_PLACEMENT_3D('',#8557,#8558,#8559);
#8557 = CARTESIAN_POINT('',(33.5,12.687569344444,19.992858085911));
#8558 = DIRECTION('',(0.,-0.906307787037,0.422618261741));
#8559 = DIRECTION('',(0.,0.422618261741,0.906307787037));
#8560 = DEFINITIONAL_REPRESENTATION('',(#8561),#8564);
#8561 = B_SPLINE_CURVE_WITH_KNOTS('',1,(#8562,#8563),.UNSPECIFIED.,.F.,
  .F.,(2,2),(-23.25087314907,-16.65087314907),.PIECEWISE_BEZIER_KNOTS.);
#8562 = CARTESIAN_POINT('',(3.3,-0.5));
#8563 = CARTESIAN_POINT('',(-3.3,-0.5));
#8564 = ( GEOMETRIC_REPRESENTATION_CONTEXT(2) 
PARAMETRIC_REPRESENTATION_CONTEXT() REPRESENTATION_CONTEXT('2D SPACE',''
  ) );
#8565 = ORIENTED_EDGE('',*,*,#8566,.T.);
#8566 = EDGE_CURVE('',#8541,#8482,#8567,.T.);
#8567 = SURFACE_CURVE('',#8568,(#8573,#8584),.PCURVE_S1.);
#8568 = CIRCLE('',#8569,1.2);
#8569 = AXIS2_PLACEMENT_3D('',#8570,#8571,#8572);
#8570 = CARTESIAN_POINT('',(34.,10.205359736256,17.509184302779));
#8571 = DIRECTION('',(-1.,0.,0.));
#8572 = DIRECTION('',(0.,0.422618261741,0.906307787037));
#8573 = PCURVE('',#3822,#8574);
#8574 = DEFINITIONAL_REPRESENTATION('',(#8575),#8583);
#8575 = ( BOUNDED_CURVE() B_SPLINE_CURVE(2,(#8576,#8577,#8578,#8579,
#8580,#8581,#8582),.UNSPECIFIED.,.T.,.F.) B_SPLINE_CURVE_WITH_KNOTS((1,2
    ,2,2,2,1),(-2.094395102393,0.,2.094395102393,4.188790204786,
6.28318530718,8.377580409573),.UNSPECIFIED.) CURVE() 
GEOMETRIC_REPRESENTATION_ITEM() RATIONAL_B_SPLINE_CURVE((1.,0.5,1.,0.5,
1.,0.5,1.)) REPRESENTATION_ITEM('') );
#8576 = CARTESIAN_POINT('',(16.196753647223,-54.71250165034));
#8577 = CARTESIAN_POINT('',(15.318358085373,-56.59622701167));
#8578 = CARTESIAN_POINT('',(14.126201849632,-54.89365145987));
#8579 = CARTESIAN_POINT('',(12.934045613891,-53.19107590807));
#8580 = CARTESIAN_POINT('',(15.004597411482,-53.00992609854));
#8581 = CARTESIAN_POINT('',(17.075149209073,-52.82877628901));
#8582 = CARTESIAN_POINT('',(16.196753647223,-54.71250165034));
#8583 = ( GEOMETRIC_REPRESENTATION_CONTEXT(2) 
PARAMETRIC_REPRESENTATION_CONTEXT() REPRESENTATION_CONTEXT('2D SPACE',''
  ) );
#8584 = PCURVE('',#8585,#8590);
#8585 = CYLINDRICAL_SURFACE('',#8586,1.2);
#8586 = AXIS2_PLACEMENT_3D('',#8587,#8588,#8589);
#8587 = CARTESIAN_POINT('',(33.5,10.205359736256,17.509184302779));
#8588 = DIRECTION('',(-1.,0.,0.));
#8589 = DIRECTION('',(0.,0.422618261741,0.906307787037));
#8590 = DEFINITIONAL_REPRESENTATION('',(#8591),#8595);
#8591 = LINE('',#8592,#8593);
#8592 = CARTESIAN_POINT('',(0.,-0.5));
#8593 = VECTOR('',#8594,1.);
#8594 = DIRECTION('',(1.,0.));
#8595 = ( GEOMETRIC_REPRESENTATION_CONTEXT(2) 
PARAMETRIC_REPRESENTATION_CONTEXT() REPRESENTATION_CONTEXT('2D SPACE',''
  ) );
#8596 = FACE_BOUND('',#8597,.F.);
#8597 = EDGE_LOOP('',(#8598,#8626,#8659,#8685));
#8598 = ORIENTED_EDGE('',*,*,#8599,.F.);
#8599 = EDGE_CURVE('',#8600,#8602,#8604,.T.);
#8600 = VERTEX_POINT('',#8601);
#8601 = CARTESIAN_POINT('',(34.,6.1070709193,23.99795761131));
#8602 = VERTEX_POINT('',#8603);
#8603 = CARTESIAN_POINT('',(34.,3.317790391812,18.016326216868));
#8604 = SURFACE_CURVE('',#8605,(#8609,#8615),.PCURVE_S1.);
#8605 = LINE('',#8606,#8607);
#8606 = CARTESIAN_POINT('',(34.,-3.898534840832,2.540866814816));
#8607 = VECTOR('',#8608,1.);
#8608 = DIRECTION('',(0.,-0.422618261741,-0.906307787037));
#8609 = PCURVE('',#3822,#8610);
#8610 = DEFINITIONAL_REPRESENTATION('',(#8611),#8614);
#8611 = B_SPLINE_CURVE_WITH_KNOTS('',1,(#8612,#8613),.UNSPECIFIED.,.F.,
  .F.,(2,2),(-23.67528019002,-17.07528019002),.PIECEWISE_BEZIER_KNOTS.);
#8612 = CARTESIAN_POINT('',(21.59795761131,-50.1070709193));
#8613 = CARTESIAN_POINT('',(15.616326216868,-47.31779039181));
#8614 = ( GEOMETRIC_REPRESENTATION_CONTEXT(2) 
PARAMETRIC_REPRESENTATION_CONTEXT() REPRESENTATION_CONTEXT('2D SPACE',''
  ) );
#8615 = PCURVE('',#8616,#8621);
#8616 = PLANE('',#8617);
#8617 = AXIS2_PLACEMENT_3D('',#8618,#8619,#8620);
#8618 = CARTESIAN_POINT('',(33.5,3.317790391812,18.016326216868));
#8619 = DIRECTION('',(0.,-0.906307787037,0.422618261741));
#8620 = DIRECTION('',(0.,0.422618261741,0.906307787037));
#8621 = DEFINITIONAL_REPRESENTATION('',(#8622),#8625);
#8622 = B_SPLINE_CURVE_WITH_KNOTS('',1,(#8623,#8624),.UNSPECIFIED.,.F.,
  .F.,(2,2),(-23.67528019002,-17.07528019002),.PIECEWISE_BEZIER_KNOTS.);
#8623 = CARTESIAN_POINT('',(6.6,-0.5));
#8624 = CARTESIAN_POINT('',(0.,-0.5));
#8625 = ( GEOMETRIC_REPRESENTATION_CONTEXT(2) 
PARAMETRIC_REPRESENTATION_CONTEXT() REPRESENTATION_CONTEXT('2D SPACE',''
  ) );
#8626 = ORIENTED_EDGE('',*,*,#8627,.T.);
#8627 = EDGE_CURVE('',#8600,#8628,#8630,.T.);
#8628 = VERTEX_POINT('',#8629);
#8629 = CARTESIAN_POINT('',(34.,8.282209608188,22.983673783132));
#8630 = SURFACE_CURVE('',#8631,(#8636,#8647),.PCURVE_S1.);
#8631 = CIRCLE('',#8632,1.2);
#8632 = AXIS2_PLACEMENT_3D('',#8633,#8634,#8635);
#8633 = CARTESIAN_POINT('',(34.,7.194640263744,23.490815697221));
#8634 = DIRECTION('',(-1.,-0.,0.));
#8635 = DIRECTION('',(0.,-0.422618261741,-0.906307787037));
#8636 = PCURVE('',#3822,#8637);
#8637 = DEFINITIONAL_REPRESENTATION('',(#8638),#8646);
#8638 = ( BOUNDED_CURVE() B_SPLINE_CURVE(2,(#8639,#8640,#8641,#8642,
#8643,#8644,#8645),.UNSPECIFIED.,.T.,.F.) B_SPLINE_CURVE_WITH_KNOTS((1,2
    ,2,2,2,1),(-2.094395102393,0.,2.094395102393,4.188790204786,
6.28318530718,8.377580409573),.UNSPECIFIED.) CURVE() 
GEOMETRIC_REPRESENTATION_ITEM() RATIONAL_B_SPLINE_CURVE((1.,0.5,1.,0.5,
1.,0.5,1.)) REPRESENTATION_ITEM('') );
#8639 = CARTESIAN_POINT('',(20.003246352777,-50.68749834965));
#8640 = CARTESIAN_POINT('',(20.881641914627,-48.80377298832));
#8641 = CARTESIAN_POINT('',(22.073798150368,-50.50634854012));
#8642 = CARTESIAN_POINT('',(23.265954386109,-52.20892409192));
#8643 = CARTESIAN_POINT('',(21.195402588518,-52.39007390145));
#8644 = CARTESIAN_POINT('',(19.124850790927,-52.57122371098));
#8645 = CARTESIAN_POINT('',(20.003246352777,-50.68749834965));
#8646 = ( GEOMETRIC_REPRESENTATION_CONTEXT(2) 
PARAMETRIC_REPRESENTATION_CONTEXT() REPRESENTATION_CONTEXT('2D SPACE',''
  ) );
#8647 = PCURVE('',#8648,#8653);
#8648 = CYLINDRICAL_SURFACE('',#8649,1.2);
#8649 = AXIS2_PLACEMENT_3D('',#8650,#8651,#8652);
#8650 = CARTESIAN_POINT('',(33.5,7.194640263744,23.490815697221));
#8651 = DIRECTION('',(-1.,-0.,0.));
#8652 = DIRECTION('',(0.,-0.422618261741,-0.906307787037));
#8653 = DEFINITIONAL_REPRESENTATION('',(#8654),#8658);
#8654 = LINE('',#8655,#8656);
#8655 = CARTESIAN_POINT('',(0.,-0.5));
#8656 = VECTOR('',#8657,1.);
#8657 = DIRECTION('',(1.,0.));
#8658 = ( GEOMETRIC_REPRESENTATION_CONTEXT(2) 
PARAMETRIC_REPRESENTATION_CONTEXT() REPRESENTATION_CONTEXT('2D SPACE',''
  ) );
#8659 = ORIENTED_EDGE('',*,*,#8660,.T.);
#8660 = EDGE_CURVE('',#8628,#8661,#8663,.T.);
#8661 = VERTEX_POINT('',#8662);
#8662 = CARTESIAN_POINT('',(34.,5.4929290807,17.00204238869));
#8663 = SURFACE_CURVE('',#8664,(#8668,#8674),.PCURVE_S1.);
#8664 = LINE('',#8665,#8666);
#8665 = CARTESIAN_POINT('',(34.,-1.026076020072,3.021990835248));
#8666 = VECTOR('',#8667,1.);
#8667 = DIRECTION('',(0.,-0.422618261741,-0.906307787037));
#8668 = PCURVE('',#3822,#8669);
#8669 = DEFINITIONAL_REPRESENTATION('',(#8670),#8673);
#8670 = B_SPLINE_CURVE_WITH_KNOTS('',1,(#8671,#8672),.UNSPECIFIED.,.F.,
  .F.,(2,2),(-22.02528019002,-15.42528019002),.PIECEWISE_BEZIER_KNOTS.);
#8671 = CARTESIAN_POINT('',(20.583673783132,-52.28220960818));
#8672 = CARTESIAN_POINT('',(14.60204238869,-49.4929290807));
#8673 = ( GEOMETRIC_REPRESENTATION_CONTEXT(2) 
PARAMETRIC_REPRESENTATION_CONTEXT() REPRESENTATION_CONTEXT('2D SPACE',''
  ) );
#8674 = PCURVE('',#8675,#8680);
#8675 = PLANE('',#8676);
#8676 = AXIS2_PLACEMENT_3D('',#8677,#8678,#8679);
#8677 = CARTESIAN_POINT('',(33.5,6.887569344444,19.992858085911));
#8678 = DIRECTION('',(0.,-0.906307787037,0.422618261741));
#8679 = DIRECTION('',(0.,0.422618261741,0.906307787037));
#8680 = DEFINITIONAL_REPRESENTATION('',(#8681),#8684);
#8681 = B_SPLINE_CURVE_WITH_KNOTS('',1,(#8682,#8683),.UNSPECIFIED.,.F.,
  .F.,(2,2),(-22.02528019002,-15.42528019002),.PIECEWISE_BEZIER_KNOTS.);
#8682 = CARTESIAN_POINT('',(3.3,-0.5));
#8683 = CARTESIAN_POINT('',(-3.3,-0.5));
#8684 = ( GEOMETRIC_REPRESENTATION_CONTEXT(2) 
PARAMETRIC_REPRESENTATION_CONTEXT() REPRESENTATION_CONTEXT('2D SPACE',''
  ) );
#8685 = ORIENTED_EDGE('',*,*,#8686,.T.);
#8686 = EDGE_CURVE('',#8661,#8602,#8687,.T.);
#8687 = SURFACE_CURVE('',#8688,(#8693,#8704),.PCURVE_S1.);
#8688 = CIRCLE('',#8689,1.2);
#8689 = AXIS2_PLACEMENT_3D('',#8690,#8691,#8692);
#8690 = CARTESIAN_POINT('',(34.,4.405359736256,17.509184302779));
#8691 = DIRECTION('',(-1.,0.,0.));
#8692 = DIRECTION('',(0.,0.422618261741,0.906307787037));
#8693 = PCURVE('',#3822,#8694);
#8694 = DEFINITIONAL_REPRESENTATION('',(#8695),#8703);
#8695 = ( BOUNDED_CURVE() B_SPLINE_CURVE(2,(#8696,#8697,#8698,#8699,
#8700,#8701,#8702),.UNSPECIFIED.,.T.,.F.) B_SPLINE_CURVE_WITH_KNOTS((1,2
    ,2,2,2,1),(-2.094395102393,0.,2.094395102393,4.188790204786,
6.28318530718,8.377580409573),.UNSPECIFIED.) CURVE() 
GEOMETRIC_REPRESENTATION_ITEM() RATIONAL_B_SPLINE_CURVE((1.,0.5,1.,0.5,
1.,0.5,1.)) REPRESENTATION_ITEM('') );
#8696 = CARTESIAN_POINT('',(16.196753647223,-48.91250165034));
#8697 = CARTESIAN_POINT('',(15.318358085373,-50.79622701167));
#8698 = CARTESIAN_POINT('',(14.126201849632,-49.09365145987));
#8699 = CARTESIAN_POINT('',(12.934045613891,-47.39107590807));
#8700 = CARTESIAN_POINT('',(15.004597411482,-47.20992609854));
#8701 = CARTESIAN_POINT('',(17.075149209073,-47.02877628901));
#8702 = CARTESIAN_POINT('',(16.196753647223,-48.91250165034));
#8703 = ( GEOMETRIC_REPRESENTATION_CONTEXT(2) 
PARAMETRIC_REPRESENTATION_CONTEXT() REPRESENTATION_CONTEXT('2D SPACE',''
  ) );
#8704 = PCURVE('',#8705,#8710);
#8705 = CYLINDRICAL_SURFACE('',#8706,1.2);
#8706 = AXIS2_PLACEMENT_3D('',#8707,#8708,#8709);
#8707 = CARTESIAN_POINT('',(33.5,4.405359736256,17.509184302779));
#8708 = DIRECTION('',(-1.,0.,0.));
#8709 = DIRECTION('',(0.,0.422618261741,0.906307787037));
#8710 = DEFINITIONAL_REPRESENTATION('',(#8711),#8715);
#8711 = LINE('',#8712,#8713);
#8712 = CARTESIAN_POINT('',(0.,-0.5));
#8713 = VECTOR('',#8714,1.);
#8714 = DIRECTION('',(1.,0.));
#8715 = ( GEOMETRIC_REPRESENTATION_CONTEXT(2) 
PARAMETRIC_REPRESENTATION_CONTEXT() REPRESENTATION_CONTEXT('2D SPACE',''
  ) );
#8716 = FACE_BOUND('',#8717,.F.);
#8717 = EDGE_LOOP('',(#8718,#8746,#8779,#8805));
#8718 = ORIENTED_EDGE('',*,*,#8719,.F.);
#8719 = EDGE_CURVE('',#8720,#8722,#8724,.T.);
#8720 = VERTEX_POINT('',#8721);
#8721 = CARTESIAN_POINT('',(34.,0.3070709193,23.99795761131));
#8722 = VERTEX_POINT('',#8723);
#8723 = CARTESIAN_POINT('',(34.,-2.482209608188,18.016326216868));
#8724 = SURFACE_CURVE('',#8725,(#8729,#8735),.PCURVE_S1.);
#8725 = LINE('',#8726,#8727);
#8726 = CARTESIAN_POINT('',(34.,-9.180576874878,3.651631257338));
#8727 = VECTOR('',#8728,1.);
#8728 = DIRECTION('',(0.,-0.422618261741,-0.906307787037));
#8729 = PCURVE('',#3822,#8730);
#8730 = DEFINITIONAL_REPRESENTATION('',(#8731),#8734);
#8731 = B_SPLINE_CURVE_WITH_KNOTS('',1,(#8732,#8733),.UNSPECIFIED.,.F.,
  .F.,(2,2),(-22.44968723097,-15.84968723097),.PIECEWISE_BEZIER_KNOTS.);
#8732 = CARTESIAN_POINT('',(21.59795761131,-44.3070709193));
#8733 = CARTESIAN_POINT('',(15.616326216868,-41.51779039181));
#8734 = ( GEOMETRIC_REPRESENTATION_CONTEXT(2) 
PARAMETRIC_REPRESENTATION_CONTEXT() REPRESENTATION_CONTEXT('2D SPACE',''
  ) );
#8735 = PCURVE('',#8736,#8741);
#8736 = PLANE('',#8737);
#8737 = AXIS2_PLACEMENT_3D('',#8738,#8739,#8740);
#8738 = CARTESIAN_POINT('',(33.5,-2.482209608188,18.016326216868));
#8739 = DIRECTION('',(0.,-0.906307787037,0.422618261741));
#8740 = DIRECTION('',(0.,0.422618261741,0.906307787037));
#8741 = DEFINITIONAL_REPRESENTATION('',(#8742),#8745);
#8742 = B_SPLINE_CURVE_WITH_KNOTS('',1,(#8743,#8744),.UNSPECIFIED.,.F.,
  .F.,(2,2),(-22.44968723097,-15.84968723097),.PIECEWISE_BEZIER_KNOTS.);
#8743 = CARTESIAN_POINT('',(6.6,-0.5));
#8744 = CARTESIAN_POINT('',(0.,-0.5));
#8745 = ( GEOMETRIC_REPRESENTATION_CONTEXT(2) 
PARAMETRIC_REPRESENTATION_CONTEXT() REPRESENTATION_CONTEXT('2D SPACE',''
  ) );
#8746 = ORIENTED_EDGE('',*,*,#8747,.T.);
#8747 = EDGE_CURVE('',#8720,#8748,#8750,.T.);
#8748 = VERTEX_POINT('',#8749);
#8749 = CARTESIAN_POINT('',(34.,2.482209608188,22.983673783132));
#8750 = SURFACE_CURVE('',#8751,(#8756,#8767),.PCURVE_S1.);
#8751 = CIRCLE('',#8752,1.2);
#8752 = AXIS2_PLACEMENT_3D('',#8753,#8754,#8755);
#8753 = CARTESIAN_POINT('',(34.,1.394640263744,23.490815697221));
#8754 = DIRECTION('',(-1.,-0.,0.));
#8755 = DIRECTION('',(0.,-0.422618261741,-0.906307787037));
#8756 = PCURVE('',#3822,#8757);
#8757 = DEFINITIONAL_REPRESENTATION('',(#8758),#8766);
#8758 = ( BOUNDED_CURVE() B_SPLINE_CURVE(2,(#8759,#8760,#8761,#8762,
#8763,#8764,#8765),.UNSPECIFIED.,.T.,.F.) B_SPLINE_CURVE_WITH_KNOTS((1,2
    ,2,2,2,1),(-2.094395102393,0.,2.094395102393,4.188790204786,
6.28318530718,8.377580409573),.UNSPECIFIED.) CURVE() 
GEOMETRIC_REPRESENTATION_ITEM() RATIONAL_B_SPLINE_CURVE((1.,0.5,1.,0.5,
1.,0.5,1.)) REPRESENTATION_ITEM('') );
#8759 = CARTESIAN_POINT('',(20.003246352777,-44.88749834965));
#8760 = CARTESIAN_POINT('',(20.881641914627,-43.00377298832));
#8761 = CARTESIAN_POINT('',(22.073798150368,-44.70634854012));
#8762 = CARTESIAN_POINT('',(23.265954386109,-46.40892409192));
#8763 = CARTESIAN_POINT('',(21.195402588518,-46.59007390145));
#8764 = CARTESIAN_POINT('',(19.124850790927,-46.77122371098));
#8765 = CARTESIAN_POINT('',(20.003246352777,-44.88749834965));
#8766 = ( GEOMETRIC_REPRESENTATION_CONTEXT(2) 
PARAMETRIC_REPRESENTATION_CONTEXT() REPRESENTATION_CONTEXT('2D SPACE',''
  ) );
#8767 = PCURVE('',#8768,#8773);
#8768 = CYLINDRICAL_SURFACE('',#8769,1.2);
#8769 = AXIS2_PLACEMENT_3D('',#8770,#8771,#8772);
#8770 = CARTESIAN_POINT('',(33.5,1.394640263744,23.490815697221));
#8771 = DIRECTION('',(-1.,-0.,0.));
#8772 = DIRECTION('',(0.,-0.422618261741,-0.906307787037));
#8773 = DEFINITIONAL_REPRESENTATION('',(#8774),#8778);
#8774 = LINE('',#8775,#8776);
#8775 = CARTESIAN_POINT('',(0.,-0.5));
#8776 = VECTOR('',#8777,1.);
#8777 = DIRECTION('',(1.,0.));
#8778 = ( GEOMETRIC_REPRESENTATION_CONTEXT(2) 
PARAMETRIC_REPRESENTATION_CONTEXT() REPRESENTATION_CONTEXT('2D SPACE',''
  ) );
#8779 = ORIENTED_EDGE('',*,*,#8780,.T.);
#8780 = EDGE_CURVE('',#8748,#8781,#8783,.T.);
#8781 = VERTEX_POINT('',#8782);
#8782 = CARTESIAN_POINT('',(34.,-0.3070709193,17.00204238869));
#8783 = SURFACE_CURVE('',#8784,(#8788,#8794),.PCURVE_S1.);
#8784 = LINE('',#8785,#8786);
#8785 = CARTESIAN_POINT('',(34.,-6.308118054117,4.132755277771));
#8786 = VECTOR('',#8787,1.);
#8787 = DIRECTION('',(0.,-0.422618261741,-0.906307787037));
#8788 = PCURVE('',#3822,#8789);
#8789 = DEFINITIONAL_REPRESENTATION('',(#8790),#8793);
#8790 = B_SPLINE_CURVE_WITH_KNOTS('',1,(#8791,#8792),.UNSPECIFIED.,.F.,
  .F.,(2,2),(-20.79968723097,-14.19968723097),.PIECEWISE_BEZIER_KNOTS.);
#8791 = CARTESIAN_POINT('',(20.583673783132,-46.48220960818));
#8792 = CARTESIAN_POINT('',(14.60204238869,-43.6929290807));
#8793 = ( GEOMETRIC_REPRESENTATION_CONTEXT(2) 
PARAMETRIC_REPRESENTATION_CONTEXT() REPRESENTATION_CONTEXT('2D SPACE',''
  ) );
#8794 = PCURVE('',#8795,#8800);
#8795 = PLANE('',#8796);
#8796 = AXIS2_PLACEMENT_3D('',#8797,#8798,#8799);
#8797 = CARTESIAN_POINT('',(33.5,1.087569344444,19.992858085911));
#8798 = DIRECTION('',(0.,-0.906307787037,0.422618261741));
#8799 = DIRECTION('',(0.,0.422618261741,0.906307787037));
#8800 = DEFINITIONAL_REPRESENTATION('',(#8801),#8804);
#8801 = B_SPLINE_CURVE_WITH_KNOTS('',1,(#8802,#8803),.UNSPECIFIED.,.F.,
  .F.,(2,2),(-20.79968723097,-14.19968723097),.PIECEWISE_BEZIER_KNOTS.);
#8802 = CARTESIAN_POINT('',(3.3,-0.5));
#8803 = CARTESIAN_POINT('',(-3.3,-0.5));
#8804 = ( GEOMETRIC_REPRESENTATION_CONTEXT(2) 
PARAMETRIC_REPRESENTATION_CONTEXT() REPRESENTATION_CONTEXT('2D SPACE',''
  ) );
#8805 = ORIENTED_EDGE('',*,*,#8806,.T.);
#8806 = EDGE_CURVE('',#8781,#8722,#8807,.T.);
#8807 = SURFACE_CURVE('',#8808,(#8813,#8824),.PCURVE_S1.);
#8808 = CIRCLE('',#8809,1.2);
#8809 = AXIS2_PLACEMENT_3D('',#8810,#8811,#8812);
#8810 = CARTESIAN_POINT('',(34.,-1.394640263744,17.509184302779));
#8811 = DIRECTION('',(-1.,0.,0.));
#8812 = DIRECTION('',(0.,0.422618261741,0.906307787037));
#8813 = PCURVE('',#3822,#8814);
#8814 = DEFINITIONAL_REPRESENTATION('',(#8815),#8823);
#8815 = ( BOUNDED_CURVE() B_SPLINE_CURVE(2,(#8816,#8817,#8818,#8819,
#8820,#8821,#8822),.UNSPECIFIED.,.T.,.F.) B_SPLINE_CURVE_WITH_KNOTS((1,2
    ,2,2,2,1),(-2.094395102393,0.,2.094395102393,4.188790204786,
6.28318530718,8.377580409573),.UNSPECIFIED.) CURVE() 
GEOMETRIC_REPRESENTATION_ITEM() RATIONAL_B_SPLINE_CURVE((1.,0.5,1.,0.5,
1.,0.5,1.)) REPRESENTATION_ITEM('') );
#8816 = CARTESIAN_POINT('',(16.196753647223,-43.11250165034));
#8817 = CARTESIAN_POINT('',(15.318358085373,-44.99622701167));
#8818 = CARTESIAN_POINT('',(14.126201849632,-43.29365145987));
#8819 = CARTESIAN_POINT('',(12.934045613891,-41.59107590807));
#8820 = CARTESIAN_POINT('',(15.004597411482,-41.40992609854));
#8821 = CARTESIAN_POINT('',(17.075149209073,-41.22877628901));
#8822 = CARTESIAN_POINT('',(16.196753647223,-43.11250165034));
#8823 = ( GEOMETRIC_REPRESENTATION_CONTEXT(2) 
PARAMETRIC_REPRESENTATION_CONTEXT() REPRESENTATION_CONTEXT('2D SPACE',''
  ) );
#8824 = PCURVE('',#8825,#8830);
#8825 = CYLINDRICAL_SURFACE('',#8826,1.2);
#8826 = AXIS2_PLACEMENT_3D('',#8827,#8828,#8829);
#8827 = CARTESIAN_POINT('',(33.5,-1.394640263744,17.509184302779));
#8828 = DIRECTION('',(-1.,0.,0.));
#8829 = DIRECTION('',(0.,0.422618261741,0.906307787037));
#8830 = DEFINITIONAL_REPRESENTATION('',(#8831),#8835);
#8831 = LINE('',#8832,#8833);
#8832 = CARTESIAN_POINT('',(0.,-0.5));
#8833 = VECTOR('',#8834,1.);
#8834 = DIRECTION('',(1.,0.));
#8835 = ( GEOMETRIC_REPRESENTATION_CONTEXT(2) 
PARAMETRIC_REPRESENTATION_CONTEXT() REPRESENTATION_CONTEXT('2D SPACE',''
  ) );
#8836 = FACE_BOUND('',#8837,.F.);
#8837 = EDGE_LOOP('',(#8838,#8866,#8899,#8925));
#8838 = ORIENTED_EDGE('',*,*,#8839,.F.);
#8839 = EDGE_CURVE('',#8840,#8842,#8844,.T.);
#8840 = VERTEX_POINT('',#8841);
#8841 = CARTESIAN_POINT('',(34.,-5.4929290807,23.99795761131));
#8842 = VERTEX_POINT('',#8843);
#8843 = CARTESIAN_POINT('',(34.,-8.282209608188,18.016326216868));
#8844 = SURFACE_CURVE('',#8845,(#8849,#8855),.PCURVE_S1.);
#8845 = LINE('',#8846,#8847);
#8846 = CARTESIAN_POINT('',(34.,-14.46261890892,4.762395699861));
#8847 = VECTOR('',#8848,1.);
#8848 = DIRECTION('',(0.,-0.422618261741,-0.906307787037));
#8849 = PCURVE('',#3822,#8850);
#8850 = DEFINITIONAL_REPRESENTATION('',(#8851),#8854);
#8851 = B_SPLINE_CURVE_WITH_KNOTS('',1,(#8852,#8853),.UNSPECIFIED.,.F.,
  .F.,(2,2),(-21.22409427192,-14.62409427192),.PIECEWISE_BEZIER_KNOTS.);
#8852 = CARTESIAN_POINT('',(21.59795761131,-38.5070709193));
#8853 = CARTESIAN_POINT('',(15.616326216868,-35.71779039181));
#8854 = ( GEOMETRIC_REPRESENTATION_CONTEXT(2) 
PARAMETRIC_REPRESENTATION_CONTEXT() REPRESENTATION_CONTEXT('2D SPACE',''
  ) );
#8855 = PCURVE('',#8856,#8861);
#8856 = PLANE('',#8857);
#8857 = AXIS2_PLACEMENT_3D('',#8858,#8859,#8860);
#8858 = CARTESIAN_POINT('',(33.5,-8.282209608188,18.016326216868));
#8859 = DIRECTION('',(0.,-0.906307787037,0.422618261741));
#8860 = DIRECTION('',(0.,0.422618261741,0.906307787037));
#8861 = DEFINITIONAL_REPRESENTATION('',(#8862),#8865);
#8862 = B_SPLINE_CURVE_WITH_KNOTS('',1,(#8863,#8864),.UNSPECIFIED.,.F.,
  .F.,(2,2),(-21.22409427192,-14.62409427192),.PIECEWISE_BEZIER_KNOTS.);
#8863 = CARTESIAN_POINT('',(6.6,-0.5));
#8864 = CARTESIAN_POINT('',(0.,-0.5));
#8865 = ( GEOMETRIC_REPRESENTATION_CONTEXT(2) 
PARAMETRIC_REPRESENTATION_CONTEXT() REPRESENTATION_CONTEXT('2D SPACE',''
  ) );
#8866 = ORIENTED_EDGE('',*,*,#8867,.T.);
#8867 = EDGE_CURVE('',#8840,#8868,#8870,.T.);
#8868 = VERTEX_POINT('',#8869);
#8869 = CARTESIAN_POINT('',(34.,-3.317790391812,22.983673783132));
#8870 = SURFACE_CURVE('',#8871,(#8876,#8887),.PCURVE_S1.);
#8871 = CIRCLE('',#8872,1.2);
#8872 = AXIS2_PLACEMENT_3D('',#8873,#8874,#8875);
#8873 = CARTESIAN_POINT('',(34.,-4.405359736256,23.490815697221));
#8874 = DIRECTION('',(-1.,-0.,0.));
#8875 = DIRECTION('',(0.,-0.422618261741,-0.906307787037));
#8876 = PCURVE('',#3822,#8877);
#8877 = DEFINITIONAL_REPRESENTATION('',(#8878),#8886);
#8878 = ( BOUNDED_CURVE() B_SPLINE_CURVE(2,(#8879,#8880,#8881,#8882,
#8883,#8884,#8885),.UNSPECIFIED.,.T.,.F.) B_SPLINE_CURVE_WITH_KNOTS((1,2
    ,2,2,2,1),(-2.094395102393,0.,2.094395102393,4.188790204786,
6.28318530718,8.377580409573),.UNSPECIFIED.) CURVE() 
GEOMETRIC_REPRESENTATION_ITEM() RATIONAL_B_SPLINE_CURVE((1.,0.5,1.,0.5,
1.,0.5,1.)) REPRESENTATION_ITEM('') );
#8879 = CARTESIAN_POINT('',(20.003246352777,-39.08749834965));
#8880 = CARTESIAN_POINT('',(20.881641914627,-37.20377298832));
#8881 = CARTESIAN_POINT('',(22.073798150368,-38.90634854012));
#8882 = CARTESIAN_POINT('',(23.265954386109,-40.60892409192));
#8883 = CARTESIAN_POINT('',(21.195402588518,-40.79007390145));
#8884 = CARTESIAN_POINT('',(19.124850790927,-40.97122371098));
#8885 = CARTESIAN_POINT('',(20.003246352777,-39.08749834965));
#8886 = ( GEOMETRIC_REPRESENTATION_CONTEXT(2) 
PARAMETRIC_REPRESENTATION_CONTEXT() REPRESENTATION_CONTEXT('2D SPACE',''
  ) );
#8887 = PCURVE('',#8888,#8893);
#8888 = CYLINDRICAL_SURFACE('',#8889,1.2);
#8889 = AXIS2_PLACEMENT_3D('',#8890,#8891,#8892);
#8890 = CARTESIAN_POINT('',(33.5,-4.405359736256,23.490815697221));
#8891 = DIRECTION('',(-1.,-0.,0.));
#8892 = DIRECTION('',(0.,-0.422618261741,-0.906307787037));
#8893 = DEFINITIONAL_REPRESENTATION('',(#8894),#8898);
#8894 = LINE('',#8895,#8896);
#8895 = CARTESIAN_POINT('',(0.,-0.5));
#8896 = VECTOR('',#8897,1.);
#8897 = DIRECTION('',(1.,0.));
#8898 = ( GEOMETRIC_REPRESENTATION_CONTEXT(2) 
PARAMETRIC_REPRESENTATION_CONTEXT() REPRESENTATION_CONTEXT('2D SPACE',''
  ) );
#8899 = ORIENTED_EDGE('',*,*,#8900,.T.);
#8900 = EDGE_CURVE('',#8868,#8901,#8903,.T.);
#8901 = VERTEX_POINT('',#8902);
#8902 = CARTESIAN_POINT('',(34.,-6.1070709193,17.00204238869));
#8903 = SURFACE_CURVE('',#8904,(#8908,#8914),.PCURVE_S1.);
#8904 = LINE('',#8905,#8906);
#8905 = CARTESIAN_POINT('',(34.,-11.59016008816,5.243519720293));
#8906 = VECTOR('',#8907,1.);
#8907 = DIRECTION('',(0.,-0.422618261741,-0.906307787037));
#8908 = PCURVE('',#3822,#8909);
#8909 = DEFINITIONAL_REPRESENTATION('',(#8910),#8913);
#8910 = B_SPLINE_CURVE_WITH_KNOTS('',1,(#8911,#8912),.UNSPECIFIED.,.F.,
  .F.,(2,2),(-19.57409427192,-12.97409427192),.PIECEWISE_BEZIER_KNOTS.);
#8911 = CARTESIAN_POINT('',(20.583673783132,-40.68220960818));
#8912 = CARTESIAN_POINT('',(14.60204238869,-37.8929290807));
#8913 = ( GEOMETRIC_REPRESENTATION_CONTEXT(2) 
PARAMETRIC_REPRESENTATION_CONTEXT() REPRESENTATION_CONTEXT('2D SPACE',''
  ) );
#8914 = PCURVE('',#8915,#8920);
#8915 = PLANE('',#8916);
#8916 = AXIS2_PLACEMENT_3D('',#8917,#8918,#8919);
#8917 = CARTESIAN_POINT('',(33.5,-4.712430655556,19.992858085911));
#8918 = DIRECTION('',(0.,-0.906307787037,0.422618261741));
#8919 = DIRECTION('',(0.,0.422618261741,0.906307787037));
#8920 = DEFINITIONAL_REPRESENTATION('',(#8921),#8924);
#8921 = B_SPLINE_CURVE_WITH_KNOTS('',1,(#8922,#8923),.UNSPECIFIED.,.F.,
  .F.,(2,2),(-19.57409427192,-12.97409427192),.PIECEWISE_BEZIER_KNOTS.);
#8922 = CARTESIAN_POINT('',(3.3,-0.5));
#8923 = CARTESIAN_POINT('',(-3.3,-0.5));
#8924 = ( GEOMETRIC_REPRESENTATION_CONTEXT(2) 
PARAMETRIC_REPRESENTATION_CONTEXT() REPRESENTATION_CONTEXT('2D SPACE',''
  ) );
#8925 = ORIENTED_EDGE('',*,*,#8926,.T.);
#8926 = EDGE_CURVE('',#8901,#8842,#8927,.T.);
#8927 = SURFACE_CURVE('',#8928,(#8933,#8944),.PCURVE_S1.);
#8928 = CIRCLE('',#8929,1.2);
#8929 = AXIS2_PLACEMENT_3D('',#8930,#8931,#8932);
#8930 = CARTESIAN_POINT('',(34.,-7.194640263744,17.509184302779));
#8931 = DIRECTION('',(-1.,0.,0.));
#8932 = DIRECTION('',(0.,0.422618261741,0.906307787037));
#8933 = PCURVE('',#3822,#8934);
#8934 = DEFINITIONAL_REPRESENTATION('',(#8935),#8943);
#8935 = ( BOUNDED_CURVE() B_SPLINE_CURVE(2,(#8936,#8937,#8938,#8939,
#8940,#8941,#8942),.UNSPECIFIED.,.T.,.F.) B_SPLINE_CURVE_WITH_KNOTS((1,2
    ,2,2,2,1),(-2.094395102393,0.,2.094395102393,4.188790204786,
6.28318530718,8.377580409573),.UNSPECIFIED.) CURVE() 
GEOMETRIC_REPRESENTATION_ITEM() RATIONAL_B_SPLINE_CURVE((1.,0.5,1.,0.5,
1.,0.5,1.)) REPRESENTATION_ITEM('') );
#8936 = CARTESIAN_POINT('',(16.196753647223,-37.31250165034));
#8937 = CARTESIAN_POINT('',(15.318358085373,-39.19622701167));
#8938 = CARTESIAN_POINT('',(14.126201849632,-37.49365145987));
#8939 = CARTESIAN_POINT('',(12.934045613891,-35.79107590807));
#8940 = CARTESIAN_POINT('',(15.004597411482,-35.60992609854));
#8941 = CARTESIAN_POINT('',(17.075149209073,-35.42877628901));
#8942 = CARTESIAN_POINT('',(16.196753647223,-37.31250165034));
#8943 = ( GEOMETRIC_REPRESENTATION_CONTEXT(2) 
PARAMETRIC_REPRESENTATION_CONTEXT() REPRESENTATION_CONTEXT('2D SPACE',''
  ) );
#8944 = PCURVE('',#8945,#8950);
#8945 = CYLINDRICAL_SURFACE('',#8946,1.2);
#8946 = AXIS2_PLACEMENT_3D('',#8947,#8948,#8949);
#8947 = CARTESIAN_POINT('',(33.5,-7.194640263744,17.509184302779));
#8948 = DIRECTION('',(-1.,0.,0.));
#8949 = DIRECTION('',(0.,0.422618261741,0.906307787037));
#8950 = DEFINITIONAL_REPRESENTATION('',(#8951),#8955);
#8951 = LINE('',#8952,#8953);
#8952 = CARTESIAN_POINT('',(0.,-0.5));
#8953 = VECTOR('',#8954,1.);
#8954 = DIRECTION('',(1.,0.));
#8955 = ( GEOMETRIC_REPRESENTATION_CONTEXT(2) 
PARAMETRIC_REPRESENTATION_CONTEXT() REPRESENTATION_CONTEXT('2D SPACE',''
  ) );
#8956 = FACE_BOUND('',#8957,.F.);
#8957 = EDGE_LOOP('',(#8958,#8986,#9019,#9045));
#8958 = ORIENTED_EDGE('',*,*,#8959,.F.);
#8959 = EDGE_CURVE('',#8960,#8962,#8964,.T.);
#8960 = VERTEX_POINT('',#8961);
#8961 = CARTESIAN_POINT('',(34.,-11.2929290807,23.99795761131));
#8962 = VERTEX_POINT('',#8963);
#8963 = CARTESIAN_POINT('',(34.,-14.08220960818,18.016326216868));
#8964 = SURFACE_CURVE('',#8965,(#8969,#8975),.PCURVE_S1.);
#8965 = LINE('',#8966,#8967);
#8966 = CARTESIAN_POINT('',(34.,-19.74466094296,5.873160142383));
#8967 = VECTOR('',#8968,1.);
#8968 = DIRECTION('',(0.,-0.422618261741,-0.906307787037));
#8969 = PCURVE('',#3822,#8970);
#8970 = DEFINITIONAL_REPRESENTATION('',(#8971),#8974);
#8971 = B_SPLINE_CURVE_WITH_KNOTS('',1,(#8972,#8973),.UNSPECIFIED.,.F.,
  .F.,(2,2),(-19.99850131288,-13.39850131288),.PIECEWISE_BEZIER_KNOTS.);
#8972 = CARTESIAN_POINT('',(21.59795761131,-32.7070709193));
#8973 = CARTESIAN_POINT('',(15.616326216868,-29.91779039181));
#8974 = ( GEOMETRIC_REPRESENTATION_CONTEXT(2) 
PARAMETRIC_REPRESENTATION_CONTEXT() REPRESENTATION_CONTEXT('2D SPACE',''
  ) );
#8975 = PCURVE('',#8976,#8981);
#8976 = PLANE('',#8977);
#8977 = AXIS2_PLACEMENT_3D('',#8978,#8979,#8980);
#8978 = CARTESIAN_POINT('',(33.5,-14.08220960818,18.016326216868));
#8979 = DIRECTION('',(0.,-0.906307787037,0.422618261741));
#8980 = DIRECTION('',(0.,0.422618261741,0.906307787037));
#8981 = DEFINITIONAL_REPRESENTATION('',(#8982),#8985);
#8982 = B_SPLINE_CURVE_WITH_KNOTS('',1,(#8983,#8984),.UNSPECIFIED.,.F.,
  .F.,(2,2),(-19.99850131288,-13.39850131288),.PIECEWISE_BEZIER_KNOTS.);
#8983 = CARTESIAN_POINT('',(6.6,-0.5));
#8984 = CARTESIAN_POINT('',(0.,-0.5));
#8985 = ( GEOMETRIC_REPRESENTATION_CONTEXT(2) 
PARAMETRIC_REPRESENTATION_CONTEXT() REPRESENTATION_CONTEXT('2D SPACE',''
  ) );
#8986 = ORIENTED_EDGE('',*,*,#8987,.T.);
#8987 = EDGE_CURVE('',#8960,#8988,#8990,.T.);
#8988 = VERTEX_POINT('',#8989);
#8989 = CARTESIAN_POINT('',(34.,-9.117790391812,22.983673783132));
#8990 = SURFACE_CURVE('',#8991,(#8996,#9007),.PCURVE_S1.);
#8991 = CIRCLE('',#8992,1.2);
#8992 = AXIS2_PLACEMENT_3D('',#8993,#8994,#8995);
#8993 = CARTESIAN_POINT('',(34.,-10.20535973625,23.490815697221));
#8994 = DIRECTION('',(-1.,-0.,0.));
#8995 = DIRECTION('',(0.,-0.422618261741,-0.906307787037));
#8996 = PCURVE('',#3822,#8997);
#8997 = DEFINITIONAL_REPRESENTATION('',(#8998),#9006);
#8998 = ( BOUNDED_CURVE() B_SPLINE_CURVE(2,(#8999,#9000,#9001,#9002,
#9003,#9004,#9005),.UNSPECIFIED.,.T.,.F.) B_SPLINE_CURVE_WITH_KNOTS((1,2
    ,2,2,2,1),(-2.094395102393,0.,2.094395102393,4.188790204786,
6.28318530718,8.377580409573),.UNSPECIFIED.) CURVE() 
GEOMETRIC_REPRESENTATION_ITEM() RATIONAL_B_SPLINE_CURVE((1.,0.5,1.,0.5,
1.,0.5,1.)) REPRESENTATION_ITEM('') );
#8999 = CARTESIAN_POINT('',(20.003246352777,-33.28749834965));
#9000 = CARTESIAN_POINT('',(20.881641914627,-31.40377298832));
#9001 = CARTESIAN_POINT('',(22.073798150368,-33.10634854012));
#9002 = CARTESIAN_POINT('',(23.265954386109,-34.80892409192));
#9003 = CARTESIAN_POINT('',(21.195402588518,-34.99007390145));
#9004 = CARTESIAN_POINT('',(19.124850790927,-35.17122371098));
#9005 = CARTESIAN_POINT('',(20.003246352777,-33.28749834965));
#9006 = ( GEOMETRIC_REPRESENTATION_CONTEXT(2) 
PARAMETRIC_REPRESENTATION_CONTEXT() REPRESENTATION_CONTEXT('2D SPACE',''
  ) );
#9007 = PCURVE('',#9008,#9013);
#9008 = CYLINDRICAL_SURFACE('',#9009,1.2);
#9009 = AXIS2_PLACEMENT_3D('',#9010,#9011,#9012);
#9010 = CARTESIAN_POINT('',(33.5,-10.20535973625,23.490815697221));
#9011 = DIRECTION('',(-1.,-0.,0.));
#9012 = DIRECTION('',(0.,-0.422618261741,-0.906307787037));
#9013 = DEFINITIONAL_REPRESENTATION('',(#9014),#9018);
#9014 = LINE('',#9015,#9016);
#9015 = CARTESIAN_POINT('',(0.,-0.5));
#9016 = VECTOR('',#9017,1.);
#9017 = DIRECTION('',(1.,0.));
#9018 = ( GEOMETRIC_REPRESENTATION_CONTEXT(2) 
PARAMETRIC_REPRESENTATION_CONTEXT() REPRESENTATION_CONTEXT('2D SPACE',''
  ) );
#9019 = ORIENTED_EDGE('',*,*,#9020,.T.);
#9020 = EDGE_CURVE('',#8988,#9021,#9023,.T.);
#9021 = VERTEX_POINT('',#9022);
#9022 = CARTESIAN_POINT('',(34.,-11.9070709193,17.00204238869));
#9023 = SURFACE_CURVE('',#9024,(#9028,#9034),.PCURVE_S1.);
#9024 = LINE('',#9025,#9026);
#9025 = CARTESIAN_POINT('',(34.,-16.8722021222,6.354284162816));
#9026 = VECTOR('',#9027,1.);
#9027 = DIRECTION('',(0.,-0.422618261741,-0.906307787037));
#9028 = PCURVE('',#3822,#9029);
#9029 = DEFINITIONAL_REPRESENTATION('',(#9030),#9033);
#9030 = B_SPLINE_CURVE_WITH_KNOTS('',1,(#9031,#9032),.UNSPECIFIED.,.F.,
  .F.,(2,2),(-18.34850131288,-11.74850131288),.PIECEWISE_BEZIER_KNOTS.);
#9031 = CARTESIAN_POINT('',(20.583673783132,-34.88220960818));
#9032 = CARTESIAN_POINT('',(14.60204238869,-32.0929290807));
#9033 = ( GEOMETRIC_REPRESENTATION_CONTEXT(2) 
PARAMETRIC_REPRESENTATION_CONTEXT() REPRESENTATION_CONTEXT('2D SPACE',''
  ) );
#9034 = PCURVE('',#9035,#9040);
#9035 = PLANE('',#9036);
#9036 = AXIS2_PLACEMENT_3D('',#9037,#9038,#9039);
#9037 = CARTESIAN_POINT('',(33.5,-10.51243065555,19.992858085911));
#9038 = DIRECTION('',(0.,-0.906307787037,0.422618261741));
#9039 = DIRECTION('',(0.,0.422618261741,0.906307787037));
#9040 = DEFINITIONAL_REPRESENTATION('',(#9041),#9044);
#9041 = B_SPLINE_CURVE_WITH_KNOTS('',1,(#9042,#9043),.UNSPECIFIED.,.F.,
  .F.,(2,2),(-18.34850131288,-11.74850131288),.PIECEWISE_BEZIER_KNOTS.);
#9042 = CARTESIAN_POINT('',(3.3,-0.5));
#9043 = CARTESIAN_POINT('',(-3.3,-0.5));
#9044 = ( GEOMETRIC_REPRESENTATION_CONTEXT(2) 
PARAMETRIC_REPRESENTATION_CONTEXT() REPRESENTATION_CONTEXT('2D SPACE',''
  ) );
#9045 = ORIENTED_EDGE('',*,*,#9046,.T.);
#9046 = EDGE_CURVE('',#9021,#8962,#9047,.T.);
#9047 = SURFACE_CURVE('',#9048,(#9053,#9064),.PCURVE_S1.);
#9048 = CIRCLE('',#9049,1.2);
#9049 = AXIS2_PLACEMENT_3D('',#9050,#9051,#9052);
#9050 = CARTESIAN_POINT('',(34.,-12.99464026374,17.509184302779));
#9051 = DIRECTION('',(-1.,0.,0.));
#9052 = DIRECTION('',(0.,0.422618261741,0.906307787037));
#9053 = PCURVE('',#3822,#9054);
#9054 = DEFINITIONAL_REPRESENTATION('',(#9055),#9063);
#9055 = ( BOUNDED_CURVE() B_SPLINE_CURVE(2,(#9056,#9057,#9058,#9059,
#9060,#9061,#9062),.UNSPECIFIED.,.T.,.F.) B_SPLINE_CURVE_WITH_KNOTS((1,2
    ,2,2,2,1),(-2.094395102393,0.,2.094395102393,4.188790204786,
6.28318530718,8.377580409573),.UNSPECIFIED.) CURVE() 
GEOMETRIC_REPRESENTATION_ITEM() RATIONAL_B_SPLINE_CURVE((1.,0.5,1.,0.5,
1.,0.5,1.)) REPRESENTATION_ITEM('') );
#9056 = CARTESIAN_POINT('',(16.196753647223,-31.51250165034));
#9057 = CARTESIAN_POINT('',(15.318358085373,-33.39622701167));
#9058 = CARTESIAN_POINT('',(14.126201849632,-31.69365145987));
#9059 = CARTESIAN_POINT('',(12.934045613891,-29.99107590807));
#9060 = CARTESIAN_POINT('',(15.004597411482,-29.80992609854));
#9061 = CARTESIAN_POINT('',(17.075149209073,-29.62877628901));
#9062 = CARTESIAN_POINT('',(16.196753647223,-31.51250165034));
#9063 = ( GEOMETRIC_REPRESENTATION_CONTEXT(2) 
PARAMETRIC_REPRESENTATION_CONTEXT() REPRESENTATION_CONTEXT('2D SPACE',''
  ) );
#9064 = PCURVE('',#9065,#9070);
#9065 = CYLINDRICAL_SURFACE('',#9066,1.2);
#9066 = AXIS2_PLACEMENT_3D('',#9067,#9068,#9069);
#9067 = CARTESIAN_POINT('',(33.5,-12.99464026374,17.509184302779));
#9068 = DIRECTION('',(-1.,0.,0.));
#9069 = DIRECTION('',(0.,0.422618261741,0.906307787037));
#9070 = DEFINITIONAL_REPRESENTATION('',(#9071),#9075);
#9071 = LINE('',#9072,#9073);
#9072 = CARTESIAN_POINT('',(0.,-0.5));
#9073 = VECTOR('',#9074,1.);
#9074 = DIRECTION('',(1.,0.));
#9075 = ( GEOMETRIC_REPRESENTATION_CONTEXT(2) 
PARAMETRIC_REPRESENTATION_CONTEXT() REPRESENTATION_CONTEXT('2D SPACE',''
  ) );
#9076 = FACE_BOUND('',#9077,.F.);
#9077 = EDGE_LOOP('',(#9078,#9106,#9139,#9165));
#9078 = ORIENTED_EDGE('',*,*,#9079,.F.);
#9079 = EDGE_CURVE('',#9080,#9082,#9084,.T.);
#9080 = VERTEX_POINT('',#9081);
#9081 = CARTESIAN_POINT('',(34.,-17.0929290807,23.99795761131));
#9082 = VERTEX_POINT('',#9083);
#9083 = CARTESIAN_POINT('',(34.,-19.88220960818,18.016326216868));
#9084 = SURFACE_CURVE('',#9085,(#9089,#9095),.PCURVE_S1.);
#9085 = LINE('',#9086,#9087);
#9086 = CARTESIAN_POINT('',(34.,-25.02670297701,6.983924584906));
#9087 = VECTOR('',#9088,1.);
#9088 = DIRECTION('',(0.,-0.422618261741,-0.906307787037));
#9089 = PCURVE('',#3822,#9090);
#9090 = DEFINITIONAL_REPRESENTATION('',(#9091),#9094);
#9091 = B_SPLINE_CURVE_WITH_KNOTS('',1,(#9092,#9093),.UNSPECIFIED.,.F.,
  .F.,(2,2),(-18.77290835383,-12.17290835383),.PIECEWISE_BEZIER_KNOTS.);
#9092 = CARTESIAN_POINT('',(21.59795761131,-26.9070709193));
#9093 = CARTESIAN_POINT('',(15.616326216868,-24.11779039181));
#9094 = ( GEOMETRIC_REPRESENTATION_CONTEXT(2) 
PARAMETRIC_REPRESENTATION_CONTEXT() REPRESENTATION_CONTEXT('2D SPACE',''
  ) );
#9095 = PCURVE('',#9096,#9101);
#9096 = PLANE('',#9097);
#9097 = AXIS2_PLACEMENT_3D('',#9098,#9099,#9100);
#9098 = CARTESIAN_POINT('',(33.5,-19.88220960818,18.016326216868));
#9099 = DIRECTION('',(0.,-0.906307787037,0.422618261741));
#9100 = DIRECTION('',(0.,0.422618261741,0.906307787037));
#9101 = DEFINITIONAL_REPRESENTATION('',(#9102),#9105);
#9102 = B_SPLINE_CURVE_WITH_KNOTS('',1,(#9103,#9104),.UNSPECIFIED.,.F.,
  .F.,(2,2),(-18.77290835383,-12.17290835383),.PIECEWISE_BEZIER_KNOTS.);
#9103 = CARTESIAN_POINT('',(6.6,-0.5));
#9104 = CARTESIAN_POINT('',(0.,-0.5));
#9105 = ( GEOMETRIC_REPRESENTATION_CONTEXT(2) 
PARAMETRIC_REPRESENTATION_CONTEXT() REPRESENTATION_CONTEXT('2D SPACE',''
  ) );
#9106 = ORIENTED_EDGE('',*,*,#9107,.T.);
#9107 = EDGE_CURVE('',#9080,#9108,#9110,.T.);
#9108 = VERTEX_POINT('',#9109);
#9109 = CARTESIAN_POINT('',(34.,-14.91779039181,22.983673783132));
#9110 = SURFACE_CURVE('',#9111,(#9116,#9127),.PCURVE_S1.);
#9111 = CIRCLE('',#9112,1.2);
#9112 = AXIS2_PLACEMENT_3D('',#9113,#9114,#9115);
#9113 = CARTESIAN_POINT('',(34.,-16.00535973625,23.490815697221));
#9114 = DIRECTION('',(-1.,-0.,0.));
#9115 = DIRECTION('',(0.,-0.422618261741,-0.906307787037));
#9116 = PCURVE('',#3822,#9117);
#9117 = DEFINITIONAL_REPRESENTATION('',(#9118),#9126);
#9118 = ( BOUNDED_CURVE() B_SPLINE_CURVE(2,(#9119,#9120,#9121,#9122,
#9123,#9124,#9125),.UNSPECIFIED.,.T.,.F.) B_SPLINE_CURVE_WITH_KNOTS((1,2
    ,2,2,2,1),(-2.094395102393,0.,2.094395102393,4.188790204786,
6.28318530718,8.377580409573),.UNSPECIFIED.) CURVE() 
GEOMETRIC_REPRESENTATION_ITEM() RATIONAL_B_SPLINE_CURVE((1.,0.5,1.,0.5,
1.,0.5,1.)) REPRESENTATION_ITEM('') );
#9119 = CARTESIAN_POINT('',(20.003246352777,-27.48749834965));
#9120 = CARTESIAN_POINT('',(20.881641914627,-25.60377298832));
#9121 = CARTESIAN_POINT('',(22.073798150368,-27.30634854012));
#9122 = CARTESIAN_POINT('',(23.265954386109,-29.00892409192));
#9123 = CARTESIAN_POINT('',(21.195402588518,-29.19007390145));
#9124 = CARTESIAN_POINT('',(19.124850790927,-29.37122371098));
#9125 = CARTESIAN_POINT('',(20.003246352777,-27.48749834965));
#9126 = ( GEOMETRIC_REPRESENTATION_CONTEXT(2) 
PARAMETRIC_REPRESENTATION_CONTEXT() REPRESENTATION_CONTEXT('2D SPACE',''
  ) );
#9127 = PCURVE('',#9128,#9133);
#9128 = CYLINDRICAL_SURFACE('',#9129,1.2);
#9129 = AXIS2_PLACEMENT_3D('',#9130,#9131,#9132);
#9130 = CARTESIAN_POINT('',(33.5,-16.00535973625,23.490815697221));
#9131 = DIRECTION('',(-1.,-0.,0.));
#9132 = DIRECTION('',(0.,-0.422618261741,-0.906307787037));
#9133 = DEFINITIONAL_REPRESENTATION('',(#9134),#9138);
#9134 = LINE('',#9135,#9136);
#9135 = CARTESIAN_POINT('',(0.,-0.5));
#9136 = VECTOR('',#9137,1.);
#9137 = DIRECTION('',(1.,0.));
#9138 = ( GEOMETRIC_REPRESENTATION_CONTEXT(2) 
PARAMETRIC_REPRESENTATION_CONTEXT() REPRESENTATION_CONTEXT('2D SPACE',''
  ) );
#9139 = ORIENTED_EDGE('',*,*,#9140,.T.);
#9140 = EDGE_CURVE('',#9108,#9141,#9143,.T.);
#9141 = VERTEX_POINT('',#9142);
#9142 = CARTESIAN_POINT('',(34.,-17.7070709193,17.00204238869));
#9143 = SURFACE_CURVE('',#9144,(#9148,#9154),.PCURVE_S1.);
#9144 = LINE('',#9145,#9146);
#9145 = CARTESIAN_POINT('',(34.,-22.15424415625,7.465048605338));
#9146 = VECTOR('',#9147,1.);
#9147 = DIRECTION('',(0.,-0.422618261741,-0.906307787037));
#9148 = PCURVE('',#3822,#9149);
#9149 = DEFINITIONAL_REPRESENTATION('',(#9150),#9153);
#9150 = B_SPLINE_CURVE_WITH_KNOTS('',1,(#9151,#9152),.UNSPECIFIED.,.F.,
  .F.,(2,2),(-17.12290835383,-10.52290835383),.PIECEWISE_BEZIER_KNOTS.);
#9151 = CARTESIAN_POINT('',(20.583673783132,-29.08220960818));
#9152 = CARTESIAN_POINT('',(14.60204238869,-26.2929290807));
#9153 = ( GEOMETRIC_REPRESENTATION_CONTEXT(2) 
PARAMETRIC_REPRESENTATION_CONTEXT() REPRESENTATION_CONTEXT('2D SPACE',''
  ) );
#9154 = PCURVE('',#9155,#9160);
#9155 = PLANE('',#9156);
#9156 = AXIS2_PLACEMENT_3D('',#9157,#9158,#9159);
#9157 = CARTESIAN_POINT('',(33.5,-16.31243065555,19.992858085911));
#9158 = DIRECTION('',(0.,-0.906307787037,0.422618261741));
#9159 = DIRECTION('',(0.,0.422618261741,0.906307787037));
#9160 = DEFINITIONAL_REPRESENTATION('',(#9161),#9164);
#9161 = B_SPLINE_CURVE_WITH_KNOTS('',1,(#9162,#9163),.UNSPECIFIED.,.F.,
  .F.,(2,2),(-17.12290835383,-10.52290835383),.PIECEWISE_BEZIER_KNOTS.);
#9162 = CARTESIAN_POINT('',(3.3,-0.5));
#9163 = CARTESIAN_POINT('',(-3.3,-0.5));
#9164 = ( GEOMETRIC_REPRESENTATION_CONTEXT(2) 
PARAMETRIC_REPRESENTATION_CONTEXT() REPRESENTATION_CONTEXT('2D SPACE',''
  ) );
#9165 = ORIENTED_EDGE('',*,*,#9166,.T.);
#9166 = EDGE_CURVE('',#9141,#9082,#9167,.T.);
#9167 = SURFACE_CURVE('',#9168,(#9173,#9184),.PCURVE_S1.);
#9168 = CIRCLE('',#9169,1.2);
#9169 = AXIS2_PLACEMENT_3D('',#9170,#9171,#9172);
#9170 = CARTESIAN_POINT('',(34.,-18.79464026374,17.509184302779));
#9171 = DIRECTION('',(-1.,0.,0.));
#9172 = DIRECTION('',(0.,0.422618261741,0.906307787037));
#9173 = PCURVE('',#3822,#9174);
#9174 = DEFINITIONAL_REPRESENTATION('',(#9175),#9183);
#9175 = ( BOUNDED_CURVE() B_SPLINE_CURVE(2,(#9176,#9177,#9178,#9179,
#9180,#9181,#9182),.UNSPECIFIED.,.T.,.F.) B_SPLINE_CURVE_WITH_KNOTS((1,2
    ,2,2,2,1),(-2.094395102393,0.,2.094395102393,4.188790204786,
6.28318530718,8.377580409573),.UNSPECIFIED.) CURVE() 
GEOMETRIC_REPRESENTATION_ITEM() RATIONAL_B_SPLINE_CURVE((1.,0.5,1.,0.5,
1.,0.5,1.)) REPRESENTATION_ITEM('') );
#9176 = CARTESIAN_POINT('',(16.196753647223,-25.71250165034));
#9177 = CARTESIAN_POINT('',(15.318358085373,-27.59622701167));
#9178 = CARTESIAN_POINT('',(14.126201849632,-25.89365145987));
#9179 = CARTESIAN_POINT('',(12.934045613891,-24.19107590807));
#9180 = CARTESIAN_POINT('',(15.004597411482,-24.00992609854));
#9181 = CARTESIAN_POINT('',(17.075149209073,-23.82877628901));
#9182 = CARTESIAN_POINT('',(16.196753647223,-25.71250165034));
#9183 = ( GEOMETRIC_REPRESENTATION_CONTEXT(2) 
PARAMETRIC_REPRESENTATION_CONTEXT() REPRESENTATION_CONTEXT('2D SPACE',''
  ) );
#9184 = PCURVE('',#9185,#9190);
#9185 = CYLINDRICAL_SURFACE('',#9186,1.2);
#9186 = AXIS2_PLACEMENT_3D('',#9187,#9188,#9189);
#9187 = CARTESIAN_POINT('',(33.5,-18.79464026374,17.509184302779));
#9188 = DIRECTION('',(-1.,0.,0.));
#9189 = DIRECTION('',(0.,0.422618261741,0.906307787037));
#9190 = DEFINITIONAL_REPRESENTATION('',(#9191),#9195);
#9191 = LINE('',#9192,#9193);
#9192 = CARTESIAN_POINT('',(0.,-0.5));
#9193 = VECTOR('',#9194,1.);
#9194 = DIRECTION('',(1.,0.));
#9195 = ( GEOMETRIC_REPRESENTATION_CONTEXT(2) 
PARAMETRIC_REPRESENTATION_CONTEXT() REPRESENTATION_CONTEXT('2D SPACE',''
  ) );
#9196 = ADVANCED_FACE('',(#9197),#4266,.T.);
#9197 = FACE_BOUND('',#9198,.T.);
#9198 = EDGE_LOOP('',(#9199,#9200,#9201,#9202));
#9199 = ORIENTED_EDGE('',*,*,#6416,.T.);
#9200 = ORIENTED_EDGE('',*,*,#8075,.T.);
#9201 = ORIENTED_EDGE('',*,*,#4250,.T.);
#9202 = ORIENTED_EDGE('',*,*,#9203,.T.);
#9203 = EDGE_CURVE('',#4223,#6417,#9204,.T.);
#9204 = SURFACE_CURVE('',#9205,(#9209,#9216),.PCURVE_S1.);
#9205 = LINE('',#9206,#9207);
#9206 = CARTESIAN_POINT('',(-34.,13.,2.4));
#9207 = VECTOR('',#9208,1.);
#9208 = DIRECTION('',(0.,0.,1.));
#9209 = PCURVE('',#4266,#9210);
#9210 = DEFINITIONAL_REPRESENTATION('',(#9211),#9215);
#9211 = LINE('',#9212,#9213);
#9212 = CARTESIAN_POINT('',(0.,-57.));
#9213 = VECTOR('',#9214,1.);
#9214 = DIRECTION('',(1.,0.));
#9215 = ( GEOMETRIC_REPRESENTATION_CONTEXT(2) 
PARAMETRIC_REPRESENTATION_CONTEXT() REPRESENTATION_CONTEXT('2D SPACE',''
  ) );
#9216 = PCURVE('',#4238,#9217);
#9217 = DEFINITIONAL_REPRESENTATION('',(#9218),#9222);
#9218 = LINE('',#9219,#9220);
#9219 = CARTESIAN_POINT('',(0.,0.));
#9220 = VECTOR('',#9221,1.);
#9221 = DIRECTION('',(1.,0.));
#9222 = ( GEOMETRIC_REPRESENTATION_CONTEXT(2) 
PARAMETRIC_REPRESENTATION_CONTEXT() REPRESENTATION_CONTEXT('2D SPACE',''
  ) );
#9223 = ADVANCED_FACE('',(#9224,#9328),#3850,.F.);
#9224 = FACE_BOUND('',#9225,.F.);
#9225 = EDGE_LOOP('',(#9226,#9227,#9228,#9251,#9279,#9307));
#9226 = ORIENTED_EDGE('',*,*,#8191,.T.);
#9227 = ORIENTED_EDGE('',*,*,#3834,.T.);
#9228 = ORIENTED_EDGE('',*,*,#9229,.T.);
#9229 = EDGE_CURVE('',#3835,#9230,#9232,.T.);
#9230 = VERTEX_POINT('',#9231);
#9231 = CARTESIAN_POINT('',(25.2,-21.,8.4));
#9232 = SURFACE_CURVE('',#9233,(#9237,#9244),.PCURVE_S1.);
#9233 = LINE('',#9234,#9235);
#9234 = CARTESIAN_POINT('',(25.2,-21.,2.4));
#9235 = VECTOR('',#9236,1.);
#9236 = DIRECTION('',(0.,0.,1.));
#9237 = PCURVE('',#3850,#9238);
#9238 = DEFINITIONAL_REPRESENTATION('',(#9239),#9243);
#9239 = LINE('',#9240,#9241);
#9240 = CARTESIAN_POINT('',(0.,-1.2));
#9241 = VECTOR('',#9242,1.);
#9242 = DIRECTION('',(1.,0.));
#9243 = ( GEOMETRIC_REPRESENTATION_CONTEXT(2) 
PARAMETRIC_REPRESENTATION_CONTEXT() REPRESENTATION_CONTEXT('2D SPACE',''
  ) );
#9244 = PCURVE('',#3878,#9245);
#9245 = DEFINITIONAL_REPRESENTATION('',(#9246),#9250);
#9246 = LINE('',#9247,#9248);
#9247 = CARTESIAN_POINT('',(0.,0.));
#9248 = VECTOR('',#9249,1.);
#9249 = DIRECTION('',(1.,0.));
#9250 = ( GEOMETRIC_REPRESENTATION_CONTEXT(2) 
PARAMETRIC_REPRESENTATION_CONTEXT() REPRESENTATION_CONTEXT('2D SPACE',''
  ) );
#9251 = ORIENTED_EDGE('',*,*,#9252,.T.);
#9252 = EDGE_CURVE('',#9230,#9253,#9255,.T.);
#9253 = VERTEX_POINT('',#9254);
#9254 = CARTESIAN_POINT('',(26.4,-21.,8.4));
#9255 = SURFACE_CURVE('',#9256,(#9260,#9267),.PCURVE_S1.);
#9256 = LINE('',#9257,#9258);
#9257 = CARTESIAN_POINT('',(25.2,-21.,8.4));
#9258 = VECTOR('',#9259,1.);
#9259 = DIRECTION('',(1.,0.,-0.));
#9260 = PCURVE('',#3850,#9261);
#9261 = DEFINITIONAL_REPRESENTATION('',(#9262),#9266);
#9262 = LINE('',#9263,#9264);
#9263 = CARTESIAN_POINT('',(6.,-1.2));
#9264 = VECTOR('',#9265,1.);
#9265 = DIRECTION('',(0.,1.));
#9266 = ( GEOMETRIC_REPRESENTATION_CONTEXT(2) 
PARAMETRIC_REPRESENTATION_CONTEXT() REPRESENTATION_CONTEXT('2D SPACE',''
  ) );
#9267 = PCURVE('',#9268,#9273);
#9268 = PLANE('',#9269);
#9269 = AXIS2_PLACEMENT_3D('',#9270,#9271,#9272);
#9270 = CARTESIAN_POINT('',(25.2,-21.,8.4));
#9271 = DIRECTION('',(0.,0.,1.));
#9272 = DIRECTION('',(1.,0.,-0.));
#9273 = DEFINITIONAL_REPRESENTATION('',(#9274),#9278);
#9274 = LINE('',#9275,#9276);
#9275 = CARTESIAN_POINT('',(0.,0.));
#9276 = VECTOR('',#9277,1.);
#9277 = DIRECTION('',(1.,0.));
#9278 = ( GEOMETRIC_REPRESENTATION_CONTEXT(2) 
PARAMETRIC_REPRESENTATION_CONTEXT() REPRESENTATION_CONTEXT('2D SPACE',''
  ) );
#9279 = ORIENTED_EDGE('',*,*,#9280,.T.);
#9280 = EDGE_CURVE('',#9253,#9281,#9283,.T.);
#9281 = VERTEX_POINT('',#9282);
#9282 = CARTESIAN_POINT('',(26.4,-21.,10.2));
#9283 = SURFACE_CURVE('',#9284,(#9288,#9295),.PCURVE_S1.);
#9284 = LINE('',#9285,#9286);
#9285 = CARTESIAN_POINT('',(26.4,-21.,2.4));
#9286 = VECTOR('',#9287,1.);
#9287 = DIRECTION('',(0.,0.,1.));
#9288 = PCURVE('',#3850,#9289);
#9289 = DEFINITIONAL_REPRESENTATION('',(#9290),#9294);
#9290 = LINE('',#9291,#9292);
#9291 = CARTESIAN_POINT('',(0.,0.));
#9292 = VECTOR('',#9293,1.);
#9293 = DIRECTION('',(1.,0.));
#9294 = ( GEOMETRIC_REPRESENTATION_CONTEXT(2) 
PARAMETRIC_REPRESENTATION_CONTEXT() REPRESENTATION_CONTEXT('2D SPACE',''
  ) );
#9295 = PCURVE('',#9296,#9301);
#9296 = PLANE('',#9297);
#9297 = AXIS2_PLACEMENT_3D('',#9298,#9299,#9300);
#9298 = CARTESIAN_POINT('',(26.4,-21.,2.4));
#9299 = DIRECTION('',(1.,0.,-0.));
#9300 = DIRECTION('',(0.,0.,1.));
#9301 = DEFINITIONAL_REPRESENTATION('',(#9302),#9306);
#9302 = LINE('',#9303,#9304);
#9303 = CARTESIAN_POINT('',(0.,0.));
#9304 = VECTOR('',#9305,1.);
#9305 = DIRECTION('',(1.,0.));
#9306 = ( GEOMETRIC_REPRESENTATION_CONTEXT(2) 
PARAMETRIC_REPRESENTATION_CONTEXT() REPRESENTATION_CONTEXT('2D SPACE',''
  ) );
#9307 = ORIENTED_EDGE('',*,*,#9308,.T.);
#9308 = EDGE_CURVE('',#9281,#8192,#9309,.T.);
#9309 = SURFACE_CURVE('',#9310,(#9314,#9321),.PCURVE_S1.);
#9310 = LINE('',#9311,#9312);
#9311 = CARTESIAN_POINT('',(26.4,-21.,10.2));
#9312 = VECTOR('',#9313,1.);
#9313 = DIRECTION('',(1.,0.,-0.));
#9314 = PCURVE('',#3850,#9315);
#9315 = DEFINITIONAL_REPRESENTATION('',(#9316),#9320);
#9316 = LINE('',#9317,#9318);
#9317 = CARTESIAN_POINT('',(7.8,0.));
#9318 = VECTOR('',#9319,1.);
#9319 = DIRECTION('',(0.,1.));
#9320 = ( GEOMETRIC_REPRESENTATION_CONTEXT(2) 
PARAMETRIC_REPRESENTATION_CONTEXT() REPRESENTATION_CONTEXT('2D SPACE',''
  ) );
#9321 = PCURVE('',#8230,#9322);
#9322 = DEFINITIONAL_REPRESENTATION('',(#9323),#9327);
#9323 = LINE('',#9324,#9325);
#9324 = CARTESIAN_POINT('',(0.,0.));
#9325 = VECTOR('',#9326,1.);
#9326 = DIRECTION('',(1.,0.));
#9327 = ( GEOMETRIC_REPRESENTATION_CONTEXT(2) 
PARAMETRIC_REPRESENTATION_CONTEXT() REPRESENTATION_CONTEXT('2D SPACE',''
  ) );
#9328 = FACE_BOUND('',#9329,.F.);
#9329 = EDGE_LOOP('',(#9330,#9358,#9384,#9410));
#9330 = ORIENTED_EDGE('',*,*,#9331,.F.);
#9331 = EDGE_CURVE('',#9332,#9334,#9336,.T.);
#9332 = VERTEX_POINT('',#9333);
#9333 = CARTESIAN_POINT('',(27.6,-21.,7.6));
#9334 = VERTEX_POINT('',#9335);
#9335 = CARTESIAN_POINT('',(33.4,-21.,7.6));
#9336 = SURFACE_CURVE('',#9337,(#9341,#9347),.PCURVE_S1.);
#9337 = LINE('',#9338,#9339);
#9338 = CARTESIAN_POINT('',(28.45,-21.,7.6));
#9339 = VECTOR('',#9340,1.);
#9340 = DIRECTION('',(1.,0.,-0.));
#9341 = PCURVE('',#3850,#9342);
#9342 = DEFINITIONAL_REPRESENTATION('',(#9343),#9346);
#9343 = B_SPLINE_CURVE_WITH_KNOTS('',1,(#9344,#9345),.UNSPECIFIED.,.F.,
  .F.,(2,2),(-0.85,4.95),.PIECEWISE_BEZIER_KNOTS.);
#9344 = CARTESIAN_POINT('',(5.2,1.2));
#9345 = CARTESIAN_POINT('',(5.2,7.));
#9346 = ( GEOMETRIC_REPRESENTATION_CONTEXT(2) 
PARAMETRIC_REPRESENTATION_CONTEXT() REPRESENTATION_CONTEXT('2D SPACE',''
  ) );
#9347 = PCURVE('',#9348,#9353);
#9348 = PLANE('',#9349);
#9349 = AXIS2_PLACEMENT_3D('',#9350,#9351,#9352);
#9350 = CARTESIAN_POINT('',(30.5,-17.,7.6));
#9351 = DIRECTION('',(0.,0.,1.));
#9352 = DIRECTION('',(1.,0.,-0.));
#9353 = DEFINITIONAL_REPRESENTATION('',(#9354),#9357);
#9354 = B_SPLINE_CURVE_WITH_KNOTS('',1,(#9355,#9356),.UNSPECIFIED.,.F.,
  .F.,(2,2),(-0.85,4.95),.PIECEWISE_BEZIER_KNOTS.);
#9355 = CARTESIAN_POINT('',(-2.9,-4.));
#9356 = CARTESIAN_POINT('',(2.9,-4.));
#9357 = ( GEOMETRIC_REPRESENTATION_CONTEXT(2) 
PARAMETRIC_REPRESENTATION_CONTEXT() REPRESENTATION_CONTEXT('2D SPACE',''
  ) );
#9358 = ORIENTED_EDGE('',*,*,#9359,.T.);
#9359 = EDGE_CURVE('',#9332,#9360,#9362,.T.);
#9360 = VERTEX_POINT('',#9361);
#9361 = CARTESIAN_POINT('',(27.6,-21.,4.9));
#9362 = SURFACE_CURVE('',#9363,(#9367,#9373),.PCURVE_S1.);
#9363 = LINE('',#9364,#9365);
#9364 = CARTESIAN_POINT('',(27.6,-21.,3.65));
#9365 = VECTOR('',#9366,1.);
#9366 = DIRECTION('',(0.,0.,-1.));
#9367 = PCURVE('',#3850,#9368);
#9368 = DEFINITIONAL_REPRESENTATION('',(#9369),#9372);
#9369 = B_SPLINE_CURVE_WITH_KNOTS('',1,(#9370,#9371),.UNSPECIFIED.,.F.,
  .F.,(2,2),(-3.95,-1.25),.PIECEWISE_BEZIER_KNOTS.);
#9370 = CARTESIAN_POINT('',(5.2,1.2));
#9371 = CARTESIAN_POINT('',(2.5,1.2));
#9372 = ( GEOMETRIC_REPRESENTATION_CONTEXT(2) 
PARAMETRIC_REPRESENTATION_CONTEXT() REPRESENTATION_CONTEXT('2D SPACE',''
  ) );
#9373 = PCURVE('',#9374,#9379);
#9374 = PLANE('',#9375);
#9375 = AXIS2_PLACEMENT_3D('',#9376,#9377,#9378);
#9376 = CARTESIAN_POINT('',(27.6,-15.32568421935,4.9));
#9377 = DIRECTION('',(1.,-2.652362326046E-16,0.));
#9378 = DIRECTION('',(-2.652362326046E-16,-1.,0.));
#9379 = DEFINITIONAL_REPRESENTATION('',(#9380),#9383);
#9380 = B_SPLINE_CURVE_WITH_KNOTS('',1,(#9381,#9382),.UNSPECIFIED.,.F.,
  .F.,(2,2),(-3.95,-1.25),.PIECEWISE_BEZIER_KNOTS.);
#9381 = CARTESIAN_POINT('',(5.67431578065,-2.7));
#9382 = CARTESIAN_POINT('',(5.67431578065,0.));
#9383 = ( GEOMETRIC_REPRESENTATION_CONTEXT(2) 
PARAMETRIC_REPRESENTATION_CONTEXT() REPRESENTATION_CONTEXT('2D SPACE',''
  ) );
#9384 = ORIENTED_EDGE('',*,*,#9385,.T.);
#9385 = EDGE_CURVE('',#9360,#9386,#9388,.T.);
#9386 = VERTEX_POINT('',#9387);
#9387 = CARTESIAN_POINT('',(33.4,-21.,4.9));
#9388 = SURFACE_CURVE('',#9389,(#9393,#9399),.PCURVE_S1.);
#9389 = LINE('',#9390,#9391);
#9390 = CARTESIAN_POINT('',(28.45,-21.,4.9));
#9391 = VECTOR('',#9392,1.);
#9392 = DIRECTION('',(1.,0.,-0.));
#9393 = PCURVE('',#3850,#9394);
#9394 = DEFINITIONAL_REPRESENTATION('',(#9395),#9398);
#9395 = B_SPLINE_CURVE_WITH_KNOTS('',1,(#9396,#9397),.UNSPECIFIED.,.F.,
  .F.,(2,2),(-0.85,4.95),.PIECEWISE_BEZIER_KNOTS.);
#9396 = CARTESIAN_POINT('',(2.5,1.2));
#9397 = CARTESIAN_POINT('',(2.5,7.));
#9398 = ( GEOMETRIC_REPRESENTATION_CONTEXT(2) 
PARAMETRIC_REPRESENTATION_CONTEXT() REPRESENTATION_CONTEXT('2D SPACE',''
  ) );
#9399 = PCURVE('',#9400,#9405);
#9400 = PLANE('',#9401);
#9401 = AXIS2_PLACEMENT_3D('',#9402,#9403,#9404);
#9402 = CARTESIAN_POINT('',(30.5,-17.,4.9));
#9403 = DIRECTION('',(0.,0.,1.));
#9404 = DIRECTION('',(1.,0.,-0.));
#9405 = DEFINITIONAL_REPRESENTATION('',(#9406),#9409);
#9406 = B_SPLINE_CURVE_WITH_KNOTS('',1,(#9407,#9408),.UNSPECIFIED.,.F.,
  .F.,(2,2),(-0.85,4.95),.PIECEWISE_BEZIER_KNOTS.);
#9407 = CARTESIAN_POINT('',(-2.9,-4.));
#9408 = CARTESIAN_POINT('',(2.9,-4.));
#9409 = ( GEOMETRIC_REPRESENTATION_CONTEXT(2) 
PARAMETRIC_REPRESENTATION_CONTEXT() REPRESENTATION_CONTEXT('2D SPACE',''
  ) );
#9410 = ORIENTED_EDGE('',*,*,#9411,.T.);
#9411 = EDGE_CURVE('',#9386,#9334,#9412,.T.);
#9412 = SURFACE_CURVE('',#9413,(#9417,#9423),.PCURVE_S1.);
#9413 = LINE('',#9414,#9415);
#9414 = CARTESIAN_POINT('',(33.4,-21.,3.65));
#9415 = VECTOR('',#9416,1.);
#9416 = DIRECTION('',(0.,0.,1.));
#9417 = PCURVE('',#3850,#9418);
#9418 = DEFINITIONAL_REPRESENTATION('',(#9419),#9422);
#9419 = B_SPLINE_CURVE_WITH_KNOTS('',1,(#9420,#9421),.UNSPECIFIED.,.F.,
  .F.,(2,2),(1.25,3.95),.PIECEWISE_BEZIER_KNOTS.);
#9420 = CARTESIAN_POINT('',(2.5,7.));
#9421 = CARTESIAN_POINT('',(5.2,7.));
#9422 = ( GEOMETRIC_REPRESENTATION_CONTEXT(2) 
PARAMETRIC_REPRESENTATION_CONTEXT() REPRESENTATION_CONTEXT('2D SPACE',''
  ) );
#9423 = PCURVE('',#9424,#9429);
#9424 = PLANE('',#9425);
#9425 = AXIS2_PLACEMENT_3D('',#9426,#9427,#9428);
#9426 = CARTESIAN_POINT('',(33.4,-18.67431578065,4.9));
#9427 = DIRECTION('',(-1.,0.,0.));
#9428 = DIRECTION('',(0.,1.,0.));
#9429 = DEFINITIONAL_REPRESENTATION('',(#9430),#9433);
#9430 = B_SPLINE_CURVE_WITH_KNOTS('',1,(#9431,#9432),.UNSPECIFIED.,.F.,
  .F.,(2,2),(1.25,3.95),.PIECEWISE_BEZIER_KNOTS.);
#9431 = CARTESIAN_POINT('',(-2.32568421935,0.));
#9432 = CARTESIAN_POINT('',(-2.32568421935,-2.7));
#9433 = ( GEOMETRIC_REPRESENTATION_CONTEXT(2) 
PARAMETRIC_REPRESENTATION_CONTEXT() REPRESENTATION_CONTEXT('2D SPACE',''
  ) );
#9434 = ADVANCED_FACE('',(#9435,#9566),#4238,.F.);
#9435 = FACE_BOUND('',#9436,.F.);
#9436 = EDGE_LOOP('',(#9437,#9467,#9495,#9516,#9517,#9518,#9519,#9540));
#9437 = ORIENTED_EDGE('',*,*,#9438,.F.);
#9438 = EDGE_CURVE('',#9439,#9441,#9443,.T.);
#9439 = VERTEX_POINT('',#9440);
#9440 = CARTESIAN_POINT('',(-26.4,13.,8.4));
#9441 = VERTEX_POINT('',#9442);
#9442 = CARTESIAN_POINT('',(-26.4,13.,10.2));
#9443 = SURFACE_CURVE('',#9444,(#9448,#9455),.PCURVE_S1.);
#9444 = LINE('',#9445,#9446);
#9445 = CARTESIAN_POINT('',(-26.4,13.,2.4));
#9446 = VECTOR('',#9447,1.);
#9447 = DIRECTION('',(0.,0.,1.));
#9448 = PCURVE('',#4238,#9449);
#9449 = DEFINITIONAL_REPRESENTATION('',(#9450),#9454);
#9450 = LINE('',#9451,#9452);
#9451 = CARTESIAN_POINT('',(0.,7.6));
#9452 = VECTOR('',#9453,1.);
#9453 = DIRECTION('',(1.,0.));
#9454 = ( GEOMETRIC_REPRESENTATION_CONTEXT(2) 
PARAMETRIC_REPRESENTATION_CONTEXT() REPRESENTATION_CONTEXT('2D SPACE',''
  ) );
#9455 = PCURVE('',#9456,#9461);
#9456 = PLANE('',#9457);
#9457 = AXIS2_PLACEMENT_3D('',#9458,#9459,#9460);
#9458 = CARTESIAN_POINT('',(-26.4,13.,2.4));
#9459 = DIRECTION('',(1.,0.,-0.));
#9460 = DIRECTION('',(0.,0.,1.));
#9461 = DEFINITIONAL_REPRESENTATION('',(#9462),#9466);
#9462 = LINE('',#9463,#9464);
#9463 = CARTESIAN_POINT('',(0.,0.));
#9464 = VECTOR('',#9465,1.);
#9465 = DIRECTION('',(1.,0.));
#9466 = ( GEOMETRIC_REPRESENTATION_CONTEXT(2) 
PARAMETRIC_REPRESENTATION_CONTEXT() REPRESENTATION_CONTEXT('2D SPACE',''
  ) );
#9467 = ORIENTED_EDGE('',*,*,#9468,.T.);
#9468 = EDGE_CURVE('',#9439,#9469,#9471,.T.);
#9469 = VERTEX_POINT('',#9470);
#9470 = CARTESIAN_POINT('',(-25.2,13.,8.4));
#9471 = SURFACE_CURVE('',#9472,(#9476,#9483),.PCURVE_S1.);
#9472 = LINE('',#9473,#9474);
#9473 = CARTESIAN_POINT('',(-34.,13.,8.4));
#9474 = VECTOR('',#9475,1.);
#9475 = DIRECTION('',(1.,0.,-0.));
#9476 = PCURVE('',#4238,#9477);
#9477 = DEFINITIONAL_REPRESENTATION('',(#9478),#9482);
#9478 = LINE('',#9479,#9480);
#9479 = CARTESIAN_POINT('',(6.,0.));
#9480 = VECTOR('',#9481,1.);
#9481 = DIRECTION('',(0.,1.));
#9482 = ( GEOMETRIC_REPRESENTATION_CONTEXT(2) 
PARAMETRIC_REPRESENTATION_CONTEXT() REPRESENTATION_CONTEXT('2D SPACE',''
  ) );
#9483 = PCURVE('',#9484,#9489);
#9484 = PLANE('',#9485);
#9485 = AXIS2_PLACEMENT_3D('',#9486,#9487,#9488);
#9486 = CARTESIAN_POINT('',(-34.,13.,8.4));
#9487 = DIRECTION('',(0.,0.,1.));
#9488 = DIRECTION('',(1.,0.,-0.));
#9489 = DEFINITIONAL_REPRESENTATION('',(#9490),#9494);
#9490 = LINE('',#9491,#9492);
#9491 = CARTESIAN_POINT('',(0.,0.));
#9492 = VECTOR('',#9493,1.);
#9493 = DIRECTION('',(1.,0.));
#9494 = ( GEOMETRIC_REPRESENTATION_CONTEXT(2) 
PARAMETRIC_REPRESENTATION_CONTEXT() REPRESENTATION_CONTEXT('2D SPACE',''
  ) );
#9495 = ORIENTED_EDGE('',*,*,#9496,.F.);
#9496 = EDGE_CURVE('',#4195,#9469,#9497,.T.);
#9497 = SURFACE_CURVE('',#9498,(#9502,#9509),.PCURVE_S1.);
#9498 = LINE('',#9499,#9500);
#9499 = CARTESIAN_POINT('',(-25.2,13.,2.4));
#9500 = VECTOR('',#9501,1.);
#9501 = DIRECTION('',(0.,0.,1.));
#9502 = PCURVE('',#4238,#9503);
#9503 = DEFINITIONAL_REPRESENTATION('',(#9504),#9508);
#9504 = LINE('',#9505,#9506);
#9505 = CARTESIAN_POINT('',(0.,8.8));
#9506 = VECTOR('',#9507,1.);
#9507 = DIRECTION('',(1.,0.));
#9508 = ( GEOMETRIC_REPRESENTATION_CONTEXT(2) 
PARAMETRIC_REPRESENTATION_CONTEXT() REPRESENTATION_CONTEXT('2D SPACE',''
  ) );
#9509 = PCURVE('',#4210,#9510);
#9510 = DEFINITIONAL_REPRESENTATION('',(#9511),#9515);
#9511 = LINE('',#9512,#9513);
#9512 = CARTESIAN_POINT('',(0.,0.));
#9513 = VECTOR('',#9514,1.);
#9514 = DIRECTION('',(1.,0.));
#9515 = ( GEOMETRIC_REPRESENTATION_CONTEXT(2) 
PARAMETRIC_REPRESENTATION_CONTEXT() REPRESENTATION_CONTEXT('2D SPACE',''
  ) );
#9516 = ORIENTED_EDGE('',*,*,#4222,.T.);
#9517 = ORIENTED_EDGE('',*,*,#9203,.T.);
#9518 = ORIENTED_EDGE('',*,*,#6437,.T.);
#9519 = ORIENTED_EDGE('',*,*,#9520,.F.);
#9520 = EDGE_CURVE('',#9521,#6438,#9523,.T.);
#9521 = VERTEX_POINT('',#9522);
#9522 = CARTESIAN_POINT('',(-33.5,13.,10.2));
#9523 = SURFACE_CURVE('',#9524,(#9528,#9534),.PCURVE_S1.);
#9524 = LINE('',#9525,#9526);
#9525 = CARTESIAN_POINT('',(-33.5,13.,5.7));
#9526 = VECTOR('',#9527,1.);
#9527 = DIRECTION('',(-0.,0.,-1.));
#9528 = PCURVE('',#4238,#9529);
#9529 = DEFINITIONAL_REPRESENTATION('',(#9530),#9533);
#9530 = B_SPLINE_CURVE_WITH_KNOTS('',1,(#9531,#9532),.UNSPECIFIED.,.F.,
  .F.,(2,2),(-4.5,-3.3),.PIECEWISE_BEZIER_KNOTS.);
#9531 = CARTESIAN_POINT('',(7.8,0.5));
#9532 = CARTESIAN_POINT('',(6.6,0.5));
#9533 = ( GEOMETRIC_REPRESENTATION_CONTEXT(2) 
PARAMETRIC_REPRESENTATION_CONTEXT() REPRESENTATION_CONTEXT('2D SPACE',''
  ) );
#9534 = PCURVE('',#6474,#9535);
#9535 = DEFINITIONAL_REPRESENTATION('',(#9536),#9539);
#9536 = B_SPLINE_CURVE_WITH_KNOTS('',1,(#9537,#9538),.UNSPECIFIED.,.F.,
  .F.,(2,2),(-4.5,-3.3),.PIECEWISE_BEZIER_KNOTS.);
#9537 = CARTESIAN_POINT('',(1.2,-43.));
#9538 = CARTESIAN_POINT('',(0.,-43.));
#9539 = ( GEOMETRIC_REPRESENTATION_CONTEXT(2) 
PARAMETRIC_REPRESENTATION_CONTEXT() REPRESENTATION_CONTEXT('2D SPACE',''
  ) );
#9540 = ORIENTED_EDGE('',*,*,#9541,.T.);
#9541 = EDGE_CURVE('',#9521,#9441,#9542,.T.);
#9542 = SURFACE_CURVE('',#9543,(#9547,#9554),.PCURVE_S1.);
#9543 = LINE('',#9544,#9545);
#9544 = CARTESIAN_POINT('',(-34.,13.,10.2));
#9545 = VECTOR('',#9546,1.);
#9546 = DIRECTION('',(1.,0.,-0.));
#9547 = PCURVE('',#4238,#9548);
#9548 = DEFINITIONAL_REPRESENTATION('',(#9549),#9553);
#9549 = LINE('',#9550,#9551);
#9550 = CARTESIAN_POINT('',(7.8,0.));
#9551 = VECTOR('',#9552,1.);
#9552 = DIRECTION('',(0.,1.));
#9553 = ( GEOMETRIC_REPRESENTATION_CONTEXT(2) 
PARAMETRIC_REPRESENTATION_CONTEXT() REPRESENTATION_CONTEXT('2D SPACE',''
  ) );
#9554 = PCURVE('',#9555,#9560);
#9555 = PLANE('',#9556);
#9556 = AXIS2_PLACEMENT_3D('',#9557,#9558,#9559);
#9557 = CARTESIAN_POINT('',(-34.,13.,10.2));
#9558 = DIRECTION('',(0.,0.,1.));
#9559 = DIRECTION('',(1.,0.,-0.));
#9560 = DEFINITIONAL_REPRESENTATION('',(#9561),#9565);
#9561 = LINE('',#9562,#9563);
#9562 = CARTESIAN_POINT('',(0.,0.));
#9563 = VECTOR('',#9564,1.);
#9564 = DIRECTION('',(1.,0.));
#9565 = ( GEOMETRIC_REPRESENTATION_CONTEXT(2) 
PARAMETRIC_REPRESENTATION_CONTEXT() REPRESENTATION_CONTEXT('2D SPACE',''
  ) );
#9566 = FACE_BOUND('',#9567,.F.);
#9567 = EDGE_LOOP('',(#9568,#9596,#9622,#9648));
#9568 = ORIENTED_EDGE('',*,*,#9569,.F.);
#9569 = EDGE_CURVE('',#9570,#9572,#9574,.T.);
#9570 = VERTEX_POINT('',#9571);
#9571 = CARTESIAN_POINT('',(-33.4,13.,7.6));
#9572 = VERTEX_POINT('',#9573);
#9573 = CARTESIAN_POINT('',(-27.6,13.,7.6));
#9574 = SURFACE_CURVE('',#9575,(#9579,#9585),.PCURVE_S1.);
#9575 = LINE('',#9576,#9577);
#9576 = CARTESIAN_POINT('',(-32.25,13.,7.6));
#9577 = VECTOR('',#9578,1.);
#9578 = DIRECTION('',(1.,0.,-0.));
#9579 = PCURVE('',#4238,#9580);
#9580 = DEFINITIONAL_REPRESENTATION('',(#9581),#9584);
#9581 = B_SPLINE_CURVE_WITH_KNOTS('',1,(#9582,#9583),.UNSPECIFIED.,.F.,
  .F.,(2,2),(-1.15,4.65),.PIECEWISE_BEZIER_KNOTS.);
#9582 = CARTESIAN_POINT('',(5.2,0.6));
#9583 = CARTESIAN_POINT('',(5.2,6.4));
#9584 = ( GEOMETRIC_REPRESENTATION_CONTEXT(2) 
PARAMETRIC_REPRESENTATION_CONTEXT() REPRESENTATION_CONTEXT('2D SPACE',''
  ) );
#9585 = PCURVE('',#9586,#9591);
#9586 = PLANE('',#9587);
#9587 = AXIS2_PLACEMENT_3D('',#9588,#9589,#9590);
#9588 = CARTESIAN_POINT('',(-30.5,17.,7.6));
#9589 = DIRECTION('',(0.,0.,1.));
#9590 = DIRECTION('',(1.,0.,-0.));
#9591 = DEFINITIONAL_REPRESENTATION('',(#9592),#9595);
#9592 = B_SPLINE_CURVE_WITH_KNOTS('',1,(#9593,#9594),.UNSPECIFIED.,.F.,
  .F.,(2,2),(-1.15,4.65),.PIECEWISE_BEZIER_KNOTS.);
#9593 = CARTESIAN_POINT('',(-2.9,-4.));
#9594 = CARTESIAN_POINT('',(2.9,-4.));
#9595 = ( GEOMETRIC_REPRESENTATION_CONTEXT(2) 
PARAMETRIC_REPRESENTATION_CONTEXT() REPRESENTATION_CONTEXT('2D SPACE',''
  ) );
#9596 = ORIENTED_EDGE('',*,*,#9597,.T.);
#9597 = EDGE_CURVE('',#9570,#9598,#9600,.T.);
#9598 = VERTEX_POINT('',#9599);
#9599 = CARTESIAN_POINT('',(-33.4,13.,4.9));
#9600 = SURFACE_CURVE('',#9601,(#9605,#9611),.PCURVE_S1.);
#9601 = LINE('',#9602,#9603);
#9602 = CARTESIAN_POINT('',(-33.4,13.,3.65));
#9603 = VECTOR('',#9604,1.);
#9604 = DIRECTION('',(0.,0.,-1.));
#9605 = PCURVE('',#4238,#9606);
#9606 = DEFINITIONAL_REPRESENTATION('',(#9607),#9610);
#9607 = B_SPLINE_CURVE_WITH_KNOTS('',1,(#9608,#9609),.UNSPECIFIED.,.F.,
  .F.,(2,2),(-3.95,-1.25),.PIECEWISE_BEZIER_KNOTS.);
#9608 = CARTESIAN_POINT('',(5.2,0.6));
#9609 = CARTESIAN_POINT('',(2.5,0.6));
#9610 = ( GEOMETRIC_REPRESENTATION_CONTEXT(2) 
PARAMETRIC_REPRESENTATION_CONTEXT() REPRESENTATION_CONTEXT('2D SPACE',''
  ) );
#9611 = PCURVE('',#9612,#9617);
#9612 = PLANE('',#9613);
#9613 = AXIS2_PLACEMENT_3D('',#9614,#9615,#9616);
#9614 = CARTESIAN_POINT('',(-33.4,18.67431578065,4.9));
#9615 = DIRECTION('',(1.,-2.652362326046E-16,0.));
#9616 = DIRECTION('',(-2.652362326046E-16,-1.,0.));
#9617 = DEFINITIONAL_REPRESENTATION('',(#9618),#9621);
#9618 = B_SPLINE_CURVE_WITH_KNOTS('',1,(#9619,#9620),.UNSPECIFIED.,.F.,
  .F.,(2,2),(-3.95,-1.25),.PIECEWISE_BEZIER_KNOTS.);
#9619 = CARTESIAN_POINT('',(5.67431578065,-2.7));
#9620 = CARTESIAN_POINT('',(5.67431578065,0.));
#9621 = ( GEOMETRIC_REPRESENTATION_CONTEXT(2) 
PARAMETRIC_REPRESENTATION_CONTEXT() REPRESENTATION_CONTEXT('2D SPACE',''
  ) );
#9622 = ORIENTED_EDGE('',*,*,#9623,.T.);
#9623 = EDGE_CURVE('',#9598,#9624,#9626,.T.);
#9624 = VERTEX_POINT('',#9625);
#9625 = CARTESIAN_POINT('',(-27.6,13.,4.9));
#9626 = SURFACE_CURVE('',#9627,(#9631,#9637),.PCURVE_S1.);
#9627 = LINE('',#9628,#9629);
#9628 = CARTESIAN_POINT('',(-32.25,13.,4.9));
#9629 = VECTOR('',#9630,1.);
#9630 = DIRECTION('',(1.,0.,-0.));
#9631 = PCURVE('',#4238,#9632);
#9632 = DEFINITIONAL_REPRESENTATION('',(#9633),#9636);
#9633 = B_SPLINE_CURVE_WITH_KNOTS('',1,(#9634,#9635),.UNSPECIFIED.,.F.,
  .F.,(2,2),(-1.15,4.65),.PIECEWISE_BEZIER_KNOTS.);
#9634 = CARTESIAN_POINT('',(2.5,0.6));
#9635 = CARTESIAN_POINT('',(2.5,6.4));
#9636 = ( GEOMETRIC_REPRESENTATION_CONTEXT(2) 
PARAMETRIC_REPRESENTATION_CONTEXT() REPRESENTATION_CONTEXT('2D SPACE',''
  ) );
#9637 = PCURVE('',#9638,#9643);
#9638 = PLANE('',#9639);
#9639 = AXIS2_PLACEMENT_3D('',#9640,#9641,#9642);
#9640 = CARTESIAN_POINT('',(-30.5,17.,4.9));
#9641 = DIRECTION('',(0.,0.,1.));
#9642 = DIRECTION('',(1.,0.,-0.));
#9643 = DEFINITIONAL_REPRESENTATION('',(#9644),#9647);
#9644 = B_SPLINE_CURVE_WITH_KNOTS('',1,(#9645,#9646),.UNSPECIFIED.,.F.,
  .F.,(2,2),(-1.15,4.65),.PIECEWISE_BEZIER_KNOTS.);
#9645 = CARTESIAN_POINT('',(-2.9,-4.));
#9646 = CARTESIAN_POINT('',(2.9,-4.));
#9647 = ( GEOMETRIC_REPRESENTATION_CONTEXT(2) 
PARAMETRIC_REPRESENTATION_CONTEXT() REPRESENTATION_CONTEXT('2D SPACE',''
  ) );
#9648 = ORIENTED_EDGE('',*,*,#9649,.T.);
#9649 = EDGE_CURVE('',#9624,#9572,#9650,.T.);
#9650 = SURFACE_CURVE('',#9651,(#9655,#9661),.PCURVE_S1.);
#9651 = LINE('',#9652,#9653);
#9652 = CARTESIAN_POINT('',(-27.6,13.,3.65));
#9653 = VECTOR('',#9654,1.);
#9654 = DIRECTION('',(0.,0.,1.));
#9655 = PCURVE('',#4238,#9656);
#9656 = DEFINITIONAL_REPRESENTATION('',(#9657),#9660);
#9657 = B_SPLINE_CURVE_WITH_KNOTS('',1,(#9658,#9659),.UNSPECIFIED.,.F.,
  .F.,(2,2),(1.25,3.95),.PIECEWISE_BEZIER_KNOTS.);
#9658 = CARTESIAN_POINT('',(2.5,6.4));
#9659 = CARTESIAN_POINT('',(5.2,6.4));
#9660 = ( GEOMETRIC_REPRESENTATION_CONTEXT(2) 
PARAMETRIC_REPRESENTATION_CONTEXT() REPRESENTATION_CONTEXT('2D SPACE',''
  ) );
#9661 = PCURVE('',#9662,#9667);
#9662 = PLANE('',#9663);
#9663 = AXIS2_PLACEMENT_3D('',#9664,#9665,#9666);
#9664 = CARTESIAN_POINT('',(-27.6,15.32568421935,4.9));
#9665 = DIRECTION('',(-1.,0.,0.));
#9666 = DIRECTION('',(0.,1.,0.));
#9667 = DEFINITIONAL_REPRESENTATION('',(#9668),#9671);
#9668 = B_SPLINE_CURVE_WITH_KNOTS('',1,(#9669,#9670),.UNSPECIFIED.,.F.,
  .F.,(2,2),(1.25,3.95),.PIECEWISE_BEZIER_KNOTS.);
#9669 = CARTESIAN_POINT('',(-2.32568421935,0.));
#9670 = CARTESIAN_POINT('',(-2.32568421935,-2.7));
#9671 = ( GEOMETRIC_REPRESENTATION_CONTEXT(2) 
PARAMETRIC_REPRESENTATION_CONTEXT() REPRESENTATION_CONTEXT('2D SPACE',''
  ) );
#9672 = ADVANCED_FACE('',(#9673),#3878,.F.);
#9673 = FACE_BOUND('',#9674,.F.);
#9674 = EDGE_LOOP('',(#9675,#9676,#9677,#9700));
#9675 = ORIENTED_EDGE('',*,*,#9229,.F.);
#9676 = ORIENTED_EDGE('',*,*,#3862,.T.);
#9677 = ORIENTED_EDGE('',*,*,#9678,.T.);
#9678 = EDGE_CURVE('',#3863,#9679,#9681,.T.);
#9679 = VERTEX_POINT('',#9680);
#9680 = CARTESIAN_POINT('',(25.2,-13.,8.4));
#9681 = SURFACE_CURVE('',#9682,(#9686,#9693),.PCURVE_S1.);
#9682 = LINE('',#9683,#9684);
#9683 = CARTESIAN_POINT('',(25.2,-13.,2.4));
#9684 = VECTOR('',#9685,1.);
#9685 = DIRECTION('',(0.,0.,1.));
#9686 = PCURVE('',#3878,#9687);
#9687 = DEFINITIONAL_REPRESENTATION('',(#9688),#9692);
#9688 = LINE('',#9689,#9690);
#9689 = CARTESIAN_POINT('',(0.,-8.));
#9690 = VECTOR('',#9691,1.);
#9691 = DIRECTION('',(1.,0.));
#9692 = ( GEOMETRIC_REPRESENTATION_CONTEXT(2) 
PARAMETRIC_REPRESENTATION_CONTEXT() REPRESENTATION_CONTEXT('2D SPACE',''
  ) );
#9693 = PCURVE('',#3906,#9694);
#9694 = DEFINITIONAL_REPRESENTATION('',(#9695),#9699);
#9695 = LINE('',#9696,#9697);
#9696 = CARTESIAN_POINT('',(0.,0.));
#9697 = VECTOR('',#9698,1.);
#9698 = DIRECTION('',(1.,0.));
#9699 = ( GEOMETRIC_REPRESENTATION_CONTEXT(2) 
PARAMETRIC_REPRESENTATION_CONTEXT() REPRESENTATION_CONTEXT('2D SPACE',''
  ) );
#9700 = ORIENTED_EDGE('',*,*,#9701,.F.);
#9701 = EDGE_CURVE('',#9230,#9679,#9702,.T.);
#9702 = SURFACE_CURVE('',#9703,(#9707,#9714),.PCURVE_S1.);
#9703 = LINE('',#9704,#9705);
#9704 = CARTESIAN_POINT('',(25.2,-21.,8.4));
#9705 = VECTOR('',#9706,1.);
#9706 = DIRECTION('',(-0.,1.,0.));
#9707 = PCURVE('',#3878,#9708);
#9708 = DEFINITIONAL_REPRESENTATION('',(#9709),#9713);
#9709 = LINE('',#9710,#9711);
#9710 = CARTESIAN_POINT('',(6.,0.));
#9711 = VECTOR('',#9712,1.);
#9712 = DIRECTION('',(0.,-1.));
#9713 = ( GEOMETRIC_REPRESENTATION_CONTEXT(2) 
PARAMETRIC_REPRESENTATION_CONTEXT() REPRESENTATION_CONTEXT('2D SPACE',''
  ) );
#9714 = PCURVE('',#9268,#9715);
#9715 = DEFINITIONAL_REPRESENTATION('',(#9716),#9720);
#9716 = LINE('',#9717,#9718);
#9717 = CARTESIAN_POINT('',(0.,0.));
#9718 = VECTOR('',#9719,1.);
#9719 = DIRECTION('',(0.,1.));
#9720 = ( GEOMETRIC_REPRESENTATION_CONTEXT(2) 
PARAMETRIC_REPRESENTATION_CONTEXT() REPRESENTATION_CONTEXT('2D SPACE',''
  ) );
#9721 = ADVANCED_FACE('',(#9722),#4210,.T.);
#9722 = FACE_BOUND('',#9723,.T.);
#9723 = EDGE_LOOP('',(#9724,#9725,#9726,#9749));
#9724 = ORIENTED_EDGE('',*,*,#9496,.F.);
#9725 = ORIENTED_EDGE('',*,*,#4194,.T.);
#9726 = ORIENTED_EDGE('',*,*,#9727,.T.);
#9727 = EDGE_CURVE('',#4167,#9728,#9730,.T.);
#9728 = VERTEX_POINT('',#9729);
#9729 = CARTESIAN_POINT('',(-25.2,21.,8.4));
#9730 = SURFACE_CURVE('',#9731,(#9735,#9742),.PCURVE_S1.);
#9731 = LINE('',#9732,#9733);
#9732 = CARTESIAN_POINT('',(-25.2,21.,2.4));
#9733 = VECTOR('',#9734,1.);
#9734 = DIRECTION('',(0.,0.,1.));
#9735 = PCURVE('',#4210,#9736);
#9736 = DEFINITIONAL_REPRESENTATION('',(#9737),#9741);
#9737 = LINE('',#9738,#9739);
#9738 = CARTESIAN_POINT('',(0.,-8.));
#9739 = VECTOR('',#9740,1.);
#9740 = DIRECTION('',(1.,0.));
#9741 = ( GEOMETRIC_REPRESENTATION_CONTEXT(2) 
PARAMETRIC_REPRESENTATION_CONTEXT() REPRESENTATION_CONTEXT('2D SPACE',''
  ) );
#9742 = PCURVE('',#4182,#9743);
#9743 = DEFINITIONAL_REPRESENTATION('',(#9744),#9748);
#9744 = LINE('',#9745,#9746);
#9745 = CARTESIAN_POINT('',(0.,8.8));
#9746 = VECTOR('',#9747,1.);
#9747 = DIRECTION('',(1.,0.));
#9748 = ( GEOMETRIC_REPRESENTATION_CONTEXT(2) 
PARAMETRIC_REPRESENTATION_CONTEXT() REPRESENTATION_CONTEXT('2D SPACE',''
  ) );
#9749 = ORIENTED_EDGE('',*,*,#9750,.F.);
#9750 = EDGE_CURVE('',#9469,#9728,#9751,.T.);
#9751 = SURFACE_CURVE('',#9752,(#9756,#9763),.PCURVE_S1.);
#9752 = LINE('',#9753,#9754);
#9753 = CARTESIAN_POINT('',(-25.2,13.,8.4));
#9754 = VECTOR('',#9755,1.);
#9755 = DIRECTION('',(-0.,1.,0.));
#9756 = PCURVE('',#4210,#9757);
#9757 = DEFINITIONAL_REPRESENTATION('',(#9758),#9762);
#9758 = LINE('',#9759,#9760);
#9759 = CARTESIAN_POINT('',(6.,0.));
#9760 = VECTOR('',#9761,1.);
#9761 = DIRECTION('',(0.,-1.));
#9762 = ( GEOMETRIC_REPRESENTATION_CONTEXT(2) 
PARAMETRIC_REPRESENTATION_CONTEXT() REPRESENTATION_CONTEXT('2D SPACE',''
  ) );
#9763 = PCURVE('',#9484,#9764);
#9764 = DEFINITIONAL_REPRESENTATION('',(#9765),#9769);
#9765 = LINE('',#9766,#9767);
#9766 = CARTESIAN_POINT('',(8.8,0.));
#9767 = VECTOR('',#9768,1.);
#9768 = DIRECTION('',(0.,1.));
#9769 = ( GEOMETRIC_REPRESENTATION_CONTEXT(2) 
PARAMETRIC_REPRESENTATION_CONTEXT() REPRESENTATION_CONTEXT('2D SPACE',''
  ) );
#9770 = ADVANCED_FACE('',(#9771),#3906,.T.);
#9771 = FACE_BOUND('',#9772,.T.);
#9772 = EDGE_LOOP('',(#9773,#9774,#9775,#9798,#9821,#9842));
#9773 = ORIENTED_EDGE('',*,*,#3890,.F.);
#9774 = ORIENTED_EDGE('',*,*,#9678,.T.);
#9775 = ORIENTED_EDGE('',*,*,#9776,.T.);
#9776 = EDGE_CURVE('',#9679,#9777,#9779,.T.);
#9777 = VERTEX_POINT('',#9778);
#9778 = CARTESIAN_POINT('',(26.4,-13.,8.4));
#9779 = SURFACE_CURVE('',#9780,(#9784,#9791),.PCURVE_S1.);
#9780 = LINE('',#9781,#9782);
#9781 = CARTESIAN_POINT('',(25.2,-13.,8.4));
#9782 = VECTOR('',#9783,1.);
#9783 = DIRECTION('',(1.,0.,-0.));
#9784 = PCURVE('',#3906,#9785);
#9785 = DEFINITIONAL_REPRESENTATION('',(#9786),#9790);
#9786 = LINE('',#9787,#9788);
#9787 = CARTESIAN_POINT('',(6.,0.));
#9788 = VECTOR('',#9789,1.);
#9789 = DIRECTION('',(0.,1.));
#9790 = ( GEOMETRIC_REPRESENTATION_CONTEXT(2) 
PARAMETRIC_REPRESENTATION_CONTEXT() REPRESENTATION_CONTEXT('2D SPACE',''
  ) );
#9791 = PCURVE('',#9268,#9792);
#9792 = DEFINITIONAL_REPRESENTATION('',(#9793),#9797);
#9793 = LINE('',#9794,#9795);
#9794 = CARTESIAN_POINT('',(0.,8.));
#9795 = VECTOR('',#9796,1.);
#9796 = DIRECTION('',(1.,0.));
#9797 = ( GEOMETRIC_REPRESENTATION_CONTEXT(2) 
PARAMETRIC_REPRESENTATION_CONTEXT() REPRESENTATION_CONTEXT('2D SPACE',''
  ) );
#9798 = ORIENTED_EDGE('',*,*,#9799,.T.);
#9799 = EDGE_CURVE('',#9777,#9800,#9802,.T.);
#9800 = VERTEX_POINT('',#9801);
#9801 = CARTESIAN_POINT('',(26.4,-13.,10.2));
#9802 = SURFACE_CURVE('',#9803,(#9807,#9814),.PCURVE_S1.);
#9803 = LINE('',#9804,#9805);
#9804 = CARTESIAN_POINT('',(26.4,-13.,2.4));
#9805 = VECTOR('',#9806,1.);
#9806 = DIRECTION('',(0.,0.,1.));
#9807 = PCURVE('',#3906,#9808);
#9808 = DEFINITIONAL_REPRESENTATION('',(#9809),#9813);
#9809 = LINE('',#9810,#9811);
#9810 = CARTESIAN_POINT('',(0.,1.2));
#9811 = VECTOR('',#9812,1.);
#9812 = DIRECTION('',(1.,0.));
#9813 = ( GEOMETRIC_REPRESENTATION_CONTEXT(2) 
PARAMETRIC_REPRESENTATION_CONTEXT() REPRESENTATION_CONTEXT('2D SPACE',''
  ) );
#9814 = PCURVE('',#9296,#9815);
#9815 = DEFINITIONAL_REPRESENTATION('',(#9816),#9820);
#9816 = LINE('',#9817,#9818);
#9817 = CARTESIAN_POINT('',(0.,-8.));
#9818 = VECTOR('',#9819,1.);
#9819 = DIRECTION('',(1.,0.));
#9820 = ( GEOMETRIC_REPRESENTATION_CONTEXT(2) 
PARAMETRIC_REPRESENTATION_CONTEXT() REPRESENTATION_CONTEXT('2D SPACE',''
  ) );
#9821 = ORIENTED_EDGE('',*,*,#9822,.T.);
#9822 = EDGE_CURVE('',#9800,#8215,#9823,.T.);
#9823 = SURFACE_CURVE('',#9824,(#9828,#9835),.PCURVE_S1.);
#9824 = LINE('',#9825,#9826);
#9825 = CARTESIAN_POINT('',(26.4,-13.,10.2));
#9826 = VECTOR('',#9827,1.);
#9827 = DIRECTION('',(1.,0.,-0.));
#9828 = PCURVE('',#3906,#9829);
#9829 = DEFINITIONAL_REPRESENTATION('',(#9830),#9834);
#9830 = LINE('',#9831,#9832);
#9831 = CARTESIAN_POINT('',(7.8,1.2));
#9832 = VECTOR('',#9833,1.);
#9833 = DIRECTION('',(0.,1.));
#9834 = ( GEOMETRIC_REPRESENTATION_CONTEXT(2) 
PARAMETRIC_REPRESENTATION_CONTEXT() REPRESENTATION_CONTEXT('2D SPACE',''
  ) );
#9835 = PCURVE('',#8230,#9836);
#9836 = DEFINITIONAL_REPRESENTATION('',(#9837),#9841);
#9837 = LINE('',#9838,#9839);
#9838 = CARTESIAN_POINT('',(0.,8.));
#9839 = VECTOR('',#9840,1.);
#9840 = DIRECTION('',(1.,0.));
#9841 = ( GEOMETRIC_REPRESENTATION_CONTEXT(2) 
PARAMETRIC_REPRESENTATION_CONTEXT() REPRESENTATION_CONTEXT('2D SPACE',''
  ) );
#9842 = ORIENTED_EDGE('',*,*,#8242,.F.);
#9843 = ADVANCED_FACE('',(#9844),#4182,.T.);
#9844 = FACE_BOUND('',#9845,.T.);
#9845 = EDGE_LOOP('',(#9846,#9847,#9868,#9869,#9890,#9913,#9936,#9957));
#9846 = ORIENTED_EDGE('',*,*,#4166,.F.);
#9847 = ORIENTED_EDGE('',*,*,#9848,.F.);
#9848 = EDGE_CURVE('',#6487,#4139,#9849,.T.);
#9849 = SURFACE_CURVE('',#9850,(#9854,#9861),.PCURVE_S1.);
#9850 = LINE('',#9851,#9852);
#9851 = CARTESIAN_POINT('',(-34.,21.,10.2));
#9852 = VECTOR('',#9853,1.);
#9853 = DIRECTION('',(0.,0.,-1.));
#9854 = PCURVE('',#4182,#9855);
#9855 = DEFINITIONAL_REPRESENTATION('',(#9856),#9860);
#9856 = LINE('',#9857,#9858);
#9857 = CARTESIAN_POINT('',(7.8,0.));
#9858 = VECTOR('',#9859,1.);
#9859 = DIRECTION('',(-1.,0.));
#9860 = ( GEOMETRIC_REPRESENTATION_CONTEXT(2) 
PARAMETRIC_REPRESENTATION_CONTEXT() REPRESENTATION_CONTEXT('2D SPACE',''
  ) );
#9861 = PCURVE('',#4154,#9862);
#9862 = DEFINITIONAL_REPRESENTATION('',(#9863),#9867);
#9863 = LINE('',#9864,#9865);
#9864 = CARTESIAN_POINT('',(7.8,-65.));
#9865 = VECTOR('',#9866,1.);
#9866 = DIRECTION('',(-1.,0.));
#9867 = ( GEOMETRIC_REPRESENTATION_CONTEXT(2) 
PARAMETRIC_REPRESENTATION_CONTEXT() REPRESENTATION_CONTEXT('2D SPACE',''
  ) );
#9868 = ORIENTED_EDGE('',*,*,#6486,.T.);
#9869 = ORIENTED_EDGE('',*,*,#9870,.F.);
#9870 = EDGE_CURVE('',#9871,#6459,#9873,.T.);
#9871 = VERTEX_POINT('',#9872);
#9872 = CARTESIAN_POINT('',(-33.5,21.,10.2));
#9873 = SURFACE_CURVE('',#9874,(#9878,#9884),.PCURVE_S1.);
#9874 = LINE('',#9875,#9876);
#9875 = CARTESIAN_POINT('',(-33.5,21.,5.7));
#9876 = VECTOR('',#9877,1.);
#9877 = DIRECTION('',(-0.,0.,-1.));
#9878 = PCURVE('',#4182,#9879);
#9879 = DEFINITIONAL_REPRESENTATION('',(#9880),#9883);
#9880 = B_SPLINE_CURVE_WITH_KNOTS('',1,(#9881,#9882),.UNSPECIFIED.,.F.,
  .F.,(2,2),(-4.5,-3.3),.PIECEWISE_BEZIER_KNOTS.);
#9881 = CARTESIAN_POINT('',(7.8,0.5));
#9882 = CARTESIAN_POINT('',(6.6,0.5));
#9883 = ( GEOMETRIC_REPRESENTATION_CONTEXT(2) 
PARAMETRIC_REPRESENTATION_CONTEXT() REPRESENTATION_CONTEXT('2D SPACE',''
  ) );
#9884 = PCURVE('',#6474,#9885);
#9885 = DEFINITIONAL_REPRESENTATION('',(#9886),#9889);
#9886 = B_SPLINE_CURVE_WITH_KNOTS('',1,(#9887,#9888),.UNSPECIFIED.,.F.,
  .F.,(2,2),(-4.5,-3.3),.PIECEWISE_BEZIER_KNOTS.);
#9887 = CARTESIAN_POINT('',(1.2,-51.));
#9888 = CARTESIAN_POINT('',(0.,-51.));
#9889 = ( GEOMETRIC_REPRESENTATION_CONTEXT(2) 
PARAMETRIC_REPRESENTATION_CONTEXT() REPRESENTATION_CONTEXT('2D SPACE',''
  ) );
#9890 = ORIENTED_EDGE('',*,*,#9891,.T.);
#9891 = EDGE_CURVE('',#9871,#9892,#9894,.T.);
#9892 = VERTEX_POINT('',#9893);
#9893 = CARTESIAN_POINT('',(-26.4,21.,10.2));
#9894 = SURFACE_CURVE('',#9895,(#9899,#9906),.PCURVE_S1.);
#9895 = LINE('',#9896,#9897);
#9896 = CARTESIAN_POINT('',(-34.,21.,10.2));
#9897 = VECTOR('',#9898,1.);
#9898 = DIRECTION('',(1.,0.,-0.));
#9899 = PCURVE('',#4182,#9900);
#9900 = DEFINITIONAL_REPRESENTATION('',(#9901),#9905);
#9901 = LINE('',#9902,#9903);
#9902 = CARTESIAN_POINT('',(7.8,0.));
#9903 = VECTOR('',#9904,1.);
#9904 = DIRECTION('',(0.,1.));
#9905 = ( GEOMETRIC_REPRESENTATION_CONTEXT(2) 
PARAMETRIC_REPRESENTATION_CONTEXT() REPRESENTATION_CONTEXT('2D SPACE',''
  ) );
#9906 = PCURVE('',#9555,#9907);
#9907 = DEFINITIONAL_REPRESENTATION('',(#9908),#9912);
#9908 = LINE('',#9909,#9910);
#9909 = CARTESIAN_POINT('',(0.,8.));
#9910 = VECTOR('',#9911,1.);
#9911 = DIRECTION('',(1.,0.));
#9912 = ( GEOMETRIC_REPRESENTATION_CONTEXT(2) 
PARAMETRIC_REPRESENTATION_CONTEXT() REPRESENTATION_CONTEXT('2D SPACE',''
  ) );
#9913 = ORIENTED_EDGE('',*,*,#9914,.F.);
#9914 = EDGE_CURVE('',#9915,#9892,#9917,.T.);
#9915 = VERTEX_POINT('',#9916);
#9916 = CARTESIAN_POINT('',(-26.4,21.,8.4));
#9917 = SURFACE_CURVE('',#9918,(#9922,#9929),.PCURVE_S1.);
#9918 = LINE('',#9919,#9920);
#9919 = CARTESIAN_POINT('',(-26.4,21.,2.4));
#9920 = VECTOR('',#9921,1.);
#9921 = DIRECTION('',(0.,0.,1.));
#9922 = PCURVE('',#4182,#9923);
#9923 = DEFINITIONAL_REPRESENTATION('',(#9924),#9928);
#9924 = LINE('',#9925,#9926);
#9925 = CARTESIAN_POINT('',(0.,7.6));
#9926 = VECTOR('',#9927,1.);
#9927 = DIRECTION('',(1.,0.));
#9928 = ( GEOMETRIC_REPRESENTATION_CONTEXT(2) 
PARAMETRIC_REPRESENTATION_CONTEXT() REPRESENTATION_CONTEXT('2D SPACE',''
  ) );
#9929 = PCURVE('',#9456,#9930);
#9930 = DEFINITIONAL_REPRESENTATION('',(#9931),#9935);
#9931 = LINE('',#9932,#9933);
#9932 = CARTESIAN_POINT('',(0.,-8.));
#9933 = VECTOR('',#9934,1.);
#9934 = DIRECTION('',(1.,0.));
#9935 = ( GEOMETRIC_REPRESENTATION_CONTEXT(2) 
PARAMETRIC_REPRESENTATION_CONTEXT() REPRESENTATION_CONTEXT('2D SPACE',''
  ) );
#9936 = ORIENTED_EDGE('',*,*,#9937,.T.);
#9937 = EDGE_CURVE('',#9915,#9728,#9938,.T.);
#9938 = SURFACE_CURVE('',#9939,(#9943,#9950),.PCURVE_S1.);
#9939 = LINE('',#9940,#9941);
#9940 = CARTESIAN_POINT('',(-34.,21.,8.4));
#9941 = VECTOR('',#9942,1.);
#9942 = DIRECTION('',(1.,0.,-0.));
#9943 = PCURVE('',#4182,#9944);
#9944 = DEFINITIONAL_REPRESENTATION('',(#9945),#9949);
#9945 = LINE('',#9946,#9947);
#9946 = CARTESIAN_POINT('',(6.,0.));
#9947 = VECTOR('',#9948,1.);
#9948 = DIRECTION('',(0.,1.));
#9949 = ( GEOMETRIC_REPRESENTATION_CONTEXT(2) 
PARAMETRIC_REPRESENTATION_CONTEXT() REPRESENTATION_CONTEXT('2D SPACE',''
  ) );
#9950 = PCURVE('',#9484,#9951);
#9951 = DEFINITIONAL_REPRESENTATION('',(#9952),#9956);
#9952 = LINE('',#9953,#9954);
#9953 = CARTESIAN_POINT('',(0.,8.));
#9954 = VECTOR('',#9955,1.);
#9955 = DIRECTION('',(1.,0.));
#9956 = ( GEOMETRIC_REPRESENTATION_CONTEXT(2) 
PARAMETRIC_REPRESENTATION_CONTEXT() REPRESENTATION_CONTEXT('2D SPACE',''
  ) );
#9957 = ORIENTED_EDGE('',*,*,#9727,.F.);
#9958 = ADVANCED_FACE('',(#9959),#4154,.T.);
#9959 = FACE_BOUND('',#9960,.T.);
#9960 = EDGE_LOOP('',(#9961,#9962,#9963,#9964,#9965,#9966));
#9961 = ORIENTED_EDGE('',*,*,#7123,.F.);
#9962 = ORIENTED_EDGE('',*,*,#6601,.F.);
#9963 = ORIENTED_EDGE('',*,*,#6507,.T.);
#9964 = ORIENTED_EDGE('',*,*,#9848,.T.);
#9965 = ORIENTED_EDGE('',*,*,#4138,.T.);
#9966 = ORIENTED_EDGE('',*,*,#9967,.T.);
#9967 = EDGE_CURVE('',#4106,#7124,#9968,.T.);
#9968 = SURFACE_CURVE('',#9969,(#9973,#9979),.PCURVE_S1.);
#9969 = LINE('',#9970,#9971);
#9970 = CARTESIAN_POINT('',(-34.,38.166969722018,2.4));
#9971 = VECTOR('',#9972,1.);
#9972 = DIRECTION('',(0.,0.,1.));
#9973 = PCURVE('',#4154,#9974);
#9974 = DEFINITIONAL_REPRESENTATION('',(#9975),#9978);
#9975 = B_SPLINE_CURVE_WITH_KNOTS('',1,(#9976,#9977),.UNSPECIFIED.,.F.,
  .F.,(2,2),(-2.400000000069E-06,29.6000024),.PIECEWISE_BEZIER_KNOTS.);
#9976 = CARTESIAN_POINT('',(-2.400000000069E-06,-82.16696972201));
#9977 = CARTESIAN_POINT('',(29.6000024,-82.16696972201));
#9978 = ( GEOMETRIC_REPRESENTATION_CONTEXT(2) 
PARAMETRIC_REPRESENTATION_CONTEXT() REPRESENTATION_CONTEXT('2D SPACE',''
  ) );
#9979 = PCURVE('',#4126,#9980);
#9980 = DEFINITIONAL_REPRESENTATION('',(#9981),#9984);
#9981 = B_SPLINE_CURVE_WITH_KNOTS('',1,(#9982,#9983),.UNSPECIFIED.,.F.,
  .F.,(2,2),(0.,29.6),.PIECEWISE_BEZIER_KNOTS.);
#9982 = CARTESIAN_POINT('',(3.571292319741,0.));
#9983 = CARTESIAN_POINT('',(3.571292319741,29.6));
#9984 = ( GEOMETRIC_REPRESENTATION_CONTEXT(2) 
PARAMETRIC_REPRESENTATION_CONTEXT() REPRESENTATION_CONTEXT('2D SPACE',''
  ) );
#9985 = ADVANCED_FACE('',(#9986,#10090),#3957,.F.);
#9986 = FACE_BOUND('',#9987,.F.);
#9987 = EDGE_LOOP('',(#9988,#9989,#9990,#10013,#10041,#10069));
#9988 = ORIENTED_EDGE('',*,*,#8264,.T.);
#9989 = ORIENTED_EDGE('',*,*,#3941,.T.);
#9990 = ORIENTED_EDGE('',*,*,#9991,.T.);
#9991 = EDGE_CURVE('',#3942,#9992,#9994,.T.);
#9992 = VERTEX_POINT('',#9993);
#9993 = CARTESIAN_POINT('',(25.2,13.,8.4));
#9994 = SURFACE_CURVE('',#9995,(#9999,#10006),.PCURVE_S1.);
#9995 = LINE('',#9996,#9997);
#9996 = CARTESIAN_POINT('',(25.2,13.,2.4));
#9997 = VECTOR('',#9998,1.);
#9998 = DIRECTION('',(0.,0.,1.));
#9999 = PCURVE('',#3957,#10000);
#10000 = DEFINITIONAL_REPRESENTATION('',(#10001),#10005);
#10001 = LINE('',#10002,#10003);
#10002 = CARTESIAN_POINT('',(0.,-1.2));
#10003 = VECTOR('',#10004,1.);
#10004 = DIRECTION('',(1.,0.));
#10005 = ( GEOMETRIC_REPRESENTATION_CONTEXT(2) 
PARAMETRIC_REPRESENTATION_CONTEXT() REPRESENTATION_CONTEXT('2D SPACE',''
  ) );
#10006 = PCURVE('',#3985,#10007);
#10007 = DEFINITIONAL_REPRESENTATION('',(#10008),#10012);
#10008 = LINE('',#10009,#10010);
#10009 = CARTESIAN_POINT('',(0.,0.));
#10010 = VECTOR('',#10011,1.);
#10011 = DIRECTION('',(1.,0.));
#10012 = ( GEOMETRIC_REPRESENTATION_CONTEXT(2) 
PARAMETRIC_REPRESENTATION_CONTEXT() REPRESENTATION_CONTEXT('2D SPACE',''
  ) );
#10013 = ORIENTED_EDGE('',*,*,#10014,.T.);
#10014 = EDGE_CURVE('',#9992,#10015,#10017,.T.);
#10015 = VERTEX_POINT('',#10016);
#10016 = CARTESIAN_POINT('',(26.4,13.,8.4));
#10017 = SURFACE_CURVE('',#10018,(#10022,#10029),.PCURVE_S1.);
#10018 = LINE('',#10019,#10020);
#10019 = CARTESIAN_POINT('',(25.2,13.,8.4));
#10020 = VECTOR('',#10021,1.);
#10021 = DIRECTION('',(1.,0.,-0.));
#10022 = PCURVE('',#3957,#10023);
#10023 = DEFINITIONAL_REPRESENTATION('',(#10024),#10028);
#10024 = LINE('',#10025,#10026);
#10025 = CARTESIAN_POINT('',(6.,-1.2));
#10026 = VECTOR('',#10027,1.);
#10027 = DIRECTION('',(0.,1.));
#10028 = ( GEOMETRIC_REPRESENTATION_CONTEXT(2) 
PARAMETRIC_REPRESENTATION_CONTEXT() REPRESENTATION_CONTEXT('2D SPACE',''
  ) );
#10029 = PCURVE('',#10030,#10035);
#10030 = PLANE('',#10031);
#10031 = AXIS2_PLACEMENT_3D('',#10032,#10033,#10034);
#10032 = CARTESIAN_POINT('',(25.2,13.,8.4));
#10033 = DIRECTION('',(0.,0.,1.));
#10034 = DIRECTION('',(1.,0.,-0.));
#10035 = DEFINITIONAL_REPRESENTATION('',(#10036),#10040);
#10036 = LINE('',#10037,#10038);
#10037 = CARTESIAN_POINT('',(0.,0.));
#10038 = VECTOR('',#10039,1.);
#10039 = DIRECTION('',(1.,0.));
#10040 = ( GEOMETRIC_REPRESENTATION_CONTEXT(2) 
PARAMETRIC_REPRESENTATION_CONTEXT() REPRESENTATION_CONTEXT('2D SPACE',''
  ) );
#10041 = ORIENTED_EDGE('',*,*,#10042,.T.);
#10042 = EDGE_CURVE('',#10015,#10043,#10045,.T.);
#10043 = VERTEX_POINT('',#10044);
#10044 = CARTESIAN_POINT('',(26.4,13.,10.2));
#10045 = SURFACE_CURVE('',#10046,(#10050,#10057),.PCURVE_S1.);
#10046 = LINE('',#10047,#10048);
#10047 = CARTESIAN_POINT('',(26.4,13.,2.4));
#10048 = VECTOR('',#10049,1.);
#10049 = DIRECTION('',(0.,0.,1.));
#10050 = PCURVE('',#3957,#10051);
#10051 = DEFINITIONAL_REPRESENTATION('',(#10052),#10056);
#10052 = LINE('',#10053,#10054);
#10053 = CARTESIAN_POINT('',(0.,0.));
#10054 = VECTOR('',#10055,1.);
#10055 = DIRECTION('',(1.,0.));
#10056 = ( GEOMETRIC_REPRESENTATION_CONTEXT(2) 
PARAMETRIC_REPRESENTATION_CONTEXT() REPRESENTATION_CONTEXT('2D SPACE',''
  ) );
#10057 = PCURVE('',#10058,#10063);
#10058 = PLANE('',#10059);
#10059 = AXIS2_PLACEMENT_3D('',#10060,#10061,#10062);
#10060 = CARTESIAN_POINT('',(26.4,13.,2.4));
#10061 = DIRECTION('',(1.,0.,-0.));
#10062 = DIRECTION('',(0.,0.,1.));
#10063 = DEFINITIONAL_REPRESENTATION('',(#10064),#10068);
#10064 = LINE('',#10065,#10066);
#10065 = CARTESIAN_POINT('',(0.,0.));
#10066 = VECTOR('',#10067,1.);
#10067 = DIRECTION('',(1.,0.));
#10068 = ( GEOMETRIC_REPRESENTATION_CONTEXT(2) 
PARAMETRIC_REPRESENTATION_CONTEXT() REPRESENTATION_CONTEXT('2D SPACE',''
  ) );
#10069 = ORIENTED_EDGE('',*,*,#10070,.T.);
#10070 = EDGE_CURVE('',#10043,#8265,#10071,.T.);
#10071 = SURFACE_CURVE('',#10072,(#10076,#10083),.PCURVE_S1.);
#10072 = LINE('',#10073,#10074);
#10073 = CARTESIAN_POINT('',(26.4,13.,10.2));
#10074 = VECTOR('',#10075,1.);
#10075 = DIRECTION('',(1.,0.,-0.));
#10076 = PCURVE('',#3957,#10077);
#10077 = DEFINITIONAL_REPRESENTATION('',(#10078),#10082);
#10078 = LINE('',#10079,#10080);
#10079 = CARTESIAN_POINT('',(7.8,0.));
#10080 = VECTOR('',#10081,1.);
#10081 = DIRECTION('',(0.,1.));
#10082 = ( GEOMETRIC_REPRESENTATION_CONTEXT(2) 
PARAMETRIC_REPRESENTATION_CONTEXT() REPRESENTATION_CONTEXT('2D SPACE',''
  ) );
#10083 = PCURVE('',#8303,#10084);
#10084 = DEFINITIONAL_REPRESENTATION('',(#10085),#10089);
#10085 = LINE('',#10086,#10087);
#10086 = CARTESIAN_POINT('',(0.,0.));
#10087 = VECTOR('',#10088,1.);
#10088 = DIRECTION('',(1.,0.));
#10089 = ( GEOMETRIC_REPRESENTATION_CONTEXT(2) 
PARAMETRIC_REPRESENTATION_CONTEXT() REPRESENTATION_CONTEXT('2D SPACE',''
  ) );
#10090 = FACE_BOUND('',#10091,.F.);
#10091 = EDGE_LOOP('',(#10092,#10120,#10146,#10172));
#10092 = ORIENTED_EDGE('',*,*,#10093,.F.);
#10093 = EDGE_CURVE('',#10094,#10096,#10098,.T.);
#10094 = VERTEX_POINT('',#10095);
#10095 = CARTESIAN_POINT('',(27.6,13.,7.6));
#10096 = VERTEX_POINT('',#10097);
#10097 = CARTESIAN_POINT('',(33.4,13.,7.6));
#10098 = SURFACE_CURVE('',#10099,(#10103,#10109),.PCURVE_S1.);
#10099 = LINE('',#10100,#10101);
#10100 = CARTESIAN_POINT('',(28.45,13.,7.6));
#10101 = VECTOR('',#10102,1.);
#10102 = DIRECTION('',(1.,0.,-0.));
#10103 = PCURVE('',#3957,#10104);
#10104 = DEFINITIONAL_REPRESENTATION('',(#10105),#10108);
#10105 = B_SPLINE_CURVE_WITH_KNOTS('',1,(#10106,#10107),.UNSPECIFIED.,
  .F.,.F.,(2,2),(-0.85,4.95),.PIECEWISE_BEZIER_KNOTS.);
#10106 = CARTESIAN_POINT('',(5.2,1.2));
#10107 = CARTESIAN_POINT('',(5.2,7.));
#10108 = ( GEOMETRIC_REPRESENTATION_CONTEXT(2) 
PARAMETRIC_REPRESENTATION_CONTEXT() REPRESENTATION_CONTEXT('2D SPACE',''
  ) );
#10109 = PCURVE('',#10110,#10115);
#10110 = PLANE('',#10111);
#10111 = AXIS2_PLACEMENT_3D('',#10112,#10113,#10114);
#10112 = CARTESIAN_POINT('',(30.5,17.,7.6));
#10113 = DIRECTION('',(0.,0.,1.));
#10114 = DIRECTION('',(1.,0.,-0.));
#10115 = DEFINITIONAL_REPRESENTATION('',(#10116),#10119);
#10116 = B_SPLINE_CURVE_WITH_KNOTS('',1,(#10117,#10118),.UNSPECIFIED.,
  .F.,.F.,(2,2),(-0.85,4.95),.PIECEWISE_BEZIER_KNOTS.);
#10117 = CARTESIAN_POINT('',(-2.9,-4.));
#10118 = CARTESIAN_POINT('',(2.9,-4.));
#10119 = ( GEOMETRIC_REPRESENTATION_CONTEXT(2) 
PARAMETRIC_REPRESENTATION_CONTEXT() REPRESENTATION_CONTEXT('2D SPACE',''
  ) );
#10120 = ORIENTED_EDGE('',*,*,#10121,.T.);
#10121 = EDGE_CURVE('',#10094,#10122,#10124,.T.);
#10122 = VERTEX_POINT('',#10123);
#10123 = CARTESIAN_POINT('',(27.6,13.,4.9));
#10124 = SURFACE_CURVE('',#10125,(#10129,#10135),.PCURVE_S1.);
#10125 = LINE('',#10126,#10127);
#10126 = CARTESIAN_POINT('',(27.6,13.,3.65));
#10127 = VECTOR('',#10128,1.);
#10128 = DIRECTION('',(0.,0.,-1.));
#10129 = PCURVE('',#3957,#10130);
#10130 = DEFINITIONAL_REPRESENTATION('',(#10131),#10134);
#10131 = B_SPLINE_CURVE_WITH_KNOTS('',1,(#10132,#10133),.UNSPECIFIED.,
  .F.,.F.,(2,2),(-3.95,-1.25),.PIECEWISE_BEZIER_KNOTS.);
#10132 = CARTESIAN_POINT('',(5.2,1.2));
#10133 = CARTESIAN_POINT('',(2.5,1.2));
#10134 = ( GEOMETRIC_REPRESENTATION_CONTEXT(2) 
PARAMETRIC_REPRESENTATION_CONTEXT() REPRESENTATION_CONTEXT('2D SPACE',''
  ) );
#10135 = PCURVE('',#10136,#10141);
#10136 = PLANE('',#10137);
#10137 = AXIS2_PLACEMENT_3D('',#10138,#10139,#10140);
#10138 = CARTESIAN_POINT('',(27.6,18.67431578065,4.9));
#10139 = DIRECTION('',(1.,-2.652362326046E-16,0.));
#10140 = DIRECTION('',(-2.652362326046E-16,-1.,0.));
#10141 = DEFINITIONAL_REPRESENTATION('',(#10142),#10145);
#10142 = B_SPLINE_CURVE_WITH_KNOTS('',1,(#10143,#10144),.UNSPECIFIED.,
  .F.,.F.,(2,2),(-3.95,-1.25),.PIECEWISE_BEZIER_KNOTS.);
#10143 = CARTESIAN_POINT('',(5.67431578065,-2.7));
#10144 = CARTESIAN_POINT('',(5.67431578065,0.));
#10145 = ( GEOMETRIC_REPRESENTATION_CONTEXT(2) 
PARAMETRIC_REPRESENTATION_CONTEXT() REPRESENTATION_CONTEXT('2D SPACE',''
  ) );
#10146 = ORIENTED_EDGE('',*,*,#10147,.T.);
#10147 = EDGE_CURVE('',#10122,#10148,#10150,.T.);
#10148 = VERTEX_POINT('',#10149);
#10149 = CARTESIAN_POINT('',(33.4,13.,4.9));
#10150 = SURFACE_CURVE('',#10151,(#10155,#10161),.PCURVE_S1.);
#10151 = LINE('',#10152,#10153);
#10152 = CARTESIAN_POINT('',(28.45,13.,4.9));
#10153 = VECTOR('',#10154,1.);
#10154 = DIRECTION('',(1.,0.,-0.));
#10155 = PCURVE('',#3957,#10156);
#10156 = DEFINITIONAL_REPRESENTATION('',(#10157),#10160);
#10157 = B_SPLINE_CURVE_WITH_KNOTS('',1,(#10158,#10159),.UNSPECIFIED.,
  .F.,.F.,(2,2),(-0.85,4.95),.PIECEWISE_BEZIER_KNOTS.);
#10158 = CARTESIAN_POINT('',(2.5,1.2));
#10159 = CARTESIAN_POINT('',(2.5,7.));
#10160 = ( GEOMETRIC_REPRESENTATION_CONTEXT(2) 
PARAMETRIC_REPRESENTATION_CONTEXT() REPRESENTATION_CONTEXT('2D SPACE',''
  ) );
#10161 = PCURVE('',#10162,#10167);
#10162 = PLANE('',#10163);
#10163 = AXIS2_PLACEMENT_3D('',#10164,#10165,#10166);
#10164 = CARTESIAN_POINT('',(30.5,17.,4.9));
#10165 = DIRECTION('',(0.,0.,1.));
#10166 = DIRECTION('',(1.,0.,-0.));
#10167 = DEFINITIONAL_REPRESENTATION('',(#10168),#10171);
#10168 = B_SPLINE_CURVE_WITH_KNOTS('',1,(#10169,#10170),.UNSPECIFIED.,
  .F.,.F.,(2,2),(-0.85,4.95),.PIECEWISE_BEZIER_KNOTS.);
#10169 = CARTESIAN_POINT('',(-2.9,-4.));
#10170 = CARTESIAN_POINT('',(2.9,-4.));
#10171 = ( GEOMETRIC_REPRESENTATION_CONTEXT(2) 
PARAMETRIC_REPRESENTATION_CONTEXT() REPRESENTATION_CONTEXT('2D SPACE',''
  ) );
#10172 = ORIENTED_EDGE('',*,*,#10173,.T.);
#10173 = EDGE_CURVE('',#10148,#10096,#10174,.T.);
#10174 = SURFACE_CURVE('',#10175,(#10179,#10185),.PCURVE_S1.);
#10175 = LINE('',#10176,#10177);
#10176 = CARTESIAN_POINT('',(33.4,13.,3.65));
#10177 = VECTOR('',#10178,1.);
#10178 = DIRECTION('',(0.,0.,1.));
#10179 = PCURVE('',#3957,#10180);
#10180 = DEFINITIONAL_REPRESENTATION('',(#10181),#10184);
#10181 = B_SPLINE_CURVE_WITH_KNOTS('',1,(#10182,#10183),.UNSPECIFIED.,
  .F.,.F.,(2,2),(1.25,3.95),.PIECEWISE_BEZIER_KNOTS.);
#10182 = CARTESIAN_POINT('',(2.5,7.));
#10183 = CARTESIAN_POINT('',(5.2,7.));
#10184 = ( GEOMETRIC_REPRESENTATION_CONTEXT(2) 
PARAMETRIC_REPRESENTATION_CONTEXT() REPRESENTATION_CONTEXT('2D SPACE',''
  ) );
#10185 = PCURVE('',#10186,#10191);
#10186 = PLANE('',#10187);
#10187 = AXIS2_PLACEMENT_3D('',#10188,#10189,#10190);
#10188 = CARTESIAN_POINT('',(33.4,15.32568421935,4.9));
#10189 = DIRECTION('',(-1.,0.,0.));
#10190 = DIRECTION('',(0.,1.,0.));
#10191 = DEFINITIONAL_REPRESENTATION('',(#10192),#10195);
#10192 = B_SPLINE_CURVE_WITH_KNOTS('',1,(#10193,#10194),.UNSPECIFIED.,
  .F.,.F.,(2,2),(1.25,3.95),.PIECEWISE_BEZIER_KNOTS.);
#10193 = CARTESIAN_POINT('',(-2.32568421935,0.));
#10194 = CARTESIAN_POINT('',(-2.32568421935,-2.7));
#10195 = ( GEOMETRIC_REPRESENTATION_CONTEXT(2) 
PARAMETRIC_REPRESENTATION_CONTEXT() REPRESENTATION_CONTEXT('2D SPACE',''
  ) );
#10196 = ADVANCED_FACE('',(#10197,#10221),#4126,.T.);
#10197 = FACE_BOUND('',#10198,.T.);
#10198 = EDGE_LOOP('',(#10199,#10200,#10201,#10202));
#10199 = ORIENTED_EDGE('',*,*,#7145,.F.);
#10200 = ORIENTED_EDGE('',*,*,#9967,.F.);
#10201 = ORIENTED_EDGE('',*,*,#4105,.F.);
#10202 = ORIENTED_EDGE('',*,*,#10203,.T.);
#10203 = EDGE_CURVE('',#4078,#6959,#10204,.T.);
#10204 = SURFACE_CURVE('',#10205,(#10209,#10215),.PCURVE_S1.);
#10205 = LINE('',#10206,#10207);
#10206 = CARTESIAN_POINT('',(-28.16696972201,44.,2.4));
#10207 = VECTOR('',#10208,1.);
#10208 = DIRECTION('',(0.,0.,1.));
#10209 = PCURVE('',#4126,#10210);
#10210 = DEFINITIONAL_REPRESENTATION('',(#10211),#10214);
#10211 = B_SPLINE_CURVE_WITH_KNOTS('',1,(#10212,#10213),.UNSPECIFIED.,
  .F.,.F.,(2,2),(0.,29.6),.PIECEWISE_BEZIER_KNOTS.);
#10212 = CARTESIAN_POINT('',(7.424281967823,0.));
#10213 = CARTESIAN_POINT('',(7.424281967823,29.6));
#10214 = ( GEOMETRIC_REPRESENTATION_CONTEXT(2) 
PARAMETRIC_REPRESENTATION_CONTEXT() REPRESENTATION_CONTEXT('2D SPACE',''
  ) );
#10215 = PCURVE('',#4093,#10216);
#10216 = DEFINITIONAL_REPRESENTATION('',(#10217),#10220);
#10217 = B_SPLINE_CURVE_WITH_KNOTS('',1,(#10218,#10219),.UNSPECIFIED.,
  .F.,.F.,(2,2),(-2.400000000069E-06,29.6000024),
  .PIECEWISE_BEZIER_KNOTS.);
#10218 = CARTESIAN_POINT('',(-2.400000000069E-06,5.833030277982));
#10219 = CARTESIAN_POINT('',(29.6000024,5.833030277982));
#10220 = ( GEOMETRIC_REPRESENTATION_CONTEXT(2) 
PARAMETRIC_REPRESENTATION_CONTEXT() REPRESENTATION_CONTEXT('2D SPACE',''
  ) );
#10221 = FACE_BOUND('',#10222,.T.);
#10222 = EDGE_LOOP('',(#10223,#10251,#10280,#10306));
#10223 = ORIENTED_EDGE('',*,*,#10224,.T.);
#10224 = EDGE_CURVE('',#10225,#10227,#10229,.T.);
#10225 = VERTEX_POINT('',#10226);
#10226 = CARTESIAN_POINT('',(-32.9,36.690921578445,26.5));
#10227 = VERTEX_POINT('',#10228);
#10228 = CARTESIAN_POINT('',(-32.9,36.690921578445,29.2));
#10229 = SURFACE_CURVE('',#10230,(#10234,#10240),.PCURVE_S1.);
#10230 = LINE('',#10231,#10232);
#10231 = CARTESIAN_POINT('',(-32.9,36.690921578445,2.4));
#10232 = VECTOR('',#10233,1.);
#10233 = DIRECTION('',(0.,0.,1.));
#10234 = PCURVE('',#4126,#10235);
#10235 = DEFINITIONAL_REPRESENTATION('',(#10236),#10239);
#10236 = B_SPLINE_CURVE_WITH_KNOTS('',1,(#10237,#10238),.UNSPECIFIED.,
  .F.,.F.,(2,2),(23.83,27.07),.PIECEWISE_BEZIER_KNOTS.);
#10237 = CARTESIAN_POINT('',(3.992779656535,23.83));
#10238 = CARTESIAN_POINT('',(3.992779656535,27.07));
#10239 = ( GEOMETRIC_REPRESENTATION_CONTEXT(2) 
PARAMETRIC_REPRESENTATION_CONTEXT() REPRESENTATION_CONTEXT('2D SPACE',''
  ) );
#10240 = PCURVE('',#10241,#10246);
#10241 = PLANE('',#10242);
#10242 = AXIS2_PLACEMENT_3D('',#10243,#10244,#10245);
#10243 = CARTESIAN_POINT('',(-32.9,41.67431578065,26.5));
#10244 = DIRECTION('',(1.,-2.652362326046E-16,0.));
#10245 = DIRECTION('',(-2.652362326046E-16,-1.,0.));
#10246 = DEFINITIONAL_REPRESENTATION('',(#10247),#10250);
#10247 = B_SPLINE_CURVE_WITH_KNOTS('',1,(#10248,#10249),.UNSPECIFIED.,
  .F.,.F.,(2,2),(23.83,27.07),.PIECEWISE_BEZIER_KNOTS.);
#10248 = CARTESIAN_POINT('',(4.983394202205,0.27));
#10249 = CARTESIAN_POINT('',(4.983394202205,-2.97));
#10250 = ( GEOMETRIC_REPRESENTATION_CONTEXT(2) 
PARAMETRIC_REPRESENTATION_CONTEXT() REPRESENTATION_CONTEXT('2D SPACE',''
  ) );
#10251 = ORIENTED_EDGE('',*,*,#10252,.T.);
#10252 = EDGE_CURVE('',#10227,#10253,#10255,.T.);
#10253 = VERTEX_POINT('',#10254);
#10254 = CARTESIAN_POINT('',(-27.1,36.690921578445,29.2));
#10255 = SURFACE_CURVE('',#10256,(#10261,#10268),.PCURVE_S1.);
#10256 = CIRCLE('',#10257,4.4);
#10257 = AXIS2_PLACEMENT_3D('',#10258,#10259,#10260);
#10258 = CARTESIAN_POINT('',(-30.,40.,29.2));
#10259 = DIRECTION('',(0.,0.,1.));
#10260 = DIRECTION('',(1.,0.,-0.));
#10261 = PCURVE('',#4126,#10262);
#10262 = DEFINITIONAL_REPRESENTATION('',(#10263),#10267);
#10263 = LINE('',#10264,#10265);
#10264 = CARTESIAN_POINT('',(0.,26.8));
#10265 = VECTOR('',#10266,1.);
#10266 = DIRECTION('',(1.,0.));
#10267 = ( GEOMETRIC_REPRESENTATION_CONTEXT(2) 
PARAMETRIC_REPRESENTATION_CONTEXT() REPRESENTATION_CONTEXT('2D SPACE',''
  ) );
#10268 = PCURVE('',#10269,#10274);
#10269 = PLANE('',#10270);
#10270 = AXIS2_PLACEMENT_3D('',#10271,#10272,#10273);
#10271 = CARTESIAN_POINT('',(-30.,40.,29.2));
#10272 = DIRECTION('',(0.,0.,1.));
#10273 = DIRECTION('',(1.,0.,-0.));
#10274 = DEFINITIONAL_REPRESENTATION('',(#10275),#10279);
#10275 = CIRCLE('',#10276,4.4);
#10276 = AXIS2_PLACEMENT_2D('',#10277,#10278);
#10277 = CARTESIAN_POINT('',(0.,0.));
#10278 = DIRECTION('',(1.,0.));
#10279 = ( GEOMETRIC_REPRESENTATION_CONTEXT(2) 
PARAMETRIC_REPRESENTATION_CONTEXT() REPRESENTATION_CONTEXT('2D SPACE',''
  ) );
#10280 = ORIENTED_EDGE('',*,*,#10281,.F.);
#10281 = EDGE_CURVE('',#10282,#10253,#10284,.T.);
#10282 = VERTEX_POINT('',#10283);
#10283 = CARTESIAN_POINT('',(-27.1,36.690921578445,26.5));
#10284 = SURFACE_CURVE('',#10285,(#10289,#10295),.PCURVE_S1.);
#10285 = LINE('',#10286,#10287);
#10286 = CARTESIAN_POINT('',(-27.1,36.690921578445,2.4));
#10287 = VECTOR('',#10288,1.);
#10288 = DIRECTION('',(0.,0.,1.));
#10289 = PCURVE('',#4126,#10290);
#10290 = DEFINITIONAL_REPRESENTATION('',(#10291),#10294);
#10291 = B_SPLINE_CURVE_WITH_KNOTS('',1,(#10292,#10293),.UNSPECIFIED.,
  .F.,.F.,(2,2),(23.83,27.07),.PIECEWISE_BEZIER_KNOTS.);
#10292 = CARTESIAN_POINT('',(5.431998304235,23.83));
#10293 = CARTESIAN_POINT('',(5.431998304235,27.07));
#10294 = ( GEOMETRIC_REPRESENTATION_CONTEXT(2) 
PARAMETRIC_REPRESENTATION_CONTEXT() REPRESENTATION_CONTEXT('2D SPACE',''
  ) );
#10295 = PCURVE('',#10296,#10301);
#10296 = PLANE('',#10297);
#10297 = AXIS2_PLACEMENT_3D('',#10298,#10299,#10300);
#10298 = CARTESIAN_POINT('',(-27.1,38.32568421935,26.5));
#10299 = DIRECTION('',(-1.,0.,0.));
#10300 = DIRECTION('',(0.,1.,0.));
#10301 = DEFINITIONAL_REPRESENTATION('',(#10302),#10305);
#10302 = B_SPLINE_CURVE_WITH_KNOTS('',1,(#10303,#10304),.UNSPECIFIED.,
  .F.,.F.,(2,2),(23.83,27.07),.PIECEWISE_BEZIER_KNOTS.);
#10303 = CARTESIAN_POINT('',(-1.634762640905,0.27));
#10304 = CARTESIAN_POINT('',(-1.634762640905,-2.97));
#10305 = ( GEOMETRIC_REPRESENTATION_CONTEXT(2) 
PARAMETRIC_REPRESENTATION_CONTEXT() REPRESENTATION_CONTEXT('2D SPACE',''
  ) );
#10306 = ORIENTED_EDGE('',*,*,#10307,.F.);
#10307 = EDGE_CURVE('',#10225,#10282,#10308,.T.);
#10308 = SURFACE_CURVE('',#10309,(#10314,#10321),.PCURVE_S1.);
#10309 = CIRCLE('',#10310,4.4);
#10310 = AXIS2_PLACEMENT_3D('',#10311,#10312,#10313);
#10311 = CARTESIAN_POINT('',(-30.,40.,26.5));
#10312 = DIRECTION('',(0.,0.,1.));
#10313 = DIRECTION('',(1.,0.,-0.));
#10314 = PCURVE('',#4126,#10315);
#10315 = DEFINITIONAL_REPRESENTATION('',(#10316),#10320);
#10316 = LINE('',#10317,#10318);
#10317 = CARTESIAN_POINT('',(0.,24.1));
#10318 = VECTOR('',#10319,1.);
#10319 = DIRECTION('',(1.,0.));
#10320 = ( GEOMETRIC_REPRESENTATION_CONTEXT(2) 
PARAMETRIC_REPRESENTATION_CONTEXT() REPRESENTATION_CONTEXT('2D SPACE',''
  ) );
#10321 = PCURVE('',#10322,#10327);
#10322 = PLANE('',#10323);
#10323 = AXIS2_PLACEMENT_3D('',#10324,#10325,#10326);
#10324 = CARTESIAN_POINT('',(-30.,40.,26.5));
#10325 = DIRECTION('',(0.,0.,1.));
#10326 = DIRECTION('',(1.,0.,-0.));
#10327 = DEFINITIONAL_REPRESENTATION('',(#10328),#10332);
#10328 = CIRCLE('',#10329,4.4);
#10329 = AXIS2_PLACEMENT_2D('',#10330,#10331);
#10330 = CARTESIAN_POINT('',(0.,0.));
#10331 = DIRECTION('',(1.,0.));
#10332 = ( GEOMETRIC_REPRESENTATION_CONTEXT(2) 
PARAMETRIC_REPRESENTATION_CONTEXT() REPRESENTATION_CONTEXT('2D SPACE',''
  ) );
#10333 = ADVANCED_FACE('',(#10334),#3985,.F.);
#10334 = FACE_BOUND('',#10335,.F.);
#10335 = EDGE_LOOP('',(#10336,#10337,#10338,#10361));
#10336 = ORIENTED_EDGE('',*,*,#9991,.F.);
#10337 = ORIENTED_EDGE('',*,*,#3969,.T.);
#10338 = ORIENTED_EDGE('',*,*,#10339,.T.);
#10339 = EDGE_CURVE('',#3970,#10340,#10342,.T.);
#10340 = VERTEX_POINT('',#10341);
#10341 = CARTESIAN_POINT('',(25.2,21.,8.4));
#10342 = SURFACE_CURVE('',#10343,(#10347,#10354),.PCURVE_S1.);
#10343 = LINE('',#10344,#10345);
#10344 = CARTESIAN_POINT('',(25.2,21.,2.4));
#10345 = VECTOR('',#10346,1.);
#10346 = DIRECTION('',(0.,0.,1.));
#10347 = PCURVE('',#3985,#10348);
#10348 = DEFINITIONAL_REPRESENTATION('',(#10349),#10353);
#10349 = LINE('',#10350,#10351);
#10350 = CARTESIAN_POINT('',(0.,-8.));
#10351 = VECTOR('',#10352,1.);
#10352 = DIRECTION('',(1.,0.));
#10353 = ( GEOMETRIC_REPRESENTATION_CONTEXT(2) 
PARAMETRIC_REPRESENTATION_CONTEXT() REPRESENTATION_CONTEXT('2D SPACE',''
  ) );
#10354 = PCURVE('',#4013,#10355);
#10355 = DEFINITIONAL_REPRESENTATION('',(#10356),#10360);
#10356 = LINE('',#10357,#10358);
#10357 = CARTESIAN_POINT('',(0.,0.));
#10358 = VECTOR('',#10359,1.);
#10359 = DIRECTION('',(1.,0.));
#10360 = ( GEOMETRIC_REPRESENTATION_CONTEXT(2) 
PARAMETRIC_REPRESENTATION_CONTEXT() REPRESENTATION_CONTEXT('2D SPACE',''
  ) );
#10361 = ORIENTED_EDGE('',*,*,#10362,.F.);
#10362 = EDGE_CURVE('',#9992,#10340,#10363,.T.);
#10363 = SURFACE_CURVE('',#10364,(#10368,#10375),.PCURVE_S1.);
#10364 = LINE('',#10365,#10366);
#10365 = CARTESIAN_POINT('',(25.2,13.,8.4));
#10366 = VECTOR('',#10367,1.);
#10367 = DIRECTION('',(-0.,1.,0.));
#10368 = PCURVE('',#3985,#10369);
#10369 = DEFINITIONAL_REPRESENTATION('',(#10370),#10374);
#10370 = LINE('',#10371,#10372);
#10371 = CARTESIAN_POINT('',(6.,0.));
#10372 = VECTOR('',#10373,1.);
#10373 = DIRECTION('',(0.,-1.));
#10374 = ( GEOMETRIC_REPRESENTATION_CONTEXT(2) 
PARAMETRIC_REPRESENTATION_CONTEXT() REPRESENTATION_CONTEXT('2D SPACE',''
  ) );
#10375 = PCURVE('',#10030,#10376);
#10376 = DEFINITIONAL_REPRESENTATION('',(#10377),#10381);
#10377 = LINE('',#10378,#10379);
#10378 = CARTESIAN_POINT('',(0.,0.));
#10379 = VECTOR('',#10380,1.);
#10380 = DIRECTION('',(0.,1.));
#10381 = ( GEOMETRIC_REPRESENTATION_CONTEXT(2) 
PARAMETRIC_REPRESENTATION_CONTEXT() REPRESENTATION_CONTEXT('2D SPACE',''
  ) );
#10382 = ADVANCED_FACE('',(#10383),#4093,.F.);
#10383 = FACE_BOUND('',#10384,.F.);
#10384 = EDGE_LOOP('',(#10385,#10404,#10405,#10406,#10407,#10428,#10454,
    #10473));
#10385 = ORIENTED_EDGE('',*,*,#10386,.F.);
#10386 = EDGE_CURVE('',#4049,#5188,#10387,.T.);
#10387 = SURFACE_CURVE('',#10388,(#10392,#10398),.PCURVE_S1.);
#10388 = LINE('',#10389,#10390);
#10389 = CARTESIAN_POINT('',(28.166969722018,44.,2.4));
#10390 = VECTOR('',#10391,1.);
#10391 = DIRECTION('',(0.,0.,1.));
#10392 = PCURVE('',#4093,#10393);
#10393 = DEFINITIONAL_REPRESENTATION('',(#10394),#10397);
#10394 = B_SPLINE_CURVE_WITH_KNOTS('',1,(#10395,#10396),.UNSPECIFIED.,
  .F.,.F.,(2,2),(-2.400000000069E-06,29.6000024),
  .PIECEWISE_BEZIER_KNOTS.);
#10395 = CARTESIAN_POINT('',(-2.400000000069E-06,62.166969722018));
#10396 = CARTESIAN_POINT('',(29.6000024,62.166969722018));
#10397 = ( GEOMETRIC_REPRESENTATION_CONTEXT(2) 
PARAMETRIC_REPRESENTATION_CONTEXT() REPRESENTATION_CONTEXT('2D SPACE',''
  ) );
#10398 = PCURVE('',#4065,#10399);
#10399 = DEFINITIONAL_REPRESENTATION('',(#10400),#10403);
#10400 = B_SPLINE_CURVE_WITH_KNOTS('',1,(#10401,#10402),.UNSPECIFIED.,
  .F.,.F.,(2,2),(-2.400000000069E-06,29.6000024),
  .PIECEWISE_BEZIER_KNOTS.);
#10401 = CARTESIAN_POINT('',(2.000495992946,-2.400000000069E-06));
#10402 = CARTESIAN_POINT('',(2.000495992946,29.6000024));
#10403 = ( GEOMETRIC_REPRESENTATION_CONTEXT(2) 
PARAMETRIC_REPRESENTATION_CONTEXT() REPRESENTATION_CONTEXT('2D SPACE',''
  ) );
#10404 = ORIENTED_EDGE('',*,*,#4077,.F.);
#10405 = ORIENTED_EDGE('',*,*,#10203,.T.);
#10406 = ORIENTED_EDGE('',*,*,#6956,.F.);
#10407 = ORIENTED_EDGE('',*,*,#10408,.T.);
#10408 = EDGE_CURVE('',#6957,#10409,#10411,.T.);
#10409 = VERTEX_POINT('',#10410);
#10410 = CARTESIAN_POINT('',(-12.,44.,16.));
#10411 = SURFACE_CURVE('',#10412,(#10416,#10422),.PCURVE_S1.);
#10412 = LINE('',#10413,#10414);
#10413 = CARTESIAN_POINT('',(-12.,44.,9.2));
#10414 = VECTOR('',#10415,1.);
#10415 = DIRECTION('',(-0.,0.,-1.));
#10416 = PCURVE('',#4093,#10417);
#10417 = DEFINITIONAL_REPRESENTATION('',(#10418),#10421);
#10418 = B_SPLINE_CURVE_WITH_KNOTS('',1,(#10419,#10420),.UNSPECIFIED.,
  .F.,.F.,(2,2),(-22.8,-6.8),.PIECEWISE_BEZIER_KNOTS.);
#10419 = CARTESIAN_POINT('',(29.6,22.));
#10420 = CARTESIAN_POINT('',(13.6,22.));
#10421 = ( GEOMETRIC_REPRESENTATION_CONTEXT(2) 
PARAMETRIC_REPRESENTATION_CONTEXT() REPRESENTATION_CONTEXT('2D SPACE',''
  ) );
#10422 = PCURVE('',#6995,#10423);
#10423 = DEFINITIONAL_REPRESENTATION('',(#10424),#10427);
#10424 = B_SPLINE_CURVE_WITH_KNOTS('',1,(#10425,#10426),.UNSPECIFIED.,
  .F.,.F.,(2,2),(-22.8,-6.8),.PIECEWISE_BEZIER_KNOTS.);
#10425 = CARTESIAN_POINT('',(16.,-0.5));
#10426 = CARTESIAN_POINT('',(0.,-0.5));
#10427 = ( GEOMETRIC_REPRESENTATION_CONTEXT(2) 
PARAMETRIC_REPRESENTATION_CONTEXT() REPRESENTATION_CONTEXT('2D SPACE',''
  ) );
#10428 = ORIENTED_EDGE('',*,*,#10429,.T.);
#10429 = EDGE_CURVE('',#10409,#10430,#10432,.T.);
#10430 = VERTEX_POINT('',#10431);
#10431 = CARTESIAN_POINT('',(12.,44.,16.));
#10432 = SURFACE_CURVE('',#10433,(#10437,#10443),.PCURVE_S1.);
#10433 = LINE('',#10434,#10435);
#10434 = CARTESIAN_POINT('',(-23.,44.,16.));
#10435 = VECTOR('',#10436,1.);
#10436 = DIRECTION('',(1.,0.,-0.));
#10437 = PCURVE('',#4093,#10438);
#10438 = DEFINITIONAL_REPRESENTATION('',(#10439),#10442);
#10439 = B_SPLINE_CURVE_WITH_KNOTS('',1,(#10440,#10441),.UNSPECIFIED.,
  .F.,.F.,(2,2),(11.,35.),.PIECEWISE_BEZIER_KNOTS.);
#10440 = CARTESIAN_POINT('',(13.6,22.));
#10441 = CARTESIAN_POINT('',(13.6,46.));
#10442 = ( GEOMETRIC_REPRESENTATION_CONTEXT(2) 
PARAMETRIC_REPRESENTATION_CONTEXT() REPRESENTATION_CONTEXT('2D SPACE',''
  ) );
#10443 = PCURVE('',#10444,#10449);
#10444 = PLANE('',#10445);
#10445 = AXIS2_PLACEMENT_3D('',#10446,#10447,#10448);
#10446 = CARTESIAN_POINT('',(-12.,43.5,16.));
#10447 = DIRECTION('',(0.,0.,1.));
#10448 = DIRECTION('',(1.,0.,-0.));
#10449 = DEFINITIONAL_REPRESENTATION('',(#10450),#10453);
#10450 = B_SPLINE_CURVE_WITH_KNOTS('',1,(#10451,#10452),.UNSPECIFIED.,
  .F.,.F.,(2,2),(11.,35.),.PIECEWISE_BEZIER_KNOTS.);
#10451 = CARTESIAN_POINT('',(0.,0.5));
#10452 = CARTESIAN_POINT('',(24.,0.5));
#10453 = ( GEOMETRIC_REPRESENTATION_CONTEXT(2) 
PARAMETRIC_REPRESENTATION_CONTEXT() REPRESENTATION_CONTEXT('2D SPACE',''
  ) );
#10454 = ORIENTED_EDGE('',*,*,#10455,.F.);
#10455 = EDGE_CURVE('',#5162,#10430,#10456,.T.);
#10456 = SURFACE_CURVE('',#10457,(#10461,#10467),.PCURVE_S1.);
#10457 = LINE('',#10458,#10459);
#10458 = CARTESIAN_POINT('',(12.,44.,9.2));
#10459 = VECTOR('',#10460,1.);
#10460 = DIRECTION('',(-0.,0.,-1.));
#10461 = PCURVE('',#4093,#10462);
#10462 = DEFINITIONAL_REPRESENTATION('',(#10463),#10466);
#10463 = B_SPLINE_CURVE_WITH_KNOTS('',1,(#10464,#10465),.UNSPECIFIED.,
  .F.,.F.,(2,2),(-22.8,-6.8),.PIECEWISE_BEZIER_KNOTS.);
#10464 = CARTESIAN_POINT('',(29.6,46.));
#10465 = CARTESIAN_POINT('',(13.6,46.));
#10466 = ( GEOMETRIC_REPRESENTATION_CONTEXT(2) 
PARAMETRIC_REPRESENTATION_CONTEXT() REPRESENTATION_CONTEXT('2D SPACE',''
  ) );
#10467 = PCURVE('',#5176,#10468);
#10468 = DEFINITIONAL_REPRESENTATION('',(#10469),#10472);
#10469 = B_SPLINE_CURVE_WITH_KNOTS('',1,(#10470,#10471),.UNSPECIFIED.,
  .F.,.F.,(2,2),(-22.8,-6.8),.PIECEWISE_BEZIER_KNOTS.);
#10470 = CARTESIAN_POINT('',(16.,-0.5));
#10471 = CARTESIAN_POINT('',(0.,-0.5));
#10472 = ( GEOMETRIC_REPRESENTATION_CONTEXT(2) 
PARAMETRIC_REPRESENTATION_CONTEXT() REPRESENTATION_CONTEXT('2D SPACE',''
  ) );
#10473 = ORIENTED_EDGE('',*,*,#5187,.F.);
#10474 = ADVANCED_FACE('',(#10475),#4013,.T.);
#10475 = FACE_BOUND('',#10476,.T.);
#10476 = EDGE_LOOP('',(#10477,#10478,#10479,#10502,#10525,#10546));
#10477 = ORIENTED_EDGE('',*,*,#3997,.F.);
#10478 = ORIENTED_EDGE('',*,*,#10339,.T.);
#10479 = ORIENTED_EDGE('',*,*,#10480,.T.);
#10480 = EDGE_CURVE('',#10340,#10481,#10483,.T.);
#10481 = VERTEX_POINT('',#10482);
#10482 = CARTESIAN_POINT('',(26.4,21.,8.4));
#10483 = SURFACE_CURVE('',#10484,(#10488,#10495),.PCURVE_S1.);
#10484 = LINE('',#10485,#10486);
#10485 = CARTESIAN_POINT('',(25.2,21.,8.4));
#10486 = VECTOR('',#10487,1.);
#10487 = DIRECTION('',(1.,0.,-0.));
#10488 = PCURVE('',#4013,#10489);
#10489 = DEFINITIONAL_REPRESENTATION('',(#10490),#10494);
#10490 = LINE('',#10491,#10492);
#10491 = CARTESIAN_POINT('',(6.,0.));
#10492 = VECTOR('',#10493,1.);
#10493 = DIRECTION('',(0.,1.));
#10494 = ( GEOMETRIC_REPRESENTATION_CONTEXT(2) 
PARAMETRIC_REPRESENTATION_CONTEXT() REPRESENTATION_CONTEXT('2D SPACE',''
  ) );
#10495 = PCURVE('',#10030,#10496);
#10496 = DEFINITIONAL_REPRESENTATION('',(#10497),#10501);
#10497 = LINE('',#10498,#10499);
#10498 = CARTESIAN_POINT('',(0.,8.));
#10499 = VECTOR('',#10500,1.);
#10500 = DIRECTION('',(1.,0.));
#10501 = ( GEOMETRIC_REPRESENTATION_CONTEXT(2) 
PARAMETRIC_REPRESENTATION_CONTEXT() REPRESENTATION_CONTEXT('2D SPACE',''
  ) );
#10502 = ORIENTED_EDGE('',*,*,#10503,.T.);
#10503 = EDGE_CURVE('',#10481,#10504,#10506,.T.);
#10504 = VERTEX_POINT('',#10505);
#10505 = CARTESIAN_POINT('',(26.4,21.,10.2));
#10506 = SURFACE_CURVE('',#10507,(#10511,#10518),.PCURVE_S1.);
#10507 = LINE('',#10508,#10509);
#10508 = CARTESIAN_POINT('',(26.4,21.,2.4));
#10509 = VECTOR('',#10510,1.);
#10510 = DIRECTION('',(0.,0.,1.));
#10511 = PCURVE('',#4013,#10512);
#10512 = DEFINITIONAL_REPRESENTATION('',(#10513),#10517);
#10513 = LINE('',#10514,#10515);
#10514 = CARTESIAN_POINT('',(0.,1.2));
#10515 = VECTOR('',#10516,1.);
#10516 = DIRECTION('',(1.,0.));
#10517 = ( GEOMETRIC_REPRESENTATION_CONTEXT(2) 
PARAMETRIC_REPRESENTATION_CONTEXT() REPRESENTATION_CONTEXT('2D SPACE',''
  ) );
#10518 = PCURVE('',#10058,#10519);
#10519 = DEFINITIONAL_REPRESENTATION('',(#10520),#10524);
#10520 = LINE('',#10521,#10522);
#10521 = CARTESIAN_POINT('',(0.,-8.));
#10522 = VECTOR('',#10523,1.);
#10523 = DIRECTION('',(1.,0.));
#10524 = ( GEOMETRIC_REPRESENTATION_CONTEXT(2) 
PARAMETRIC_REPRESENTATION_CONTEXT() REPRESENTATION_CONTEXT('2D SPACE',''
  ) );
#10525 = ORIENTED_EDGE('',*,*,#10526,.T.);
#10526 = EDGE_CURVE('',#10504,#8288,#10527,.T.);
#10527 = SURFACE_CURVE('',#10528,(#10532,#10539),.PCURVE_S1.);
#10528 = LINE('',#10529,#10530);
#10529 = CARTESIAN_POINT('',(26.4,21.,10.2));
#10530 = VECTOR('',#10531,1.);
#10531 = DIRECTION('',(1.,0.,-0.));
#10532 = PCURVE('',#4013,#10533);
#10533 = DEFINITIONAL_REPRESENTATION('',(#10534),#10538);
#10534 = LINE('',#10535,#10536);
#10535 = CARTESIAN_POINT('',(7.8,1.2));
#10536 = VECTOR('',#10537,1.);
#10537 = DIRECTION('',(0.,1.));
#10538 = ( GEOMETRIC_REPRESENTATION_CONTEXT(2) 
PARAMETRIC_REPRESENTATION_CONTEXT() REPRESENTATION_CONTEXT('2D SPACE',''
  ) );
#10539 = PCURVE('',#8303,#10540);
#10540 = DEFINITIONAL_REPRESENTATION('',(#10541),#10545);
#10541 = LINE('',#10542,#10543);
#10542 = CARTESIAN_POINT('',(0.,8.));
#10543 = VECTOR('',#10544,1.);
#10544 = DIRECTION('',(1.,0.));
#10545 = ( GEOMETRIC_REPRESENTATION_CONTEXT(2) 
PARAMETRIC_REPRESENTATION_CONTEXT() REPRESENTATION_CONTEXT('2D SPACE',''
  ) );
#10546 = ORIENTED_EDGE('',*,*,#8315,.F.);
#10547 = ADVANCED_FACE('',(#10548,#10554),#4065,.T.);
#10548 = FACE_BOUND('',#10549,.T.);
#10549 = EDGE_LOOP('',(#10550,#10551,#10552,#10553));
#10550 = ORIENTED_EDGE('',*,*,#8337,.T.);
#10551 = ORIENTED_EDGE('',*,*,#5209,.F.);
#10552 = ORIENTED_EDGE('',*,*,#10386,.F.);
#10553 = ORIENTED_EDGE('',*,*,#4048,.T.);
#10554 = FACE_BOUND('',#10555,.T.);
#10555 = EDGE_LOOP('',(#10556,#10584,#10613,#10639));
#10556 = ORIENTED_EDGE('',*,*,#10557,.T.);
#10557 = EDGE_CURVE('',#10558,#10560,#10562,.T.);
#10558 = VERTEX_POINT('',#10559);
#10559 = CARTESIAN_POINT('',(27.1,36.690921578445,26.5));
#10560 = VERTEX_POINT('',#10561);
#10561 = CARTESIAN_POINT('',(27.1,36.690921578445,29.2));
#10562 = SURFACE_CURVE('',#10563,(#10567,#10573),.PCURVE_S1.);
#10563 = LINE('',#10564,#10565);
#10564 = CARTESIAN_POINT('',(27.1,36.690921578445,2.4));
#10565 = VECTOR('',#10566,1.);
#10566 = DIRECTION('',(0.,0.,1.));
#10567 = PCURVE('',#4065,#10568);
#10568 = DEFINITIONAL_REPRESENTATION('',(#10569),#10572);
#10569 = B_SPLINE_CURVE_WITH_KNOTS('',1,(#10570,#10571),.UNSPECIFIED.,
  .F.,.F.,(2,2),(23.83,27.07),.PIECEWISE_BEZIER_KNOTS.);
#10570 = CARTESIAN_POINT('',(3.992779656535,23.83));
#10571 = CARTESIAN_POINT('',(3.992779656535,27.07));
#10572 = ( GEOMETRIC_REPRESENTATION_CONTEXT(2) 
PARAMETRIC_REPRESENTATION_CONTEXT() REPRESENTATION_CONTEXT('2D SPACE',''
  ) );
#10573 = PCURVE('',#10574,#10579);
#10574 = PLANE('',#10575);
#10575 = AXIS2_PLACEMENT_3D('',#10576,#10577,#10578);
#10576 = CARTESIAN_POINT('',(27.1,41.67431578065,26.5));
#10577 = DIRECTION('',(1.,-2.652362326046E-16,0.));
#10578 = DIRECTION('',(-2.652362326046E-16,-1.,0.));
#10579 = DEFINITIONAL_REPRESENTATION('',(#10580),#10583);
#10580 = B_SPLINE_CURVE_WITH_KNOTS('',1,(#10581,#10582),.UNSPECIFIED.,
  .F.,.F.,(2,2),(23.83,27.07),.PIECEWISE_BEZIER_KNOTS.);
#10581 = CARTESIAN_POINT('',(4.983394202205,0.27));
#10582 = CARTESIAN_POINT('',(4.983394202205,-2.97));
#10583 = ( GEOMETRIC_REPRESENTATION_CONTEXT(2) 
PARAMETRIC_REPRESENTATION_CONTEXT() REPRESENTATION_CONTEXT('2D SPACE',''
  ) );
#10584 = ORIENTED_EDGE('',*,*,#10585,.T.);
#10585 = EDGE_CURVE('',#10560,#10586,#10588,.T.);
#10586 = VERTEX_POINT('',#10587);
#10587 = CARTESIAN_POINT('',(32.9,36.690921578445,29.2));
#10588 = SURFACE_CURVE('',#10589,(#10594,#10601),.PCURVE_S1.);
#10589 = CIRCLE('',#10590,4.4);
#10590 = AXIS2_PLACEMENT_3D('',#10591,#10592,#10593);
#10591 = CARTESIAN_POINT('',(30.,40.,29.2));
#10592 = DIRECTION('',(0.,0.,1.));
#10593 = DIRECTION('',(1.,0.,-0.));
#10594 = PCURVE('',#4065,#10595);
#10595 = DEFINITIONAL_REPRESENTATION('',(#10596),#10600);
#10596 = LINE('',#10597,#10598);
#10597 = CARTESIAN_POINT('',(0.,26.8));
#10598 = VECTOR('',#10599,1.);
#10599 = DIRECTION('',(1.,0.));
#10600 = ( GEOMETRIC_REPRESENTATION_CONTEXT(2) 
PARAMETRIC_REPRESENTATION_CONTEXT() REPRESENTATION_CONTEXT('2D SPACE',''
  ) );
#10601 = PCURVE('',#10602,#10607);
#10602 = PLANE('',#10603);
#10603 = AXIS2_PLACEMENT_3D('',#10604,#10605,#10606);
#10604 = CARTESIAN_POINT('',(30.,40.,29.2));
#10605 = DIRECTION('',(0.,0.,1.));
#10606 = DIRECTION('',(1.,0.,-0.));
#10607 = DEFINITIONAL_REPRESENTATION('',(#10608),#10612);
#10608 = CIRCLE('',#10609,4.4);
#10609 = AXIS2_PLACEMENT_2D('',#10610,#10611);
#10610 = CARTESIAN_POINT('',(0.,0.));
#10611 = DIRECTION('',(1.,0.));
#10612 = ( GEOMETRIC_REPRESENTATION_CONTEXT(2) 
PARAMETRIC_REPRESENTATION_CONTEXT() REPRESENTATION_CONTEXT('2D SPACE',''
  ) );
#10613 = ORIENTED_EDGE('',*,*,#10614,.F.);
#10614 = EDGE_CURVE('',#10615,#10586,#10617,.T.);
#10615 = VERTEX_POINT('',#10616);
#10616 = CARTESIAN_POINT('',(32.9,36.690921578445,26.5));
#10617 = SURFACE_CURVE('',#10618,(#10622,#10628),.PCURVE_S1.);
#10618 = LINE('',#10619,#10620);
#10619 = CARTESIAN_POINT('',(32.9,36.690921578445,2.4));
#10620 = VECTOR('',#10621,1.);
#10621 = DIRECTION('',(0.,0.,1.));
#10622 = PCURVE('',#4065,#10623);
#10623 = DEFINITIONAL_REPRESENTATION('',(#10624),#10627);
#10624 = B_SPLINE_CURVE_WITH_KNOTS('',1,(#10625,#10626),.UNSPECIFIED.,
  .F.,.F.,(2,2),(23.83,27.07),.PIECEWISE_BEZIER_KNOTS.);
#10625 = CARTESIAN_POINT('',(5.431998304235,23.83));
#10626 = CARTESIAN_POINT('',(5.431998304235,27.07));
#10627 = ( GEOMETRIC_REPRESENTATION_CONTEXT(2) 
PARAMETRIC_REPRESENTATION_CONTEXT() REPRESENTATION_CONTEXT('2D SPACE',''
  ) );
#10628 = PCURVE('',#10629,#10634);
#10629 = PLANE('',#10630);
#10630 = AXIS2_PLACEMENT_3D('',#10631,#10632,#10633);
#10631 = CARTESIAN_POINT('',(32.9,38.32568421935,26.5));
#10632 = DIRECTION('',(-1.,0.,0.));
#10633 = DIRECTION('',(0.,1.,0.));
#10634 = DEFINITIONAL_REPRESENTATION('',(#10635),#10638);
#10635 = B_SPLINE_CURVE_WITH_KNOTS('',1,(#10636,#10637),.UNSPECIFIED.,
  .F.,.F.,(2,2),(23.83,27.07),.PIECEWISE_BEZIER_KNOTS.);
#10636 = CARTESIAN_POINT('',(-1.634762640905,0.27));
#10637 = CARTESIAN_POINT('',(-1.634762640905,-2.97));
#10638 = ( GEOMETRIC_REPRESENTATION_CONTEXT(2) 
PARAMETRIC_REPRESENTATION_CONTEXT() REPRESENTATION_CONTEXT('2D SPACE',''
  ) );
#10639 = ORIENTED_EDGE('',*,*,#10640,.F.);
#10640 = EDGE_CURVE('',#10558,#10615,#10641,.T.);
#10641 = SURFACE_CURVE('',#10642,(#10647,#10654),.PCURVE_S1.);
#10642 = CIRCLE('',#10643,4.4);
#10643 = AXIS2_PLACEMENT_3D('',#10644,#10645,#10646);
#10644 = CARTESIAN_POINT('',(30.,40.,26.5));
#10645 = DIRECTION('',(0.,0.,1.));
#10646 = DIRECTION('',(1.,0.,-0.));
#10647 = PCURVE('',#4065,#10648);
#10648 = DEFINITIONAL_REPRESENTATION('',(#10649),#10653);
#10649 = LINE('',#10650,#10651);
#10650 = CARTESIAN_POINT('',(0.,24.1));
#10651 = VECTOR('',#10652,1.);
#10652 = DIRECTION('',(1.,0.));
#10653 = ( GEOMETRIC_REPRESENTATION_CONTEXT(2) 
PARAMETRIC_REPRESENTATION_CONTEXT() REPRESENTATION_CONTEXT('2D SPACE',''
  ) );
#10654 = PCURVE('',#10655,#10660);
#10655 = PLANE('',#10656);
#10656 = AXIS2_PLACEMENT_3D('',#10657,#10658,#10659);
#10657 = CARTESIAN_POINT('',(30.,40.,26.5));
#10658 = DIRECTION('',(0.,0.,1.));
#10659 = DIRECTION('',(1.,0.,-0.));
#10660 = DEFINITIONAL_REPRESENTATION('',(#10661),#10665);
#10661 = CIRCLE('',#10662,4.4);
#10662 = AXIS2_PLACEMENT_2D('',#10663,#10664);
#10663 = CARTESIAN_POINT('',(0.,0.));
#10664 = DIRECTION('',(1.,0.));
#10665 = ( GEOMETRIC_REPRESENTATION_CONTEXT(2) 
PARAMETRIC_REPRESENTATION_CONTEXT() REPRESENTATION_CONTEXT('2D SPACE',''
  ) );
#10666 = ADVANCED_FACE('',(#10667),#4380,.F.);
#10667 = FACE_BOUND('',#10668,.F.);
#10668 = EDGE_LOOP('',(#10669,#10692,#10693,#10716));
#10669 = ORIENTED_EDGE('',*,*,#10670,.F.);
#10670 = EDGE_CURVE('',#4363,#10671,#10673,.T.);
#10671 = VERTEX_POINT('',#10672);
#10672 = CARTESIAN_POINT('',(-6.,-37.4,9.2));
#10673 = SURFACE_CURVE('',#10674,(#10678,#10685),.PCURVE_S1.);
#10674 = LINE('',#10675,#10676);
#10675 = CARTESIAN_POINT('',(-6.,-37.4,2.4));
#10676 = VECTOR('',#10677,1.);
#10677 = DIRECTION('',(0.,0.,1.));
#10678 = PCURVE('',#4380,#10679);
#10679 = DEFINITIONAL_REPRESENTATION('',(#10680),#10684);
#10680 = LINE('',#10681,#10682);
#10681 = CARTESIAN_POINT('',(0.,0.));
#10682 = VECTOR('',#10683,1.);
#10683 = DIRECTION('',(1.,0.));
#10684 = ( GEOMETRIC_REPRESENTATION_CONTEXT(2) 
PARAMETRIC_REPRESENTATION_CONTEXT() REPRESENTATION_CONTEXT('2D SPACE',''
  ) );
#10685 = PCURVE('',#4462,#10686);
#10686 = DEFINITIONAL_REPRESENTATION('',(#10687),#10691);
#10687 = LINE('',#10688,#10689);
#10688 = CARTESIAN_POINT('',(0.,0.));
#10689 = VECTOR('',#10690,1.);
#10690 = DIRECTION('',(1.,0.));
#10691 = ( GEOMETRIC_REPRESENTATION_CONTEXT(2) 
PARAMETRIC_REPRESENTATION_CONTEXT() REPRESENTATION_CONTEXT('2D SPACE',''
  ) );
#10692 = ORIENTED_EDGE('',*,*,#4362,.T.);
#10693 = ORIENTED_EDGE('',*,*,#10694,.T.);
#10694 = EDGE_CURVE('',#4365,#10695,#10697,.T.);
#10695 = VERTEX_POINT('',#10696);
#10696 = CARTESIAN_POINT('',(-6.,-35.4,9.2));
#10697 = SURFACE_CURVE('',#10698,(#10702,#10709),.PCURVE_S1.);
#10698 = LINE('',#10699,#10700);
#10699 = CARTESIAN_POINT('',(-6.,-35.4,2.4));
#10700 = VECTOR('',#10701,1.);
#10701 = DIRECTION('',(0.,0.,1.));
#10702 = PCURVE('',#4380,#10703);
#10703 = DEFINITIONAL_REPRESENTATION('',(#10704),#10708);
#10704 = LINE('',#10705,#10706);
#10705 = CARTESIAN_POINT('',(0.,-2.));
#10706 = VECTOR('',#10707,1.);
#10707 = DIRECTION('',(1.,0.));
#10708 = ( GEOMETRIC_REPRESENTATION_CONTEXT(2) 
PARAMETRIC_REPRESENTATION_CONTEXT() REPRESENTATION_CONTEXT('2D SPACE',''
  ) );
#10709 = PCURVE('',#4408,#10710);
#10710 = DEFINITIONAL_REPRESENTATION('',(#10711),#10715);
#10711 = LINE('',#10712,#10713);
#10712 = CARTESIAN_POINT('',(0.,0.));
#10713 = VECTOR('',#10714,1.);
#10714 = DIRECTION('',(1.,0.));
#10715 = ( GEOMETRIC_REPRESENTATION_CONTEXT(2) 
PARAMETRIC_REPRESENTATION_CONTEXT() REPRESENTATION_CONTEXT('2D SPACE',''
  ) );
#10716 = ORIENTED_EDGE('',*,*,#10717,.F.);
#10717 = EDGE_CURVE('',#10671,#10695,#10718,.T.);
#10718 = SURFACE_CURVE('',#10719,(#10723,#10730),.PCURVE_S1.);
#10719 = LINE('',#10720,#10721);
#10720 = CARTESIAN_POINT('',(-6.,-37.4,9.2));
#10721 = VECTOR('',#10722,1.);
#10722 = DIRECTION('',(-0.,1.,0.));
#10723 = PCURVE('',#4380,#10724);
#10724 = DEFINITIONAL_REPRESENTATION('',(#10725),#10729);
#10725 = LINE('',#10726,#10727);
#10726 = CARTESIAN_POINT('',(6.8,0.));
#10727 = VECTOR('',#10728,1.);
#10728 = DIRECTION('',(0.,-1.));
#10729 = ( GEOMETRIC_REPRESENTATION_CONTEXT(2) 
PARAMETRIC_REPRESENTATION_CONTEXT() REPRESENTATION_CONTEXT('2D SPACE',''
  ) );
#10730 = PCURVE('',#10731,#10736);
#10731 = PLANE('',#10732);
#10732 = AXIS2_PLACEMENT_3D('',#10733,#10734,#10735);
#10733 = CARTESIAN_POINT('',(-6.,-37.4,9.2));
#10734 = DIRECTION('',(0.,0.,1.));
#10735 = DIRECTION('',(1.,0.,-0.));
#10736 = DEFINITIONAL_REPRESENTATION('',(#10737),#10741);
#10737 = LINE('',#10738,#10739);
#10738 = CARTESIAN_POINT('',(0.,0.));
#10739 = VECTOR('',#10740,1.);
#10740 = DIRECTION('',(0.,1.));
#10741 = ( GEOMETRIC_REPRESENTATION_CONTEXT(2) 
PARAMETRIC_REPRESENTATION_CONTEXT() REPRESENTATION_CONTEXT('2D SPACE',''
  ) );
#10742 = ADVANCED_FACE('',(#10743),#4408,.T.);
#10743 = FACE_BOUND('',#10744,.T.);
#10744 = EDGE_LOOP('',(#10745,#10746,#10747,#10770));
#10745 = ORIENTED_EDGE('',*,*,#4392,.F.);
#10746 = ORIENTED_EDGE('',*,*,#10694,.T.);
#10747 = ORIENTED_EDGE('',*,*,#10748,.T.);
#10748 = EDGE_CURVE('',#10695,#10749,#10751,.T.);
#10749 = VERTEX_POINT('',#10750);
#10750 = CARTESIAN_POINT('',(6.,-35.4,9.2));
#10751 = SURFACE_CURVE('',#10752,(#10756,#10763),.PCURVE_S1.);
#10752 = LINE('',#10753,#10754);
#10753 = CARTESIAN_POINT('',(-6.,-35.4,9.2));
#10754 = VECTOR('',#10755,1.);
#10755 = DIRECTION('',(1.,0.,-0.));
#10756 = PCURVE('',#4408,#10757);
#10757 = DEFINITIONAL_REPRESENTATION('',(#10758),#10762);
#10758 = LINE('',#10759,#10760);
#10759 = CARTESIAN_POINT('',(6.8,0.));
#10760 = VECTOR('',#10761,1.);
#10761 = DIRECTION('',(0.,1.));
#10762 = ( GEOMETRIC_REPRESENTATION_CONTEXT(2) 
PARAMETRIC_REPRESENTATION_CONTEXT() REPRESENTATION_CONTEXT('2D SPACE',''
  ) );
#10763 = PCURVE('',#10731,#10764);
#10764 = DEFINITIONAL_REPRESENTATION('',(#10765),#10769);
#10765 = LINE('',#10766,#10767);
#10766 = CARTESIAN_POINT('',(0.,2.));
#10767 = VECTOR('',#10768,1.);
#10768 = DIRECTION('',(1.,0.));
#10769 = ( GEOMETRIC_REPRESENTATION_CONTEXT(2) 
PARAMETRIC_REPRESENTATION_CONTEXT() REPRESENTATION_CONTEXT('2D SPACE',''
  ) );
#10770 = ORIENTED_EDGE('',*,*,#10771,.F.);
#10771 = EDGE_CURVE('',#4393,#10749,#10772,.T.);
#10772 = SURFACE_CURVE('',#10773,(#10777,#10784),.PCURVE_S1.);
#10773 = LINE('',#10774,#10775);
#10774 = CARTESIAN_POINT('',(6.,-35.4,2.4));
#10775 = VECTOR('',#10776,1.);
#10776 = DIRECTION('',(0.,0.,1.));
#10777 = PCURVE('',#4408,#10778);
#10778 = DEFINITIONAL_REPRESENTATION('',(#10779),#10783);
#10779 = LINE('',#10780,#10781);
#10780 = CARTESIAN_POINT('',(0.,12.));
#10781 = VECTOR('',#10782,1.);
#10782 = DIRECTION('',(1.,0.));
#10783 = ( GEOMETRIC_REPRESENTATION_CONTEXT(2) 
PARAMETRIC_REPRESENTATION_CONTEXT() REPRESENTATION_CONTEXT('2D SPACE',''
  ) );
#10784 = PCURVE('',#4436,#10785);
#10785 = DEFINITIONAL_REPRESENTATION('',(#10786),#10790);
#10786 = LINE('',#10787,#10788);
#10787 = CARTESIAN_POINT('',(0.,-2.));
#10788 = VECTOR('',#10789,1.);
#10789 = DIRECTION('',(1.,0.));
#10790 = ( GEOMETRIC_REPRESENTATION_CONTEXT(2) 
PARAMETRIC_REPRESENTATION_CONTEXT() REPRESENTATION_CONTEXT('2D SPACE',''
  ) );
#10791 = ADVANCED_FACE('',(#10792),#4462,.F.);
#10792 = FACE_BOUND('',#10793,.F.);
#10793 = EDGE_LOOP('',(#10794,#10795,#10796,#10819));
#10794 = ORIENTED_EDGE('',*,*,#4448,.F.);
#10795 = ORIENTED_EDGE('',*,*,#10670,.T.);
#10796 = ORIENTED_EDGE('',*,*,#10797,.T.);
#10797 = EDGE_CURVE('',#10671,#10798,#10800,.T.);
#10798 = VERTEX_POINT('',#10799);
#10799 = CARTESIAN_POINT('',(6.,-37.4,9.2));
#10800 = SURFACE_CURVE('',#10801,(#10805,#10812),.PCURVE_S1.);
#10801 = LINE('',#10802,#10803);
#10802 = CARTESIAN_POINT('',(-6.,-37.4,9.2));
#10803 = VECTOR('',#10804,1.);
#10804 = DIRECTION('',(1.,0.,-0.));
#10805 = PCURVE('',#4462,#10806);
#10806 = DEFINITIONAL_REPRESENTATION('',(#10807),#10811);
#10807 = LINE('',#10808,#10809);
#10808 = CARTESIAN_POINT('',(6.8,0.));
#10809 = VECTOR('',#10810,1.);
#10810 = DIRECTION('',(0.,1.));
#10811 = ( GEOMETRIC_REPRESENTATION_CONTEXT(2) 
PARAMETRIC_REPRESENTATION_CONTEXT() REPRESENTATION_CONTEXT('2D SPACE',''
  ) );
#10812 = PCURVE('',#10731,#10813);
#10813 = DEFINITIONAL_REPRESENTATION('',(#10814),#10818);
#10814 = LINE('',#10815,#10816);
#10815 = CARTESIAN_POINT('',(0.,0.));
#10816 = VECTOR('',#10817,1.);
#10817 = DIRECTION('',(1.,0.));
#10818 = ( GEOMETRIC_REPRESENTATION_CONTEXT(2) 
PARAMETRIC_REPRESENTATION_CONTEXT() REPRESENTATION_CONTEXT('2D SPACE',''
  ) );
#10819 = ORIENTED_EDGE('',*,*,#10820,.F.);
#10820 = EDGE_CURVE('',#4421,#10798,#10821,.T.);
#10821 = SURFACE_CURVE('',#10822,(#10826,#10833),.PCURVE_S1.);
#10822 = LINE('',#10823,#10824);
#10823 = CARTESIAN_POINT('',(6.,-37.4,2.4));
#10824 = VECTOR('',#10825,1.);
#10825 = DIRECTION('',(0.,0.,1.));
#10826 = PCURVE('',#4462,#10827);
#10827 = DEFINITIONAL_REPRESENTATION('',(#10828),#10832);
#10828 = LINE('',#10829,#10830);
#10829 = CARTESIAN_POINT('',(0.,12.));
#10830 = VECTOR('',#10831,1.);
#10831 = DIRECTION('',(1.,0.));
#10832 = ( GEOMETRIC_REPRESENTATION_CONTEXT(2) 
PARAMETRIC_REPRESENTATION_CONTEXT() REPRESENTATION_CONTEXT('2D SPACE',''
  ) );
#10833 = PCURVE('',#4436,#10834);
#10834 = DEFINITIONAL_REPRESENTATION('',(#10835),#10839);
#10835 = LINE('',#10836,#10837);
#10836 = CARTESIAN_POINT('',(0.,0.));
#10837 = VECTOR('',#10838,1.);
#10838 = DIRECTION('',(1.,0.));
#10839 = ( GEOMETRIC_REPRESENTATION_CONTEXT(2) 
PARAMETRIC_REPRESENTATION_CONTEXT() REPRESENTATION_CONTEXT('2D SPACE',''
  ) );
#10840 = ADVANCED_FACE('',(#10841),#4436,.T.);
#10841 = FACE_BOUND('',#10842,.T.);
#10842 = EDGE_LOOP('',(#10843,#10844,#10845,#10846));
#10843 = ORIENTED_EDGE('',*,*,#10820,.F.);
#10844 = ORIENTED_EDGE('',*,*,#4420,.T.);
#10845 = ORIENTED_EDGE('',*,*,#10771,.T.);
#10846 = ORIENTED_EDGE('',*,*,#10847,.F.);
#10847 = EDGE_CURVE('',#10798,#10749,#10848,.T.);
#10848 = SURFACE_CURVE('',#10849,(#10853,#10860),.PCURVE_S1.);
#10849 = LINE('',#10850,#10851);
#10850 = CARTESIAN_POINT('',(6.,-37.4,9.2));
#10851 = VECTOR('',#10852,1.);
#10852 = DIRECTION('',(-0.,1.,0.));
#10853 = PCURVE('',#4436,#10854);
#10854 = DEFINITIONAL_REPRESENTATION('',(#10855),#10859);
#10855 = LINE('',#10856,#10857);
#10856 = CARTESIAN_POINT('',(6.8,0.));
#10857 = VECTOR('',#10858,1.);
#10858 = DIRECTION('',(0.,-1.));
#10859 = ( GEOMETRIC_REPRESENTATION_CONTEXT(2) 
PARAMETRIC_REPRESENTATION_CONTEXT() REPRESENTATION_CONTEXT('2D SPACE',''
  ) );
#10860 = PCURVE('',#10731,#10861);
#10861 = DEFINITIONAL_REPRESENTATION('',(#10862),#10866);
#10862 = LINE('',#10863,#10864);
#10863 = CARTESIAN_POINT('',(12.,0.));
#10864 = VECTOR('',#10865,1.);
#10865 = DIRECTION('',(0.,1.));
#10866 = ( GEOMETRIC_REPRESENTATION_CONTEXT(2) 
PARAMETRIC_REPRESENTATION_CONTEXT() REPRESENTATION_CONTEXT('2D SPACE',''
  ) );
#10867 = ADVANCED_FACE('',(#10868),#4506,.F.);
#10868 = FACE_BOUND('',#10869,.F.);
#10869 = EDGE_LOOP('',(#10870,#10893,#10894,#10917));
#10870 = ORIENTED_EDGE('',*,*,#10871,.F.);
#10871 = EDGE_CURVE('',#4489,#10872,#10874,.T.);
#10872 = VERTEX_POINT('',#10873);
#10873 = CARTESIAN_POINT('',(-6.,35.4,9.2));
#10874 = SURFACE_CURVE('',#10875,(#10879,#10886),.PCURVE_S1.);
#10875 = LINE('',#10876,#10877);
#10876 = CARTESIAN_POINT('',(-6.,35.4,2.4));
#10877 = VECTOR('',#10878,1.);
#10878 = DIRECTION('',(0.,0.,1.));
#10879 = PCURVE('',#4506,#10880);
#10880 = DEFINITIONAL_REPRESENTATION('',(#10881),#10885);
#10881 = LINE('',#10882,#10883);
#10882 = CARTESIAN_POINT('',(0.,0.));
#10883 = VECTOR('',#10884,1.);
#10884 = DIRECTION('',(1.,0.));
#10885 = ( GEOMETRIC_REPRESENTATION_CONTEXT(2) 
PARAMETRIC_REPRESENTATION_CONTEXT() REPRESENTATION_CONTEXT('2D SPACE',''
  ) );
#10886 = PCURVE('',#4588,#10887);
#10887 = DEFINITIONAL_REPRESENTATION('',(#10888),#10892);
#10888 = LINE('',#10889,#10890);
#10889 = CARTESIAN_POINT('',(0.,0.));
#10890 = VECTOR('',#10891,1.);
#10891 = DIRECTION('',(1.,0.));
#10892 = ( GEOMETRIC_REPRESENTATION_CONTEXT(2) 
PARAMETRIC_REPRESENTATION_CONTEXT() REPRESENTATION_CONTEXT('2D SPACE',''
  ) );
#10893 = ORIENTED_EDGE('',*,*,#4488,.T.);
#10894 = ORIENTED_EDGE('',*,*,#10895,.T.);
#10895 = EDGE_CURVE('',#4491,#10896,#10898,.T.);
#10896 = VERTEX_POINT('',#10897);
#10897 = CARTESIAN_POINT('',(-6.,37.4,9.2));
#10898 = SURFACE_CURVE('',#10899,(#10903,#10910),.PCURVE_S1.);
#10899 = LINE('',#10900,#10901);
#10900 = CARTESIAN_POINT('',(-6.,37.4,2.4));
#10901 = VECTOR('',#10902,1.);
#10902 = DIRECTION('',(0.,0.,1.));
#10903 = PCURVE('',#4506,#10904);
#10904 = DEFINITIONAL_REPRESENTATION('',(#10905),#10909);
#10905 = LINE('',#10906,#10907);
#10906 = CARTESIAN_POINT('',(0.,-2.));
#10907 = VECTOR('',#10908,1.);
#10908 = DIRECTION('',(1.,0.));
#10909 = ( GEOMETRIC_REPRESENTATION_CONTEXT(2) 
PARAMETRIC_REPRESENTATION_CONTEXT() REPRESENTATION_CONTEXT('2D SPACE',''
  ) );
#10910 = PCURVE('',#4534,#10911);
#10911 = DEFINITIONAL_REPRESENTATION('',(#10912),#10916);
#10912 = LINE('',#10913,#10914);
#10913 = CARTESIAN_POINT('',(0.,0.));
#10914 = VECTOR('',#10915,1.);
#10915 = DIRECTION('',(1.,0.));
#10916 = ( GEOMETRIC_REPRESENTATION_CONTEXT(2) 
PARAMETRIC_REPRESENTATION_CONTEXT() REPRESENTATION_CONTEXT('2D SPACE',''
  ) );
#10917 = ORIENTED_EDGE('',*,*,#10918,.F.);
#10918 = EDGE_CURVE('',#10872,#10896,#10919,.T.);
#10919 = SURFACE_CURVE('',#10920,(#10924,#10931),.PCURVE_S1.);
#10920 = LINE('',#10921,#10922);
#10921 = CARTESIAN_POINT('',(-6.,35.4,9.2));
#10922 = VECTOR('',#10923,1.);
#10923 = DIRECTION('',(-0.,1.,0.));
#10924 = PCURVE('',#4506,#10925);
#10925 = DEFINITIONAL_REPRESENTATION('',(#10926),#10930);
#10926 = LINE('',#10927,#10928);
#10927 = CARTESIAN_POINT('',(6.8,0.));
#10928 = VECTOR('',#10929,1.);
#10929 = DIRECTION('',(0.,-1.));
#10930 = ( GEOMETRIC_REPRESENTATION_CONTEXT(2) 
PARAMETRIC_REPRESENTATION_CONTEXT() REPRESENTATION_CONTEXT('2D SPACE',''
  ) );
#10931 = PCURVE('',#10932,#10937);
#10932 = PLANE('',#10933);
#10933 = AXIS2_PLACEMENT_3D('',#10934,#10935,#10936);
#10934 = CARTESIAN_POINT('',(-6.,35.4,9.2));
#10935 = DIRECTION('',(0.,0.,1.));
#10936 = DIRECTION('',(1.,0.,-0.));
#10937 = DEFINITIONAL_REPRESENTATION('',(#10938),#10942);
#10938 = LINE('',#10939,#10940);
#10939 = CARTESIAN_POINT('',(0.,0.));
#10940 = VECTOR('',#10941,1.);
#10941 = DIRECTION('',(0.,1.));
#10942 = ( GEOMETRIC_REPRESENTATION_CONTEXT(2) 
PARAMETRIC_REPRESENTATION_CONTEXT() REPRESENTATION_CONTEXT('2D SPACE',''
  ) );
#10943 = ADVANCED_FACE('',(#10944),#4534,.T.);
#10944 = FACE_BOUND('',#10945,.T.);
#10945 = EDGE_LOOP('',(#10946,#10947,#10948,#10971));
#10946 = ORIENTED_EDGE('',*,*,#4518,.F.);
#10947 = ORIENTED_EDGE('',*,*,#10895,.T.);
#10948 = ORIENTED_EDGE('',*,*,#10949,.T.);
#10949 = EDGE_CURVE('',#10896,#10950,#10952,.T.);
#10950 = VERTEX_POINT('',#10951);
#10951 = CARTESIAN_POINT('',(6.,37.4,9.2));
#10952 = SURFACE_CURVE('',#10953,(#10957,#10964),.PCURVE_S1.);
#10953 = LINE('',#10954,#10955);
#10954 = CARTESIAN_POINT('',(-6.,37.4,9.2));
#10955 = VECTOR('',#10956,1.);
#10956 = DIRECTION('',(1.,0.,-0.));
#10957 = PCURVE('',#4534,#10958);
#10958 = DEFINITIONAL_REPRESENTATION('',(#10959),#10963);
#10959 = LINE('',#10960,#10961);
#10960 = CARTESIAN_POINT('',(6.8,0.));
#10961 = VECTOR('',#10962,1.);
#10962 = DIRECTION('',(0.,1.));
#10963 = ( GEOMETRIC_REPRESENTATION_CONTEXT(2) 
PARAMETRIC_REPRESENTATION_CONTEXT() REPRESENTATION_CONTEXT('2D SPACE',''
  ) );
#10964 = PCURVE('',#10932,#10965);
#10965 = DEFINITIONAL_REPRESENTATION('',(#10966),#10970);
#10966 = LINE('',#10967,#10968);
#10967 = CARTESIAN_POINT('',(0.,2.));
#10968 = VECTOR('',#10969,1.);
#10969 = DIRECTION('',(1.,0.));
#10970 = ( GEOMETRIC_REPRESENTATION_CONTEXT(2) 
PARAMETRIC_REPRESENTATION_CONTEXT() REPRESENTATION_CONTEXT('2D SPACE',''
  ) );
#10971 = ORIENTED_EDGE('',*,*,#10972,.F.);
#10972 = EDGE_CURVE('',#4519,#10950,#10973,.T.);
#10973 = SURFACE_CURVE('',#10974,(#10978,#10985),.PCURVE_S1.);
#10974 = LINE('',#10975,#10976);
#10975 = CARTESIAN_POINT('',(6.,37.4,2.4));
#10976 = VECTOR('',#10977,1.);
#10977 = DIRECTION('',(0.,0.,1.));
#10978 = PCURVE('',#4534,#10979);
#10979 = DEFINITIONAL_REPRESENTATION('',(#10980),#10984);
#10980 = LINE('',#10981,#10982);
#10981 = CARTESIAN_POINT('',(0.,12.));
#10982 = VECTOR('',#10983,1.);
#10983 = DIRECTION('',(1.,0.));
#10984 = ( GEOMETRIC_REPRESENTATION_CONTEXT(2) 
PARAMETRIC_REPRESENTATION_CONTEXT() REPRESENTATION_CONTEXT('2D SPACE',''
  ) );
#10985 = PCURVE('',#4562,#10986);
#10986 = DEFINITIONAL_REPRESENTATION('',(#10987),#10991);
#10987 = LINE('',#10988,#10989);
#10988 = CARTESIAN_POINT('',(0.,-2.));
#10989 = VECTOR('',#10990,1.);
#10990 = DIRECTION('',(1.,0.));
#10991 = ( GEOMETRIC_REPRESENTATION_CONTEXT(2) 
PARAMETRIC_REPRESENTATION_CONTEXT() REPRESENTATION_CONTEXT('2D SPACE',''
  ) );
#10992 = ADVANCED_FACE('',(#10993),#4588,.F.);
#10993 = FACE_BOUND('',#10994,.F.);
#10994 = EDGE_LOOP('',(#10995,#10996,#10997,#11020));
#10995 = ORIENTED_EDGE('',*,*,#4574,.F.);
#10996 = ORIENTED_EDGE('',*,*,#10871,.T.);
#10997 = ORIENTED_EDGE('',*,*,#10998,.T.);
#10998 = EDGE_CURVE('',#10872,#10999,#11001,.T.);
#10999 = VERTEX_POINT('',#11000);
#11000 = CARTESIAN_POINT('',(6.,35.4,9.2));
#11001 = SURFACE_CURVE('',#11002,(#11006,#11013),.PCURVE_S1.);
#11002 = LINE('',#11003,#11004);
#11003 = CARTESIAN_POINT('',(-6.,35.4,9.2));
#11004 = VECTOR('',#11005,1.);
#11005 = DIRECTION('',(1.,0.,-0.));
#11006 = PCURVE('',#4588,#11007);
#11007 = DEFINITIONAL_REPRESENTATION('',(#11008),#11012);
#11008 = LINE('',#11009,#11010);
#11009 = CARTESIAN_POINT('',(6.8,0.));
#11010 = VECTOR('',#11011,1.);
#11011 = DIRECTION('',(0.,1.));
#11012 = ( GEOMETRIC_REPRESENTATION_CONTEXT(2) 
PARAMETRIC_REPRESENTATION_CONTEXT() REPRESENTATION_CONTEXT('2D SPACE',''
  ) );
#11013 = PCURVE('',#10932,#11014);
#11014 = DEFINITIONAL_REPRESENTATION('',(#11015),#11019);
#11015 = LINE('',#11016,#11017);
#11016 = CARTESIAN_POINT('',(0.,0.));
#11017 = VECTOR('',#11018,1.);
#11018 = DIRECTION('',(1.,0.));
#11019 = ( GEOMETRIC_REPRESENTATION_CONTEXT(2) 
PARAMETRIC_REPRESENTATION_CONTEXT() REPRESENTATION_CONTEXT('2D SPACE',''
  ) );
#11020 = ORIENTED_EDGE('',*,*,#11021,.F.);
#11021 = EDGE_CURVE('',#4547,#10999,#11022,.T.);
#11022 = SURFACE_CURVE('',#11023,(#11027,#11034),.PCURVE_S1.);
#11023 = LINE('',#11024,#11025);
#11024 = CARTESIAN_POINT('',(6.,35.4,2.4));
#11025 = VECTOR('',#11026,1.);
#11026 = DIRECTION('',(0.,0.,1.));
#11027 = PCURVE('',#4588,#11028);
#11028 = DEFINITIONAL_REPRESENTATION('',(#11029),#11033);
#11029 = LINE('',#11030,#11031);
#11030 = CARTESIAN_POINT('',(0.,12.));
#11031 = VECTOR('',#11032,1.);
#11032 = DIRECTION('',(1.,0.));
#11033 = ( GEOMETRIC_REPRESENTATION_CONTEXT(2) 
PARAMETRIC_REPRESENTATION_CONTEXT() REPRESENTATION_CONTEXT('2D SPACE',''
  ) );
#11034 = PCURVE('',#4562,#11035);
#11035 = DEFINITIONAL_REPRESENTATION('',(#11036),#11040);
#11036 = LINE('',#11037,#11038);
#11037 = CARTESIAN_POINT('',(0.,0.));
#11038 = VECTOR('',#11039,1.);
#11039 = DIRECTION('',(1.,0.));
#11040 = ( GEOMETRIC_REPRESENTATION_CONTEXT(2) 
PARAMETRIC_REPRESENTATION_CONTEXT() REPRESENTATION_CONTEXT('2D SPACE',''
  ) );
#11041 = ADVANCED_FACE('',(#11042),#4562,.T.);
#11042 = FACE_BOUND('',#11043,.T.);
#11043 = EDGE_LOOP('',(#11044,#11045,#11046,#11047));
#11044 = ORIENTED_EDGE('',*,*,#11021,.F.);
#11045 = ORIENTED_EDGE('',*,*,#4546,.T.);
#11046 = ORIENTED_EDGE('',*,*,#10972,.T.);
#11047 = ORIENTED_EDGE('',*,*,#11048,.F.);
#11048 = EDGE_CURVE('',#10999,#10950,#11049,.T.);
#11049 = SURFACE_CURVE('',#11050,(#11054,#11061),.PCURVE_S1.);
#11050 = LINE('',#11051,#11052);
#11051 = CARTESIAN_POINT('',(6.,35.4,9.2));
#11052 = VECTOR('',#11053,1.);
#11053 = DIRECTION('',(-0.,1.,0.));
#11054 = PCURVE('',#4562,#11055);
#11055 = DEFINITIONAL_REPRESENTATION('',(#11056),#11060);
#11056 = LINE('',#11057,#11058);
#11057 = CARTESIAN_POINT('',(6.8,0.));
#11058 = VECTOR('',#11059,1.);
#11059 = DIRECTION('',(0.,-1.));
#11060 = ( GEOMETRIC_REPRESENTATION_CONTEXT(2) 
PARAMETRIC_REPRESENTATION_CONTEXT() REPRESENTATION_CONTEXT('2D SPACE',''
  ) );
#11061 = PCURVE('',#10932,#11062);
#11062 = DEFINITIONAL_REPRESENTATION('',(#11063),#11067);
#11063 = LINE('',#11064,#11065);
#11064 = CARTESIAN_POINT('',(12.,0.));
#11065 = VECTOR('',#11066,1.);
#11066 = DIRECTION('',(0.,1.));
#11067 = ( GEOMETRIC_REPRESENTATION_CONTEXT(2) 
PARAMETRIC_REPRESENTATION_CONTEXT() REPRESENTATION_CONTEXT('2D SPACE',''
  ) );
#11068 = ADVANCED_FACE('',(#11069),#4630,.T.);
#11069 = FACE_BOUND('',#11070,.T.);
#11070 = EDGE_LOOP('',(#11071,#11072,#11073,#11074));
#11071 = ORIENTED_EDGE('',*,*,#4647,.F.);
#11072 = ORIENTED_EDGE('',*,*,#4616,.F.);
#11073 = ORIENTED_EDGE('',*,*,#7391,.T.);
#11074 = ORIENTED_EDGE('',*,*,#11075,.T.);
#11075 = EDGE_CURVE('',#7392,#4648,#11076,.T.);
#11076 = SURFACE_CURVE('',#11077,(#11081,#11088),.PCURVE_S1.);
#11077 = LINE('',#11078,#11079);
#11078 = CARTESIAN_POINT('',(37.6,43.4,7.2));
#11079 = VECTOR('',#11080,1.);
#11080 = DIRECTION('',(0.,-1.,-0.));
#11081 = PCURVE('',#4630,#11082);
#11082 = DEFINITIONAL_REPRESENTATION('',(#11083),#11087);
#11083 = LINE('',#11084,#11085);
#11084 = CARTESIAN_POINT('',(3.6,-91.));
#11085 = VECTOR('',#11086,1.);
#11086 = DIRECTION('',(0.,1.));
#11087 = ( GEOMETRIC_REPRESENTATION_CONTEXT(2) 
PARAMETRIC_REPRESENTATION_CONTEXT() REPRESENTATION_CONTEXT('2D SPACE',''
  ) );
#11088 = PCURVE('',#11089,#11094);
#11089 = PLANE('',#11090);
#11090 = AXIS2_PLACEMENT_3D('',#11091,#11092,#11093);
#11091 = CARTESIAN_POINT('',(37.,43.4,7.8));
#11092 = DIRECTION('',(0.707106781187,0.,0.707106781187));
#11093 = DIRECTION('',(-0.,1.,-0.));
#11094 = DEFINITIONAL_REPRESENTATION('',(#11095),#11099);
#11095 = LINE('',#11096,#11097);
#11096 = CARTESIAN_POINT('',(-0.,-0.848528137424));
#11097 = VECTOR('',#11098,1.);
#11098 = DIRECTION('',(-1.,0.));
#11099 = ( GEOMETRIC_REPRESENTATION_CONTEXT(2) 
PARAMETRIC_REPRESENTATION_CONTEXT() REPRESENTATION_CONTEXT('2D SPACE',''
  ) );
#11100 = ADVANCED_FACE('',(#11101),#4687,.T.);
#11101 = FACE_BOUND('',#11102,.F.);
#11102 = EDGE_LOOP('',(#11103,#11124,#11125,#11126));
#11103 = ORIENTED_EDGE('',*,*,#11104,.F.);
#11104 = EDGE_CURVE('',#4648,#11105,#11107,.T.);
#11105 = VERTEX_POINT('',#11106);
#11106 = CARTESIAN_POINT('',(36.4,-43.4,8.4));
#11107 = SURFACE_CURVE('',#11108,(#11112,#11118),.PCURVE_S1.);
#11108 = LINE('',#11109,#11110);
#11109 = CARTESIAN_POINT('',(37.,-43.4,7.8));
#11110 = VECTOR('',#11111,1.);
#11111 = DIRECTION('',(-0.707106781187,-0.,0.707106781187));
#11112 = PCURVE('',#4687,#11113);
#11113 = DEFINITIONAL_REPRESENTATION('',(#11114),#11117);
#11114 = B_SPLINE_CURVE_WITH_KNOTS('',1,(#11115,#11116),.UNSPECIFIED.,
  .F.,.F.,(2,2),(-0.848528137424,0.848528137424),
  .PIECEWISE_BEZIER_KNOTS.);
#11115 = CARTESIAN_POINT('',(0.,0.));
#11116 = CARTESIAN_POINT('',(0.,-1.2));
#11117 = ( GEOMETRIC_REPRESENTATION_CONTEXT(2) 
PARAMETRIC_REPRESENTATION_CONTEXT() REPRESENTATION_CONTEXT('2D SPACE',''
  ) );
#11118 = PCURVE('',#11089,#11119);
#11119 = DEFINITIONAL_REPRESENTATION('',(#11120),#11123);
#11120 = B_SPLINE_CURVE_WITH_KNOTS('',1,(#11121,#11122),.UNSPECIFIED.,
  .F.,.F.,(2,2),(-0.848528137424,0.848528137424),
  .PIECEWISE_BEZIER_KNOTS.);
#11121 = CARTESIAN_POINT('',(-86.8,-0.848528137424));
#11122 = CARTESIAN_POINT('',(-86.8,0.848528137424));
#11123 = ( GEOMETRIC_REPRESENTATION_CONTEXT(2) 
PARAMETRIC_REPRESENTATION_CONTEXT() REPRESENTATION_CONTEXT('2D SPACE',''
  ) );
#11124 = ORIENTED_EDGE('',*,*,#4672,.T.);
#11125 = ORIENTED_EDGE('',*,*,#4702,.T.);
#11126 = ORIENTED_EDGE('',*,*,#11127,.F.);
#11127 = EDGE_CURVE('',#11105,#4703,#11128,.T.);
#11128 = SURFACE_CURVE('',#11129,(#11134,#11141),.PCURVE_S1.);
#11129 = CIRCLE('',#11130,3.);
#11130 = AXIS2_PLACEMENT_3D('',#11131,#11132,#11133);
#11131 = CARTESIAN_POINT('',(33.4,-43.4,8.4));
#11132 = DIRECTION('',(0.,0.,-1.));
#11133 = DIRECTION('',(1.,0.,0.));
#11134 = PCURVE('',#4687,#11135);
#11135 = DEFINITIONAL_REPRESENTATION('',(#11136),#11140);
#11136 = LINE('',#11137,#11138);
#11137 = CARTESIAN_POINT('',(0.,-1.2));
#11138 = VECTOR('',#11139,1.);
#11139 = DIRECTION('',(1.,-0.));
#11140 = ( GEOMETRIC_REPRESENTATION_CONTEXT(2) 
PARAMETRIC_REPRESENTATION_CONTEXT() REPRESENTATION_CONTEXT('2D SPACE',''
  ) );
#11141 = PCURVE('',#4850,#11142);
#11142 = DEFINITIONAL_REPRESENTATION('',(#11143),#11147);
#11143 = LINE('',#11144,#11145);
#11144 = CARTESIAN_POINT('',(-0.,8.4));
#11145 = VECTOR('',#11146,1.);
#11146 = DIRECTION('',(-1.,0.));
#11147 = ( GEOMETRIC_REPRESENTATION_CONTEXT(2) 
PARAMETRIC_REPRESENTATION_CONTEXT() REPRESENTATION_CONTEXT('2D SPACE',''
  ) );
#11148 = ADVANCED_FACE('',(#11149),#4739,.F.);
#11149 = FACE_BOUND('',#11150,.F.);
#11150 = EDGE_LOOP('',(#11151,#11152,#11153,#11154));
#11151 = ORIENTED_EDGE('',*,*,#4725,.T.);
#11152 = ORIENTED_EDGE('',*,*,#4756,.T.);
#11153 = ORIENTED_EDGE('',*,*,#4806,.T.);
#11154 = ORIENTED_EDGE('',*,*,#11155,.F.);
#11155 = EDGE_CURVE('',#4703,#4807,#11156,.T.);
#11156 = SURFACE_CURVE('',#11157,(#11161,#11168),.PCURVE_S1.);
#11157 = LINE('',#11158,#11159);
#11158 = CARTESIAN_POINT('',(33.4,-46.4,0.));
#11159 = VECTOR('',#11160,1.);
#11160 = DIRECTION('',(0.,0.,1.));
#11161 = PCURVE('',#4739,#11162);
#11162 = DEFINITIONAL_REPRESENTATION('',(#11163),#11167);
#11163 = LINE('',#11164,#11165);
#11164 = CARTESIAN_POINT('',(0.,69.8));
#11165 = VECTOR('',#11166,1.);
#11166 = DIRECTION('',(1.,0.));
#11167 = ( GEOMETRIC_REPRESENTATION_CONTEXT(2) 
PARAMETRIC_REPRESENTATION_CONTEXT() REPRESENTATION_CONTEXT('2D SPACE',''
  ) );
#11168 = PCURVE('',#4850,#11169);
#11169 = DEFINITIONAL_REPRESENTATION('',(#11170),#11174);
#11170 = LINE('',#11171,#11172);
#11171 = CARTESIAN_POINT('',(-1.570796326795,0.));
#11172 = VECTOR('',#11173,1.);
#11173 = DIRECTION('',(-0.,1.));
#11174 = ( GEOMETRIC_REPRESENTATION_CONTEXT(2) 
PARAMETRIC_REPRESENTATION_CONTEXT() REPRESENTATION_CONTEXT('2D SPACE',''
  ) );
#11175 = ADVANCED_FACE('',(#11176),#5438,.F.);
#11176 = FACE_BOUND('',#11177,.F.);
#11177 = EDGE_LOOP('',(#11178,#11179,#11180,#11181,#11182,#11203));
#11178 = ORIENTED_EDGE('',*,*,#5939,.F.);
#11179 = ORIENTED_EDGE('',*,*,#5966,.T.);
#11180 = ORIENTED_EDGE('',*,*,#6062,.T.);
#11181 = ORIENTED_EDGE('',*,*,#6142,.T.);
#11182 = ORIENTED_EDGE('',*,*,#11183,.T.);
#11183 = EDGE_CURVE('',#6143,#5395,#11184,.T.);
#11184 = SURFACE_CURVE('',#11185,(#11189,#11196),.PCURVE_S1.);
#11185 = LINE('',#11186,#11187);
#11186 = CARTESIAN_POINT('',(-48.4,-28.4,27.));
#11187 = VECTOR('',#11188,1.);
#11188 = DIRECTION('',(0.,0.,1.));
#11189 = PCURVE('',#5438,#11190);
#11190 = DEFINITIONAL_REPRESENTATION('',(#11191),#11195);
#11191 = LINE('',#11192,#11193);
#11192 = CARTESIAN_POINT('',(0.,-14.));
#11193 = VECTOR('',#11194,1.);
#11194 = DIRECTION('',(1.,0.));
#11195 = ( GEOMETRIC_REPRESENTATION_CONTEXT(2) 
PARAMETRIC_REPRESENTATION_CONTEXT() REPRESENTATION_CONTEXT('2D SPACE',''
  ) );
#11196 = PCURVE('',#5410,#11197);
#11197 = DEFINITIONAL_REPRESENTATION('',(#11198),#11202);
#11198 = LINE('',#11199,#11200);
#11199 = CARTESIAN_POINT('',(7.951293295703,4.348706704297));
#11200 = VECTOR('',#11201,1.);
#11201 = DIRECTION('',(0.,1.));
#11202 = ( GEOMETRIC_REPRESENTATION_CONTEXT(2) 
PARAMETRIC_REPRESENTATION_CONTEXT() REPRESENTATION_CONTEXT('2D SPACE',''
  ) );
#11203 = ORIENTED_EDGE('',*,*,#5422,.F.);
#11204 = ADVANCED_FACE('',(#11205),#5410,.T.);
#11205 = FACE_BOUND('',#11206,.T.);
#11206 = EDGE_LOOP('',(#11207,#11226,#11227,#11228));
#11207 = ORIENTED_EDGE('',*,*,#11208,.T.);
#11208 = EDGE_CURVE('',#5369,#6166,#11209,.T.);
#11209 = SURFACE_CURVE('',#11210,(#11214,#11220),.PCURVE_S1.);
#11210 = LINE('',#11211,#11212);
#11211 = CARTESIAN_POINT('',(-36.9,-28.4,15.825646647851));
#11212 = VECTOR('',#11213,1.);
#11213 = DIRECTION('',(0.,0.,-1.));
#11214 = PCURVE('',#5410,#11215);
#11215 = DEFINITIONAL_REPRESENTATION('',(#11216),#11219);
#11216 = B_SPLINE_CURVE_WITH_KNOTS('',1,(#11217,#11218),.UNSPECIFIED.,
  .F.,.F.,(2,2),(-16.17435335214,0.825646647851),
  .PIECEWISE_BEZIER_KNOTS.);
#11217 = CARTESIAN_POINT('',(-3.548706704297,9.348706704297));
#11218 = CARTESIAN_POINT('',(-3.548706704297,-7.651293295703));
#11219 = ( GEOMETRIC_REPRESENTATION_CONTEXT(2) 
PARAMETRIC_REPRESENTATION_CONTEXT() REPRESENTATION_CONTEXT('2D SPACE',''
  ) );
#11220 = PCURVE('',#5383,#11221);
#11221 = DEFINITIONAL_REPRESENTATION('',(#11222),#11225);
#11222 = B_SPLINE_CURVE_WITH_KNOTS('',1,(#11223,#11224),.UNSPECIFIED.,
  .F.,.F.,(2,2),(-16.17435335214,0.825646647851),
  .PIECEWISE_BEZIER_KNOTS.);
#11223 = CARTESIAN_POINT('',(23.,-1.6));
#11224 = CARTESIAN_POINT('',(6.,-1.6));
#11225 = ( GEOMETRIC_REPRESENTATION_CONTEXT(2) 
PARAMETRIC_REPRESENTATION_CONTEXT() REPRESENTATION_CONTEXT('2D SPACE',''
  ) );
#11226 = ORIENTED_EDGE('',*,*,#6165,.T.);
#11227 = ORIENTED_EDGE('',*,*,#11183,.T.);
#11228 = ORIENTED_EDGE('',*,*,#5394,.T.);
#11229 = ADVANCED_FACE('',(#11230),#5383,.T.);
#11230 = FACE_BOUND('',#11231,.T.);
#11231 = EDGE_LOOP('',(#11232,#11233,#11234,#11235));
#11232 = ORIENTED_EDGE('',*,*,#6256,.F.);
#11233 = ORIENTED_EDGE('',*,*,#6188,.F.);
#11234 = ORIENTED_EDGE('',*,*,#11208,.F.);
#11235 = ORIENTED_EDGE('',*,*,#5368,.F.);
#11236 = ADVANCED_FACE('',(#11237),#5176,.F.);
#11237 = FACE_BOUND('',#11238,.F.);
#11238 = EDGE_LOOP('',(#11239,#11240,#11263,#11282));
#11239 = ORIENTED_EDGE('',*,*,#10455,.T.);
#11240 = ORIENTED_EDGE('',*,*,#11241,.T.);
#11241 = EDGE_CURVE('',#10430,#11242,#11244,.T.);
#11242 = VERTEX_POINT('',#11243);
#11243 = CARTESIAN_POINT('',(12.,46.4,16.));
#11244 = SURFACE_CURVE('',#11245,(#11249,#11256),.PCURVE_S1.);
#11245 = LINE('',#11246,#11247);
#11246 = CARTESIAN_POINT('',(12.,43.5,16.));
#11247 = VECTOR('',#11248,1.);
#11248 = DIRECTION('',(-0.,1.,0.));
#11249 = PCURVE('',#5176,#11250);
#11250 = DEFINITIONAL_REPRESENTATION('',(#11251),#11255);
#11251 = LINE('',#11252,#11253);
#11252 = CARTESIAN_POINT('',(0.,0.));
#11253 = VECTOR('',#11254,1.);
#11254 = DIRECTION('',(0.,-1.));
#11255 = ( GEOMETRIC_REPRESENTATION_CONTEXT(2) 
PARAMETRIC_REPRESENTATION_CONTEXT() REPRESENTATION_CONTEXT('2D SPACE',''
  ) );
#11256 = PCURVE('',#10444,#11257);
#11257 = DEFINITIONAL_REPRESENTATION('',(#11258),#11262);
#11258 = LINE('',#11259,#11260);
#11259 = CARTESIAN_POINT('',(24.,0.));
#11260 = VECTOR('',#11261,1.);
#11261 = DIRECTION('',(0.,1.));
#11262 = ( GEOMETRIC_REPRESENTATION_CONTEXT(2) 
PARAMETRIC_REPRESENTATION_CONTEXT() REPRESENTATION_CONTEXT('2D SPACE',''
  ) );
#11263 = ORIENTED_EDGE('',*,*,#11264,.F.);
#11264 = EDGE_CURVE('',#5134,#11242,#11265,.T.);
#11265 = SURFACE_CURVE('',#11266,(#11270,#11276),.PCURVE_S1.);
#11266 = LINE('',#11267,#11268);
#11267 = CARTESIAN_POINT('',(12.,46.4,8.));
#11268 = VECTOR('',#11269,1.);
#11269 = DIRECTION('',(-0.,0.,-1.));
#11270 = PCURVE('',#5176,#11271);
#11271 = DEFINITIONAL_REPRESENTATION('',(#11272),#11275);
#11272 = B_SPLINE_CURVE_WITH_KNOTS('',1,(#11273,#11274),.UNSPECIFIED.,
  .F.,.F.,(2,2),(-24.,-8.),.PIECEWISE_BEZIER_KNOTS.);
#11273 = CARTESIAN_POINT('',(16.,-2.9));
#11274 = CARTESIAN_POINT('',(0.,-2.9));
#11275 = ( GEOMETRIC_REPRESENTATION_CONTEXT(2) 
PARAMETRIC_REPRESENTATION_CONTEXT() REPRESENTATION_CONTEXT('2D SPACE',''
  ) );
#11276 = PCURVE('',#5149,#11277);
#11277 = DEFINITIONAL_REPRESENTATION('',(#11278),#11281);
#11278 = B_SPLINE_CURVE_WITH_KNOTS('',1,(#11279,#11280),.UNSPECIFIED.,
  .F.,.F.,(2,2),(-24.,-8.),.PIECEWISE_BEZIER_KNOTS.);
#11279 = CARTESIAN_POINT('',(32.,48.4));
#11280 = CARTESIAN_POINT('',(16.,48.4));
#11281 = ( GEOMETRIC_REPRESENTATION_CONTEXT(2) 
PARAMETRIC_REPRESENTATION_CONTEXT() REPRESENTATION_CONTEXT('2D SPACE',''
  ) );
#11282 = ORIENTED_EDGE('',*,*,#5161,.F.);
#11283 = ADVANCED_FACE('',(#11284),#5149,.T.);
#11284 = FACE_BOUND('',#11285,.T.);
#11285 = EDGE_LOOP('',(#11286,#11287,#11288,#11289,#11310,#11329,#11330,
    #11331));
#11286 = ORIENTED_EDGE('',*,*,#7367,.F.);
#11287 = ORIENTED_EDGE('',*,*,#7314,.T.);
#11288 = ORIENTED_EDGE('',*,*,#7006,.T.);
#11289 = ORIENTED_EDGE('',*,*,#11290,.T.);
#11290 = EDGE_CURVE('',#6981,#11291,#11293,.T.);
#11291 = VERTEX_POINT('',#11292);
#11292 = CARTESIAN_POINT('',(-12.,46.4,16.));
#11293 = SURFACE_CURVE('',#11294,(#11298,#11304),.PCURVE_S1.);
#11294 = LINE('',#11295,#11296);
#11295 = CARTESIAN_POINT('',(-12.,46.4,8.));
#11296 = VECTOR('',#11297,1.);
#11297 = DIRECTION('',(-0.,0.,-1.));
#11298 = PCURVE('',#5149,#11299);
#11299 = DEFINITIONAL_REPRESENTATION('',(#11300),#11303);
#11300 = B_SPLINE_CURVE_WITH_KNOTS('',1,(#11301,#11302),.UNSPECIFIED.,
  .F.,.F.,(2,2),(-24.,-8.),.PIECEWISE_BEZIER_KNOTS.);
#11301 = CARTESIAN_POINT('',(32.,24.4));
#11302 = CARTESIAN_POINT('',(16.,24.4));
#11303 = ( GEOMETRIC_REPRESENTATION_CONTEXT(2) 
PARAMETRIC_REPRESENTATION_CONTEXT() REPRESENTATION_CONTEXT('2D SPACE',''
  ) );
#11304 = PCURVE('',#6995,#11305);
#11305 = DEFINITIONAL_REPRESENTATION('',(#11306),#11309);
#11306 = B_SPLINE_CURVE_WITH_KNOTS('',1,(#11307,#11308),.UNSPECIFIED.,
  .F.,.F.,(2,2),(-24.,-8.),.PIECEWISE_BEZIER_KNOTS.);
#11307 = CARTESIAN_POINT('',(16.,-2.9));
#11308 = CARTESIAN_POINT('',(0.,-2.9));
#11309 = ( GEOMETRIC_REPRESENTATION_CONTEXT(2) 
PARAMETRIC_REPRESENTATION_CONTEXT() REPRESENTATION_CONTEXT('2D SPACE',''
  ) );
#11310 = ORIENTED_EDGE('',*,*,#11311,.T.);
#11311 = EDGE_CURVE('',#11291,#11242,#11312,.T.);
#11312 = SURFACE_CURVE('',#11313,(#11317,#11323),.PCURVE_S1.);
#11313 = LINE('',#11314,#11315);
#11314 = CARTESIAN_POINT('',(-24.2,46.4,16.));
#11315 = VECTOR('',#11316,1.);
#11316 = DIRECTION('',(1.,0.,-0.));
#11317 = PCURVE('',#5149,#11318);
#11318 = DEFINITIONAL_REPRESENTATION('',(#11319),#11322);
#11319 = B_SPLINE_CURVE_WITH_KNOTS('',1,(#11320,#11321),.UNSPECIFIED.,
  .F.,.F.,(2,2),(12.2,36.2),.PIECEWISE_BEZIER_KNOTS.);
#11320 = CARTESIAN_POINT('',(16.,24.4));
#11321 = CARTESIAN_POINT('',(16.,48.4));
#11322 = ( GEOMETRIC_REPRESENTATION_CONTEXT(2) 
PARAMETRIC_REPRESENTATION_CONTEXT() REPRESENTATION_CONTEXT('2D SPACE',''
  ) );
#11323 = PCURVE('',#10444,#11324);
#11324 = DEFINITIONAL_REPRESENTATION('',(#11325),#11328);
#11325 = B_SPLINE_CURVE_WITH_KNOTS('',1,(#11326,#11327),.UNSPECIFIED.,
  .F.,.F.,(2,2),(12.2,36.2),.PIECEWISE_BEZIER_KNOTS.);
#11326 = CARTESIAN_POINT('',(0.,2.9));
#11327 = CARTESIAN_POINT('',(24.,2.9));
#11328 = ( GEOMETRIC_REPRESENTATION_CONTEXT(2) 
PARAMETRIC_REPRESENTATION_CONTEXT() REPRESENTATION_CONTEXT('2D SPACE',''
  ) );
#11329 = ORIENTED_EDGE('',*,*,#11264,.F.);
#11330 = ORIENTED_EDGE('',*,*,#5133,.T.);
#11331 = ORIENTED_EDGE('',*,*,#11332,.F.);
#11332 = EDGE_CURVE('',#7342,#5105,#11333,.T.);
#11333 = SURFACE_CURVE('',#11334,(#11338,#11345),.PCURVE_S1.);
#11334 = LINE('',#11335,#11336);
#11335 = CARTESIAN_POINT('',(33.4,46.4,0.));
#11336 = VECTOR('',#11337,1.);
#11337 = DIRECTION('',(0.,0.,1.));
#11338 = PCURVE('',#5149,#11339);
#11339 = DEFINITIONAL_REPRESENTATION('',(#11340),#11344);
#11340 = LINE('',#11341,#11342);
#11341 = CARTESIAN_POINT('',(0.,69.8));
#11342 = VECTOR('',#11343,1.);
#11343 = DIRECTION('',(1.,0.));
#11344 = ( GEOMETRIC_REPRESENTATION_CONTEXT(2) 
PARAMETRIC_REPRESENTATION_CONTEXT() REPRESENTATION_CONTEXT('2D SPACE',''
  ) );
#11345 = PCURVE('',#5121,#11346);
#11346 = DEFINITIONAL_REPRESENTATION('',(#11347),#11351);
#11347 = LINE('',#11348,#11349);
#11348 = CARTESIAN_POINT('',(1.570796326795,0.));
#11349 = VECTOR('',#11350,1.);
#11350 = DIRECTION('',(0.,1.));
#11351 = ( GEOMETRIC_REPRESENTATION_CONTEXT(2) 
PARAMETRIC_REPRESENTATION_CONTEXT() REPRESENTATION_CONTEXT('2D SPACE',''
  ) );
#11352 = ADVANCED_FACE('',(#11353),#5121,.T.);
#11353 = FACE_BOUND('',#11354,.T.);
#11354 = EDGE_LOOP('',(#11355,#11378,#11400,#11401));
#11355 = ORIENTED_EDGE('',*,*,#11356,.F.);
#11356 = EDGE_CURVE('',#11357,#5082,#11359,.T.);
#11357 = VERTEX_POINT('',#11358);
#11358 = CARTESIAN_POINT('',(36.4,43.4,8.4));
#11359 = SURFACE_CURVE('',#11360,(#11364,#11371),.PCURVE_S1.);
#11360 = LINE('',#11361,#11362);
#11361 = CARTESIAN_POINT('',(36.4,43.4,0.));
#11362 = VECTOR('',#11363,1.);
#11363 = DIRECTION('',(0.,0.,1.));
#11364 = PCURVE('',#5121,#11365);
#11365 = DEFINITIONAL_REPRESENTATION('',(#11366),#11370);
#11366 = LINE('',#11367,#11368);
#11367 = CARTESIAN_POINT('',(0.,0.));
#11368 = VECTOR('',#11369,1.);
#11369 = DIRECTION('',(0.,1.));
#11370 = ( GEOMETRIC_REPRESENTATION_CONTEXT(2) 
PARAMETRIC_REPRESENTATION_CONTEXT() REPRESENTATION_CONTEXT('2D SPACE',''
  ) );
#11371 = PCURVE('',#4878,#11372);
#11372 = DEFINITIONAL_REPRESENTATION('',(#11373),#11377);
#11373 = LINE('',#11374,#11375);
#11374 = CARTESIAN_POINT('',(0.,-89.8));
#11375 = VECTOR('',#11376,1.);
#11376 = DIRECTION('',(1.,0.));
#11377 = ( GEOMETRIC_REPRESENTATION_CONTEXT(2) 
PARAMETRIC_REPRESENTATION_CONTEXT() REPRESENTATION_CONTEXT('2D SPACE',''
  ) );
#11378 = ORIENTED_EDGE('',*,*,#11379,.F.);
#11379 = EDGE_CURVE('',#7342,#11357,#11380,.T.);
#11380 = SURFACE_CURVE('',#11381,(#11386,#11393),.PCURVE_S1.);
#11381 = CIRCLE('',#11382,3.);
#11382 = AXIS2_PLACEMENT_3D('',#11383,#11384,#11385);
#11383 = CARTESIAN_POINT('',(33.4,43.4,8.4));
#11384 = DIRECTION('',(0.,-0.,-1.));
#11385 = DIRECTION('',(1.691768418476E-15,1.,-0.));
#11386 = PCURVE('',#5121,#11387);
#11387 = DEFINITIONAL_REPRESENTATION('',(#11388),#11392);
#11388 = LINE('',#11389,#11390);
#11389 = CARTESIAN_POINT('',(1.570796326795,8.4));
#11390 = VECTOR('',#11391,1.);
#11391 = DIRECTION('',(-1.,0.));
#11392 = ( GEOMETRIC_REPRESENTATION_CONTEXT(2) 
PARAMETRIC_REPRESENTATION_CONTEXT() REPRESENTATION_CONTEXT('2D SPACE',''
  ) );
#11393 = PCURVE('',#7356,#11394);
#11394 = DEFINITIONAL_REPRESENTATION('',(#11395),#11399);
#11395 = LINE('',#11396,#11397);
#11396 = CARTESIAN_POINT('',(0.,-1.2));
#11397 = VECTOR('',#11398,1.);
#11398 = DIRECTION('',(1.,-0.));
#11399 = ( GEOMETRIC_REPRESENTATION_CONTEXT(2) 
PARAMETRIC_REPRESENTATION_CONTEXT() REPRESENTATION_CONTEXT('2D SPACE',''
  ) );
#11400 = ORIENTED_EDGE('',*,*,#11332,.T.);
#11401 = ORIENTED_EDGE('',*,*,#5104,.F.);
#11402 = ADVANCED_FACE('',(#11403,#11799,#11899,#11999,#12099,#12199,
    #12299,#12399),#4878,.T.);
#11403 = FACE_BOUND('',#11404,.T.);
#11404 = EDGE_LOOP('',(#11405,#11426,#11447,#11448,#11449,#11472,#11498,
    #11524,#11550,#11576,#11602,#11623,#11624,#11647,#11673,#11699,
    #11725,#11751,#11777,#11798));
#11405 = ORIENTED_EDGE('',*,*,#11406,.F.);
#11406 = EDGE_CURVE('',#11105,#4830,#11407,.T.);
#11407 = SURFACE_CURVE('',#11408,(#11412,#11419),.PCURVE_S1.);
#11408 = LINE('',#11409,#11410);
#11409 = CARTESIAN_POINT('',(36.4,-43.4,0.));
#11410 = VECTOR('',#11411,1.);
#11411 = DIRECTION('',(0.,0.,1.));
#11412 = PCURVE('',#4878,#11413);
#11413 = DEFINITIONAL_REPRESENTATION('',(#11414),#11418);
#11414 = LINE('',#11415,#11416);
#11415 = CARTESIAN_POINT('',(0.,-3.));
#11416 = VECTOR('',#11417,1.);
#11417 = DIRECTION('',(1.,0.));
#11418 = ( GEOMETRIC_REPRESENTATION_CONTEXT(2) 
PARAMETRIC_REPRESENTATION_CONTEXT() REPRESENTATION_CONTEXT('2D SPACE',''
  ) );
#11419 = PCURVE('',#4850,#11420);
#11420 = DEFINITIONAL_REPRESENTATION('',(#11421),#11425);
#11421 = LINE('',#11422,#11423);
#11422 = CARTESIAN_POINT('',(-0.,0.));
#11423 = VECTOR('',#11424,1.);
#11424 = DIRECTION('',(-0.,1.));
#11425 = ( GEOMETRIC_REPRESENTATION_CONTEXT(2) 
PARAMETRIC_REPRESENTATION_CONTEXT() REPRESENTATION_CONTEXT('2D SPACE',''
  ) );
#11426 = ORIENTED_EDGE('',*,*,#11427,.F.);
#11427 = EDGE_CURVE('',#11357,#11105,#11428,.T.);
#11428 = SURFACE_CURVE('',#11429,(#11433,#11440),.PCURVE_S1.);
#11429 = LINE('',#11430,#11431);
#11430 = CARTESIAN_POINT('',(36.4,43.4,8.4));
#11431 = VECTOR('',#11432,1.);
#11432 = DIRECTION('',(0.,-1.,-0.));
#11433 = PCURVE('',#4878,#11434);
#11434 = DEFINITIONAL_REPRESENTATION('',(#11435),#11439);
#11435 = LINE('',#11436,#11437);
#11436 = CARTESIAN_POINT('',(8.4,-89.8));
#11437 = VECTOR('',#11438,1.);
#11438 = DIRECTION('',(0.,1.));
#11439 = ( GEOMETRIC_REPRESENTATION_CONTEXT(2) 
PARAMETRIC_REPRESENTATION_CONTEXT() REPRESENTATION_CONTEXT('2D SPACE',''
  ) );
#11440 = PCURVE('',#11089,#11441);
#11441 = DEFINITIONAL_REPRESENTATION('',(#11442),#11446);
#11442 = LINE('',#11443,#11444);
#11443 = CARTESIAN_POINT('',(-0.,0.848528137424));
#11444 = VECTOR('',#11445,1.);
#11445 = DIRECTION('',(-1.,0.));
#11446 = ( GEOMETRIC_REPRESENTATION_CONTEXT(2) 
PARAMETRIC_REPRESENTATION_CONTEXT() REPRESENTATION_CONTEXT('2D SPACE',''
  ) );
#11447 = ORIENTED_EDGE('',*,*,#11356,.T.);
#11448 = ORIENTED_EDGE('',*,*,#5081,.F.);
#11449 = ORIENTED_EDGE('',*,*,#11450,.T.);
#11450 = EDGE_CURVE('',#5054,#11451,#11453,.T.);
#11451 = VERTEX_POINT('',#11452);
#11452 = CARTESIAN_POINT('',(36.4,42.4,15.));
#11453 = SURFACE_CURVE('',#11454,(#11458,#11465),.PCURVE_S1.);
#11454 = LINE('',#11455,#11456);
#11455 = CARTESIAN_POINT('',(36.4,42.4,32.));
#11456 = VECTOR('',#11457,1.);
#11457 = DIRECTION('',(0.,0.,-1.));
#11458 = PCURVE('',#4878,#11459);
#11459 = DEFINITIONAL_REPRESENTATION('',(#11460),#11464);
#11460 = LINE('',#11461,#11462);
#11461 = CARTESIAN_POINT('',(32.,-88.8));
#11462 = VECTOR('',#11463,1.);
#11463 = DIRECTION('',(-1.,0.));
#11464 = ( GEOMETRIC_REPRESENTATION_CONTEXT(2) 
PARAMETRIC_REPRESENTATION_CONTEXT() REPRESENTATION_CONTEXT('2D SPACE',''
  ) );
#11465 = PCURVE('',#5069,#11466);
#11466 = DEFINITIONAL_REPRESENTATION('',(#11467),#11471);
#11467 = LINE('',#11468,#11469);
#11468 = CARTESIAN_POINT('',(5.,0.3));
#11469 = VECTOR('',#11470,1.);
#11470 = DIRECTION('',(-1.,0.));
#11471 = ( GEOMETRIC_REPRESENTATION_CONTEXT(2) 
PARAMETRIC_REPRESENTATION_CONTEXT() REPRESENTATION_CONTEXT('2D SPACE',''
  ) );
#11472 = ORIENTED_EDGE('',*,*,#11473,.F.);
#11473 = EDGE_CURVE('',#11474,#11451,#11476,.T.);
#11474 = VERTEX_POINT('',#11475);
#11475 = CARTESIAN_POINT('',(36.4,40.,15.));
#11476 = SURFACE_CURVE('',#11477,(#11481,#11487),.PCURVE_S1.);
#11477 = LINE('',#11478,#11479);
#11478 = CARTESIAN_POINT('',(36.4,-2.6,15.));
#11479 = VECTOR('',#11480,1.);
#11480 = DIRECTION('',(0.,1.,0.));
#11481 = PCURVE('',#4878,#11482);
#11482 = DEFINITIONAL_REPRESENTATION('',(#11483),#11486);
#11483 = B_SPLINE_CURVE_WITH_KNOTS('',1,(#11484,#11485),.UNSPECIFIED.,
  .F.,.F.,(2,2),(42.6,45.),.PIECEWISE_BEZIER_KNOTS.);
#11484 = CARTESIAN_POINT('',(15.,-86.4));
#11485 = CARTESIAN_POINT('',(15.,-88.8));
#11486 = ( GEOMETRIC_REPRESENTATION_CONTEXT(2) 
PARAMETRIC_REPRESENTATION_CONTEXT() REPRESENTATION_CONTEXT('2D SPACE',''
  ) );
#11487 = PCURVE('',#11488,#11493);
#11488 = PLANE('',#11489);
#11489 = AXIS2_PLACEMENT_3D('',#11490,#11491,#11492);
#11490 = CARTESIAN_POINT('',(36.1,41.2,14.7));
#11491 = DIRECTION('',(0.707106781187,0.,-0.707106781187));
#11492 = DIRECTION('',(0.707106781187,0.,0.707106781187));
#11493 = DEFINITIONAL_REPRESENTATION('',(#11494),#11497);
#11494 = B_SPLINE_CURVE_WITH_KNOTS('',1,(#11495,#11496),.UNSPECIFIED.,
  .F.,.F.,(2,2),(42.6,45.),.PIECEWISE_BEZIER_KNOTS.);
#11495 = CARTESIAN_POINT('',(0.424264068712,1.2));
#11496 = CARTESIAN_POINT('',(0.424264068712,-1.2));
#11497 = ( GEOMETRIC_REPRESENTATION_CONTEXT(2) 
PARAMETRIC_REPRESENTATION_CONTEXT() REPRESENTATION_CONTEXT('2D SPACE',''
  ) );
#11498 = ORIENTED_EDGE('',*,*,#11499,.F.);
#11499 = EDGE_CURVE('',#11500,#11474,#11502,.T.);
#11500 = VERTEX_POINT('',#11501);
#11501 = CARTESIAN_POINT('',(36.4,40.,27.));
#11502 = SURFACE_CURVE('',#11503,(#11507,#11513),.PCURVE_S1.);
#11503 = LINE('',#11504,#11505);
#11504 = CARTESIAN_POINT('',(36.4,40.,11.325646647851));
#11505 = VECTOR('',#11506,1.);
#11506 = DIRECTION('',(0.,-0.,-1.));
#11507 = PCURVE('',#4878,#11508);
#11508 = DEFINITIONAL_REPRESENTATION('',(#11509),#11512);
#11509 = B_SPLINE_CURVE_WITH_KNOTS('',1,(#11510,#11511),.UNSPECIFIED.,
  .F.,.F.,(2,2),(-15.67435335214,-3.374353352149),
  .PIECEWISE_BEZIER_KNOTS.);
#11510 = CARTESIAN_POINT('',(27.,-86.4));
#11511 = CARTESIAN_POINT('',(14.7,-86.4));
#11512 = ( GEOMETRIC_REPRESENTATION_CONTEXT(2) 
PARAMETRIC_REPRESENTATION_CONTEXT() REPRESENTATION_CONTEXT('2D SPACE',''
  ) );
#11513 = PCURVE('',#11514,#11519);
#11514 = PLANE('',#11515);
#11515 = AXIS2_PLACEMENT_3D('',#11516,#11517,#11518);
#11516 = CARTESIAN_POINT('',(40.448706704297,40.,22.651293295703));
#11517 = DIRECTION('',(0.,-1.,0.));
#11518 = DIRECTION('',(1.,0.,0.));
#11519 = DEFINITIONAL_REPRESENTATION('',(#11520),#11523);
#11520 = B_SPLINE_CURVE_WITH_KNOTS('',1,(#11521,#11522),.UNSPECIFIED.,
  .F.,.F.,(2,2),(-15.67435335214,-3.374353352149),
  .PIECEWISE_BEZIER_KNOTS.);
#11521 = CARTESIAN_POINT('',(-4.048706704297,4.348706704297));
#11522 = CARTESIAN_POINT('',(-4.048706704297,-7.951293295703));
#11523 = ( GEOMETRIC_REPRESENTATION_CONTEXT(2) 
PARAMETRIC_REPRESENTATION_CONTEXT() REPRESENTATION_CONTEXT('2D SPACE',''
  ) );
#11524 = ORIENTED_EDGE('',*,*,#11525,.T.);
#11525 = EDGE_CURVE('',#11500,#11526,#11528,.T.);
#11526 = VERTEX_POINT('',#11527);
#11527 = CARTESIAN_POINT('',(36.4,30.8,27.));
#11528 = SURFACE_CURVE('',#11529,(#11533,#11539),.PCURVE_S1.);
#11529 = LINE('',#11530,#11531);
#11530 = CARTESIAN_POINT('',(36.4,-9.,27.));
#11531 = VECTOR('',#11532,1.);
#11532 = DIRECTION('',(0.,-1.,0.));
#11533 = PCURVE('',#4878,#11534);
#11534 = DEFINITIONAL_REPRESENTATION('',(#11535),#11538);
#11535 = B_SPLINE_CURVE_WITH_KNOTS('',1,(#11536,#11537),.UNSPECIFIED.,
  .F.,.F.,(2,2),(-51.4,-37.4),.PIECEWISE_BEZIER_KNOTS.);
#11536 = CARTESIAN_POINT('',(27.,-88.8));
#11537 = CARTESIAN_POINT('',(27.,-74.8));
#11538 = ( GEOMETRIC_REPRESENTATION_CONTEXT(2) 
PARAMETRIC_REPRESENTATION_CONTEXT() REPRESENTATION_CONTEXT('2D SPACE',''
  ) );
#11539 = PCURVE('',#11540,#11545);
#11540 = PLANE('',#11541);
#11541 = AXIS2_PLACEMENT_3D('',#11542,#11543,#11544);
#11542 = CARTESIAN_POINT('',(36.1,28.4,27.));
#11543 = DIRECTION('',(0.,0.,1.));
#11544 = DIRECTION('',(1.,0.,-0.));
#11545 = DEFINITIONAL_REPRESENTATION('',(#11546),#11549);
#11546 = B_SPLINE_CURVE_WITH_KNOTS('',1,(#11547,#11548),.UNSPECIFIED.,
  .F.,.F.,(2,2),(-51.4,-37.4),.PIECEWISE_BEZIER_KNOTS.);
#11547 = CARTESIAN_POINT('',(0.3,14.));
#11548 = CARTESIAN_POINT('',(0.3,0.));
#11549 = ( GEOMETRIC_REPRESENTATION_CONTEXT(2) 
PARAMETRIC_REPRESENTATION_CONTEXT() REPRESENTATION_CONTEXT('2D SPACE',''
  ) );
#11550 = ORIENTED_EDGE('',*,*,#11551,.T.);
#11551 = EDGE_CURVE('',#11526,#11552,#11554,.T.);
#11552 = VERTEX_POINT('',#11553);
#11553 = CARTESIAN_POINT('',(36.4,30.8,15.));
#11554 = SURFACE_CURVE('',#11555,(#11559,#11565),.PCURVE_S1.);
#11555 = LINE('',#11556,#11557);
#11556 = CARTESIAN_POINT('',(36.4,30.8,11.325646647851));
#11557 = VECTOR('',#11558,1.);
#11558 = DIRECTION('',(0.,-0.,-1.));
#11559 = PCURVE('',#4878,#11560);
#11560 = DEFINITIONAL_REPRESENTATION('',(#11561),#11564);
#11561 = B_SPLINE_CURVE_WITH_KNOTS('',1,(#11562,#11563),.UNSPECIFIED.,
  .F.,.F.,(2,2),(-15.67435335214,-3.374353352149),
  .PIECEWISE_BEZIER_KNOTS.);
#11562 = CARTESIAN_POINT('',(27.,-77.2));
#11563 = CARTESIAN_POINT('',(14.7,-77.2));
#11564 = ( GEOMETRIC_REPRESENTATION_CONTEXT(2) 
PARAMETRIC_REPRESENTATION_CONTEXT() REPRESENTATION_CONTEXT('2D SPACE',''
  ) );
#11565 = PCURVE('',#11566,#11571);
#11566 = PLANE('',#11567);
#11567 = AXIS2_PLACEMENT_3D('',#11568,#11569,#11570);
#11568 = CARTESIAN_POINT('',(40.448706704297,30.8,22.651293295703));
#11569 = DIRECTION('',(0.,-1.,0.));
#11570 = DIRECTION('',(1.,0.,0.));
#11571 = DEFINITIONAL_REPRESENTATION('',(#11572),#11575);
#11572 = B_SPLINE_CURVE_WITH_KNOTS('',1,(#11573,#11574),.UNSPECIFIED.,
  .F.,.F.,(2,2),(-15.67435335214,-3.374353352149),
  .PIECEWISE_BEZIER_KNOTS.);
#11573 = CARTESIAN_POINT('',(-4.048706704297,4.348706704297));
#11574 = CARTESIAN_POINT('',(-4.048706704297,-7.951293295703));
#11575 = ( GEOMETRIC_REPRESENTATION_CONTEXT(2) 
PARAMETRIC_REPRESENTATION_CONTEXT() REPRESENTATION_CONTEXT('2D SPACE',''
  ) );
#11576 = ORIENTED_EDGE('',*,*,#11577,.F.);
#11577 = EDGE_CURVE('',#11578,#11552,#11580,.T.);
#11578 = VERTEX_POINT('',#11579);
#11579 = CARTESIAN_POINT('',(36.4,28.4,15.));
#11580 = SURFACE_CURVE('',#11581,(#11585,#11591),.PCURVE_S1.);
#11581 = LINE('',#11582,#11583);
#11582 = CARTESIAN_POINT('',(36.4,-8.4,15.));
#11583 = VECTOR('',#11584,1.);
#11584 = DIRECTION('',(0.,1.,0.));
#11585 = PCURVE('',#4878,#11586);
#11586 = DEFINITIONAL_REPRESENTATION('',(#11587),#11590);
#11587 = B_SPLINE_CURVE_WITH_KNOTS('',1,(#11588,#11589),.UNSPECIFIED.,
  .F.,.F.,(2,2),(36.8,39.2),.PIECEWISE_BEZIER_KNOTS.);
#11588 = CARTESIAN_POINT('',(15.,-74.8));
#11589 = CARTESIAN_POINT('',(15.,-77.2));
#11590 = ( GEOMETRIC_REPRESENTATION_CONTEXT(2) 
PARAMETRIC_REPRESENTATION_CONTEXT() REPRESENTATION_CONTEXT('2D SPACE',''
  ) );
#11591 = PCURVE('',#11592,#11597);
#11592 = PLANE('',#11593);
#11593 = AXIS2_PLACEMENT_3D('',#11594,#11595,#11596);
#11594 = CARTESIAN_POINT('',(36.1,29.6,14.7));
#11595 = DIRECTION('',(0.707106781187,0.,-0.707106781187));
#11596 = DIRECTION('',(0.707106781187,0.,0.707106781187));
#11597 = DEFINITIONAL_REPRESENTATION('',(#11598),#11601);
#11598 = B_SPLINE_CURVE_WITH_KNOTS('',1,(#11599,#11600),.UNSPECIFIED.,
  .F.,.F.,(2,2),(36.8,39.2),.PIECEWISE_BEZIER_KNOTS.);
#11599 = CARTESIAN_POINT('',(0.424264068712,1.2));
#11600 = CARTESIAN_POINT('',(0.424264068712,-1.2));
#11601 = ( GEOMETRIC_REPRESENTATION_CONTEXT(2) 
PARAMETRIC_REPRESENTATION_CONTEXT() REPRESENTATION_CONTEXT('2D SPACE',''
  ) );
#11602 = ORIENTED_EDGE('',*,*,#11603,.T.);
#11603 = EDGE_CURVE('',#11578,#4975,#11604,.T.);
#11604 = SURFACE_CURVE('',#11605,(#11609,#11616),.PCURVE_S1.);
#11605 = LINE('',#11606,#11607);
#11606 = CARTESIAN_POINT('',(36.4,28.4,15.));
#11607 = VECTOR('',#11608,1.);
#11608 = DIRECTION('',(0.,0.,1.));
#11609 = PCURVE('',#4878,#11610);
#11610 = DEFINITIONAL_REPRESENTATION('',(#11611),#11615);
#11611 = LINE('',#11612,#11613);
#11612 = CARTESIAN_POINT('',(15.,-74.8));
#11613 = VECTOR('',#11614,1.);
#11614 = DIRECTION('',(1.,0.));
#11615 = ( GEOMETRIC_REPRESENTATION_CONTEXT(2) 
PARAMETRIC_REPRESENTATION_CONTEXT() REPRESENTATION_CONTEXT('2D SPACE',''
  ) );
#11616 = PCURVE('',#5013,#11617);
#11617 = DEFINITIONAL_REPRESENTATION('',(#11618),#11622);
#11618 = LINE('',#11619,#11620);
#11619 = CARTESIAN_POINT('',(-12.,0.3));
#11620 = VECTOR('',#11621,1.);
#11621 = DIRECTION('',(1.,0.));
#11622 = ( GEOMETRIC_REPRESENTATION_CONTEXT(2) 
PARAMETRIC_REPRESENTATION_CONTEXT() REPRESENTATION_CONTEXT('2D SPACE',''
  ) );
#11623 = ORIENTED_EDGE('',*,*,#4974,.F.);
#11624 = ORIENTED_EDGE('',*,*,#11625,.T.);
#11625 = EDGE_CURVE('',#4947,#11626,#11628,.T.);
#11626 = VERTEX_POINT('',#11627);
#11627 = CARTESIAN_POINT('',(36.4,-28.4,15.));
#11628 = SURFACE_CURVE('',#11629,(#11633,#11640),.PCURVE_S1.);
#11629 = LINE('',#11630,#11631);
#11630 = CARTESIAN_POINT('',(36.4,-28.4,32.));
#11631 = VECTOR('',#11632,1.);
#11632 = DIRECTION('',(0.,0.,-1.));
#11633 = PCURVE('',#4878,#11634);
#11634 = DEFINITIONAL_REPRESENTATION('',(#11635),#11639);
#11635 = LINE('',#11636,#11637);
#11636 = CARTESIAN_POINT('',(32.,-18.));
#11637 = VECTOR('',#11638,1.);
#11638 = DIRECTION('',(-1.,0.));
#11639 = ( GEOMETRIC_REPRESENTATION_CONTEXT(2) 
PARAMETRIC_REPRESENTATION_CONTEXT() REPRESENTATION_CONTEXT('2D SPACE',''
  ) );
#11640 = PCURVE('',#4962,#11641);
#11641 = DEFINITIONAL_REPRESENTATION('',(#11642),#11646);
#11642 = LINE('',#11643,#11644);
#11643 = CARTESIAN_POINT('',(5.,0.3));
#11644 = VECTOR('',#11645,1.);
#11645 = DIRECTION('',(-1.,0.));
#11646 = ( GEOMETRIC_REPRESENTATION_CONTEXT(2) 
PARAMETRIC_REPRESENTATION_CONTEXT() REPRESENTATION_CONTEXT('2D SPACE',''
  ) );
#11647 = ORIENTED_EDGE('',*,*,#11648,.F.);
#11648 = EDGE_CURVE('',#11649,#11626,#11651,.T.);
#11649 = VERTEX_POINT('',#11650);
#11650 = CARTESIAN_POINT('',(36.4,-30.8,15.));
#11651 = SURFACE_CURVE('',#11652,(#11656,#11662),.PCURVE_S1.);
#11652 = LINE('',#11653,#11654);
#11653 = CARTESIAN_POINT('',(36.4,-38.,15.));
#11654 = VECTOR('',#11655,1.);
#11655 = DIRECTION('',(0.,1.,0.));
#11656 = PCURVE('',#4878,#11657);
#11657 = DEFINITIONAL_REPRESENTATION('',(#11658),#11661);
#11658 = B_SPLINE_CURVE_WITH_KNOTS('',1,(#11659,#11660),.UNSPECIFIED.,
  .F.,.F.,(2,2),(7.2,9.6),.PIECEWISE_BEZIER_KNOTS.);
#11659 = CARTESIAN_POINT('',(15.,-15.6));
#11660 = CARTESIAN_POINT('',(15.,-18.));
#11661 = ( GEOMETRIC_REPRESENTATION_CONTEXT(2) 
PARAMETRIC_REPRESENTATION_CONTEXT() REPRESENTATION_CONTEXT('2D SPACE',''
  ) );
#11662 = PCURVE('',#11663,#11668);
#11663 = PLANE('',#11664);
#11664 = AXIS2_PLACEMENT_3D('',#11665,#11666,#11667);
#11665 = CARTESIAN_POINT('',(36.1,-29.6,14.7));
#11666 = DIRECTION('',(0.707106781187,0.,-0.707106781187));
#11667 = DIRECTION('',(0.707106781187,0.,0.707106781187));
#11668 = DEFINITIONAL_REPRESENTATION('',(#11669),#11672);
#11669 = B_SPLINE_CURVE_WITH_KNOTS('',1,(#11670,#11671),.UNSPECIFIED.,
  .F.,.F.,(2,2),(7.2,9.6),.PIECEWISE_BEZIER_KNOTS.);
#11670 = CARTESIAN_POINT('',(0.424264068712,1.2));
#11671 = CARTESIAN_POINT('',(0.424264068712,-1.2));
#11672 = ( GEOMETRIC_REPRESENTATION_CONTEXT(2) 
PARAMETRIC_REPRESENTATION_CONTEXT() REPRESENTATION_CONTEXT('2D SPACE',''
  ) );
#11673 = ORIENTED_EDGE('',*,*,#11674,.F.);
#11674 = EDGE_CURVE('',#11675,#11649,#11677,.T.);
#11675 = VERTEX_POINT('',#11676);
#11676 = CARTESIAN_POINT('',(36.4,-30.8,27.));
#11677 = SURFACE_CURVE('',#11678,(#11682,#11688),.PCURVE_S1.);
#11678 = LINE('',#11679,#11680);
#11679 = CARTESIAN_POINT('',(36.4,-30.8,11.325646647851));
#11680 = VECTOR('',#11681,1.);
#11681 = DIRECTION('',(0.,-0.,-1.));
#11682 = PCURVE('',#4878,#11683);
#11683 = DEFINITIONAL_REPRESENTATION('',(#11684),#11687);
#11684 = B_SPLINE_CURVE_WITH_KNOTS('',1,(#11685,#11686),.UNSPECIFIED.,
  .F.,.F.,(2,2),(-15.67435335214,-3.374353352149),
  .PIECEWISE_BEZIER_KNOTS.);
#11685 = CARTESIAN_POINT('',(27.,-15.6));
#11686 = CARTESIAN_POINT('',(14.7,-15.6));
#11687 = ( GEOMETRIC_REPRESENTATION_CONTEXT(2) 
PARAMETRIC_REPRESENTATION_CONTEXT() REPRESENTATION_CONTEXT('2D SPACE',''
  ) );
#11688 = PCURVE('',#11689,#11694);
#11689 = PLANE('',#11690);
#11690 = AXIS2_PLACEMENT_3D('',#11691,#11692,#11693);
#11691 = CARTESIAN_POINT('',(40.448706704297,-30.8,22.651293295703));
#11692 = DIRECTION('',(0.,-1.,0.));
#11693 = DIRECTION('',(1.,0.,0.));
#11694 = DEFINITIONAL_REPRESENTATION('',(#11695),#11698);
#11695 = B_SPLINE_CURVE_WITH_KNOTS('',1,(#11696,#11697),.UNSPECIFIED.,
  .F.,.F.,(2,2),(-15.67435335214,-3.374353352149),
  .PIECEWISE_BEZIER_KNOTS.);
#11696 = CARTESIAN_POINT('',(-4.048706704297,4.348706704297));
#11697 = CARTESIAN_POINT('',(-4.048706704297,-7.951293295703));
#11698 = ( GEOMETRIC_REPRESENTATION_CONTEXT(2) 
PARAMETRIC_REPRESENTATION_CONTEXT() REPRESENTATION_CONTEXT('2D SPACE',''
  ) );
#11699 = ORIENTED_EDGE('',*,*,#11700,.T.);
#11700 = EDGE_CURVE('',#11675,#11701,#11703,.T.);
#11701 = VERTEX_POINT('',#11702);
#11702 = CARTESIAN_POINT('',(36.4,-40.,27.));
#11703 = SURFACE_CURVE('',#11704,(#11708,#11714),.PCURVE_S1.);
#11704 = LINE('',#11705,#11706);
#11705 = CARTESIAN_POINT('',(36.4,-44.4,27.));
#11706 = VECTOR('',#11707,1.);
#11707 = DIRECTION('',(0.,-1.,0.));
#11708 = PCURVE('',#4878,#11709);
#11709 = DEFINITIONAL_REPRESENTATION('',(#11710),#11713);
#11710 = B_SPLINE_CURVE_WITH_KNOTS('',1,(#11711,#11712),.UNSPECIFIED.,
  .F.,.F.,(2,2),(-16.,-2.),.PIECEWISE_BEZIER_KNOTS.);
#11711 = CARTESIAN_POINT('',(27.,-18.));
#11712 = CARTESIAN_POINT('',(27.,-4.));
#11713 = ( GEOMETRIC_REPRESENTATION_CONTEXT(2) 
PARAMETRIC_REPRESENTATION_CONTEXT() REPRESENTATION_CONTEXT('2D SPACE',''
  ) );
#11714 = PCURVE('',#11715,#11720);
#11715 = PLANE('',#11716);
#11716 = AXIS2_PLACEMENT_3D('',#11717,#11718,#11719);
#11717 = CARTESIAN_POINT('',(36.1,-42.4,27.));
#11718 = DIRECTION('',(0.,0.,1.));
#11719 = DIRECTION('',(1.,0.,-0.));
#11720 = DEFINITIONAL_REPRESENTATION('',(#11721),#11724);
#11721 = B_SPLINE_CURVE_WITH_KNOTS('',1,(#11722,#11723),.UNSPECIFIED.,
  .F.,.F.,(2,2),(-16.,-2.),.PIECEWISE_BEZIER_KNOTS.);
#11722 = CARTESIAN_POINT('',(0.3,14.));
#11723 = CARTESIAN_POINT('',(0.3,0.));
#11724 = ( GEOMETRIC_REPRESENTATION_CONTEXT(2) 
PARAMETRIC_REPRESENTATION_CONTEXT() REPRESENTATION_CONTEXT('2D SPACE',''
  ) );
#11725 = ORIENTED_EDGE('',*,*,#11726,.T.);
#11726 = EDGE_CURVE('',#11701,#11727,#11729,.T.);
#11727 = VERTEX_POINT('',#11728);
#11728 = CARTESIAN_POINT('',(36.4,-40.,15.));
#11729 = SURFACE_CURVE('',#11730,(#11734,#11740),.PCURVE_S1.);
#11730 = LINE('',#11731,#11732);
#11731 = CARTESIAN_POINT('',(36.4,-40.,11.325646647851));
#11732 = VECTOR('',#11733,1.);
#11733 = DIRECTION('',(0.,-0.,-1.));
#11734 = PCURVE('',#4878,#11735);
#11735 = DEFINITIONAL_REPRESENTATION('',(#11736),#11739);
#11736 = B_SPLINE_CURVE_WITH_KNOTS('',1,(#11737,#11738),.UNSPECIFIED.,
  .F.,.F.,(2,2),(-15.67435335214,-3.374353352149),
  .PIECEWISE_BEZIER_KNOTS.);
#11737 = CARTESIAN_POINT('',(27.,-6.4));
#11738 = CARTESIAN_POINT('',(14.7,-6.4));
#11739 = ( GEOMETRIC_REPRESENTATION_CONTEXT(2) 
PARAMETRIC_REPRESENTATION_CONTEXT() REPRESENTATION_CONTEXT('2D SPACE',''
  ) );
#11740 = PCURVE('',#11741,#11746);
#11741 = PLANE('',#11742);
#11742 = AXIS2_PLACEMENT_3D('',#11743,#11744,#11745);
#11743 = CARTESIAN_POINT('',(40.448706704297,-40.,22.651293295703));
#11744 = DIRECTION('',(0.,-1.,0.));
#11745 = DIRECTION('',(1.,0.,0.));
#11746 = DEFINITIONAL_REPRESENTATION('',(#11747),#11750);
#11747 = B_SPLINE_CURVE_WITH_KNOTS('',1,(#11748,#11749),.UNSPECIFIED.,
  .F.,.F.,(2,2),(-15.67435335214,-3.374353352149),
  .PIECEWISE_BEZIER_KNOTS.);
#11748 = CARTESIAN_POINT('',(-4.048706704297,4.348706704297));
#11749 = CARTESIAN_POINT('',(-4.048706704297,-7.951293295703));
#11750 = ( GEOMETRIC_REPRESENTATION_CONTEXT(2) 
PARAMETRIC_REPRESENTATION_CONTEXT() REPRESENTATION_CONTEXT('2D SPACE',''
  ) );
#11751 = ORIENTED_EDGE('',*,*,#11752,.F.);
#11752 = EDGE_CURVE('',#11753,#11727,#11755,.T.);
#11753 = VERTEX_POINT('',#11754);
#11754 = CARTESIAN_POINT('',(36.4,-42.4,15.));
#11755 = SURFACE_CURVE('',#11756,(#11760,#11766),.PCURVE_S1.);
#11756 = LINE('',#11757,#11758);
#11757 = CARTESIAN_POINT('',(36.4,-43.8,15.));
#11758 = VECTOR('',#11759,1.);
#11759 = DIRECTION('',(0.,1.,0.));
#11760 = PCURVE('',#4878,#11761);
#11761 = DEFINITIONAL_REPRESENTATION('',(#11762),#11765);
#11762 = B_SPLINE_CURVE_WITH_KNOTS('',1,(#11763,#11764),.UNSPECIFIED.,
  .F.,.F.,(2,2),(1.4,3.8),.PIECEWISE_BEZIER_KNOTS.);
#11763 = CARTESIAN_POINT('',(15.,-4.));
#11764 = CARTESIAN_POINT('',(15.,-6.4));
#11765 = ( GEOMETRIC_REPRESENTATION_CONTEXT(2) 
PARAMETRIC_REPRESENTATION_CONTEXT() REPRESENTATION_CONTEXT('2D SPACE',''
  ) );
#11766 = PCURVE('',#11767,#11772);
#11767 = PLANE('',#11768);
#11768 = AXIS2_PLACEMENT_3D('',#11769,#11770,#11771);
#11769 = CARTESIAN_POINT('',(36.1,-41.2,14.7));
#11770 = DIRECTION('',(0.707106781187,0.,-0.707106781187));
#11771 = DIRECTION('',(0.707106781187,0.,0.707106781187));
#11772 = DEFINITIONAL_REPRESENTATION('',(#11773),#11776);
#11773 = B_SPLINE_CURVE_WITH_KNOTS('',1,(#11774,#11775),.UNSPECIFIED.,
  .F.,.F.,(2,2),(1.4,3.8),.PIECEWISE_BEZIER_KNOTS.);
#11774 = CARTESIAN_POINT('',(0.424264068712,1.2));
#11775 = CARTESIAN_POINT('',(0.424264068712,-1.2));
#11776 = ( GEOMETRIC_REPRESENTATION_CONTEXT(2) 
PARAMETRIC_REPRESENTATION_CONTEXT() REPRESENTATION_CONTEXT('2D SPACE',''
  ) );
#11777 = ORIENTED_EDGE('',*,*,#11778,.T.);
#11778 = EDGE_CURVE('',#11753,#4863,#11779,.T.);
#11779 = SURFACE_CURVE('',#11780,(#11784,#11791),.PCURVE_S1.);
#11780 = LINE('',#11781,#11782);
#11781 = CARTESIAN_POINT('',(36.4,-42.4,15.));
#11782 = VECTOR('',#11783,1.);
#11783 = DIRECTION('',(0.,0.,1.));
#11784 = PCURVE('',#4878,#11785);
#11785 = DEFINITIONAL_REPRESENTATION('',(#11786),#11790);
#11786 = LINE('',#11787,#11788);
#11787 = CARTESIAN_POINT('',(15.,-4.));
#11788 = VECTOR('',#11789,1.);
#11789 = DIRECTION('',(1.,0.));
#11790 = ( GEOMETRIC_REPRESENTATION_CONTEXT(2) 
PARAMETRIC_REPRESENTATION_CONTEXT() REPRESENTATION_CONTEXT('2D SPACE',''
  ) );
#11791 = PCURVE('',#4906,#11792);
#11792 = DEFINITIONAL_REPRESENTATION('',(#11793),#11797);
#11793 = LINE('',#11794,#11795);
#11794 = CARTESIAN_POINT('',(-12.,0.3));
#11795 = VECTOR('',#11796,1.);
#11796 = DIRECTION('',(1.,0.));
#11797 = ( GEOMETRIC_REPRESENTATION_CONTEXT(2) 
PARAMETRIC_REPRESENTATION_CONTEXT() REPRESENTATION_CONTEXT('2D SPACE',''
  ) );
#11798 = ORIENTED_EDGE('',*,*,#4862,.F.);
#11799 = FACE_BOUND('',#11800,.T.);
#11800 = EDGE_LOOP('',(#11801,#11824,#11852,#11873));
#11801 = ORIENTED_EDGE('',*,*,#11802,.F.);
#11802 = EDGE_CURVE('',#11803,#11805,#11807,.T.);
#11803 = VERTEX_POINT('',#11804);
#11804 = CARTESIAN_POINT('',(36.4,17.7070709193,23.99795761131));
#11805 = VERTEX_POINT('',#11806);
#11806 = CARTESIAN_POINT('',(36.4,14.917790391812,18.016326216868));
#11807 = SURFACE_CURVE('',#11808,(#11812,#11818),.PCURVE_S1.);
#11808 = LINE('',#11809,#11810);
#11809 = CARTESIAN_POINT('',(36.4,5.991595127199,-1.125961301913));
#11810 = VECTOR('',#11811,1.);
#11811 = DIRECTION('',(0.,-0.422618261741,-0.906307787037));
#11812 = PCURVE('',#4878,#11813);
#11813 = DEFINITIONAL_REPRESENTATION('',(#11814),#11817);
#11814 = B_SPLINE_CURVE_WITH_KNOTS('',1,(#11815,#11816),.UNSPECIFIED.,
  .F.,.F.,(2,2),(-27.72117736665,-21.12117736665),
  .PIECEWISE_BEZIER_KNOTS.);
#11815 = CARTESIAN_POINT('',(23.99795761131,-64.1070709193));
#11816 = CARTESIAN_POINT('',(18.016326216868,-61.31779039181));
#11817 = ( GEOMETRIC_REPRESENTATION_CONTEXT(2) 
PARAMETRIC_REPRESENTATION_CONTEXT() REPRESENTATION_CONTEXT('2D SPACE',''
  ) );
#11818 = PCURVE('',#8376,#11819);
#11819 = DEFINITIONAL_REPRESENTATION('',(#11820),#11823);
#11820 = B_SPLINE_CURVE_WITH_KNOTS('',1,(#11821,#11822),.UNSPECIFIED.,
  .F.,.F.,(2,2),(-27.72117736665,-21.12117736665),
  .PIECEWISE_BEZIER_KNOTS.);
#11821 = CARTESIAN_POINT('',(6.6,-2.9));
#11822 = CARTESIAN_POINT('',(0.,-2.9));
#11823 = ( GEOMETRIC_REPRESENTATION_CONTEXT(2) 
PARAMETRIC_REPRESENTATION_CONTEXT() REPRESENTATION_CONTEXT('2D SPACE',''
  ) );
#11824 = ORIENTED_EDGE('',*,*,#11825,.T.);
#11825 = EDGE_CURVE('',#11803,#11826,#11828,.T.);
#11826 = VERTEX_POINT('',#11827);
#11827 = CARTESIAN_POINT('',(36.4,19.882209608188,22.983673783132));
#11828 = SURFACE_CURVE('',#11829,(#11834,#11845),.PCURVE_S1.);
#11829 = CIRCLE('',#11830,1.2);
#11830 = AXIS2_PLACEMENT_3D('',#11831,#11832,#11833);
#11831 = CARTESIAN_POINT('',(36.4,18.794640263744,23.490815697221));
#11832 = DIRECTION('',(-1.,-0.,0.));
#11833 = DIRECTION('',(0.,-0.422618261741,-0.906307787037));
#11834 = PCURVE('',#4878,#11835);
#11835 = DEFINITIONAL_REPRESENTATION('',(#11836),#11844);
#11836 = ( BOUNDED_CURVE() B_SPLINE_CURVE(2,(#11837,#11838,#11839,#11840
    ,#11841,#11842,#11843),.UNSPECIFIED.,.T.,.F.) 
B_SPLINE_CURVE_WITH_KNOTS((1,2,2,2,2,1),(-2.094395102393,0.,
    2.094395102393,4.188790204786,6.28318530718,8.377580409573),
.UNSPECIFIED.) CURVE() GEOMETRIC_REPRESENTATION_ITEM() 
RATIONAL_B_SPLINE_CURVE((1.,0.5,1.,0.5,1.,0.5,1.)) REPRESENTATION_ITEM(
  '') );
#11837 = CARTESIAN_POINT('',(22.403246352777,-64.68749834965));
#11838 = CARTESIAN_POINT('',(23.281641914627,-62.80377298832));
#11839 = CARTESIAN_POINT('',(24.473798150368,-64.50634854012));
#11840 = CARTESIAN_POINT('',(25.665954386109,-66.20892409192));
#11841 = CARTESIAN_POINT('',(23.595402588518,-66.39007390145));
#11842 = CARTESIAN_POINT('',(21.524850790927,-66.57122371098));
#11843 = CARTESIAN_POINT('',(22.403246352777,-64.68749834965));
#11844 = ( GEOMETRIC_REPRESENTATION_CONTEXT(2) 
PARAMETRIC_REPRESENTATION_CONTEXT() REPRESENTATION_CONTEXT('2D SPACE',''
  ) );
#11845 = PCURVE('',#8408,#11846);
#11846 = DEFINITIONAL_REPRESENTATION('',(#11847),#11851);
#11847 = LINE('',#11848,#11849);
#11848 = CARTESIAN_POINT('',(0.,-2.9));
#11849 = VECTOR('',#11850,1.);
#11850 = DIRECTION('',(1.,0.));
#11851 = ( GEOMETRIC_REPRESENTATION_CONTEXT(2) 
PARAMETRIC_REPRESENTATION_CONTEXT() REPRESENTATION_CONTEXT('2D SPACE',''
  ) );
#11852 = ORIENTED_EDGE('',*,*,#11853,.T.);
#11853 = EDGE_CURVE('',#11826,#11854,#11856,.T.);
#11854 = VERTEX_POINT('',#11855);
#11855 = CARTESIAN_POINT('',(36.4,17.0929290807,17.00204238869));
#11856 = SURFACE_CURVE('',#11857,(#11861,#11867),.PCURVE_S1.);
#11857 = LINE('',#11858,#11859);
#11858 = CARTESIAN_POINT('',(36.4,8.86405394796,-0.64483728148));
#11859 = VECTOR('',#11860,1.);
#11860 = DIRECTION('',(0.,-0.422618261741,-0.906307787037));
#11861 = PCURVE('',#4878,#11862);
#11862 = DEFINITIONAL_REPRESENTATION('',(#11863),#11866);
#11863 = B_SPLINE_CURVE_WITH_KNOTS('',1,(#11864,#11865),.UNSPECIFIED.,
  .F.,.F.,(2,2),(-26.07117736665,-19.47117736665),
  .PIECEWISE_BEZIER_KNOTS.);
#11864 = CARTESIAN_POINT('',(22.983673783132,-66.28220960818));
#11865 = CARTESIAN_POINT('',(17.00204238869,-63.4929290807));
#11866 = ( GEOMETRIC_REPRESENTATION_CONTEXT(2) 
PARAMETRIC_REPRESENTATION_CONTEXT() REPRESENTATION_CONTEXT('2D SPACE',''
  ) );
#11867 = PCURVE('',#8435,#11868);
#11868 = DEFINITIONAL_REPRESENTATION('',(#11869),#11872);
#11869 = B_SPLINE_CURVE_WITH_KNOTS('',1,(#11870,#11871),.UNSPECIFIED.,
  .F.,.F.,(2,2),(-26.07117736665,-19.47117736665),
  .PIECEWISE_BEZIER_KNOTS.);
#11870 = CARTESIAN_POINT('',(3.3,-2.9));
#11871 = CARTESIAN_POINT('',(-3.3,-2.9));
#11872 = ( GEOMETRIC_REPRESENTATION_CONTEXT(2) 
PARAMETRIC_REPRESENTATION_CONTEXT() REPRESENTATION_CONTEXT('2D SPACE',''
  ) );
#11873 = ORIENTED_EDGE('',*,*,#11874,.T.);
#11874 = EDGE_CURVE('',#11854,#11805,#11875,.T.);
#11875 = SURFACE_CURVE('',#11876,(#11881,#11892),.PCURVE_S1.);
#11876 = CIRCLE('',#11877,1.2);
#11877 = AXIS2_PLACEMENT_3D('',#11878,#11879,#11880);
#11878 = CARTESIAN_POINT('',(36.4,16.005359736256,17.509184302779));
#11879 = DIRECTION('',(-1.,0.,0.));
#11880 = DIRECTION('',(0.,0.422618261741,0.906307787037));
#11881 = PCURVE('',#4878,#11882);
#11882 = DEFINITIONAL_REPRESENTATION('',(#11883),#11891);
#11883 = ( BOUNDED_CURVE() B_SPLINE_CURVE(2,(#11884,#11885,#11886,#11887
    ,#11888,#11889,#11890),.UNSPECIFIED.,.T.,.F.) 
B_SPLINE_CURVE_WITH_KNOTS((1,2,2,2,2,1),(-2.094395102393,0.,
    2.094395102393,4.188790204786,6.28318530718,8.377580409573),
.UNSPECIFIED.) CURVE() GEOMETRIC_REPRESENTATION_ITEM() 
RATIONAL_B_SPLINE_CURVE((1.,0.5,1.,0.5,1.,0.5,1.)) REPRESENTATION_ITEM(
  '') );
#11884 = CARTESIAN_POINT('',(18.596753647223,-62.91250165034));
#11885 = CARTESIAN_POINT('',(17.718358085373,-64.79622701167));
#11886 = CARTESIAN_POINT('',(16.526201849632,-63.09365145987));
#11887 = CARTESIAN_POINT('',(15.334045613891,-61.39107590807));
#11888 = CARTESIAN_POINT('',(17.404597411482,-61.20992609854));
#11889 = CARTESIAN_POINT('',(19.475149209073,-61.02877628901));
#11890 = CARTESIAN_POINT('',(18.596753647223,-62.91250165034));
#11891 = ( GEOMETRIC_REPRESENTATION_CONTEXT(2) 
PARAMETRIC_REPRESENTATION_CONTEXT() REPRESENTATION_CONTEXT('2D SPACE',''
  ) );
#11892 = PCURVE('',#8465,#11893);
#11893 = DEFINITIONAL_REPRESENTATION('',(#11894),#11898);
#11894 = LINE('',#11895,#11896);
#11895 = CARTESIAN_POINT('',(0.,-2.9));
#11896 = VECTOR('',#11897,1.);
#11897 = DIRECTION('',(1.,0.));
#11898 = ( GEOMETRIC_REPRESENTATION_CONTEXT(2) 
PARAMETRIC_REPRESENTATION_CONTEXT() REPRESENTATION_CONTEXT('2D SPACE',''
  ) );
#11899 = FACE_BOUND('',#11900,.T.);
#11900 = EDGE_LOOP('',(#11901,#11924,#11952,#11973));
#11901 = ORIENTED_EDGE('',*,*,#11902,.F.);
#11902 = EDGE_CURVE('',#11903,#11905,#11907,.T.);
#11903 = VERTEX_POINT('',#11904);
#11904 = CARTESIAN_POINT('',(36.4,11.9070709193,23.99795761131));
#11905 = VERTEX_POINT('',#11906);
#11906 = CARTESIAN_POINT('',(36.4,9.117790391812,18.016326216868));
#11907 = SURFACE_CURVE('',#11908,(#11912,#11918),.PCURVE_S1.);
#11908 = LINE('',#11909,#11910);
#11909 = CARTESIAN_POINT('',(36.4,0.709553093154,-1.519685939033E-02));
#11910 = VECTOR('',#11911,1.);
#11911 = DIRECTION('',(0.,-0.422618261741,-0.906307787037));
#11912 = PCURVE('',#4878,#11913);
#11913 = DEFINITIONAL_REPRESENTATION('',(#11914),#11917);
#11914 = B_SPLINE_CURVE_WITH_KNOTS('',1,(#11915,#11916),.UNSPECIFIED.,
  .F.,.F.,(2,2),(-26.4955844076,-19.8955844076),
  .PIECEWISE_BEZIER_KNOTS.);
#11915 = CARTESIAN_POINT('',(23.99795761131,-58.3070709193));
#11916 = CARTESIAN_POINT('',(18.016326216868,-55.51779039181));
#11917 = ( GEOMETRIC_REPRESENTATION_CONTEXT(2) 
PARAMETRIC_REPRESENTATION_CONTEXT() REPRESENTATION_CONTEXT('2D SPACE',''
  ) );
#11918 = PCURVE('',#8496,#11919);
#11919 = DEFINITIONAL_REPRESENTATION('',(#11920),#11923);
#11920 = B_SPLINE_CURVE_WITH_KNOTS('',1,(#11921,#11922),.UNSPECIFIED.,
  .F.,.F.,(2,2),(-26.4955844076,-19.8955844076),
  .PIECEWISE_BEZIER_KNOTS.);
#11921 = CARTESIAN_POINT('',(6.6,-2.9));
#11922 = CARTESIAN_POINT('',(0.,-2.9));
#11923 = ( GEOMETRIC_REPRESENTATION_CONTEXT(2) 
PARAMETRIC_REPRESENTATION_CONTEXT() REPRESENTATION_CONTEXT('2D SPACE',''
  ) );
#11924 = ORIENTED_EDGE('',*,*,#11925,.T.);
#11925 = EDGE_CURVE('',#11903,#11926,#11928,.T.);
#11926 = VERTEX_POINT('',#11927);
#11927 = CARTESIAN_POINT('',(36.4,14.082209608188,22.983673783132));
#11928 = SURFACE_CURVE('',#11929,(#11934,#11945),.PCURVE_S1.);
#11929 = CIRCLE('',#11930,1.2);
#11930 = AXIS2_PLACEMENT_3D('',#11931,#11932,#11933);
#11931 = CARTESIAN_POINT('',(36.4,12.994640263744,23.490815697221));
#11932 = DIRECTION('',(-1.,-0.,0.));
#11933 = DIRECTION('',(0.,-0.422618261741,-0.906307787037));
#11934 = PCURVE('',#4878,#11935);
#11935 = DEFINITIONAL_REPRESENTATION('',(#11936),#11944);
#11936 = ( BOUNDED_CURVE() B_SPLINE_CURVE(2,(#11937,#11938,#11939,#11940
    ,#11941,#11942,#11943),.UNSPECIFIED.,.T.,.F.) 
B_SPLINE_CURVE_WITH_KNOTS((1,2,2,2,2,1),(-2.094395102393,0.,
    2.094395102393,4.188790204786,6.28318530718,8.377580409573),
.UNSPECIFIED.) CURVE() GEOMETRIC_REPRESENTATION_ITEM() 
RATIONAL_B_SPLINE_CURVE((1.,0.5,1.,0.5,1.,0.5,1.)) REPRESENTATION_ITEM(
  '') );
#11937 = CARTESIAN_POINT('',(22.403246352777,-58.88749834965));
#11938 = CARTESIAN_POINT('',(23.281641914627,-57.00377298832));
#11939 = CARTESIAN_POINT('',(24.473798150368,-58.70634854012));
#11940 = CARTESIAN_POINT('',(25.665954386109,-60.40892409192));
#11941 = CARTESIAN_POINT('',(23.595402588518,-60.59007390145));
#11942 = CARTESIAN_POINT('',(21.524850790927,-60.77122371098));
#11943 = CARTESIAN_POINT('',(22.403246352777,-58.88749834965));
#11944 = ( GEOMETRIC_REPRESENTATION_CONTEXT(2) 
PARAMETRIC_REPRESENTATION_CONTEXT() REPRESENTATION_CONTEXT('2D SPACE',''
  ) );
#11945 = PCURVE('',#8528,#11946);
#11946 = DEFINITIONAL_REPRESENTATION('',(#11947),#11951);
#11947 = LINE('',#11948,#11949);
#11948 = CARTESIAN_POINT('',(0.,-2.9));
#11949 = VECTOR('',#11950,1.);
#11950 = DIRECTION('',(1.,0.));
#11951 = ( GEOMETRIC_REPRESENTATION_CONTEXT(2) 
PARAMETRIC_REPRESENTATION_CONTEXT() REPRESENTATION_CONTEXT('2D SPACE',''
  ) );
#11952 = ORIENTED_EDGE('',*,*,#11953,.T.);
#11953 = EDGE_CURVE('',#11926,#11954,#11956,.T.);
#11954 = VERTEX_POINT('',#11955);
#11955 = CARTESIAN_POINT('',(36.4,11.2929290807,17.00204238869));
#11956 = SURFACE_CURVE('',#11957,(#11961,#11967),.PCURVE_S1.);
#11957 = LINE('',#11958,#11959);
#11958 = CARTESIAN_POINT('',(36.4,3.582011913914,0.465927161042));
#11959 = VECTOR('',#11960,1.);
#11960 = DIRECTION('',(0.,-0.422618261741,-0.906307787037));
#11961 = PCURVE('',#4878,#11962);
#11962 = DEFINITIONAL_REPRESENTATION('',(#11963),#11966);
#11963 = B_SPLINE_CURVE_WITH_KNOTS('',1,(#11964,#11965),.UNSPECIFIED.,
  .F.,.F.,(2,2),(-24.8455844076,-18.2455844076),
  .PIECEWISE_BEZIER_KNOTS.);
#11964 = CARTESIAN_POINT('',(22.983673783132,-60.48220960818));
#11965 = CARTESIAN_POINT('',(17.00204238869,-57.6929290807));
#11966 = ( GEOMETRIC_REPRESENTATION_CONTEXT(2) 
PARAMETRIC_REPRESENTATION_CONTEXT() REPRESENTATION_CONTEXT('2D SPACE',''
  ) );
#11967 = PCURVE('',#8555,#11968);
#11968 = DEFINITIONAL_REPRESENTATION('',(#11969),#11972);
#11969 = B_SPLINE_CURVE_WITH_KNOTS('',1,(#11970,#11971),.UNSPECIFIED.,
  .F.,.F.,(2,2),(-24.8455844076,-18.2455844076),
  .PIECEWISE_BEZIER_KNOTS.);
#11970 = CARTESIAN_POINT('',(3.3,-2.9));
#11971 = CARTESIAN_POINT('',(-3.3,-2.9));
#11972 = ( GEOMETRIC_REPRESENTATION_CONTEXT(2) 
PARAMETRIC_REPRESENTATION_CONTEXT() REPRESENTATION_CONTEXT('2D SPACE',''
  ) );
#11973 = ORIENTED_EDGE('',*,*,#11974,.T.);
#11974 = EDGE_CURVE('',#11954,#11905,#11975,.T.);
#11975 = SURFACE_CURVE('',#11976,(#11981,#11992),.PCURVE_S1.);
#11976 = CIRCLE('',#11977,1.2);
#11977 = AXIS2_PLACEMENT_3D('',#11978,#11979,#11980);
#11978 = CARTESIAN_POINT('',(36.4,10.205359736256,17.509184302779));
#11979 = DIRECTION('',(-1.,0.,0.));
#11980 = DIRECTION('',(0.,0.422618261741,0.906307787037));
#11981 = PCURVE('',#4878,#11982);
#11982 = DEFINITIONAL_REPRESENTATION('',(#11983),#11991);
#11983 = ( BOUNDED_CURVE() B_SPLINE_CURVE(2,(#11984,#11985,#11986,#11987
    ,#11988,#11989,#11990),.UNSPECIFIED.,.T.,.F.) 
B_SPLINE_CURVE_WITH_KNOTS((1,2,2,2,2,1),(-2.094395102393,0.,
    2.094395102393,4.188790204786,6.28318530718,8.377580409573),
.UNSPECIFIED.) CURVE() GEOMETRIC_REPRESENTATION_ITEM() 
RATIONAL_B_SPLINE_CURVE((1.,0.5,1.,0.5,1.,0.5,1.)) REPRESENTATION_ITEM(
  '') );
#11984 = CARTESIAN_POINT('',(18.596753647223,-57.11250165034));
#11985 = CARTESIAN_POINT('',(17.718358085373,-58.99622701167));
#11986 = CARTESIAN_POINT('',(16.526201849632,-57.29365145987));
#11987 = CARTESIAN_POINT('',(15.334045613891,-55.59107590807));
#11988 = CARTESIAN_POINT('',(17.404597411482,-55.40992609854));
#11989 = CARTESIAN_POINT('',(19.475149209073,-55.22877628901));
#11990 = CARTESIAN_POINT('',(18.596753647223,-57.11250165034));
#11991 = ( GEOMETRIC_REPRESENTATION_CONTEXT(2) 
PARAMETRIC_REPRESENTATION_CONTEXT() REPRESENTATION_CONTEXT('2D SPACE',''
  ) );
#11992 = PCURVE('',#8585,#11993);
#11993 = DEFINITIONAL_REPRESENTATION('',(#11994),#11998);
#11994 = LINE('',#11995,#11996);
#11995 = CARTESIAN_POINT('',(0.,-2.9));
#11996 = VECTOR('',#11997,1.);
#11997 = DIRECTION('',(1.,0.));
#11998 = ( GEOMETRIC_REPRESENTATION_CONTEXT(2) 
PARAMETRIC_REPRESENTATION_CONTEXT() REPRESENTATION_CONTEXT('2D SPACE',''
  ) );
#11999 = FACE_BOUND('',#12000,.T.);
#12000 = EDGE_LOOP('',(#12001,#12024,#12052,#12073));
#12001 = ORIENTED_EDGE('',*,*,#12002,.F.);
#12002 = EDGE_CURVE('',#12003,#12005,#12007,.T.);
#12003 = VERTEX_POINT('',#12004);
#12004 = CARTESIAN_POINT('',(36.4,6.1070709193,23.99795761131));
#12005 = VERTEX_POINT('',#12006);
#12006 = CARTESIAN_POINT('',(36.4,3.317790391812,18.016326216868));
#12007 = SURFACE_CURVE('',#12008,(#12012,#12018),.PCURVE_S1.);
#12008 = LINE('',#12009,#12010);
#12009 = CARTESIAN_POINT('',(36.4,-4.572488940892,1.095567583132));
#12010 = VECTOR('',#12011,1.);
#12011 = DIRECTION('',(0.,-0.422618261741,-0.906307787037));
#12012 = PCURVE('',#4878,#12013);
#12013 = DEFINITIONAL_REPRESENTATION('',(#12014),#12017);
#12014 = B_SPLINE_CURVE_WITH_KNOTS('',1,(#12015,#12016),.UNSPECIFIED.,
  .F.,.F.,(2,2),(-25.26999144855,-18.66999144855),
  .PIECEWISE_BEZIER_KNOTS.);
#12015 = CARTESIAN_POINT('',(23.99795761131,-52.5070709193));
#12016 = CARTESIAN_POINT('',(18.016326216868,-49.71779039181));
#12017 = ( GEOMETRIC_REPRESENTATION_CONTEXT(2) 
PARAMETRIC_REPRESENTATION_CONTEXT() REPRESENTATION_CONTEXT('2D SPACE',''
  ) );
#12018 = PCURVE('',#8616,#12019);
#12019 = DEFINITIONAL_REPRESENTATION('',(#12020),#12023);
#12020 = B_SPLINE_CURVE_WITH_KNOTS('',1,(#12021,#12022),.UNSPECIFIED.,
  .F.,.F.,(2,2),(-25.26999144855,-18.66999144855),
  .PIECEWISE_BEZIER_KNOTS.);
#12021 = CARTESIAN_POINT('',(6.6,-2.9));
#12022 = CARTESIAN_POINT('',(0.,-2.9));
#12023 = ( GEOMETRIC_REPRESENTATION_CONTEXT(2) 
PARAMETRIC_REPRESENTATION_CONTEXT() REPRESENTATION_CONTEXT('2D SPACE',''
  ) );
#12024 = ORIENTED_EDGE('',*,*,#12025,.T.);
#12025 = EDGE_CURVE('',#12003,#12026,#12028,.T.);
#12026 = VERTEX_POINT('',#12027);
#12027 = CARTESIAN_POINT('',(36.4,8.282209608188,22.983673783132));
#12028 = SURFACE_CURVE('',#12029,(#12034,#12045),.PCURVE_S1.);
#12029 = CIRCLE('',#12030,1.2);
#12030 = AXIS2_PLACEMENT_3D('',#12031,#12032,#12033);
#12031 = CARTESIAN_POINT('',(36.4,7.194640263744,23.490815697221));
#12032 = DIRECTION('',(-1.,-0.,0.));
#12033 = DIRECTION('',(0.,-0.422618261741,-0.906307787037));
#12034 = PCURVE('',#4878,#12035);
#12035 = DEFINITIONAL_REPRESENTATION('',(#12036),#12044);
#12036 = ( BOUNDED_CURVE() B_SPLINE_CURVE(2,(#12037,#12038,#12039,#12040
    ,#12041,#12042,#12043),.UNSPECIFIED.,.T.,.F.) 
B_SPLINE_CURVE_WITH_KNOTS((1,2,2,2,2,1),(-2.094395102393,0.,
    2.094395102393,4.188790204786,6.28318530718,8.377580409573),
.UNSPECIFIED.) CURVE() GEOMETRIC_REPRESENTATION_ITEM() 
RATIONAL_B_SPLINE_CURVE((1.,0.5,1.,0.5,1.,0.5,1.)) REPRESENTATION_ITEM(
  '') );
#12037 = CARTESIAN_POINT('',(22.403246352777,-53.08749834965));
#12038 = CARTESIAN_POINT('',(23.281641914627,-51.20377298832));
#12039 = CARTESIAN_POINT('',(24.473798150368,-52.90634854012));
#12040 = CARTESIAN_POINT('',(25.665954386109,-54.60892409192));
#12041 = CARTESIAN_POINT('',(23.595402588518,-54.79007390145));
#12042 = CARTESIAN_POINT('',(21.524850790927,-54.97122371098));
#12043 = CARTESIAN_POINT('',(22.403246352777,-53.08749834965));
#12044 = ( GEOMETRIC_REPRESENTATION_CONTEXT(2) 
PARAMETRIC_REPRESENTATION_CONTEXT() REPRESENTATION_CONTEXT('2D SPACE',''
  ) );
#12045 = PCURVE('',#8648,#12046);
#12046 = DEFINITIONAL_REPRESENTATION('',(#12047),#12051);
#12047 = LINE('',#12048,#12049);
#12048 = CARTESIAN_POINT('',(0.,-2.9));
#12049 = VECTOR('',#12050,1.);
#12050 = DIRECTION('',(1.,0.));
#12051 = ( GEOMETRIC_REPRESENTATION_CONTEXT(2) 
PARAMETRIC_REPRESENTATION_CONTEXT() REPRESENTATION_CONTEXT('2D SPACE',''
  ) );
#12052 = ORIENTED_EDGE('',*,*,#12053,.T.);
#12053 = EDGE_CURVE('',#12026,#12054,#12056,.T.);
#12054 = VERTEX_POINT('',#12055);
#12055 = CARTESIAN_POINT('',(36.4,5.4929290807,17.00204238869));
#12056 = SURFACE_CURVE('',#12057,(#12061,#12067),.PCURVE_S1.);
#12057 = LINE('',#12058,#12059);
#12058 = CARTESIAN_POINT('',(36.4,-1.700030120131,1.576691603565));
#12059 = VECTOR('',#12060,1.);
#12060 = DIRECTION('',(0.,-0.422618261741,-0.906307787037));
#12061 = PCURVE('',#4878,#12062);
#12062 = DEFINITIONAL_REPRESENTATION('',(#12063),#12066);
#12063 = B_SPLINE_CURVE_WITH_KNOTS('',1,(#12064,#12065),.UNSPECIFIED.,
  .F.,.F.,(2,2),(-23.61999144855,-17.01999144855),
  .PIECEWISE_BEZIER_KNOTS.);
#12064 = CARTESIAN_POINT('',(22.983673783132,-54.68220960818));
#12065 = CARTESIAN_POINT('',(17.00204238869,-51.8929290807));
#12066 = ( GEOMETRIC_REPRESENTATION_CONTEXT(2) 
PARAMETRIC_REPRESENTATION_CONTEXT() REPRESENTATION_CONTEXT('2D SPACE',''
  ) );
#12067 = PCURVE('',#8675,#12068);
#12068 = DEFINITIONAL_REPRESENTATION('',(#12069),#12072);
#12069 = B_SPLINE_CURVE_WITH_KNOTS('',1,(#12070,#12071),.UNSPECIFIED.,
  .F.,.F.,(2,2),(-23.61999144855,-17.01999144855),
  .PIECEWISE_BEZIER_KNOTS.);
#12070 = CARTESIAN_POINT('',(3.3,-2.9));
#12071 = CARTESIAN_POINT('',(-3.3,-2.9));
#12072 = ( GEOMETRIC_REPRESENTATION_CONTEXT(2) 
PARAMETRIC_REPRESENTATION_CONTEXT() REPRESENTATION_CONTEXT('2D SPACE',''
  ) );
#12073 = ORIENTED_EDGE('',*,*,#12074,.T.);
#12074 = EDGE_CURVE('',#12054,#12005,#12075,.T.);
#12075 = SURFACE_CURVE('',#12076,(#12081,#12092),.PCURVE_S1.);
#12076 = CIRCLE('',#12077,1.2);
#12077 = AXIS2_PLACEMENT_3D('',#12078,#12079,#12080);
#12078 = CARTESIAN_POINT('',(36.4,4.405359736256,17.509184302779));
#12079 = DIRECTION('',(-1.,0.,0.));
#12080 = DIRECTION('',(0.,0.422618261741,0.906307787037));
#12081 = PCURVE('',#4878,#12082);
#12082 = DEFINITIONAL_REPRESENTATION('',(#12083),#12091);
#12083 = ( BOUNDED_CURVE() B_SPLINE_CURVE(2,(#12084,#12085,#12086,#12087
    ,#12088,#12089,#12090),.UNSPECIFIED.,.T.,.F.) 
B_SPLINE_CURVE_WITH_KNOTS((1,2,2,2,2,1),(-2.094395102393,0.,
    2.094395102393,4.188790204786,6.28318530718,8.377580409573),
.UNSPECIFIED.) CURVE() GEOMETRIC_REPRESENTATION_ITEM() 
RATIONAL_B_SPLINE_CURVE((1.,0.5,1.,0.5,1.,0.5,1.)) REPRESENTATION_ITEM(
  '') );
#12084 = CARTESIAN_POINT('',(18.596753647223,-51.31250165034));
#12085 = CARTESIAN_POINT('',(17.718358085373,-53.19622701167));
#12086 = CARTESIAN_POINT('',(16.526201849632,-51.49365145987));
#12087 = CARTESIAN_POINT('',(15.334045613891,-49.79107590807));
#12088 = CARTESIAN_POINT('',(17.404597411482,-49.60992609854));
#12089 = CARTESIAN_POINT('',(19.475149209073,-49.42877628901));
#12090 = CARTESIAN_POINT('',(18.596753647223,-51.31250165034));
#12091 = ( GEOMETRIC_REPRESENTATION_CONTEXT(2) 
PARAMETRIC_REPRESENTATION_CONTEXT() REPRESENTATION_CONTEXT('2D SPACE',''
  ) );
#12092 = PCURVE('',#8705,#12093);
#12093 = DEFINITIONAL_REPRESENTATION('',(#12094),#12098);
#12094 = LINE('',#12095,#12096);
#12095 = CARTESIAN_POINT('',(0.,-2.9));
#12096 = VECTOR('',#12097,1.);
#12097 = DIRECTION('',(1.,0.));
#12098 = ( GEOMETRIC_REPRESENTATION_CONTEXT(2) 
PARAMETRIC_REPRESENTATION_CONTEXT() REPRESENTATION_CONTEXT('2D SPACE',''
  ) );
#12099 = FACE_BOUND('',#12100,.T.);
#12100 = EDGE_LOOP('',(#12101,#12124,#12152,#12173));
#12101 = ORIENTED_EDGE('',*,*,#12102,.F.);
#12102 = EDGE_CURVE('',#12103,#12105,#12107,.T.);
#12103 = VERTEX_POINT('',#12104);
#12104 = CARTESIAN_POINT('',(36.4,0.3070709193,23.99795761131));
#12105 = VERTEX_POINT('',#12106);
#12106 = CARTESIAN_POINT('',(36.4,-2.482209608188,18.016326216868));
#12107 = SURFACE_CURVE('',#12108,(#12112,#12118),.PCURVE_S1.);
#12108 = LINE('',#12109,#12110);
#12109 = CARTESIAN_POINT('',(36.4,-9.854530974937,2.206332025655));
#12110 = VECTOR('',#12111,1.);
#12111 = DIRECTION('',(0.,-0.422618261741,-0.906307787037));
#12112 = PCURVE('',#4878,#12113);
#12113 = DEFINITIONAL_REPRESENTATION('',(#12114),#12117);
#12114 = B_SPLINE_CURVE_WITH_KNOTS('',1,(#12115,#12116),.UNSPECIFIED.,
  .F.,.F.,(2,2),(-24.04439848951,-17.44439848951),
  .PIECEWISE_BEZIER_KNOTS.);
#12115 = CARTESIAN_POINT('',(23.99795761131,-46.7070709193));
#12116 = CARTESIAN_POINT('',(18.016326216868,-43.91779039181));
#12117 = ( GEOMETRIC_REPRESENTATION_CONTEXT(2) 
PARAMETRIC_REPRESENTATION_CONTEXT() REPRESENTATION_CONTEXT('2D SPACE',''
  ) );
#12118 = PCURVE('',#8736,#12119);
#12119 = DEFINITIONAL_REPRESENTATION('',(#12120),#12123);
#12120 = B_SPLINE_CURVE_WITH_KNOTS('',1,(#12121,#12122),.UNSPECIFIED.,
  .F.,.F.,(2,2),(-24.04439848951,-17.44439848951),
  .PIECEWISE_BEZIER_KNOTS.);
#12121 = CARTESIAN_POINT('',(6.6,-2.9));
#12122 = CARTESIAN_POINT('',(0.,-2.9));
#12123 = ( GEOMETRIC_REPRESENTATION_CONTEXT(2) 
PARAMETRIC_REPRESENTATION_CONTEXT() REPRESENTATION_CONTEXT('2D SPACE',''
  ) );
#12124 = ORIENTED_EDGE('',*,*,#12125,.T.);
#12125 = EDGE_CURVE('',#12103,#12126,#12128,.T.);
#12126 = VERTEX_POINT('',#12127);
#12127 = CARTESIAN_POINT('',(36.4,2.482209608188,22.983673783132));
#12128 = SURFACE_CURVE('',#12129,(#12134,#12145),.PCURVE_S1.);
#12129 = CIRCLE('',#12130,1.2);
#12130 = AXIS2_PLACEMENT_3D('',#12131,#12132,#12133);
#12131 = CARTESIAN_POINT('',(36.4,1.394640263744,23.490815697221));
#12132 = DIRECTION('',(-1.,-0.,0.));
#12133 = DIRECTION('',(0.,-0.422618261741,-0.906307787037));
#12134 = PCURVE('',#4878,#12135);
#12135 = DEFINITIONAL_REPRESENTATION('',(#12136),#12144);
#12136 = ( BOUNDED_CURVE() B_SPLINE_CURVE(2,(#12137,#12138,#12139,#12140
    ,#12141,#12142,#12143),.UNSPECIFIED.,.T.,.F.) 
B_SPLINE_CURVE_WITH_KNOTS((1,2,2,2,2,1),(-2.094395102393,0.,
    2.094395102393,4.188790204786,6.28318530718,8.377580409573),
.UNSPECIFIED.) CURVE() GEOMETRIC_REPRESENTATION_ITEM() 
RATIONAL_B_SPLINE_CURVE((1.,0.5,1.,0.5,1.,0.5,1.)) REPRESENTATION_ITEM(
  '') );
#12137 = CARTESIAN_POINT('',(22.403246352777,-47.28749834965));
#12138 = CARTESIAN_POINT('',(23.281641914627,-45.40377298832));
#12139 = CARTESIAN_POINT('',(24.473798150368,-47.10634854012));
#12140 = CARTESIAN_POINT('',(25.665954386109,-48.80892409192));
#12141 = CARTESIAN_POINT('',(23.595402588518,-48.99007390145));
#12142 = CARTESIAN_POINT('',(21.524850790927,-49.17122371098));
#12143 = CARTESIAN_POINT('',(22.403246352777,-47.28749834965));
#12144 = ( GEOMETRIC_REPRESENTATION_CONTEXT(2) 
PARAMETRIC_REPRESENTATION_CONTEXT() REPRESENTATION_CONTEXT('2D SPACE',''
  ) );
#12145 = PCURVE('',#8768,#12146);
#12146 = DEFINITIONAL_REPRESENTATION('',(#12147),#12151);
#12147 = LINE('',#12148,#12149);
#12148 = CARTESIAN_POINT('',(0.,-2.9));
#12149 = VECTOR('',#12150,1.);
#12150 = DIRECTION('',(1.,0.));
#12151 = ( GEOMETRIC_REPRESENTATION_CONTEXT(2) 
PARAMETRIC_REPRESENTATION_CONTEXT() REPRESENTATION_CONTEXT('2D SPACE',''
  ) );
#12152 = ORIENTED_EDGE('',*,*,#12153,.T.);
#12153 = EDGE_CURVE('',#12126,#12154,#12156,.T.);
#12154 = VERTEX_POINT('',#12155);
#12155 = CARTESIAN_POINT('',(36.4,-0.3070709193,17.00204238869));
#12156 = SURFACE_CURVE('',#12157,(#12161,#12167),.PCURVE_S1.);
#12157 = LINE('',#12158,#12159);
#12158 = CARTESIAN_POINT('',(36.4,-6.982072154177,2.687456046088));
#12159 = VECTOR('',#12160,1.);
#12160 = DIRECTION('',(0.,-0.422618261741,-0.906307787037));
#12161 = PCURVE('',#4878,#12162);
#12162 = DEFINITIONAL_REPRESENTATION('',(#12163),#12166);
#12163 = B_SPLINE_CURVE_WITH_KNOTS('',1,(#12164,#12165),.UNSPECIFIED.,
  .F.,.F.,(2,2),(-22.39439848951,-15.79439848951),
  .PIECEWISE_BEZIER_KNOTS.);
#12164 = CARTESIAN_POINT('',(22.983673783132,-48.88220960818));
#12165 = CARTESIAN_POINT('',(17.00204238869,-46.0929290807));
#12166 = ( GEOMETRIC_REPRESENTATION_CONTEXT(2) 
PARAMETRIC_REPRESENTATION_CONTEXT() REPRESENTATION_CONTEXT('2D SPACE',''
  ) );
#12167 = PCURVE('',#8795,#12168);
#12168 = DEFINITIONAL_REPRESENTATION('',(#12169),#12172);
#12169 = B_SPLINE_CURVE_WITH_KNOTS('',1,(#12170,#12171),.UNSPECIFIED.,
  .F.,.F.,(2,2),(-22.39439848951,-15.79439848951),
  .PIECEWISE_BEZIER_KNOTS.);
#12170 = CARTESIAN_POINT('',(3.3,-2.9));
#12171 = CARTESIAN_POINT('',(-3.3,-2.9));
#12172 = ( GEOMETRIC_REPRESENTATION_CONTEXT(2) 
PARAMETRIC_REPRESENTATION_CONTEXT() REPRESENTATION_CONTEXT('2D SPACE',''
  ) );
#12173 = ORIENTED_EDGE('',*,*,#12174,.T.);
#12174 = EDGE_CURVE('',#12154,#12105,#12175,.T.);
#12175 = SURFACE_CURVE('',#12176,(#12181,#12192),.PCURVE_S1.);
#12176 = CIRCLE('',#12177,1.2);
#12177 = AXIS2_PLACEMENT_3D('',#12178,#12179,#12180);
#12178 = CARTESIAN_POINT('',(36.4,-1.394640263744,17.509184302779));
#12179 = DIRECTION('',(-1.,0.,0.));
#12180 = DIRECTION('',(0.,0.422618261741,0.906307787037));
#12181 = PCURVE('',#4878,#12182);
#12182 = DEFINITIONAL_REPRESENTATION('',(#12183),#12191);
#12183 = ( BOUNDED_CURVE() B_SPLINE_CURVE(2,(#12184,#12185,#12186,#12187
    ,#12188,#12189,#12190),.UNSPECIFIED.,.T.,.F.) 
B_SPLINE_CURVE_WITH_KNOTS((1,2,2,2,2,1),(-2.094395102393,0.,
    2.094395102393,4.188790204786,6.28318530718,8.377580409573),
.UNSPECIFIED.) CURVE() GEOMETRIC_REPRESENTATION_ITEM() 
RATIONAL_B_SPLINE_CURVE((1.,0.5,1.,0.5,1.,0.5,1.)) REPRESENTATION_ITEM(
  '') );
#12184 = CARTESIAN_POINT('',(18.596753647223,-45.51250165034));
#12185 = CARTESIAN_POINT('',(17.718358085373,-47.39622701167));
#12186 = CARTESIAN_POINT('',(16.526201849632,-45.69365145987));
#12187 = CARTESIAN_POINT('',(15.334045613891,-43.99107590807));
#12188 = CARTESIAN_POINT('',(17.404597411482,-43.80992609854));
#12189 = CARTESIAN_POINT('',(19.475149209073,-43.62877628901));
#12190 = CARTESIAN_POINT('',(18.596753647223,-45.51250165034));
#12191 = ( GEOMETRIC_REPRESENTATION_CONTEXT(2) 
PARAMETRIC_REPRESENTATION_CONTEXT() REPRESENTATION_CONTEXT('2D SPACE',''
  ) );
#12192 = PCURVE('',#8825,#12193);
#12193 = DEFINITIONAL_REPRESENTATION('',(#12194),#12198);
#12194 = LINE('',#12195,#12196);
#12195 = CARTESIAN_POINT('',(0.,-2.9));
#12196 = VECTOR('',#12197,1.);
#12197 = DIRECTION('',(1.,0.));
#12198 = ( GEOMETRIC_REPRESENTATION_CONTEXT(2) 
PARAMETRIC_REPRESENTATION_CONTEXT() REPRESENTATION_CONTEXT('2D SPACE',''
  ) );
#12199 = FACE_BOUND('',#12200,.T.);
#12200 = EDGE_LOOP('',(#12201,#12224,#12252,#12273));
#12201 = ORIENTED_EDGE('',*,*,#12202,.F.);
#12202 = EDGE_CURVE('',#12203,#12205,#12207,.T.);
#12203 = VERTEX_POINT('',#12204);
#12204 = CARTESIAN_POINT('',(36.4,-5.4929290807,23.99795761131));
#12205 = VERTEX_POINT('',#12206);
#12206 = CARTESIAN_POINT('',(36.4,-8.282209608188,18.016326216868));
#12207 = SURFACE_CURVE('',#12208,(#12212,#12218),.PCURVE_S1.);
#12208 = LINE('',#12209,#12210);
#12209 = CARTESIAN_POINT('',(36.4,-15.13657300898,3.317096468177));
#12210 = VECTOR('',#12211,1.);
#12211 = DIRECTION('',(0.,-0.422618261741,-0.906307787037));
#12212 = PCURVE('',#4878,#12213);
#12213 = DEFINITIONAL_REPRESENTATION('',(#12214),#12217);
#12214 = B_SPLINE_CURVE_WITH_KNOTS('',1,(#12215,#12216),.UNSPECIFIED.,
  .F.,.F.,(2,2),(-22.81880553046,-16.21880553046),
  .PIECEWISE_BEZIER_KNOTS.);
#12215 = CARTESIAN_POINT('',(23.99795761131,-40.9070709193));
#12216 = CARTESIAN_POINT('',(18.016326216868,-38.11779039181));
#12217 = ( GEOMETRIC_REPRESENTATION_CONTEXT(2) 
PARAMETRIC_REPRESENTATION_CONTEXT() REPRESENTATION_CONTEXT('2D SPACE',''
  ) );
#12218 = PCURVE('',#8856,#12219);
#12219 = DEFINITIONAL_REPRESENTATION('',(#12220),#12223);
#12220 = B_SPLINE_CURVE_WITH_KNOTS('',1,(#12221,#12222),.UNSPECIFIED.,
  .F.,.F.,(2,2),(-22.81880553046,-16.21880553046),
  .PIECEWISE_BEZIER_KNOTS.);
#12221 = CARTESIAN_POINT('',(6.6,-2.9));
#12222 = CARTESIAN_POINT('',(0.,-2.9));
#12223 = ( GEOMETRIC_REPRESENTATION_CONTEXT(2) 
PARAMETRIC_REPRESENTATION_CONTEXT() REPRESENTATION_CONTEXT('2D SPACE',''
  ) );
#12224 = ORIENTED_EDGE('',*,*,#12225,.T.);
#12225 = EDGE_CURVE('',#12203,#12226,#12228,.T.);
#12226 = VERTEX_POINT('',#12227);
#12227 = CARTESIAN_POINT('',(36.4,-3.317790391812,22.983673783132));
#12228 = SURFACE_CURVE('',#12229,(#12234,#12245),.PCURVE_S1.);
#12229 = CIRCLE('',#12230,1.2);
#12230 = AXIS2_PLACEMENT_3D('',#12231,#12232,#12233);
#12231 = CARTESIAN_POINT('',(36.4,-4.405359736256,23.490815697221));
#12232 = DIRECTION('',(-1.,-0.,0.));
#12233 = DIRECTION('',(0.,-0.422618261741,-0.906307787037));
#12234 = PCURVE('',#4878,#12235);
#12235 = DEFINITIONAL_REPRESENTATION('',(#12236),#12244);
#12236 = ( BOUNDED_CURVE() B_SPLINE_CURVE(2,(#12237,#12238,#12239,#12240
    ,#12241,#12242,#12243),.UNSPECIFIED.,.T.,.F.) 
B_SPLINE_CURVE_WITH_KNOTS((1,2,2,2,2,1),(-2.094395102393,0.,
    2.094395102393,4.188790204786,6.28318530718,8.377580409573),
.UNSPECIFIED.) CURVE() GEOMETRIC_REPRESENTATION_ITEM() 
RATIONAL_B_SPLINE_CURVE((1.,0.5,1.,0.5,1.,0.5,1.)) REPRESENTATION_ITEM(
  '') );
#12237 = CARTESIAN_POINT('',(22.403246352777,-41.48749834965));
#12238 = CARTESIAN_POINT('',(23.281641914627,-39.60377298832));
#12239 = CARTESIAN_POINT('',(24.473798150368,-41.30634854012));
#12240 = CARTESIAN_POINT('',(25.665954386109,-43.00892409192));
#12241 = CARTESIAN_POINT('',(23.595402588518,-43.19007390145));
#12242 = CARTESIAN_POINT('',(21.524850790927,-43.37122371098));
#12243 = CARTESIAN_POINT('',(22.403246352777,-41.48749834965));
#12244 = ( GEOMETRIC_REPRESENTATION_CONTEXT(2) 
PARAMETRIC_REPRESENTATION_CONTEXT() REPRESENTATION_CONTEXT('2D SPACE',''
  ) );
#12245 = PCURVE('',#8888,#12246);
#12246 = DEFINITIONAL_REPRESENTATION('',(#12247),#12251);
#12247 = LINE('',#12248,#12249);
#12248 = CARTESIAN_POINT('',(0.,-2.9));
#12249 = VECTOR('',#12250,1.);
#12250 = DIRECTION('',(1.,0.));
#12251 = ( GEOMETRIC_REPRESENTATION_CONTEXT(2) 
PARAMETRIC_REPRESENTATION_CONTEXT() REPRESENTATION_CONTEXT('2D SPACE',''
  ) );
#12252 = ORIENTED_EDGE('',*,*,#12253,.T.);
#12253 = EDGE_CURVE('',#12226,#12254,#12256,.T.);
#12254 = VERTEX_POINT('',#12255);
#12255 = CARTESIAN_POINT('',(36.4,-6.1070709193,17.00204238869));
#12256 = SURFACE_CURVE('',#12257,(#12261,#12267),.PCURVE_S1.);
#12257 = LINE('',#12258,#12259);
#12258 = CARTESIAN_POINT('',(36.4,-12.26411418822,3.79822048861));
#12259 = VECTOR('',#12260,1.);
#12260 = DIRECTION('',(0.,-0.422618261741,-0.906307787037));
#12261 = PCURVE('',#4878,#12262);
#12262 = DEFINITIONAL_REPRESENTATION('',(#12263),#12266);
#12263 = B_SPLINE_CURVE_WITH_KNOTS('',1,(#12264,#12265),.UNSPECIFIED.,
  .F.,.F.,(2,2),(-21.16880553046,-14.56880553046),
  .PIECEWISE_BEZIER_KNOTS.);
#12264 = CARTESIAN_POINT('',(22.983673783132,-43.08220960818));
#12265 = CARTESIAN_POINT('',(17.00204238869,-40.2929290807));
#12266 = ( GEOMETRIC_REPRESENTATION_CONTEXT(2) 
PARAMETRIC_REPRESENTATION_CONTEXT() REPRESENTATION_CONTEXT('2D SPACE',''
  ) );
#12267 = PCURVE('',#8915,#12268);
#12268 = DEFINITIONAL_REPRESENTATION('',(#12269),#12272);
#12269 = B_SPLINE_CURVE_WITH_KNOTS('',1,(#12270,#12271),.UNSPECIFIED.,
  .F.,.F.,(2,2),(-21.16880553046,-14.56880553046),
  .PIECEWISE_BEZIER_KNOTS.);
#12270 = CARTESIAN_POINT('',(3.3,-2.9));
#12271 = CARTESIAN_POINT('',(-3.3,-2.9));
#12272 = ( GEOMETRIC_REPRESENTATION_CONTEXT(2) 
PARAMETRIC_REPRESENTATION_CONTEXT() REPRESENTATION_CONTEXT('2D SPACE',''
  ) );
#12273 = ORIENTED_EDGE('',*,*,#12274,.T.);
#12274 = EDGE_CURVE('',#12254,#12205,#12275,.T.);
#12275 = SURFACE_CURVE('',#12276,(#12281,#12292),.PCURVE_S1.);
#12276 = CIRCLE('',#12277,1.2);
#12277 = AXIS2_PLACEMENT_3D('',#12278,#12279,#12280);
#12278 = CARTESIAN_POINT('',(36.4,-7.194640263744,17.509184302779));
#12279 = DIRECTION('',(-1.,0.,0.));
#12280 = DIRECTION('',(0.,0.422618261741,0.906307787037));
#12281 = PCURVE('',#4878,#12282);
#12282 = DEFINITIONAL_REPRESENTATION('',(#12283),#12291);
#12283 = ( BOUNDED_CURVE() B_SPLINE_CURVE(2,(#12284,#12285,#12286,#12287
    ,#12288,#12289,#12290),.UNSPECIFIED.,.T.,.F.) 
B_SPLINE_CURVE_WITH_KNOTS((1,2,2,2,2,1),(-2.094395102393,0.,
    2.094395102393,4.188790204786,6.28318530718,8.377580409573),
.UNSPECIFIED.) CURVE() GEOMETRIC_REPRESENTATION_ITEM() 
RATIONAL_B_SPLINE_CURVE((1.,0.5,1.,0.5,1.,0.5,1.)) REPRESENTATION_ITEM(
  '') );
#12284 = CARTESIAN_POINT('',(18.596753647223,-39.71250165034));
#12285 = CARTESIAN_POINT('',(17.718358085373,-41.59622701167));
#12286 = CARTESIAN_POINT('',(16.526201849632,-39.89365145987));
#12287 = CARTESIAN_POINT('',(15.334045613891,-38.19107590807));
#12288 = CARTESIAN_POINT('',(17.404597411482,-38.00992609854));
#12289 = CARTESIAN_POINT('',(19.475149209073,-37.82877628901));
#12290 = CARTESIAN_POINT('',(18.596753647223,-39.71250165034));
#12291 = ( GEOMETRIC_REPRESENTATION_CONTEXT(2) 
PARAMETRIC_REPRESENTATION_CONTEXT() REPRESENTATION_CONTEXT('2D SPACE',''
  ) );
#12292 = PCURVE('',#8945,#12293);
#12293 = DEFINITIONAL_REPRESENTATION('',(#12294),#12298);
#12294 = LINE('',#12295,#12296);
#12295 = CARTESIAN_POINT('',(0.,-2.9));
#12296 = VECTOR('',#12297,1.);
#12297 = DIRECTION('',(1.,0.));
#12298 = ( GEOMETRIC_REPRESENTATION_CONTEXT(2) 
PARAMETRIC_REPRESENTATION_CONTEXT() REPRESENTATION_CONTEXT('2D SPACE',''
  ) );
#12299 = FACE_BOUND('',#12300,.T.);
#12300 = EDGE_LOOP('',(#12301,#12324,#12352,#12373));
#12301 = ORIENTED_EDGE('',*,*,#12302,.F.);
#12302 = EDGE_CURVE('',#12303,#12305,#12307,.T.);
#12303 = VERTEX_POINT('',#12304);
#12304 = CARTESIAN_POINT('',(36.4,-11.2929290807,23.99795761131));
#12305 = VERTEX_POINT('',#12306);
#12306 = CARTESIAN_POINT('',(36.4,-14.08220960818,18.016326216868));
#12307 = SURFACE_CURVE('',#12308,(#12312,#12318),.PCURVE_S1.);
#12308 = LINE('',#12309,#12310);
#12309 = CARTESIAN_POINT('',(36.4,-20.41861504302,4.4278609107));
#12310 = VECTOR('',#12311,1.);
#12311 = DIRECTION('',(0.,-0.422618261741,-0.906307787037));
#12312 = PCURVE('',#4878,#12313);
#12313 = DEFINITIONAL_REPRESENTATION('',(#12314),#12317);
#12314 = B_SPLINE_CURVE_WITH_KNOTS('',1,(#12315,#12316),.UNSPECIFIED.,
  .F.,.F.,(2,2),(-21.59321257141,-14.99321257141),
  .PIECEWISE_BEZIER_KNOTS.);
#12315 = CARTESIAN_POINT('',(23.99795761131,-35.1070709193));
#12316 = CARTESIAN_POINT('',(18.016326216868,-32.31779039181));
#12317 = ( GEOMETRIC_REPRESENTATION_CONTEXT(2) 
PARAMETRIC_REPRESENTATION_CONTEXT() REPRESENTATION_CONTEXT('2D SPACE',''
  ) );
#12318 = PCURVE('',#8976,#12319);
#12319 = DEFINITIONAL_REPRESENTATION('',(#12320),#12323);
#12320 = B_SPLINE_CURVE_WITH_KNOTS('',1,(#12321,#12322),.UNSPECIFIED.,
  .F.,.F.,(2,2),(-21.59321257141,-14.99321257141),
  .PIECEWISE_BEZIER_KNOTS.);
#12321 = CARTESIAN_POINT('',(6.6,-2.9));
#12322 = CARTESIAN_POINT('',(0.,-2.9));
#12323 = ( GEOMETRIC_REPRESENTATION_CONTEXT(2) 
PARAMETRIC_REPRESENTATION_CONTEXT() REPRESENTATION_CONTEXT('2D SPACE',''
  ) );
#12324 = ORIENTED_EDGE('',*,*,#12325,.T.);
#12325 = EDGE_CURVE('',#12303,#12326,#12328,.T.);
#12326 = VERTEX_POINT('',#12327);
#12327 = CARTESIAN_POINT('',(36.4,-9.117790391812,22.983673783132));
#12328 = SURFACE_CURVE('',#12329,(#12334,#12345),.PCURVE_S1.);
#12329 = CIRCLE('',#12330,1.2);
#12330 = AXIS2_PLACEMENT_3D('',#12331,#12332,#12333);
#12331 = CARTESIAN_POINT('',(36.4,-10.20535973625,23.490815697221));
#12332 = DIRECTION('',(-1.,-0.,0.));
#12333 = DIRECTION('',(0.,-0.422618261741,-0.906307787037));
#12334 = PCURVE('',#4878,#12335);
#12335 = DEFINITIONAL_REPRESENTATION('',(#12336),#12344);
#12336 = ( BOUNDED_CURVE() B_SPLINE_CURVE(2,(#12337,#12338,#12339,#12340
    ,#12341,#12342,#12343),.UNSPECIFIED.,.T.,.F.) 
B_SPLINE_CURVE_WITH_KNOTS((1,2,2,2,2,1),(-2.094395102393,0.,
    2.094395102393,4.188790204786,6.28318530718,8.377580409573),
.UNSPECIFIED.) CURVE() GEOMETRIC_REPRESENTATION_ITEM() 
RATIONAL_B_SPLINE_CURVE((1.,0.5,1.,0.5,1.,0.5,1.)) REPRESENTATION_ITEM(
  '') );
#12337 = CARTESIAN_POINT('',(22.403246352777,-35.68749834965));
#12338 = CARTESIAN_POINT('',(23.281641914627,-33.80377298832));
#12339 = CARTESIAN_POINT('',(24.473798150368,-35.50634854012));
#12340 = CARTESIAN_POINT('',(25.665954386109,-37.20892409192));
#12341 = CARTESIAN_POINT('',(23.595402588518,-37.39007390145));
#12342 = CARTESIAN_POINT('',(21.524850790927,-37.57122371098));
#12343 = CARTESIAN_POINT('',(22.403246352777,-35.68749834965));
#12344 = ( GEOMETRIC_REPRESENTATION_CONTEXT(2) 
PARAMETRIC_REPRESENTATION_CONTEXT() REPRESENTATION_CONTEXT('2D SPACE',''
  ) );
#12345 = PCURVE('',#9008,#12346);
#12346 = DEFINITIONAL_REPRESENTATION('',(#12347),#12351);
#12347 = LINE('',#12348,#12349);
#12348 = CARTESIAN_POINT('',(0.,-2.9));
#12349 = VECTOR('',#12350,1.);
#12350 = DIRECTION('',(1.,0.));
#12351 = ( GEOMETRIC_REPRESENTATION_CONTEXT(2) 
PARAMETRIC_REPRESENTATION_CONTEXT() REPRESENTATION_CONTEXT('2D SPACE',''
  ) );
#12352 = ORIENTED_EDGE('',*,*,#12353,.T.);
#12353 = EDGE_CURVE('',#12326,#12354,#12356,.T.);
#12354 = VERTEX_POINT('',#12355);
#12355 = CARTESIAN_POINT('',(36.4,-11.9070709193,17.00204238869));
#12356 = SURFACE_CURVE('',#12357,(#12361,#12367),.PCURVE_S1.);
#12357 = LINE('',#12358,#12359);
#12358 = CARTESIAN_POINT('',(36.4,-17.54615622226,4.908984931133));
#12359 = VECTOR('',#12360,1.);
#12360 = DIRECTION('',(0.,-0.422618261741,-0.906307787037));
#12361 = PCURVE('',#4878,#12362);
#12362 = DEFINITIONAL_REPRESENTATION('',(#12363),#12366);
#12363 = B_SPLINE_CURVE_WITH_KNOTS('',1,(#12364,#12365),.UNSPECIFIED.,
  .F.,.F.,(2,2),(-19.94321257141,-13.34321257141),
  .PIECEWISE_BEZIER_KNOTS.);
#12364 = CARTESIAN_POINT('',(22.983673783132,-37.28220960818));
#12365 = CARTESIAN_POINT('',(17.00204238869,-34.4929290807));
#12366 = ( GEOMETRIC_REPRESENTATION_CONTEXT(2) 
PARAMETRIC_REPRESENTATION_CONTEXT() REPRESENTATION_CONTEXT('2D SPACE',''
  ) );
#12367 = PCURVE('',#9035,#12368);
#12368 = DEFINITIONAL_REPRESENTATION('',(#12369),#12372);
#12369 = B_SPLINE_CURVE_WITH_KNOTS('',1,(#12370,#12371),.UNSPECIFIED.,
  .F.,.F.,(2,2),(-19.94321257141,-13.34321257141),
  .PIECEWISE_BEZIER_KNOTS.);
#12370 = CARTESIAN_POINT('',(3.3,-2.9));
#12371 = CARTESIAN_POINT('',(-3.3,-2.9));
#12372 = ( GEOMETRIC_REPRESENTATION_CONTEXT(2) 
PARAMETRIC_REPRESENTATION_CONTEXT() REPRESENTATION_CONTEXT('2D SPACE',''
  ) );
#12373 = ORIENTED_EDGE('',*,*,#12374,.T.);
#12374 = EDGE_CURVE('',#12354,#12305,#12375,.T.);
#12375 = SURFACE_CURVE('',#12376,(#12381,#12392),.PCURVE_S1.);
#12376 = CIRCLE('',#12377,1.2);
#12377 = AXIS2_PLACEMENT_3D('',#12378,#12379,#12380);
#12378 = CARTESIAN_POINT('',(36.4,-12.99464026374,17.509184302779));
#12379 = DIRECTION('',(-1.,0.,0.));
#12380 = DIRECTION('',(0.,0.422618261741,0.906307787037));
#12381 = PCURVE('',#4878,#12382);
#12382 = DEFINITIONAL_REPRESENTATION('',(#12383),#12391);
#12383 = ( BOUNDED_CURVE() B_SPLINE_CURVE(2,(#12384,#12385,#12386,#12387
    ,#12388,#12389,#12390),.UNSPECIFIED.,.T.,.F.) 
B_SPLINE_CURVE_WITH_KNOTS((1,2,2,2,2,1),(-2.094395102393,0.,
    2.094395102393,4.188790204786,6.28318530718,8.377580409573),
.UNSPECIFIED.) CURVE() GEOMETRIC_REPRESENTATION_ITEM() 
RATIONAL_B_SPLINE_CURVE((1.,0.5,1.,0.5,1.,0.5,1.)) REPRESENTATION_ITEM(
  '') );
#12384 = CARTESIAN_POINT('',(18.596753647223,-33.91250165034));
#12385 = CARTESIAN_POINT('',(17.718358085373,-35.79622701167));
#12386 = CARTESIAN_POINT('',(16.526201849632,-34.09365145987));
#12387 = CARTESIAN_POINT('',(15.334045613891,-32.39107590807));
#12388 = CARTESIAN_POINT('',(17.404597411482,-32.20992609854));
#12389 = CARTESIAN_POINT('',(19.475149209073,-32.02877628901));
#12390 = CARTESIAN_POINT('',(18.596753647223,-33.91250165034));
#12391 = ( GEOMETRIC_REPRESENTATION_CONTEXT(2) 
PARAMETRIC_REPRESENTATION_CONTEXT() REPRESENTATION_CONTEXT('2D SPACE',''
  ) );
#12392 = PCURVE('',#9065,#12393);
#12393 = DEFINITIONAL_REPRESENTATION('',(#12394),#12398);
#12394 = LINE('',#12395,#12396);
#12395 = CARTESIAN_POINT('',(0.,-2.9));
#12396 = VECTOR('',#12397,1.);
#12397 = DIRECTION('',(1.,0.));
#12398 = ( GEOMETRIC_REPRESENTATION_CONTEXT(2) 
PARAMETRIC_REPRESENTATION_CONTEXT() REPRESENTATION_CONTEXT('2D SPACE',''
  ) );
#12399 = FACE_BOUND('',#12400,.T.);
#12400 = EDGE_LOOP('',(#12401,#12424,#12452,#12473));
#12401 = ORIENTED_EDGE('',*,*,#12402,.F.);
#12402 = EDGE_CURVE('',#12403,#12405,#12407,.T.);
#12403 = VERTEX_POINT('',#12404);
#12404 = CARTESIAN_POINT('',(36.4,-17.0929290807,23.99795761131));
#12405 = VERTEX_POINT('',#12406);
#12406 = CARTESIAN_POINT('',(36.4,-19.88220960818,18.016326216868));
#12407 = SURFACE_CURVE('',#12408,(#12412,#12418),.PCURVE_S1.);
#12408 = LINE('',#12409,#12410);
#12409 = CARTESIAN_POINT('',(36.4,-25.70065707707,5.538625353222));
#12410 = VECTOR('',#12411,1.);
#12411 = DIRECTION('',(0.,-0.422618261741,-0.906307787037));
#12412 = PCURVE('',#4878,#12413);
#12413 = DEFINITIONAL_REPRESENTATION('',(#12414),#12417);
#12414 = B_SPLINE_CURVE_WITH_KNOTS('',1,(#12415,#12416),.UNSPECIFIED.,
  .F.,.F.,(2,2),(-20.36761961236,-13.76761961236),
  .PIECEWISE_BEZIER_KNOTS.);
#12415 = CARTESIAN_POINT('',(23.99795761131,-29.3070709193));
#12416 = CARTESIAN_POINT('',(18.016326216868,-26.51779039181));
#12417 = ( GEOMETRIC_REPRESENTATION_CONTEXT(2) 
PARAMETRIC_REPRESENTATION_CONTEXT() REPRESENTATION_CONTEXT('2D SPACE',''
  ) );
#12418 = PCURVE('',#9096,#12419);
#12419 = DEFINITIONAL_REPRESENTATION('',(#12420),#12423);
#12420 = B_SPLINE_CURVE_WITH_KNOTS('',1,(#12421,#12422),.UNSPECIFIED.,
  .F.,.F.,(2,2),(-20.36761961236,-13.76761961236),
  .PIECEWISE_BEZIER_KNOTS.);
#12421 = CARTESIAN_POINT('',(6.6,-2.9));
#12422 = CARTESIAN_POINT('',(0.,-2.9));
#12423 = ( GEOMETRIC_REPRESENTATION_CONTEXT(2) 
PARAMETRIC_REPRESENTATION_CONTEXT() REPRESENTATION_CONTEXT('2D SPACE',''
  ) );
#12424 = ORIENTED_EDGE('',*,*,#12425,.T.);
#12425 = EDGE_CURVE('',#12403,#12426,#12428,.T.);
#12426 = VERTEX_POINT('',#12427);
#12427 = CARTESIAN_POINT('',(36.4,-14.91779039181,22.983673783132));
#12428 = SURFACE_CURVE('',#12429,(#12434,#12445),.PCURVE_S1.);
#12429 = CIRCLE('',#12430,1.2);
#12430 = AXIS2_PLACEMENT_3D('',#12431,#12432,#12433);
#12431 = CARTESIAN_POINT('',(36.4,-16.00535973625,23.490815697221));
#12432 = DIRECTION('',(-1.,-0.,0.));
#12433 = DIRECTION('',(0.,-0.422618261741,-0.906307787037));
#12434 = PCURVE('',#4878,#12435);
#12435 = DEFINITIONAL_REPRESENTATION('',(#12436),#12444);
#12436 = ( BOUNDED_CURVE() B_SPLINE_CURVE(2,(#12437,#12438,#12439,#12440
    ,#12441,#12442,#12443),.UNSPECIFIED.,.T.,.F.) 
B_SPLINE_CURVE_WITH_KNOTS((1,2,2,2,2,1),(-2.094395102393,0.,
    2.094395102393,4.188790204786,6.28318530718,8.377580409573),
.UNSPECIFIED.) CURVE() GEOMETRIC_REPRESENTATION_ITEM() 
RATIONAL_B_SPLINE_CURVE((1.,0.5,1.,0.5,1.,0.5,1.)) REPRESENTATION_ITEM(
  '') );
#12437 = CARTESIAN_POINT('',(22.403246352777,-29.88749834965));
#12438 = CARTESIAN_POINT('',(23.281641914627,-28.00377298832));
#12439 = CARTESIAN_POINT('',(24.473798150368,-29.70634854012));
#12440 = CARTESIAN_POINT('',(25.665954386109,-31.40892409192));
#12441 = CARTESIAN_POINT('',(23.595402588518,-31.59007390145));
#12442 = CARTESIAN_POINT('',(21.524850790927,-31.77122371098));
#12443 = CARTESIAN_POINT('',(22.403246352777,-29.88749834965));
#12444 = ( GEOMETRIC_REPRESENTATION_CONTEXT(2) 
PARAMETRIC_REPRESENTATION_CONTEXT() REPRESENTATION_CONTEXT('2D SPACE',''
  ) );
#12445 = PCURVE('',#9128,#12446);
#12446 = DEFINITIONAL_REPRESENTATION('',(#12447),#12451);
#12447 = LINE('',#12448,#12449);
#12448 = CARTESIAN_POINT('',(0.,-2.9));
#12449 = VECTOR('',#12450,1.);
#12450 = DIRECTION('',(1.,0.));
#12451 = ( GEOMETRIC_REPRESENTATION_CONTEXT(2) 
PARAMETRIC_REPRESENTATION_CONTEXT() REPRESENTATION_CONTEXT('2D SPACE',''
  ) );
#12452 = ORIENTED_EDGE('',*,*,#12453,.T.);
#12453 = EDGE_CURVE('',#12426,#12454,#12456,.T.);
#12454 = VERTEX_POINT('',#12455);
#12455 = CARTESIAN_POINT('',(36.4,-17.7070709193,17.00204238869));
#12456 = SURFACE_CURVE('',#12457,(#12461,#12467),.PCURVE_S1.);
#12457 = LINE('',#12458,#12459);
#12458 = CARTESIAN_POINT('',(36.4,-22.82819825631,6.019749373655));
#12459 = VECTOR('',#12460,1.);
#12460 = DIRECTION('',(0.,-0.422618261741,-0.906307787037));
#12461 = PCURVE('',#4878,#12462);
#12462 = DEFINITIONAL_REPRESENTATION('',(#12463),#12466);
#12463 = B_SPLINE_CURVE_WITH_KNOTS('',1,(#12464,#12465),.UNSPECIFIED.,
  .F.,.F.,(2,2),(-18.71761961236,-12.11761961236),
  .PIECEWISE_BEZIER_KNOTS.);
#12464 = CARTESIAN_POINT('',(22.983673783132,-31.48220960818));
#12465 = CARTESIAN_POINT('',(17.00204238869,-28.6929290807));
#12466 = ( GEOMETRIC_REPRESENTATION_CONTEXT(2) 
PARAMETRIC_REPRESENTATION_CONTEXT() REPRESENTATION_CONTEXT('2D SPACE',''
  ) );
#12467 = PCURVE('',#9155,#12468);
#12468 = DEFINITIONAL_REPRESENTATION('',(#12469),#12472);
#12469 = B_SPLINE_CURVE_WITH_KNOTS('',1,(#12470,#12471),.UNSPECIFIED.,
  .F.,.F.,(2,2),(-18.71761961236,-12.11761961236),
  .PIECEWISE_BEZIER_KNOTS.);
#12470 = CARTESIAN_POINT('',(3.3,-2.9));
#12471 = CARTESIAN_POINT('',(-3.3,-2.9));
#12472 = ( GEOMETRIC_REPRESENTATION_CONTEXT(2) 
PARAMETRIC_REPRESENTATION_CONTEXT() REPRESENTATION_CONTEXT('2D SPACE',''
  ) );
#12473 = ORIENTED_EDGE('',*,*,#12474,.T.);
#12474 = EDGE_CURVE('',#12454,#12405,#12475,.T.);
#12475 = SURFACE_CURVE('',#12476,(#12481,#12492),.PCURVE_S1.);
#12476 = CIRCLE('',#12477,1.2);
#12477 = AXIS2_PLACEMENT_3D('',#12478,#12479,#12480);
#12478 = CARTESIAN_POINT('',(36.4,-18.79464026374,17.509184302779));
#12479 = DIRECTION('',(-1.,0.,0.));
#12480 = DIRECTION('',(0.,0.422618261741,0.906307787037));
#12481 = PCURVE('',#4878,#12482);
#12482 = DEFINITIONAL_REPRESENTATION('',(#12483),#12491);
#12483 = ( BOUNDED_CURVE() B_SPLINE_CURVE(2,(#12484,#12485,#12486,#12487
    ,#12488,#12489,#12490),.UNSPECIFIED.,.T.,.F.) 
B_SPLINE_CURVE_WITH_KNOTS((1,2,2,2,2,1),(-2.094395102393,0.,
    2.094395102393,4.188790204786,6.28318530718,8.377580409573),
.UNSPECIFIED.) CURVE() GEOMETRIC_REPRESENTATION_ITEM() 
RATIONAL_B_SPLINE_CURVE((1.,0.5,1.,0.5,1.,0.5,1.)) REPRESENTATION_ITEM(
  '') );
#12484 = CARTESIAN_POINT('',(18.596753647223,-28.11250165034));
#12485 = CARTESIAN_POINT('',(17.718358085373,-29.99622701167));
#12486 = CARTESIAN_POINT('',(16.526201849632,-28.29365145987));
#12487 = CARTESIAN_POINT('',(15.334045613891,-26.59107590807));
#12488 = CARTESIAN_POINT('',(17.404597411482,-26.40992609854));
#12489 = CARTESIAN_POINT('',(19.475149209073,-26.22877628901));
#12490 = CARTESIAN_POINT('',(18.596753647223,-28.11250165034));
#12491 = ( GEOMETRIC_REPRESENTATION_CONTEXT(2) 
PARAMETRIC_REPRESENTATION_CONTEXT() REPRESENTATION_CONTEXT('2D SPACE',''
  ) );
#12492 = PCURVE('',#9185,#12493);
#12493 = DEFINITIONAL_REPRESENTATION('',(#12494),#12498);
#12494 = LINE('',#12495,#12496);
#12495 = CARTESIAN_POINT('',(0.,-2.9));
#12496 = VECTOR('',#12497,1.);
#12497 = DIRECTION('',(1.,0.));
#12498 = ( GEOMETRIC_REPRESENTATION_CONTEXT(2) 
PARAMETRIC_REPRESENTATION_CONTEXT() REPRESENTATION_CONTEXT('2D SPACE',''
  ) );
#12499 = ADVANCED_FACE('',(#12500),#5069,.T.);
#12500 = FACE_BOUND('',#12501,.T.);
#12501 = EDGE_LOOP('',(#12502,#12525,#12546,#12547));
#12502 = ORIENTED_EDGE('',*,*,#12503,.F.);
#12503 = EDGE_CURVE('',#12504,#5026,#12506,.T.);
#12504 = VERTEX_POINT('',#12505);
#12505 = CARTESIAN_POINT('',(48.4,42.4,27.));
#12506 = SURFACE_CURVE('',#12507,(#12511,#12518),.PCURVE_S1.);
#12507 = LINE('',#12508,#12509);
#12508 = CARTESIAN_POINT('',(48.4,42.4,27.));
#12509 = VECTOR('',#12510,1.);
#12510 = DIRECTION('',(0.,0.,1.));
#12511 = PCURVE('',#5069,#12512);
#12512 = DEFINITIONAL_REPRESENTATION('',(#12513),#12517);
#12513 = LINE('',#12514,#12515);
#12514 = CARTESIAN_POINT('',(0.,12.3));
#12515 = VECTOR('',#12516,1.);
#12516 = DIRECTION('',(1.,0.));
#12517 = ( GEOMETRIC_REPRESENTATION_CONTEXT(2) 
PARAMETRIC_REPRESENTATION_CONTEXT() REPRESENTATION_CONTEXT('2D SPACE',''
  ) );
#12518 = PCURVE('',#5041,#12519);
#12519 = DEFINITIONAL_REPRESENTATION('',(#12520),#12524);
#12520 = LINE('',#12521,#12522);
#12521 = CARTESIAN_POINT('',(0.,-14.));
#12522 = VECTOR('',#12523,1.);
#12523 = DIRECTION('',(1.,0.));
#12524 = ( GEOMETRIC_REPRESENTATION_CONTEXT(2) 
PARAMETRIC_REPRESENTATION_CONTEXT() REPRESENTATION_CONTEXT('2D SPACE',''
  ) );
#12525 = ORIENTED_EDGE('',*,*,#12526,.F.);
#12526 = EDGE_CURVE('',#11451,#12504,#12527,.T.);
#12527 = SURFACE_CURVE('',#12528,(#12532,#12539),.PCURVE_S1.);
#12528 = LINE('',#12529,#12530);
#12529 = CARTESIAN_POINT('',(36.1,42.4,14.7));
#12530 = VECTOR('',#12531,1.);
#12531 = DIRECTION('',(0.707106781187,0.,0.707106781187));
#12532 = PCURVE('',#5069,#12533);
#12533 = DEFINITIONAL_REPRESENTATION('',(#12534),#12538);
#12534 = LINE('',#12535,#12536);
#12535 = CARTESIAN_POINT('',(-12.3,0.));
#12536 = VECTOR('',#12537,1.);
#12537 = DIRECTION('',(0.707106781187,0.707106781187));
#12538 = ( GEOMETRIC_REPRESENTATION_CONTEXT(2) 
PARAMETRIC_REPRESENTATION_CONTEXT() REPRESENTATION_CONTEXT('2D SPACE',''
  ) );
#12539 = PCURVE('',#11488,#12540);
#12540 = DEFINITIONAL_REPRESENTATION('',(#12541),#12545);
#12541 = LINE('',#12542,#12543);
#12542 = CARTESIAN_POINT('',(0.,-1.2));
#12543 = VECTOR('',#12544,1.);
#12544 = DIRECTION('',(1.,0.));
#12545 = ( GEOMETRIC_REPRESENTATION_CONTEXT(2) 
PARAMETRIC_REPRESENTATION_CONTEXT() REPRESENTATION_CONTEXT('2D SPACE',''
  ) );
#12546 = ORIENTED_EDGE('',*,*,#11450,.F.);
#12547 = ORIENTED_EDGE('',*,*,#5053,.T.);
#12548 = ADVANCED_FACE('',(#12549),#5041,.T.);
#12549 = FACE_BOUND('',#12550,.T.);
#12550 = EDGE_LOOP('',(#12551,#12574,#12597,#12620,#12641,#12642));
#12551 = ORIENTED_EDGE('',*,*,#12552,.F.);
#12552 = EDGE_CURVE('',#12553,#4998,#12555,.T.);
#12553 = VERTEX_POINT('',#12554);
#12554 = CARTESIAN_POINT('',(48.4,28.4,27.));
#12555 = SURFACE_CURVE('',#12556,(#12560,#12567),.PCURVE_S1.);
#12556 = LINE('',#12557,#12558);
#12557 = CARTESIAN_POINT('',(48.4,28.4,27.));
#12558 = VECTOR('',#12559,1.);
#12559 = DIRECTION('',(0.,0.,1.));
#12560 = PCURVE('',#5041,#12561);
#12561 = DEFINITIONAL_REPRESENTATION('',(#12562),#12566);
#12562 = LINE('',#12563,#12564);
#12563 = CARTESIAN_POINT('',(0.,0.));
#12564 = VECTOR('',#12565,1.);
#12565 = DIRECTION('',(1.,0.));
#12566 = ( GEOMETRIC_REPRESENTATION_CONTEXT(2) 
PARAMETRIC_REPRESENTATION_CONTEXT() REPRESENTATION_CONTEXT('2D SPACE',''
  ) );
#12567 = PCURVE('',#5013,#12568);
#12568 = DEFINITIONAL_REPRESENTATION('',(#12569),#12573);
#12569 = LINE('',#12570,#12571);
#12570 = CARTESIAN_POINT('',(0.,12.3));
#12571 = VECTOR('',#12572,1.);
#12572 = DIRECTION('',(1.,0.));
#12573 = ( GEOMETRIC_REPRESENTATION_CONTEXT(2) 
PARAMETRIC_REPRESENTATION_CONTEXT() REPRESENTATION_CONTEXT('2D SPACE',''
  ) );
#12574 = ORIENTED_EDGE('',*,*,#12575,.T.);
#12575 = EDGE_CURVE('',#12553,#12576,#12578,.T.);
#12576 = VERTEX_POINT('',#12577);
#12577 = CARTESIAN_POINT('',(48.4,30.8,27.));
#12578 = SURFACE_CURVE('',#12579,(#12583,#12590),.PCURVE_S1.);
#12579 = LINE('',#12580,#12581);
#12580 = CARTESIAN_POINT('',(48.4,28.4,27.));
#12581 = VECTOR('',#12582,1.);
#12582 = DIRECTION('',(-0.,1.,0.));
#12583 = PCURVE('',#5041,#12584);
#12584 = DEFINITIONAL_REPRESENTATION('',(#12585),#12589);
#12585 = LINE('',#12586,#12587);
#12586 = CARTESIAN_POINT('',(0.,0.));
#12587 = VECTOR('',#12588,1.);
#12588 = DIRECTION('',(0.,-1.));
#12589 = ( GEOMETRIC_REPRESENTATION_CONTEXT(2) 
PARAMETRIC_REPRESENTATION_CONTEXT() REPRESENTATION_CONTEXT('2D SPACE',''
  ) );
#12590 = PCURVE('',#11592,#12591);
#12591 = DEFINITIONAL_REPRESENTATION('',(#12592),#12596);
#12592 = LINE('',#12593,#12594);
#12593 = CARTESIAN_POINT('',(17.394826817189,1.2));
#12594 = VECTOR('',#12595,1.);
#12595 = DIRECTION('',(0.,-1.));
#12596 = ( GEOMETRIC_REPRESENTATION_CONTEXT(2) 
PARAMETRIC_REPRESENTATION_CONTEXT() REPRESENTATION_CONTEXT('2D SPACE',''
  ) );
#12597 = ORIENTED_EDGE('',*,*,#12598,.T.);
#12598 = EDGE_CURVE('',#12576,#12599,#12601,.T.);
#12599 = VERTEX_POINT('',#12600);
#12600 = CARTESIAN_POINT('',(48.4,40.,27.));
#12601 = SURFACE_CURVE('',#12602,(#12606,#12613),.PCURVE_S1.);
#12602 = LINE('',#12603,#12604);
#12603 = CARTESIAN_POINT('',(48.4,28.4,27.));
#12604 = VECTOR('',#12605,1.);
#12605 = DIRECTION('',(-0.,1.,0.));
#12606 = PCURVE('',#5041,#12607);
#12607 = DEFINITIONAL_REPRESENTATION('',(#12608),#12612);
#12608 = LINE('',#12609,#12610);
#12609 = CARTESIAN_POINT('',(0.,0.));
#12610 = VECTOR('',#12611,1.);
#12611 = DIRECTION('',(0.,-1.));
#12612 = ( GEOMETRIC_REPRESENTATION_CONTEXT(2) 
PARAMETRIC_REPRESENTATION_CONTEXT() REPRESENTATION_CONTEXT('2D SPACE',''
  ) );
#12613 = PCURVE('',#11540,#12614);
#12614 = DEFINITIONAL_REPRESENTATION('',(#12615),#12619);
#12615 = LINE('',#12616,#12617);
#12616 = CARTESIAN_POINT('',(12.3,0.));
#12617 = VECTOR('',#12618,1.);
#12618 = DIRECTION('',(0.,1.));
#12619 = ( GEOMETRIC_REPRESENTATION_CONTEXT(2) 
PARAMETRIC_REPRESENTATION_CONTEXT() REPRESENTATION_CONTEXT('2D SPACE',''
  ) );
#12620 = ORIENTED_EDGE('',*,*,#12621,.T.);
#12621 = EDGE_CURVE('',#12599,#12504,#12622,.T.);
#12622 = SURFACE_CURVE('',#12623,(#12627,#12634),.PCURVE_S1.);
#12623 = LINE('',#12624,#12625);
#12624 = CARTESIAN_POINT('',(48.4,28.4,27.));
#12625 = VECTOR('',#12626,1.);
#12626 = DIRECTION('',(-0.,1.,0.));
#12627 = PCURVE('',#5041,#12628);
#12628 = DEFINITIONAL_REPRESENTATION('',(#12629),#12633);
#12629 = LINE('',#12630,#12631);
#12630 = CARTESIAN_POINT('',(0.,0.));
#12631 = VECTOR('',#12632,1.);
#12632 = DIRECTION('',(0.,-1.));
#12633 = ( GEOMETRIC_REPRESENTATION_CONTEXT(2) 
PARAMETRIC_REPRESENTATION_CONTEXT() REPRESENTATION_CONTEXT('2D SPACE',''
  ) );
#12634 = PCURVE('',#11488,#12635);
#12635 = DEFINITIONAL_REPRESENTATION('',(#12636),#12640);
#12636 = LINE('',#12637,#12638);
#12637 = CARTESIAN_POINT('',(17.394826817189,12.8));
#12638 = VECTOR('',#12639,1.);
#12639 = DIRECTION('',(0.,-1.));
#12640 = ( GEOMETRIC_REPRESENTATION_CONTEXT(2) 
PARAMETRIC_REPRESENTATION_CONTEXT() REPRESENTATION_CONTEXT('2D SPACE',''
  ) );
#12641 = ORIENTED_EDGE('',*,*,#12503,.T.);
#12642 = ORIENTED_EDGE('',*,*,#5025,.F.);
#12643 = ADVANCED_FACE('',(#12644),#5013,.F.);
#12644 = FACE_BOUND('',#12645,.F.);
#12645 = EDGE_LOOP('',(#12646,#12647,#12668,#12669));
#12646 = ORIENTED_EDGE('',*,*,#12552,.F.);
#12647 = ORIENTED_EDGE('',*,*,#12648,.F.);
#12648 = EDGE_CURVE('',#11578,#12553,#12649,.T.);
#12649 = SURFACE_CURVE('',#12650,(#12654,#12661),.PCURVE_S1.);
#12650 = LINE('',#12651,#12652);
#12651 = CARTESIAN_POINT('',(36.1,28.4,14.7));
#12652 = VECTOR('',#12653,1.);
#12653 = DIRECTION('',(0.707106781187,0.,0.707106781187));
#12654 = PCURVE('',#5013,#12655);
#12655 = DEFINITIONAL_REPRESENTATION('',(#12656),#12660);
#12656 = LINE('',#12657,#12658);
#12657 = CARTESIAN_POINT('',(-12.3,0.));
#12658 = VECTOR('',#12659,1.);
#12659 = DIRECTION('',(0.707106781187,0.707106781187));
#12660 = ( GEOMETRIC_REPRESENTATION_CONTEXT(2) 
PARAMETRIC_REPRESENTATION_CONTEXT() REPRESENTATION_CONTEXT('2D SPACE',''
  ) );
#12661 = PCURVE('',#11592,#12662);
#12662 = DEFINITIONAL_REPRESENTATION('',(#12663),#12667);
#12663 = LINE('',#12664,#12665);
#12664 = CARTESIAN_POINT('',(0.,1.2));
#12665 = VECTOR('',#12666,1.);
#12666 = DIRECTION('',(1.,0.));
#12667 = ( GEOMETRIC_REPRESENTATION_CONTEXT(2) 
PARAMETRIC_REPRESENTATION_CONTEXT() REPRESENTATION_CONTEXT('2D SPACE',''
  ) );
#12668 = ORIENTED_EDGE('',*,*,#11603,.T.);
#12669 = ORIENTED_EDGE('',*,*,#4997,.T.);
#12670 = ADVANCED_FACE('',(#12671),#4962,.T.);
#12671 = FACE_BOUND('',#12672,.T.);
#12672 = EDGE_LOOP('',(#12673,#12696,#12717,#12718));
#12673 = ORIENTED_EDGE('',*,*,#12674,.F.);
#12674 = EDGE_CURVE('',#12675,#4919,#12677,.T.);
#12675 = VERTEX_POINT('',#12676);
#12676 = CARTESIAN_POINT('',(48.4,-28.4,27.));
#12677 = SURFACE_CURVE('',#12678,(#12682,#12689),.PCURVE_S1.);
#12678 = LINE('',#12679,#12680);
#12679 = CARTESIAN_POINT('',(48.4,-28.4,27.));
#12680 = VECTOR('',#12681,1.);
#12681 = DIRECTION('',(0.,0.,1.));
#12682 = PCURVE('',#4962,#12683);
#12683 = DEFINITIONAL_REPRESENTATION('',(#12684),#12688);
#12684 = LINE('',#12685,#12686);
#12685 = CARTESIAN_POINT('',(0.,12.3));
#12686 = VECTOR('',#12687,1.);
#12687 = DIRECTION('',(1.,0.));
#12688 = ( GEOMETRIC_REPRESENTATION_CONTEXT(2) 
PARAMETRIC_REPRESENTATION_CONTEXT() REPRESENTATION_CONTEXT('2D SPACE',''
  ) );
#12689 = PCURVE('',#4934,#12690);
#12690 = DEFINITIONAL_REPRESENTATION('',(#12691),#12695);
#12691 = LINE('',#12692,#12693);
#12692 = CARTESIAN_POINT('',(0.,-14.));
#12693 = VECTOR('',#12694,1.);
#12694 = DIRECTION('',(1.,0.));
#12695 = ( GEOMETRIC_REPRESENTATION_CONTEXT(2) 
PARAMETRIC_REPRESENTATION_CONTEXT() REPRESENTATION_CONTEXT('2D SPACE',''
  ) );
#12696 = ORIENTED_EDGE('',*,*,#12697,.F.);
#12697 = EDGE_CURVE('',#11626,#12675,#12698,.T.);
#12698 = SURFACE_CURVE('',#12699,(#12703,#12710),.PCURVE_S1.);
#12699 = LINE('',#12700,#12701);
#12700 = CARTESIAN_POINT('',(36.1,-28.4,14.7));
#12701 = VECTOR('',#12702,1.);
#12702 = DIRECTION('',(0.707106781187,0.,0.707106781187));
#12703 = PCURVE('',#4962,#12704);
#12704 = DEFINITIONAL_REPRESENTATION('',(#12705),#12709);
#12705 = LINE('',#12706,#12707);
#12706 = CARTESIAN_POINT('',(-12.3,0.));
#12707 = VECTOR('',#12708,1.);
#12708 = DIRECTION('',(0.707106781187,0.707106781187));
#12709 = ( GEOMETRIC_REPRESENTATION_CONTEXT(2) 
PARAMETRIC_REPRESENTATION_CONTEXT() REPRESENTATION_CONTEXT('2D SPACE',''
  ) );
#12710 = PCURVE('',#11663,#12711);
#12711 = DEFINITIONAL_REPRESENTATION('',(#12712),#12716);
#12712 = LINE('',#12713,#12714);
#12713 = CARTESIAN_POINT('',(0.,-1.2));
#12714 = VECTOR('',#12715,1.);
#12715 = DIRECTION('',(1.,0.));
#12716 = ( GEOMETRIC_REPRESENTATION_CONTEXT(2) 
PARAMETRIC_REPRESENTATION_CONTEXT() REPRESENTATION_CONTEXT('2D SPACE',''
  ) );
#12717 = ORIENTED_EDGE('',*,*,#11625,.F.);
#12718 = ORIENTED_EDGE('',*,*,#4946,.T.);
#12719 = ADVANCED_FACE('',(#12720),#4934,.T.);
#12720 = FACE_BOUND('',#12721,.T.);
#12721 = EDGE_LOOP('',(#12722,#12745,#12768,#12791,#12812,#12813));
#12722 = ORIENTED_EDGE('',*,*,#12723,.F.);
#12723 = EDGE_CURVE('',#12724,#4891,#12726,.T.);
#12724 = VERTEX_POINT('',#12725);
#12725 = CARTESIAN_POINT('',(48.4,-42.4,27.));
#12726 = SURFACE_CURVE('',#12727,(#12731,#12738),.PCURVE_S1.);
#12727 = LINE('',#12728,#12729);
#12728 = CARTESIAN_POINT('',(48.4,-42.4,27.));
#12729 = VECTOR('',#12730,1.);
#12730 = DIRECTION('',(0.,0.,1.));
#12731 = PCURVE('',#4934,#12732);
#12732 = DEFINITIONAL_REPRESENTATION('',(#12733),#12737);
#12733 = LINE('',#12734,#12735);
#12734 = CARTESIAN_POINT('',(0.,0.));
#12735 = VECTOR('',#12736,1.);
#12736 = DIRECTION('',(1.,0.));
#12737 = ( GEOMETRIC_REPRESENTATION_CONTEXT(2) 
PARAMETRIC_REPRESENTATION_CONTEXT() REPRESENTATION_CONTEXT('2D SPACE',''
  ) );
#12738 = PCURVE('',#4906,#12739);
#12739 = DEFINITIONAL_REPRESENTATION('',(#12740),#12744);
#12740 = LINE('',#12741,#12742);
#12741 = CARTESIAN_POINT('',(0.,12.3));
#12742 = VECTOR('',#12743,1.);
#12743 = DIRECTION('',(1.,0.));
#12744 = ( GEOMETRIC_REPRESENTATION_CONTEXT(2) 
PARAMETRIC_REPRESENTATION_CONTEXT() REPRESENTATION_CONTEXT('2D SPACE',''
  ) );
#12745 = ORIENTED_EDGE('',*,*,#12746,.T.);
#12746 = EDGE_CURVE('',#12724,#12747,#12749,.T.);
#12747 = VERTEX_POINT('',#12748);
#12748 = CARTESIAN_POINT('',(48.4,-40.,27.));
#12749 = SURFACE_CURVE('',#12750,(#12754,#12761),.PCURVE_S1.);
#12750 = LINE('',#12751,#12752);
#12751 = CARTESIAN_POINT('',(48.4,-42.4,27.));
#12752 = VECTOR('',#12753,1.);
#12753 = DIRECTION('',(-0.,1.,0.));
#12754 = PCURVE('',#4934,#12755);
#12755 = DEFINITIONAL_REPRESENTATION('',(#12756),#12760);
#12756 = LINE('',#12757,#12758);
#12757 = CARTESIAN_POINT('',(0.,0.));
#12758 = VECTOR('',#12759,1.);
#12759 = DIRECTION('',(0.,-1.));
#12760 = ( GEOMETRIC_REPRESENTATION_CONTEXT(2) 
PARAMETRIC_REPRESENTATION_CONTEXT() REPRESENTATION_CONTEXT('2D SPACE',''
  ) );
#12761 = PCURVE('',#11767,#12762);
#12762 = DEFINITIONAL_REPRESENTATION('',(#12763),#12767);
#12763 = LINE('',#12764,#12765);
#12764 = CARTESIAN_POINT('',(17.394826817189,1.2));
#12765 = VECTOR('',#12766,1.);
#12766 = DIRECTION('',(0.,-1.));
#12767 = ( GEOMETRIC_REPRESENTATION_CONTEXT(2) 
PARAMETRIC_REPRESENTATION_CONTEXT() REPRESENTATION_CONTEXT('2D SPACE',''
  ) );
#12768 = ORIENTED_EDGE('',*,*,#12769,.T.);
#12769 = EDGE_CURVE('',#12747,#12770,#12772,.T.);
#12770 = VERTEX_POINT('',#12771);
#12771 = CARTESIAN_POINT('',(48.4,-30.8,27.));
#12772 = SURFACE_CURVE('',#12773,(#12777,#12784),.PCURVE_S1.);
#12773 = LINE('',#12774,#12775);
#12774 = CARTESIAN_POINT('',(48.4,-42.4,27.));
#12775 = VECTOR('',#12776,1.);
#12776 = DIRECTION('',(-0.,1.,0.));
#12777 = PCURVE('',#4934,#12778);
#12778 = DEFINITIONAL_REPRESENTATION('',(#12779),#12783);
#12779 = LINE('',#12780,#12781);
#12780 = CARTESIAN_POINT('',(0.,0.));
#12781 = VECTOR('',#12782,1.);
#12782 = DIRECTION('',(0.,-1.));
#12783 = ( GEOMETRIC_REPRESENTATION_CONTEXT(2) 
PARAMETRIC_REPRESENTATION_CONTEXT() REPRESENTATION_CONTEXT('2D SPACE',''
  ) );
#12784 = PCURVE('',#11715,#12785);
#12785 = DEFINITIONAL_REPRESENTATION('',(#12786),#12790);
#12786 = LINE('',#12787,#12788);
#12787 = CARTESIAN_POINT('',(12.3,0.));
#12788 = VECTOR('',#12789,1.);
#12789 = DIRECTION('',(0.,1.));
#12790 = ( GEOMETRIC_REPRESENTATION_CONTEXT(2) 
PARAMETRIC_REPRESENTATION_CONTEXT() REPRESENTATION_CONTEXT('2D SPACE',''
  ) );
#12791 = ORIENTED_EDGE('',*,*,#12792,.T.);
#12792 = EDGE_CURVE('',#12770,#12675,#12793,.T.);
#12793 = SURFACE_CURVE('',#12794,(#12798,#12805),.PCURVE_S1.);
#12794 = LINE('',#12795,#12796);
#12795 = CARTESIAN_POINT('',(48.4,-42.4,27.));
#12796 = VECTOR('',#12797,1.);
#12797 = DIRECTION('',(-0.,1.,0.));
#12798 = PCURVE('',#4934,#12799);
#12799 = DEFINITIONAL_REPRESENTATION('',(#12800),#12804);
#12800 = LINE('',#12801,#12802);
#12801 = CARTESIAN_POINT('',(0.,0.));
#12802 = VECTOR('',#12803,1.);
#12803 = DIRECTION('',(0.,-1.));
#12804 = ( GEOMETRIC_REPRESENTATION_CONTEXT(2) 
PARAMETRIC_REPRESENTATION_CONTEXT() REPRESENTATION_CONTEXT('2D SPACE',''
  ) );
#12805 = PCURVE('',#11663,#12806);
#12806 = DEFINITIONAL_REPRESENTATION('',(#12807),#12811);
#12807 = LINE('',#12808,#12809);
#12808 = CARTESIAN_POINT('',(17.394826817189,12.8));
#12809 = VECTOR('',#12810,1.);
#12810 = DIRECTION('',(0.,-1.));
#12811 = ( GEOMETRIC_REPRESENTATION_CONTEXT(2) 
PARAMETRIC_REPRESENTATION_CONTEXT() REPRESENTATION_CONTEXT('2D SPACE',''
  ) );
#12812 = ORIENTED_EDGE('',*,*,#12674,.T.);
#12813 = ORIENTED_EDGE('',*,*,#4918,.F.);
#12814 = ADVANCED_FACE('',(#12815),#4906,.F.);
#12815 = FACE_BOUND('',#12816,.F.);
#12816 = EDGE_LOOP('',(#12817,#12818,#12839,#12840));
#12817 = ORIENTED_EDGE('',*,*,#12723,.F.);
#12818 = ORIENTED_EDGE('',*,*,#12819,.F.);
#12819 = EDGE_CURVE('',#11753,#12724,#12820,.T.);
#12820 = SURFACE_CURVE('',#12821,(#12825,#12832),.PCURVE_S1.);
#12821 = LINE('',#12822,#12823);
#12822 = CARTESIAN_POINT('',(36.1,-42.4,14.7));
#12823 = VECTOR('',#12824,1.);
#12824 = DIRECTION('',(0.707106781187,0.,0.707106781187));
#12825 = PCURVE('',#4906,#12826);
#12826 = DEFINITIONAL_REPRESENTATION('',(#12827),#12831);
#12827 = LINE('',#12828,#12829);
#12828 = CARTESIAN_POINT('',(-12.3,0.));
#12829 = VECTOR('',#12830,1.);
#12830 = DIRECTION('',(0.707106781187,0.707106781187));
#12831 = ( GEOMETRIC_REPRESENTATION_CONTEXT(2) 
PARAMETRIC_REPRESENTATION_CONTEXT() REPRESENTATION_CONTEXT('2D SPACE',''
  ) );
#12832 = PCURVE('',#11767,#12833);
#12833 = DEFINITIONAL_REPRESENTATION('',(#12834),#12838);
#12834 = LINE('',#12835,#12836);
#12835 = CARTESIAN_POINT('',(0.,1.2));
#12836 = VECTOR('',#12837,1.);
#12837 = DIRECTION('',(1.,0.));
#12838 = ( GEOMETRIC_REPRESENTATION_CONTEXT(2) 
PARAMETRIC_REPRESENTATION_CONTEXT() REPRESENTATION_CONTEXT('2D SPACE',''
  ) );
#12839 = ORIENTED_EDGE('',*,*,#11778,.T.);
#12840 = ORIENTED_EDGE('',*,*,#4890,.T.);
#12841 = ADVANCED_FACE('',(#12842),#4850,.T.);
#12842 = FACE_BOUND('',#12843,.F.);
#12843 = EDGE_LOOP('',(#12844,#12845,#12846,#12847));
#12844 = ORIENTED_EDGE('',*,*,#11406,.F.);
#12845 = ORIENTED_EDGE('',*,*,#11127,.T.);
#12846 = ORIENTED_EDGE('',*,*,#11155,.T.);
#12847 = ORIENTED_EDGE('',*,*,#4829,.F.);
#12848 = ADVANCED_FACE('',(#12849),#5490,.F.);
#12849 = FACE_BOUND('',#12850,.F.);
#12850 = EDGE_LOOP('',(#12851,#12852,#12873,#12874));
#12851 = ORIENTED_EDGE('',*,*,#5473,.F.);
#12852 = ORIENTED_EDGE('',*,*,#12853,.F.);
#12853 = EDGE_CURVE('',#6088,#5474,#12854,.T.);
#12854 = SEAM_CURVE('',#12855,(#12859,#12866),.PCURVE_S1.);
#12855 = LINE('',#12856,#12857);
#12856 = CARTESIAN_POINT('',(-40.7,-35.4,26.5));
#12857 = VECTOR('',#12858,1.);
#12858 = DIRECTION('',(0.,0.,1.));
#12859 = PCURVE('',#5490,#12860);
#12860 = DEFINITIONAL_REPRESENTATION('',(#12861),#12865);
#12861 = LINE('',#12862,#12863);
#12862 = CARTESIAN_POINT('',(6.28318530718,-0.));
#12863 = VECTOR('',#12864,1.);
#12864 = DIRECTION('',(0.,1.));
#12865 = ( GEOMETRIC_REPRESENTATION_CONTEXT(2) 
PARAMETRIC_REPRESENTATION_CONTEXT() REPRESENTATION_CONTEXT('2D SPACE',''
  ) );
#12866 = PCURVE('',#5490,#12867);
#12867 = DEFINITIONAL_REPRESENTATION('',(#12868),#12872);
#12868 = LINE('',#12869,#12870);
#12869 = CARTESIAN_POINT('',(0.,-0.));
#12870 = VECTOR('',#12871,1.);
#12871 = DIRECTION('',(0.,1.));
#12872 = ( GEOMETRIC_REPRESENTATION_CONTEXT(2) 
PARAMETRIC_REPRESENTATION_CONTEXT() REPRESENTATION_CONTEXT('2D SPACE',''
  ) );
#12873 = ORIENTED_EDGE('',*,*,#6087,.T.);
#12874 = ORIENTED_EDGE('',*,*,#12853,.T.);
#12875 = ADVANCED_FACE('',(#12876),#5522,.T.);
#12876 = FACE_BOUND('',#12877,.T.);
#12877 = EDGE_LOOP('',(#12878,#12901,#12929,#12948));
#12878 = ORIENTED_EDGE('',*,*,#12879,.F.);
#12879 = EDGE_CURVE('',#12880,#5505,#12882,.T.);
#12880 = VERTEX_POINT('',#12881);
#12881 = CARTESIAN_POINT('',(-34.,-44.,2.4));
#12882 = SURFACE_CURVE('',#12883,(#12887,#12894),.PCURVE_S1.);
#12883 = LINE('',#12884,#12885);
#12884 = CARTESIAN_POINT('',(-34.,-44.,2.4));
#12885 = VECTOR('',#12886,1.);
#12886 = DIRECTION('',(0.,0.,1.));
#12887 = PCURVE('',#5522,#12888);
#12888 = DEFINITIONAL_REPRESENTATION('',(#12889),#12893);
#12889 = LINE('',#12890,#12891);
#12890 = CARTESIAN_POINT('',(0.,0.));
#12891 = VECTOR('',#12892,1.);
#12892 = DIRECTION('',(1.,0.));
#12893 = ( GEOMETRIC_REPRESENTATION_CONTEXT(2) 
PARAMETRIC_REPRESENTATION_CONTEXT() REPRESENTATION_CONTEXT('2D SPACE',''
  ) );
#12894 = PCURVE('',#5576,#12895);
#12895 = DEFINITIONAL_REPRESENTATION('',(#12896),#12900);
#12896 = LINE('',#12897,#12898);
#12897 = CARTESIAN_POINT('',(0.,0.));
#12898 = VECTOR('',#12899,1.);
#12899 = DIRECTION('',(1.,0.));
#12900 = ( GEOMETRIC_REPRESENTATION_CONTEXT(2) 
PARAMETRIC_REPRESENTATION_CONTEXT() REPRESENTATION_CONTEXT('2D SPACE',''
  ) );
#12901 = ORIENTED_EDGE('',*,*,#12902,.T.);
#12902 = EDGE_CURVE('',#12880,#12903,#12905,.T.);
#12903 = VERTEX_POINT('',#12904);
#12904 = CARTESIAN_POINT('',(-34.,-41.83303027798,2.4));
#12905 = SURFACE_CURVE('',#12906,(#12910,#12917),.PCURVE_S1.);
#12906 = LINE('',#12907,#12908);
#12907 = CARTESIAN_POINT('',(-34.,-44.,2.4));
#12908 = VECTOR('',#12909,1.);
#12909 = DIRECTION('',(-0.,1.,0.));
#12910 = PCURVE('',#5522,#12911);
#12911 = DEFINITIONAL_REPRESENTATION('',(#12912),#12916);
#12912 = LINE('',#12913,#12914);
#12913 = CARTESIAN_POINT('',(0.,0.));
#12914 = VECTOR('',#12915,1.);
#12915 = DIRECTION('',(0.,-1.));
#12916 = ( GEOMETRIC_REPRESENTATION_CONTEXT(2) 
PARAMETRIC_REPRESENTATION_CONTEXT() REPRESENTATION_CONTEXT('2D SPACE',''
  ) );
#12917 = PCURVE('',#12918,#12923);
#12918 = PLANE('',#12919);
#12919 = AXIS2_PLACEMENT_3D('',#12920,#12921,#12922);
#12920 = CARTESIAN_POINT('',(-34.,-44.,2.4));
#12921 = DIRECTION('',(0.,0.,1.));
#12922 = DIRECTION('',(1.,0.,-0.));
#12923 = DEFINITIONAL_REPRESENTATION('',(#12924),#12928);
#12924 = LINE('',#12925,#12926);
#12925 = CARTESIAN_POINT('',(0.,0.));
#12926 = VECTOR('',#12927,1.);
#12927 = DIRECTION('',(0.,1.));
#12928 = ( GEOMETRIC_REPRESENTATION_CONTEXT(2) 
PARAMETRIC_REPRESENTATION_CONTEXT() REPRESENTATION_CONTEXT('2D SPACE',''
  ) );
#12929 = ORIENTED_EDGE('',*,*,#12930,.T.);
#12930 = EDGE_CURVE('',#12903,#5507,#12931,.T.);
#12931 = SURFACE_CURVE('',#12932,(#12936,#12942),.PCURVE_S1.);
#12932 = LINE('',#12933,#12934);
#12933 = CARTESIAN_POINT('',(-34.,-41.83303027798,2.4));
#12934 = VECTOR('',#12935,1.);
#12935 = DIRECTION('',(0.,0.,1.));
#12936 = PCURVE('',#5522,#12937);
#12937 = DEFINITIONAL_REPRESENTATION('',(#12938),#12941);
#12938 = B_SPLINE_CURVE_WITH_KNOTS('',1,(#12939,#12940),.UNSPECIFIED.,
  .F.,.F.,(2,2),(-2.400000000069E-06,29.6000024),
  .PIECEWISE_BEZIER_KNOTS.);
#12939 = CARTESIAN_POINT('',(-2.400000000069E-06,-2.166969722018));
#12940 = CARTESIAN_POINT('',(29.6000024,-2.166969722018));
#12941 = ( GEOMETRIC_REPRESENTATION_CONTEXT(2) 
PARAMETRIC_REPRESENTATION_CONTEXT() REPRESENTATION_CONTEXT('2D SPACE',''
  ) );
#12942 = PCURVE('',#5550,#12943);
#12943 = DEFINITIONAL_REPRESENTATION('',(#12944),#12947);
#12944 = B_SPLINE_CURVE_WITH_KNOTS('',1,(#12945,#12946),.UNSPECIFIED.,
  .F.,.F.,(2,2),(-2.400000000069E-06,29.6000024),
  .PIECEWISE_BEZIER_KNOTS.);
#12945 = CARTESIAN_POINT('',(3.571292319741,-2.400000000069E-06));
#12946 = CARTESIAN_POINT('',(3.571292319741,29.6000024));
#12947 = ( GEOMETRIC_REPRESENTATION_CONTEXT(2) 
PARAMETRIC_REPRESENTATION_CONTEXT() REPRESENTATION_CONTEXT('2D SPACE',''
  ) );
#12948 = ORIENTED_EDGE('',*,*,#5504,.F.);
#12949 = ADVANCED_FACE('',(#12950),#5576,.T.);
#12950 = FACE_BOUND('',#12951,.T.);
#12951 = EDGE_LOOP('',(#12952,#12973,#12994,#12995));
#12952 = ORIENTED_EDGE('',*,*,#12953,.F.);
#12953 = EDGE_CURVE('',#12954,#5534,#12956,.T.);
#12954 = VERTEX_POINT('',#12955);
#12955 = CARTESIAN_POINT('',(-31.83303027798,-44.,2.4));
#12956 = SURFACE_CURVE('',#12957,(#12961,#12967),.PCURVE_S1.);
#12957 = LINE('',#12958,#12959);
#12958 = CARTESIAN_POINT('',(-31.83303027798,-44.,2.4));
#12959 = VECTOR('',#12960,1.);
#12960 = DIRECTION('',(0.,0.,1.));
#12961 = PCURVE('',#5576,#12962);
#12962 = DEFINITIONAL_REPRESENTATION('',(#12963),#12966);
#12963 = B_SPLINE_CURVE_WITH_KNOTS('',1,(#12964,#12965),.UNSPECIFIED.,
  .F.,.F.,(2,2),(-2.400000000069E-06,29.6000024),
  .PIECEWISE_BEZIER_KNOTS.);
#12964 = CARTESIAN_POINT('',(-2.400000000069E-06,2.166969722018));
#12965 = CARTESIAN_POINT('',(29.6000024,2.166969722018));
#12966 = ( GEOMETRIC_REPRESENTATION_CONTEXT(2) 
PARAMETRIC_REPRESENTATION_CONTEXT() REPRESENTATION_CONTEXT('2D SPACE',''
  ) );
#12967 = PCURVE('',#5550,#12968);
#12968 = DEFINITIONAL_REPRESENTATION('',(#12969),#12972);
#12969 = B_SPLINE_CURVE_WITH_KNOTS('',1,(#12970,#12971),.UNSPECIFIED.,
  .F.,.F.,(2,2),(-2.400000000069E-06,29.6000024),
  .PIECEWISE_BEZIER_KNOTS.);
#12970 = CARTESIAN_POINT('',(4.282689314233,-2.400000000069E-06));
#12971 = CARTESIAN_POINT('',(4.282689314233,29.6000024));
#12972 = ( GEOMETRIC_REPRESENTATION_CONTEXT(2) 
PARAMETRIC_REPRESENTATION_CONTEXT() REPRESENTATION_CONTEXT('2D SPACE',''
  ) );
#12973 = ORIENTED_EDGE('',*,*,#12974,.F.);
#12974 = EDGE_CURVE('',#12880,#12954,#12975,.T.);
#12975 = SURFACE_CURVE('',#12976,(#12980,#12987),.PCURVE_S1.);
#12976 = LINE('',#12977,#12978);
#12977 = CARTESIAN_POINT('',(-34.,-44.,2.4));
#12978 = VECTOR('',#12979,1.);
#12979 = DIRECTION('',(1.,0.,-0.));
#12980 = PCURVE('',#5576,#12981);
#12981 = DEFINITIONAL_REPRESENTATION('',(#12982),#12986);
#12982 = LINE('',#12983,#12984);
#12983 = CARTESIAN_POINT('',(0.,0.));
#12984 = VECTOR('',#12985,1.);
#12985 = DIRECTION('',(0.,1.));
#12986 = ( GEOMETRIC_REPRESENTATION_CONTEXT(2) 
PARAMETRIC_REPRESENTATION_CONTEXT() REPRESENTATION_CONTEXT('2D SPACE',''
  ) );
#12987 = PCURVE('',#12918,#12988);
#12988 = DEFINITIONAL_REPRESENTATION('',(#12989),#12993);
#12989 = LINE('',#12990,#12991);
#12990 = CARTESIAN_POINT('',(0.,0.));
#12991 = VECTOR('',#12992,1.);
#12992 = DIRECTION('',(1.,0.));
#12993 = ( GEOMETRIC_REPRESENTATION_CONTEXT(2) 
PARAMETRIC_REPRESENTATION_CONTEXT() REPRESENTATION_CONTEXT('2D SPACE',''
  ) );
#12994 = ORIENTED_EDGE('',*,*,#12879,.T.);
#12995 = ORIENTED_EDGE('',*,*,#5562,.F.);
#12996 = ADVANCED_FACE('',(#12997),#5550,.T.);
#12997 = FACE_BOUND('',#12998,.T.);
#12998 = EDGE_LOOP('',(#12999,#13000,#13001,#13023));
#12999 = ORIENTED_EDGE('',*,*,#5533,.F.);
#13000 = ORIENTED_EDGE('',*,*,#12930,.F.);
#13001 = ORIENTED_EDGE('',*,*,#13002,.T.);
#13002 = EDGE_CURVE('',#12903,#12954,#13003,.T.);
#13003 = SURFACE_CURVE('',#13004,(#13009,#13016),.PCURVE_S1.);
#13004 = CIRCLE('',#13005,4.4);
#13005 = AXIS2_PLACEMENT_3D('',#13006,#13007,#13008);
#13006 = CARTESIAN_POINT('',(-30.,-40.,2.4));
#13007 = DIRECTION('',(0.,0.,1.));
#13008 = DIRECTION('',(1.,0.,-0.));
#13009 = PCURVE('',#5550,#13010);
#13010 = DEFINITIONAL_REPRESENTATION('',(#13011),#13015);
#13011 = LINE('',#13012,#13013);
#13012 = CARTESIAN_POINT('',(0.,0.));
#13013 = VECTOR('',#13014,1.);
#13014 = DIRECTION('',(1.,0.));
#13015 = ( GEOMETRIC_REPRESENTATION_CONTEXT(2) 
PARAMETRIC_REPRESENTATION_CONTEXT() REPRESENTATION_CONTEXT('2D SPACE',''
  ) );
#13016 = PCURVE('',#12918,#13017);
#13017 = DEFINITIONAL_REPRESENTATION('',(#13018),#13022);
#13018 = CIRCLE('',#13019,4.4);
#13019 = AXIS2_PLACEMENT_2D('',#13020,#13021);
#13020 = CARTESIAN_POINT('',(4.,4.));
#13021 = DIRECTION('',(1.,0.));
#13022 = ( GEOMETRIC_REPRESENTATION_CONTEXT(2) 
PARAMETRIC_REPRESENTATION_CONTEXT() REPRESENTATION_CONTEXT('2D SPACE',''
  ) );
#13023 = ORIENTED_EDGE('',*,*,#12953,.T.);
#13024 = ADVANCED_FACE('',(#13025),#5606,.F.);
#13025 = FACE_BOUND('',#13026,.F.);
#13026 = EDGE_LOOP('',(#13027,#13050,#13051,#13052));
#13027 = ORIENTED_EDGE('',*,*,#13028,.T.);
#13028 = EDGE_CURVE('',#13029,#5590,#13031,.T.);
#13029 = VERTEX_POINT('',#13030);
#13030 = CARTESIAN_POINT('',(-28.3,-40.,29.2));
#13031 = SEAM_CURVE('',#13032,(#13036,#13043),.PCURVE_S1.);
#13032 = LINE('',#13033,#13034);
#13033 = CARTESIAN_POINT('',(-28.3,-40.,22.));
#13034 = VECTOR('',#13035,1.);
#13035 = DIRECTION('',(0.,0.,1.));
#13036 = PCURVE('',#5606,#13037);
#13037 = DEFINITIONAL_REPRESENTATION('',(#13038),#13042);
#13038 = LINE('',#13039,#13040);
#13039 = CARTESIAN_POINT('',(6.28318530718,-0.));
#13040 = VECTOR('',#13041,1.);
#13041 = DIRECTION('',(0.,1.));
#13042 = ( GEOMETRIC_REPRESENTATION_CONTEXT(2) 
PARAMETRIC_REPRESENTATION_CONTEXT() REPRESENTATION_CONTEXT('2D SPACE',''
  ) );
#13043 = PCURVE('',#5606,#13044);
#13044 = DEFINITIONAL_REPRESENTATION('',(#13045),#13049);
#13045 = LINE('',#13046,#13047);
#13046 = CARTESIAN_POINT('',(0.,-0.));
#13047 = VECTOR('',#13048,1.);
#13048 = DIRECTION('',(0.,1.));
#13049 = ( GEOMETRIC_REPRESENTATION_CONTEXT(2) 
PARAMETRIC_REPRESENTATION_CONTEXT() REPRESENTATION_CONTEXT('2D SPACE',''
  ) );
#13050 = ORIENTED_EDGE('',*,*,#5589,.F.);
#13051 = ORIENTED_EDGE('',*,*,#13028,.F.);
#13052 = ORIENTED_EDGE('',*,*,#13053,.T.);
#13053 = EDGE_CURVE('',#13029,#13029,#13054,.T.);
#13054 = SURFACE_CURVE('',#13055,(#13060,#13067),.PCURVE_S1.);
#13055 = CIRCLE('',#13056,1.7);
#13056 = AXIS2_PLACEMENT_3D('',#13057,#13058,#13059);
#13057 = CARTESIAN_POINT('',(-30.,-40.,29.2));
#13058 = DIRECTION('',(0.,0.,1.));
#13059 = DIRECTION('',(1.,0.,-0.));
#13060 = PCURVE('',#5606,#13061);
#13061 = DEFINITIONAL_REPRESENTATION('',(#13062),#13066);
#13062 = LINE('',#13063,#13064);
#13063 = CARTESIAN_POINT('',(0.,7.2));
#13064 = VECTOR('',#13065,1.);
#13065 = DIRECTION('',(1.,0.));
#13066 = ( GEOMETRIC_REPRESENTATION_CONTEXT(2) 
PARAMETRIC_REPRESENTATION_CONTEXT() REPRESENTATION_CONTEXT('2D SPACE',''
  ) );
#13067 = PCURVE('',#7586,#13068);
#13068 = DEFINITIONAL_REPRESENTATION('',(#13069),#13073);
#13069 = CIRCLE('',#13070,1.7);
#13070 = AXIS2_PLACEMENT_2D('',#13071,#13072);
#13071 = CARTESIAN_POINT('',(0.,0.));
#13072 = DIRECTION('',(1.,0.));
#13073 = ( GEOMETRIC_REPRESENTATION_CONTEXT(2) 
PARAMETRIC_REPRESENTATION_CONTEXT() REPRESENTATION_CONTEXT('2D SPACE',''
  ) );
#13074 = ADVANCED_FACE('',(#13075),#5638,.F.);
#13075 = FACE_BOUND('',#13076,.F.);
#13076 = EDGE_LOOP('',(#13077,#13100,#13128,#13147));
#13077 = ORIENTED_EDGE('',*,*,#13078,.F.);
#13078 = EDGE_CURVE('',#13079,#5621,#13081,.T.);
#13079 = VERTEX_POINT('',#13080);
#13080 = CARTESIAN_POINT('',(34.,-44.,2.4));
#13081 = SURFACE_CURVE('',#13082,(#13086,#13093),.PCURVE_S1.);
#13082 = LINE('',#13083,#13084);
#13083 = CARTESIAN_POINT('',(34.,-44.,2.4));
#13084 = VECTOR('',#13085,1.);
#13085 = DIRECTION('',(0.,0.,1.));
#13086 = PCURVE('',#5638,#13087);
#13087 = DEFINITIONAL_REPRESENTATION('',(#13088),#13092);
#13088 = LINE('',#13089,#13090);
#13089 = CARTESIAN_POINT('',(0.,0.));
#13090 = VECTOR('',#13091,1.);
#13091 = DIRECTION('',(1.,0.));
#13092 = ( GEOMETRIC_REPRESENTATION_CONTEXT(2) 
PARAMETRIC_REPRESENTATION_CONTEXT() REPRESENTATION_CONTEXT('2D SPACE',''
  ) );
#13093 = PCURVE('',#5665,#13094);
#13094 = DEFINITIONAL_REPRESENTATION('',(#13095),#13099);
#13095 = LINE('',#13096,#13097);
#13096 = CARTESIAN_POINT('',(0.,68.));
#13097 = VECTOR('',#13098,1.);
#13098 = DIRECTION('',(1.,0.));
#13099 = ( GEOMETRIC_REPRESENTATION_CONTEXT(2) 
PARAMETRIC_REPRESENTATION_CONTEXT() REPRESENTATION_CONTEXT('2D SPACE',''
  ) );
#13100 = ORIENTED_EDGE('',*,*,#13101,.T.);
#13101 = EDGE_CURVE('',#13079,#13102,#13104,.T.);
#13102 = VERTEX_POINT('',#13103);
#13103 = CARTESIAN_POINT('',(34.,-41.83303027798,2.4));
#13104 = SURFACE_CURVE('',#13105,(#13109,#13116),.PCURVE_S1.);
#13105 = LINE('',#13106,#13107);
#13106 = CARTESIAN_POINT('',(34.,-44.,2.4));
#13107 = VECTOR('',#13108,1.);
#13108 = DIRECTION('',(-0.,1.,0.));
#13109 = PCURVE('',#5638,#13110);
#13110 = DEFINITIONAL_REPRESENTATION('',(#13111),#13115);
#13111 = LINE('',#13112,#13113);
#13112 = CARTESIAN_POINT('',(0.,0.));
#13113 = VECTOR('',#13114,1.);
#13114 = DIRECTION('',(0.,-1.));
#13115 = ( GEOMETRIC_REPRESENTATION_CONTEXT(2) 
PARAMETRIC_REPRESENTATION_CONTEXT() REPRESENTATION_CONTEXT('2D SPACE',''
  ) );
#13116 = PCURVE('',#13117,#13122);
#13117 = PLANE('',#13118);
#13118 = AXIS2_PLACEMENT_3D('',#13119,#13120,#13121);
#13119 = CARTESIAN_POINT('',(-34.,-44.,2.4));
#13120 = DIRECTION('',(0.,0.,1.));
#13121 = DIRECTION('',(1.,0.,-0.));
#13122 = DEFINITIONAL_REPRESENTATION('',(#13123),#13127);
#13123 = LINE('',#13124,#13125);
#13124 = CARTESIAN_POINT('',(68.,0.));
#13125 = VECTOR('',#13126,1.);
#13126 = DIRECTION('',(0.,1.));
#13127 = ( GEOMETRIC_REPRESENTATION_CONTEXT(2) 
PARAMETRIC_REPRESENTATION_CONTEXT() REPRESENTATION_CONTEXT('2D SPACE',''
  ) );
#13128 = ORIENTED_EDGE('',*,*,#13129,.T.);
#13129 = EDGE_CURVE('',#13102,#5623,#13130,.T.);
#13130 = SURFACE_CURVE('',#13131,(#13135,#13141),.PCURVE_S1.);
#13131 = LINE('',#13132,#13133);
#13132 = CARTESIAN_POINT('',(34.,-41.83303027798,2.4));
#13133 = VECTOR('',#13134,1.);
#13134 = DIRECTION('',(0.,0.,1.));
#13135 = PCURVE('',#5638,#13136);
#13136 = DEFINITIONAL_REPRESENTATION('',(#13137),#13140);
#13137 = B_SPLINE_CURVE_WITH_KNOTS('',1,(#13138,#13139),.UNSPECIFIED.,
  .F.,.F.,(2,2),(-2.400000000069E-06,29.6000024),
  .PIECEWISE_BEZIER_KNOTS.);
#13138 = CARTESIAN_POINT('',(-2.400000000069E-06,-2.166969722018));
#13139 = CARTESIAN_POINT('',(29.6000024,-2.166969722018));
#13140 = ( GEOMETRIC_REPRESENTATION_CONTEXT(2) 
PARAMETRIC_REPRESENTATION_CONTEXT() REPRESENTATION_CONTEXT('2D SPACE',''
  ) );
#13141 = PCURVE('',#5691,#13142);
#13142 = DEFINITIONAL_REPRESENTATION('',(#13143),#13146);
#13143 = B_SPLINE_CURVE_WITH_KNOTS('',1,(#13144,#13145),.UNSPECIFIED.,
  .F.,.F.,(2,2),(-2.400000000069E-06,29.6000024),
  .PIECEWISE_BEZIER_KNOTS.);
#13144 = CARTESIAN_POINT('',(5.853485641028,-2.400000000069E-06));
#13145 = CARTESIAN_POINT('',(5.853485641028,29.6000024));
#13146 = ( GEOMETRIC_REPRESENTATION_CONTEXT(2) 
PARAMETRIC_REPRESENTATION_CONTEXT() REPRESENTATION_CONTEXT('2D SPACE',''
  ) );
#13147 = ORIENTED_EDGE('',*,*,#5620,.F.);
#13148 = ADVANCED_FACE('',(#13149),#5665,.T.);
#13149 = FACE_BOUND('',#13150,.T.);
#13150 = EDGE_LOOP('',(#13151,#13152,#13175,#13194));
#13151 = ORIENTED_EDGE('',*,*,#13078,.F.);
#13152 = ORIENTED_EDGE('',*,*,#13153,.F.);
#13153 = EDGE_CURVE('',#13154,#13079,#13156,.T.);
#13154 = VERTEX_POINT('',#13155);
#13155 = CARTESIAN_POINT('',(31.833030277982,-44.,2.4));
#13156 = SURFACE_CURVE('',#13157,(#13161,#13168),.PCURVE_S1.);
#13157 = LINE('',#13158,#13159);
#13158 = CARTESIAN_POINT('',(-34.,-44.,2.4));
#13159 = VECTOR('',#13160,1.);
#13160 = DIRECTION('',(1.,0.,-0.));
#13161 = PCURVE('',#5665,#13162);
#13162 = DEFINITIONAL_REPRESENTATION('',(#13163),#13167);
#13163 = LINE('',#13164,#13165);
#13164 = CARTESIAN_POINT('',(0.,0.));
#13165 = VECTOR('',#13166,1.);
#13166 = DIRECTION('',(0.,1.));
#13167 = ( GEOMETRIC_REPRESENTATION_CONTEXT(2) 
PARAMETRIC_REPRESENTATION_CONTEXT() REPRESENTATION_CONTEXT('2D SPACE',''
  ) );
#13168 = PCURVE('',#13117,#13169);
#13169 = DEFINITIONAL_REPRESENTATION('',(#13170),#13174);
#13170 = LINE('',#13171,#13172);
#13171 = CARTESIAN_POINT('',(0.,0.));
#13172 = VECTOR('',#13173,1.);
#13173 = DIRECTION('',(1.,0.));
#13174 = ( GEOMETRIC_REPRESENTATION_CONTEXT(2) 
PARAMETRIC_REPRESENTATION_CONTEXT() REPRESENTATION_CONTEXT('2D SPACE',''
  ) );
#13175 = ORIENTED_EDGE('',*,*,#13176,.T.);
#13176 = EDGE_CURVE('',#13154,#5650,#13177,.T.);
#13177 = SURFACE_CURVE('',#13178,(#13182,#13188),.PCURVE_S1.);
#13178 = LINE('',#13179,#13180);
#13179 = CARTESIAN_POINT('',(31.833030277982,-44.,2.4));
#13180 = VECTOR('',#13181,1.);
#13181 = DIRECTION('',(0.,0.,1.));
#13182 = PCURVE('',#5665,#13183);
#13183 = DEFINITIONAL_REPRESENTATION('',(#13184),#13187);
#13184 = B_SPLINE_CURVE_WITH_KNOTS('',1,(#13185,#13186),.UNSPECIFIED.,
  .F.,.F.,(2,2),(-2.400000000069E-06,29.6000024),
  .PIECEWISE_BEZIER_KNOTS.);
#13185 = CARTESIAN_POINT('',(-2.400000000069E-06,65.833030277982));
#13186 = CARTESIAN_POINT('',(29.6000024,65.833030277982));
#13187 = ( GEOMETRIC_REPRESENTATION_CONTEXT(2) 
PARAMETRIC_REPRESENTATION_CONTEXT() REPRESENTATION_CONTEXT('2D SPACE',''
  ) );
#13188 = PCURVE('',#5691,#13189);
#13189 = DEFINITIONAL_REPRESENTATION('',(#13190),#13193);
#13190 = B_SPLINE_CURVE_WITH_KNOTS('',1,(#13191,#13192),.UNSPECIFIED.,
  .F.,.F.,(2,2),(-2.400000000069E-06,29.6000024),
  .PIECEWISE_BEZIER_KNOTS.);
#13191 = CARTESIAN_POINT('',(5.142088646536,-2.400000000069E-06));
#13192 = CARTESIAN_POINT('',(5.142088646536,29.6000024));
#13193 = ( GEOMETRIC_REPRESENTATION_CONTEXT(2) 
PARAMETRIC_REPRESENTATION_CONTEXT() REPRESENTATION_CONTEXT('2D SPACE',''
  ) );
#13194 = ORIENTED_EDGE('',*,*,#5649,.F.);
#13195 = ADVANCED_FACE('',(#13196),#5691,.T.);
#13196 = FACE_BOUND('',#13197,.T.);
#13197 = EDGE_LOOP('',(#13198,#13199,#13200,#13201));
#13198 = ORIENTED_EDGE('',*,*,#13129,.T.);
#13199 = ORIENTED_EDGE('',*,*,#5676,.F.);
#13200 = ORIENTED_EDGE('',*,*,#13176,.F.);
#13201 = ORIENTED_EDGE('',*,*,#13202,.T.);
#13202 = EDGE_CURVE('',#13154,#13102,#13203,.T.);
#13203 = SURFACE_CURVE('',#13204,(#13209,#13216),.PCURVE_S1.);
#13204 = CIRCLE('',#13205,4.4);
#13205 = AXIS2_PLACEMENT_3D('',#13206,#13207,#13208);
#13206 = CARTESIAN_POINT('',(30.,-40.,2.4));
#13207 = DIRECTION('',(0.,0.,1.));
#13208 = DIRECTION('',(1.,0.,-0.));
#13209 = PCURVE('',#5691,#13210);
#13210 = DEFINITIONAL_REPRESENTATION('',(#13211),#13215);
#13211 = LINE('',#13212,#13213);
#13212 = CARTESIAN_POINT('',(0.,0.));
#13213 = VECTOR('',#13214,1.);
#13214 = DIRECTION('',(1.,0.));
#13215 = ( GEOMETRIC_REPRESENTATION_CONTEXT(2) 
PARAMETRIC_REPRESENTATION_CONTEXT() REPRESENTATION_CONTEXT('2D SPACE',''
  ) );
#13216 = PCURVE('',#13117,#13217);
#13217 = DEFINITIONAL_REPRESENTATION('',(#13218),#13222);
#13218 = CIRCLE('',#13219,4.4);
#13219 = AXIS2_PLACEMENT_2D('',#13220,#13221);
#13220 = CARTESIAN_POINT('',(64.,4.));
#13221 = DIRECTION('',(1.,0.));
#13222 = ( GEOMETRIC_REPRESENTATION_CONTEXT(2) 
PARAMETRIC_REPRESENTATION_CONTEXT() REPRESENTATION_CONTEXT('2D SPACE',''
  ) );
#13223 = ADVANCED_FACE('',(#13224),#5722,.F.);
#13224 = FACE_BOUND('',#13225,.F.);
#13225 = EDGE_LOOP('',(#13226,#13249,#13250,#13251));
#13226 = ORIENTED_EDGE('',*,*,#13227,.T.);
#13227 = EDGE_CURVE('',#13228,#5706,#13230,.T.);
#13228 = VERTEX_POINT('',#13229);
#13229 = CARTESIAN_POINT('',(31.7,-40.,29.2));
#13230 = SEAM_CURVE('',#13231,(#13235,#13242),.PCURVE_S1.);
#13231 = LINE('',#13232,#13233);
#13232 = CARTESIAN_POINT('',(31.7,-40.,22.));
#13233 = VECTOR('',#13234,1.);
#13234 = DIRECTION('',(0.,0.,1.));
#13235 = PCURVE('',#5722,#13236);
#13236 = DEFINITIONAL_REPRESENTATION('',(#13237),#13241);
#13237 = LINE('',#13238,#13239);
#13238 = CARTESIAN_POINT('',(6.28318530718,-0.));
#13239 = VECTOR('',#13240,1.);
#13240 = DIRECTION('',(0.,1.));
#13241 = ( GEOMETRIC_REPRESENTATION_CONTEXT(2) 
PARAMETRIC_REPRESENTATION_CONTEXT() REPRESENTATION_CONTEXT('2D SPACE',''
  ) );
#13242 = PCURVE('',#5722,#13243);
#13243 = DEFINITIONAL_REPRESENTATION('',(#13244),#13248);
#13244 = LINE('',#13245,#13246);
#13245 = CARTESIAN_POINT('',(0.,-0.));
#13246 = VECTOR('',#13247,1.);
#13247 = DIRECTION('',(0.,1.));
#13248 = ( GEOMETRIC_REPRESENTATION_CONTEXT(2) 
PARAMETRIC_REPRESENTATION_CONTEXT() REPRESENTATION_CONTEXT('2D SPACE',''
  ) );
#13249 = ORIENTED_EDGE('',*,*,#5705,.F.);
#13250 = ORIENTED_EDGE('',*,*,#13227,.F.);
#13251 = ORIENTED_EDGE('',*,*,#13252,.T.);
#13252 = EDGE_CURVE('',#13228,#13228,#13253,.T.);
#13253 = SURFACE_CURVE('',#13254,(#13259,#13266),.PCURVE_S1.);
#13254 = CIRCLE('',#13255,1.7);
#13255 = AXIS2_PLACEMENT_3D('',#13256,#13257,#13258);
#13256 = CARTESIAN_POINT('',(30.,-40.,29.2));
#13257 = DIRECTION('',(0.,0.,1.));
#13258 = DIRECTION('',(1.,0.,-0.));
#13259 = PCURVE('',#5722,#13260);
#13260 = DEFINITIONAL_REPRESENTATION('',(#13261),#13265);
#13261 = LINE('',#13262,#13263);
#13262 = CARTESIAN_POINT('',(0.,7.2));
#13263 = VECTOR('',#13264,1.);
#13264 = DIRECTION('',(1.,0.));
#13265 = ( GEOMETRIC_REPRESENTATION_CONTEXT(2) 
PARAMETRIC_REPRESENTATION_CONTEXT() REPRESENTATION_CONTEXT('2D SPACE',''
  ) );
#13266 = PCURVE('',#8035,#13267);
#13267 = DEFINITIONAL_REPRESENTATION('',(#13268),#13272);
#13268 = CIRCLE('',#13269,1.7);
#13269 = AXIS2_PLACEMENT_2D('',#13270,#13271);
#13270 = CARTESIAN_POINT('',(0.,0.));
#13271 = DIRECTION('',(1.,0.));
#13272 = ( GEOMETRIC_REPRESENTATION_CONTEXT(2) 
PARAMETRIC_REPRESENTATION_CONTEXT() REPRESENTATION_CONTEXT('2D SPACE',''
  ) );
#13273 = ADVANCED_FACE('',(#13274),#5753,.F.);
#13274 = FACE_BOUND('',#13275,.F.);
#13275 = EDGE_LOOP('',(#13276,#13277,#13300,#13322));
#13276 = ORIENTED_EDGE('',*,*,#5736,.F.);
#13277 = ORIENTED_EDGE('',*,*,#13278,.F.);
#13278 = EDGE_CURVE('',#13279,#5737,#13281,.T.);
#13279 = VERTEX_POINT('',#13280);
#13280 = CARTESIAN_POINT('',(44.1,-35.4,27.));
#13281 = SEAM_CURVE('',#13282,(#13286,#13293),.PCURVE_S1.);
#13282 = LINE('',#13283,#13284);
#13283 = CARTESIAN_POINT('',(44.1,-35.4,26.5));
#13284 = VECTOR('',#13285,1.);
#13285 = DIRECTION('',(0.,0.,1.));
#13286 = PCURVE('',#5753,#13287);
#13287 = DEFINITIONAL_REPRESENTATION('',(#13288),#13292);
#13288 = LINE('',#13289,#13290);
#13289 = CARTESIAN_POINT('',(6.28318530718,-0.));
#13290 = VECTOR('',#13291,1.);
#13291 = DIRECTION('',(0.,1.));
#13292 = ( GEOMETRIC_REPRESENTATION_CONTEXT(2) 
PARAMETRIC_REPRESENTATION_CONTEXT() REPRESENTATION_CONTEXT('2D SPACE',''
  ) );
#13293 = PCURVE('',#5753,#13294);
#13294 = DEFINITIONAL_REPRESENTATION('',(#13295),#13299);
#13295 = LINE('',#13296,#13297);
#13296 = CARTESIAN_POINT('',(0.,-0.));
#13297 = VECTOR('',#13298,1.);
#13298 = DIRECTION('',(0.,1.));
#13299 = ( GEOMETRIC_REPRESENTATION_CONTEXT(2) 
PARAMETRIC_REPRESENTATION_CONTEXT() REPRESENTATION_CONTEXT('2D SPACE',''
  ) );
#13300 = ORIENTED_EDGE('',*,*,#13301,.T.);
#13301 = EDGE_CURVE('',#13279,#13279,#13302,.T.);
#13302 = SURFACE_CURVE('',#13303,(#13308,#13315),.PCURVE_S1.);
#13303 = CIRCLE('',#13304,1.7);
#13304 = AXIS2_PLACEMENT_3D('',#13305,#13306,#13307);
#13305 = CARTESIAN_POINT('',(42.4,-35.4,27.));
#13306 = DIRECTION('',(0.,0.,1.));
#13307 = DIRECTION('',(1.,0.,-0.));
#13308 = PCURVE('',#5753,#13309);
#13309 = DEFINITIONAL_REPRESENTATION('',(#13310),#13314);
#13310 = LINE('',#13311,#13312);
#13311 = CARTESIAN_POINT('',(0.,0.5));
#13312 = VECTOR('',#13313,1.);
#13313 = DIRECTION('',(1.,0.));
#13314 = ( GEOMETRIC_REPRESENTATION_CONTEXT(2) 
PARAMETRIC_REPRESENTATION_CONTEXT() REPRESENTATION_CONTEXT('2D SPACE',''
  ) );
#13315 = PCURVE('',#11715,#13316);
#13316 = DEFINITIONAL_REPRESENTATION('',(#13317),#13321);
#13317 = CIRCLE('',#13318,1.7);
#13318 = AXIS2_PLACEMENT_2D('',#13319,#13320);
#13319 = CARTESIAN_POINT('',(6.3,7.));
#13320 = DIRECTION('',(1.,0.));
#13321 = ( GEOMETRIC_REPRESENTATION_CONTEXT(2) 
PARAMETRIC_REPRESENTATION_CONTEXT() REPRESENTATION_CONTEXT('2D SPACE',''
  ) );
#13322 = ORIENTED_EDGE('',*,*,#13278,.T.);
#13323 = ADVANCED_FACE('',(#13324),#5784,.F.);
#13324 = FACE_BOUND('',#13325,.F.);
#13325 = EDGE_LOOP('',(#13326,#13349,#13350,#13351));
#13326 = ORIENTED_EDGE('',*,*,#13327,.T.);
#13327 = EDGE_CURVE('',#13328,#5768,#13330,.T.);
#13328 = VERTEX_POINT('',#13329);
#13329 = CARTESIAN_POINT('',(31.7,40.,29.2));
#13330 = SEAM_CURVE('',#13331,(#13335,#13342),.PCURVE_S1.);
#13331 = LINE('',#13332,#13333);
#13332 = CARTESIAN_POINT('',(31.7,40.,22.));
#13333 = VECTOR('',#13334,1.);
#13334 = DIRECTION('',(0.,0.,1.));
#13335 = PCURVE('',#5784,#13336);
#13336 = DEFINITIONAL_REPRESENTATION('',(#13337),#13341);
#13337 = LINE('',#13338,#13339);
#13338 = CARTESIAN_POINT('',(6.28318530718,-0.));
#13339 = VECTOR('',#13340,1.);
#13340 = DIRECTION('',(0.,1.));
#13341 = ( GEOMETRIC_REPRESENTATION_CONTEXT(2) 
PARAMETRIC_REPRESENTATION_CONTEXT() REPRESENTATION_CONTEXT('2D SPACE',''
  ) );
#13342 = PCURVE('',#5784,#13343);
#13343 = DEFINITIONAL_REPRESENTATION('',(#13344),#13348);
#13344 = LINE('',#13345,#13346);
#13345 = CARTESIAN_POINT('',(0.,-0.));
#13346 = VECTOR('',#13347,1.);
#13347 = DIRECTION('',(0.,1.));
#13348 = ( GEOMETRIC_REPRESENTATION_CONTEXT(2) 
PARAMETRIC_REPRESENTATION_CONTEXT() REPRESENTATION_CONTEXT('2D SPACE',''
  ) );
#13349 = ORIENTED_EDGE('',*,*,#5767,.F.);
#13350 = ORIENTED_EDGE('',*,*,#13327,.F.);
#13351 = ORIENTED_EDGE('',*,*,#13352,.T.);
#13352 = EDGE_CURVE('',#13328,#13328,#13353,.T.);
#13353 = SURFACE_CURVE('',#13354,(#13359,#13366),.PCURVE_S1.);
#13354 = CIRCLE('',#13355,1.7);
#13355 = AXIS2_PLACEMENT_3D('',#13356,#13357,#13358);
#13356 = CARTESIAN_POINT('',(30.,40.,29.2));
#13357 = DIRECTION('',(0.,0.,1.));
#13358 = DIRECTION('',(1.,0.,-0.));
#13359 = PCURVE('',#5784,#13360);
#13360 = DEFINITIONAL_REPRESENTATION('',(#13361),#13365);
#13361 = LINE('',#13362,#13363);
#13362 = CARTESIAN_POINT('',(0.,7.2));
#13363 = VECTOR('',#13364,1.);
#13364 = DIRECTION('',(1.,0.));
#13365 = ( GEOMETRIC_REPRESENTATION_CONTEXT(2) 
PARAMETRIC_REPRESENTATION_CONTEXT() REPRESENTATION_CONTEXT('2D SPACE',''
  ) );
#13366 = PCURVE('',#10602,#13367);
#13367 = DEFINITIONAL_REPRESENTATION('',(#13368),#13372);
#13368 = CIRCLE('',#13369,1.7);
#13369 = AXIS2_PLACEMENT_2D('',#13370,#13371);
#13370 = CARTESIAN_POINT('',(0.,0.));
#13371 = DIRECTION('',(1.,0.));
#13372 = ( GEOMETRIC_REPRESENTATION_CONTEXT(2) 
PARAMETRIC_REPRESENTATION_CONTEXT() REPRESENTATION_CONTEXT('2D SPACE',''
  ) );
#13373 = ADVANCED_FACE('',(#13374),#5816,.F.);
#13374 = FACE_BOUND('',#13375,.F.);
#13375 = EDGE_LOOP('',(#13376,#13397,#13425,#13446));
#13376 = ORIENTED_EDGE('',*,*,#13377,.F.);
#13377 = EDGE_CURVE('',#13378,#5799,#13380,.T.);
#13378 = VERTEX_POINT('',#13379);
#13379 = CARTESIAN_POINT('',(34.,41.833030277982,2.4));
#13380 = SURFACE_CURVE('',#13381,(#13385,#13391),.PCURVE_S1.);
#13381 = LINE('',#13382,#13383);
#13382 = CARTESIAN_POINT('',(34.,41.833030277982,2.4));
#13383 = VECTOR('',#13384,1.);
#13384 = DIRECTION('',(0.,0.,1.));
#13385 = PCURVE('',#5816,#13386);
#13386 = DEFINITIONAL_REPRESENTATION('',(#13387),#13390);
#13387 = B_SPLINE_CURVE_WITH_KNOTS('',1,(#13388,#13389),.UNSPECIFIED.,
  .F.,.F.,(2,2),(-2.400000000069E-06,29.6000024),
  .PIECEWISE_BEZIER_KNOTS.);
#13388 = CARTESIAN_POINT('',(-2.400000000069E-06,-85.83303027798));
#13389 = CARTESIAN_POINT('',(29.6000024,-85.83303027798));
#13390 = ( GEOMETRIC_REPRESENTATION_CONTEXT(2) 
PARAMETRIC_REPRESENTATION_CONTEXT() REPRESENTATION_CONTEXT('2D SPACE',''
  ) );
#13391 = PCURVE('',#5844,#13392);
#13392 = DEFINITIONAL_REPRESENTATION('',(#13393),#13396);
#13393 = B_SPLINE_CURVE_WITH_KNOTS('',1,(#13394,#13395),.UNSPECIFIED.,
  .F.,.F.,(2,2),(-2.400000000069E-06,29.6000024),
  .PIECEWISE_BEZIER_KNOTS.);
#13394 = CARTESIAN_POINT('',(0.429699666151,-2.400000000069E-06));
#13395 = CARTESIAN_POINT('',(0.429699666151,29.6000024));
#13396 = ( GEOMETRIC_REPRESENTATION_CONTEXT(2) 
PARAMETRIC_REPRESENTATION_CONTEXT() REPRESENTATION_CONTEXT('2D SPACE',''
  ) );
#13397 = ORIENTED_EDGE('',*,*,#13398,.T.);
#13398 = EDGE_CURVE('',#13378,#13399,#13401,.T.);
#13399 = VERTEX_POINT('',#13400);
#13400 = CARTESIAN_POINT('',(34.,44.,2.4));
#13401 = SURFACE_CURVE('',#13402,(#13406,#13413),.PCURVE_S1.);
#13402 = LINE('',#13403,#13404);
#13403 = CARTESIAN_POINT('',(34.,-44.,2.4));
#13404 = VECTOR('',#13405,1.);
#13405 = DIRECTION('',(-0.,1.,0.));
#13406 = PCURVE('',#5816,#13407);
#13407 = DEFINITIONAL_REPRESENTATION('',(#13408),#13412);
#13408 = LINE('',#13409,#13410);
#13409 = CARTESIAN_POINT('',(0.,0.));
#13410 = VECTOR('',#13411,1.);
#13411 = DIRECTION('',(0.,-1.));
#13412 = ( GEOMETRIC_REPRESENTATION_CONTEXT(2) 
PARAMETRIC_REPRESENTATION_CONTEXT() REPRESENTATION_CONTEXT('2D SPACE',''
  ) );
#13413 = PCURVE('',#13414,#13419);
#13414 = PLANE('',#13415);
#13415 = AXIS2_PLACEMENT_3D('',#13416,#13417,#13418);
#13416 = CARTESIAN_POINT('',(-34.,-44.,2.4));
#13417 = DIRECTION('',(0.,0.,1.));
#13418 = DIRECTION('',(1.,0.,-0.));
#13419 = DEFINITIONAL_REPRESENTATION('',(#13420),#13424);
#13420 = LINE('',#13421,#13422);
#13421 = CARTESIAN_POINT('',(68.,0.));
#13422 = VECTOR('',#13423,1.);
#13423 = DIRECTION('',(0.,1.));
#13424 = ( GEOMETRIC_REPRESENTATION_CONTEXT(2) 
PARAMETRIC_REPRESENTATION_CONTEXT() REPRESENTATION_CONTEXT('2D SPACE',''
  ) );
#13425 = ORIENTED_EDGE('',*,*,#13426,.T.);
#13426 = EDGE_CURVE('',#13399,#5801,#13427,.T.);
#13427 = SURFACE_CURVE('',#13428,(#13432,#13439),.PCURVE_S1.);
#13428 = LINE('',#13429,#13430);
#13429 = CARTESIAN_POINT('',(34.,44.,2.4));
#13430 = VECTOR('',#13431,1.);
#13431 = DIRECTION('',(0.,0.,1.));
#13432 = PCURVE('',#5816,#13433);
#13433 = DEFINITIONAL_REPRESENTATION('',(#13434),#13438);
#13434 = LINE('',#13435,#13436);
#13435 = CARTESIAN_POINT('',(0.,-88.));
#13436 = VECTOR('',#13437,1.);
#13437 = DIRECTION('',(1.,0.));
#13438 = ( GEOMETRIC_REPRESENTATION_CONTEXT(2) 
PARAMETRIC_REPRESENTATION_CONTEXT() REPRESENTATION_CONTEXT('2D SPACE',''
  ) );
#13439 = PCURVE('',#5870,#13440);
#13440 = DEFINITIONAL_REPRESENTATION('',(#13441),#13445);
#13441 = LINE('',#13442,#13443);
#13442 = CARTESIAN_POINT('',(0.,68.));
#13443 = VECTOR('',#13444,1.);
#13444 = DIRECTION('',(1.,0.));
#13445 = ( GEOMETRIC_REPRESENTATION_CONTEXT(2) 
PARAMETRIC_REPRESENTATION_CONTEXT() REPRESENTATION_CONTEXT('2D SPACE',''
  ) );
#13446 = ORIENTED_EDGE('',*,*,#5798,.F.);
#13447 = ADVANCED_FACE('',(#13448),#5844,.T.);
#13448 = FACE_BOUND('',#13449,.T.);
#13449 = EDGE_LOOP('',(#13450,#13451,#13452,#13476));
#13450 = ORIENTED_EDGE('',*,*,#5827,.F.);
#13451 = ORIENTED_EDGE('',*,*,#13377,.F.);
#13452 = ORIENTED_EDGE('',*,*,#13453,.T.);
#13453 = EDGE_CURVE('',#13378,#13454,#13456,.T.);
#13454 = VERTEX_POINT('',#13455);
#13455 = CARTESIAN_POINT('',(31.833030277982,44.,2.4));
#13456 = SURFACE_CURVE('',#13457,(#13462,#13469),.PCURVE_S1.);
#13457 = CIRCLE('',#13458,4.4);
#13458 = AXIS2_PLACEMENT_3D('',#13459,#13460,#13461);
#13459 = CARTESIAN_POINT('',(30.,40.,2.4));
#13460 = DIRECTION('',(0.,0.,1.));
#13461 = DIRECTION('',(1.,0.,-0.));
#13462 = PCURVE('',#5844,#13463);
#13463 = DEFINITIONAL_REPRESENTATION('',(#13464),#13468);
#13464 = LINE('',#13465,#13466);
#13465 = CARTESIAN_POINT('',(0.,0.));
#13466 = VECTOR('',#13467,1.);
#13467 = DIRECTION('',(1.,0.));
#13468 = ( GEOMETRIC_REPRESENTATION_CONTEXT(2) 
PARAMETRIC_REPRESENTATION_CONTEXT() REPRESENTATION_CONTEXT('2D SPACE',''
  ) );
#13469 = PCURVE('',#13414,#13470);
#13470 = DEFINITIONAL_REPRESENTATION('',(#13471),#13475);
#13471 = CIRCLE('',#13472,4.4);
#13472 = AXIS2_PLACEMENT_2D('',#13473,#13474);
#13473 = CARTESIAN_POINT('',(64.,84.));
#13474 = DIRECTION('',(1.,0.));
#13475 = ( GEOMETRIC_REPRESENTATION_CONTEXT(2) 
PARAMETRIC_REPRESENTATION_CONTEXT() REPRESENTATION_CONTEXT('2D SPACE',''
  ) );
#13476 = ORIENTED_EDGE('',*,*,#13477,.T.);
#13477 = EDGE_CURVE('',#13454,#5828,#13478,.T.);
#13478 = SURFACE_CURVE('',#13479,(#13483,#13489),.PCURVE_S1.);
#13479 = LINE('',#13480,#13481);
#13480 = CARTESIAN_POINT('',(31.833030277982,44.,2.4));
#13481 = VECTOR('',#13482,1.);
#13482 = DIRECTION('',(0.,0.,1.));
#13483 = PCURVE('',#5844,#13484);
#13484 = DEFINITIONAL_REPRESENTATION('',(#13485),#13488);
#13485 = B_SPLINE_CURVE_WITH_KNOTS('',1,(#13486,#13487),.UNSPECIFIED.,
  .F.,.F.,(2,2),(-2.400000000069E-06,29.6000024),
  .PIECEWISE_BEZIER_KNOTS.);
#13486 = CARTESIAN_POINT('',(1.141096660643,-2.400000000069E-06));
#13487 = CARTESIAN_POINT('',(1.141096660643,29.6000024));
#13488 = ( GEOMETRIC_REPRESENTATION_CONTEXT(2) 
PARAMETRIC_REPRESENTATION_CONTEXT() REPRESENTATION_CONTEXT('2D SPACE',''
  ) );
#13489 = PCURVE('',#5870,#13490);
#13490 = DEFINITIONAL_REPRESENTATION('',(#13491),#13494);
#13491 = B_SPLINE_CURVE_WITH_KNOTS('',1,(#13492,#13493),.UNSPECIFIED.,
  .F.,.F.,(2,2),(-2.400000000069E-06,29.6000024),
  .PIECEWISE_BEZIER_KNOTS.);
#13492 = CARTESIAN_POINT('',(-2.400000000069E-06,65.833030277982));
#13493 = CARTESIAN_POINT('',(29.6000024,65.833030277982));
#13494 = ( GEOMETRIC_REPRESENTATION_CONTEXT(2) 
PARAMETRIC_REPRESENTATION_CONTEXT() REPRESENTATION_CONTEXT('2D SPACE',''
  ) );
#13495 = ADVANCED_FACE('',(#13496),#5870,.F.);
#13496 = FACE_BOUND('',#13497,.F.);
#13497 = EDGE_LOOP('',(#13498,#13499,#13520,#13521));
#13498 = ORIENTED_EDGE('',*,*,#13426,.F.);
#13499 = ORIENTED_EDGE('',*,*,#13500,.F.);
#13500 = EDGE_CURVE('',#13454,#13399,#13501,.T.);
#13501 = SURFACE_CURVE('',#13502,(#13506,#13513),.PCURVE_S1.);
#13502 = LINE('',#13503,#13504);
#13503 = CARTESIAN_POINT('',(-34.,44.,2.4));
#13504 = VECTOR('',#13505,1.);
#13505 = DIRECTION('',(1.,0.,-0.));
#13506 = PCURVE('',#5870,#13507);
#13507 = DEFINITIONAL_REPRESENTATION('',(#13508),#13512);
#13508 = LINE('',#13509,#13510);
#13509 = CARTESIAN_POINT('',(0.,0.));
#13510 = VECTOR('',#13511,1.);
#13511 = DIRECTION('',(0.,1.));
#13512 = ( GEOMETRIC_REPRESENTATION_CONTEXT(2) 
PARAMETRIC_REPRESENTATION_CONTEXT() REPRESENTATION_CONTEXT('2D SPACE',''
  ) );
#13513 = PCURVE('',#13414,#13514);
#13514 = DEFINITIONAL_REPRESENTATION('',(#13515),#13519);
#13515 = LINE('',#13516,#13517);
#13516 = CARTESIAN_POINT('',(0.,88.));
#13517 = VECTOR('',#13518,1.);
#13518 = DIRECTION('',(1.,0.));
#13519 = ( GEOMETRIC_REPRESENTATION_CONTEXT(2) 
PARAMETRIC_REPRESENTATION_CONTEXT() REPRESENTATION_CONTEXT('2D SPACE',''
  ) );
#13520 = ORIENTED_EDGE('',*,*,#13477,.T.);
#13521 = ORIENTED_EDGE('',*,*,#5856,.F.);
#13522 = ADVANCED_FACE('',(#13523),#5900,.F.);
#13523 = FACE_BOUND('',#13524,.F.);
#13524 = EDGE_LOOP('',(#13525,#13526,#13549,#13571));
#13525 = ORIENTED_EDGE('',*,*,#5883,.F.);
#13526 = ORIENTED_EDGE('',*,*,#13527,.F.);
#13527 = EDGE_CURVE('',#13528,#5884,#13530,.T.);
#13528 = VERTEX_POINT('',#13529);
#13529 = CARTESIAN_POINT('',(44.1,35.4,27.));
#13530 = SEAM_CURVE('',#13531,(#13535,#13542),.PCURVE_S1.);
#13531 = LINE('',#13532,#13533);
#13532 = CARTESIAN_POINT('',(44.1,35.4,26.5));
#13533 = VECTOR('',#13534,1.);
#13534 = DIRECTION('',(0.,0.,1.));
#13535 = PCURVE('',#5900,#13536);
#13536 = DEFINITIONAL_REPRESENTATION('',(#13537),#13541);
#13537 = LINE('',#13538,#13539);
#13538 = CARTESIAN_POINT('',(6.28318530718,-0.));
#13539 = VECTOR('',#13540,1.);
#13540 = DIRECTION('',(0.,1.));
#13541 = ( GEOMETRIC_REPRESENTATION_CONTEXT(2) 
PARAMETRIC_REPRESENTATION_CONTEXT() REPRESENTATION_CONTEXT('2D SPACE',''
  ) );
#13542 = PCURVE('',#5900,#13543);
#13543 = DEFINITIONAL_REPRESENTATION('',(#13544),#13548);
#13544 = LINE('',#13545,#13546);
#13545 = CARTESIAN_POINT('',(0.,-0.));
#13546 = VECTOR('',#13547,1.);
#13547 = DIRECTION('',(0.,1.));
#13548 = ( GEOMETRIC_REPRESENTATION_CONTEXT(2) 
PARAMETRIC_REPRESENTATION_CONTEXT() REPRESENTATION_CONTEXT('2D SPACE',''
  ) );
#13549 = ORIENTED_EDGE('',*,*,#13550,.T.);
#13550 = EDGE_CURVE('',#13528,#13528,#13551,.T.);
#13551 = SURFACE_CURVE('',#13552,(#13557,#13564),.PCURVE_S1.);
#13552 = CIRCLE('',#13553,1.7);
#13553 = AXIS2_PLACEMENT_3D('',#13554,#13555,#13556);
#13554 = CARTESIAN_POINT('',(42.4,35.4,27.));
#13555 = DIRECTION('',(0.,0.,1.));
#13556 = DIRECTION('',(1.,0.,-0.));
#13557 = PCURVE('',#5900,#13558);
#13558 = DEFINITIONAL_REPRESENTATION('',(#13559),#13563);
#13559 = LINE('',#13560,#13561);
#13560 = CARTESIAN_POINT('',(0.,0.5));
#13561 = VECTOR('',#13562,1.);
#13562 = DIRECTION('',(1.,0.));
#13563 = ( GEOMETRIC_REPRESENTATION_CONTEXT(2) 
PARAMETRIC_REPRESENTATION_CONTEXT() REPRESENTATION_CONTEXT('2D SPACE',''
  ) );
#13564 = PCURVE('',#11540,#13565);
#13565 = DEFINITIONAL_REPRESENTATION('',(#13566),#13570);
#13566 = CIRCLE('',#13567,1.7);
#13567 = AXIS2_PLACEMENT_2D('',#13568,#13569);
#13568 = CARTESIAN_POINT('',(6.3,7.));
#13569 = DIRECTION('',(1.,0.));
#13570 = ( GEOMETRIC_REPRESENTATION_CONTEXT(2) 
PARAMETRIC_REPRESENTATION_CONTEXT() REPRESENTATION_CONTEXT('2D SPACE',''
  ) );
#13571 = ORIENTED_EDGE('',*,*,#13527,.T.);
#13572 = ADVANCED_FACE('',(#13573),#6474,.F.);
#13573 = FACE_BOUND('',#13574,.F.);
#13574 = EDGE_LOOP('',(#13575,#13576,#13577,#13596));
#13575 = ORIENTED_EDGE('',*,*,#6458,.T.);
#13576 = ORIENTED_EDGE('',*,*,#9870,.F.);
#13577 = ORIENTED_EDGE('',*,*,#13578,.F.);
#13578 = EDGE_CURVE('',#9521,#9871,#13579,.T.);
#13579 = SURFACE_CURVE('',#13580,(#13584,#13590),.PCURVE_S1.);
#13580 = LINE('',#13581,#13582);
#13581 = CARTESIAN_POINT('',(-33.5,-8.5,10.2));
#13582 = VECTOR('',#13583,1.);
#13583 = DIRECTION('',(-0.,1.,0.));
#13584 = PCURVE('',#6474,#13585);
#13585 = DEFINITIONAL_REPRESENTATION('',(#13586),#13589);
#13586 = B_SPLINE_CURVE_WITH_KNOTS('',1,(#13587,#13588),.UNSPECIFIED.,
  .F.,.F.,(2,2),(21.5,29.5),.PIECEWISE_BEZIER_KNOTS.);
#13587 = CARTESIAN_POINT('',(1.2,-43.));
#13588 = CARTESIAN_POINT('',(1.2,-51.));
#13589 = ( GEOMETRIC_REPRESENTATION_CONTEXT(2) 
PARAMETRIC_REPRESENTATION_CONTEXT() REPRESENTATION_CONTEXT('2D SPACE',''
  ) );
#13590 = PCURVE('',#9555,#13591);
#13591 = DEFINITIONAL_REPRESENTATION('',(#13592),#13595);
#13592 = B_SPLINE_CURVE_WITH_KNOTS('',1,(#13593,#13594),.UNSPECIFIED.,
  .F.,.F.,(2,2),(21.5,29.5),.PIECEWISE_BEZIER_KNOTS.);
#13593 = CARTESIAN_POINT('',(0.5,0.));
#13594 = CARTESIAN_POINT('',(0.5,8.));
#13595 = ( GEOMETRIC_REPRESENTATION_CONTEXT(2) 
PARAMETRIC_REPRESENTATION_CONTEXT() REPRESENTATION_CONTEXT('2D SPACE',''
  ) );
#13596 = ORIENTED_EDGE('',*,*,#9520,.T.);
#13597 = ADVANCED_FACE('',(#13598),#6383,.F.);
#13598 = FACE_BOUND('',#13599,.F.);
#13599 = EDGE_LOOP('',(#13600,#13601,#13602,#13603));
#13600 = ORIENTED_EDGE('',*,*,#7707,.T.);
#13601 = ORIENTED_EDGE('',*,*,#6367,.T.);
#13602 = ORIENTED_EDGE('',*,*,#8097,.F.);
#13603 = ORIENTED_EDGE('',*,*,#13604,.F.);
#13604 = EDGE_CURVE('',#7708,#8098,#13605,.T.);
#13605 = SURFACE_CURVE('',#13606,(#13610,#13616),.PCURVE_S1.);
#13606 = LINE('',#13607,#13608);
#13607 = CARTESIAN_POINT('',(-33.5,-25.5,10.2));
#13608 = VECTOR('',#13609,1.);
#13609 = DIRECTION('',(-0.,1.,0.));
#13610 = PCURVE('',#6383,#13611);
#13611 = DEFINITIONAL_REPRESENTATION('',(#13612),#13615);
#13612 = B_SPLINE_CURVE_WITH_KNOTS('',1,(#13613,#13614),.UNSPECIFIED.,
  .F.,.F.,(2,2),(4.5,12.5),.PIECEWISE_BEZIER_KNOTS.);
#13613 = CARTESIAN_POINT('',(1.2,-9.));
#13614 = CARTESIAN_POINT('',(1.2,-17.));
#13615 = ( GEOMETRIC_REPRESENTATION_CONTEXT(2) 
PARAMETRIC_REPRESENTATION_CONTEXT() REPRESENTATION_CONTEXT('2D SPACE',''
  ) );
#13616 = PCURVE('',#7742,#13617);
#13617 = DEFINITIONAL_REPRESENTATION('',(#13618),#13621);
#13618 = B_SPLINE_CURVE_WITH_KNOTS('',1,(#13619,#13620),.UNSPECIFIED.,
  .F.,.F.,(2,2),(4.5,12.5),.PIECEWISE_BEZIER_KNOTS.);
#13619 = CARTESIAN_POINT('',(0.5,0.));
#13620 = CARTESIAN_POINT('',(0.5,8.));
#13621 = ( GEOMETRIC_REPRESENTATION_CONTEXT(2) 
PARAMETRIC_REPRESENTATION_CONTEXT() REPRESENTATION_CONTEXT('2D SPACE',''
  ) );
#13622 = ADVANCED_FACE('',(#13623),#6568,.T.);
#13623 = FACE_BOUND('',#13624,.T.);
#13624 = EDGE_LOOP('',(#13625,#13626,#13627,#13628));
#13625 = ORIENTED_EDGE('',*,*,#6625,.F.);
#13626 = ORIENTED_EDGE('',*,*,#6552,.T.);
#13627 = ORIENTED_EDGE('',*,*,#7103,.F.);
#13628 = ORIENTED_EDGE('',*,*,#13629,.T.);
#13629 = EDGE_CURVE('',#7081,#6626,#13630,.T.);
#13630 = SURFACE_CURVE('',#13631,(#13635,#13641),.PCURVE_S1.);
#13631 = LINE('',#13632,#13633);
#13632 = CARTESIAN_POINT('',(-36.9,28.4,18.));
#13633 = VECTOR('',#13634,1.);
#13634 = DIRECTION('',(-0.,0.,-1.));
#13635 = PCURVE('',#6568,#13636);
#13636 = DEFINITIONAL_REPRESENTATION('',(#13637),#13640);
#13637 = B_SPLINE_CURVE_WITH_KNOTS('',1,(#13638,#13639),.UNSPECIFIED.,
  .F.,.F.,(2,2),(-14.,3.),.PIECEWISE_BEZIER_KNOTS.);
#13638 = CARTESIAN_POINT('',(23.,-58.4));
#13639 = CARTESIAN_POINT('',(6.,-58.4));
#13640 = ( GEOMETRIC_REPRESENTATION_CONTEXT(2) 
PARAMETRIC_REPRESENTATION_CONTEXT() REPRESENTATION_CONTEXT('2D SPACE',''
  ) );
#13641 = PCURVE('',#6662,#13642);
#13642 = DEFINITIONAL_REPRESENTATION('',(#13643),#13646);
#13643 = B_SPLINE_CURVE_WITH_KNOTS('',1,(#13644,#13645),.UNSPECIFIED.,
  .F.,.F.,(2,2),(-14.,3.),.PIECEWISE_BEZIER_KNOTS.);
#13644 = CARTESIAN_POINT('',(5.,11.5));
#13645 = CARTESIAN_POINT('',(-12.,11.5));
#13646 = ( GEOMETRIC_REPRESENTATION_CONTEXT(2) 
PARAMETRIC_REPRESENTATION_CONTEXT() REPRESENTATION_CONTEXT('2D SPACE',''
  ) );
#13647 = ADVANCED_FACE('',(#13648),#6690,.F.);
#13648 = FACE_BOUND('',#13649,.F.);
#13649 = EDGE_LOOP('',(#13650,#13671,#13672,#13673,#13674,#13675));
#13650 = ORIENTED_EDGE('',*,*,#13651,.F.);
#13651 = EDGE_CURVE('',#6647,#7058,#13652,.T.);
#13652 = SURFACE_CURVE('',#13653,(#13657,#13664),.PCURVE_S1.);
#13653 = LINE('',#13654,#13655);
#13654 = CARTESIAN_POINT('',(-48.4,28.4,27.));
#13655 = VECTOR('',#13656,1.);
#13656 = DIRECTION('',(0.,0.,1.));
#13657 = PCURVE('',#6690,#13658);
#13658 = DEFINITIONAL_REPRESENTATION('',(#13659),#13663);
#13659 = LINE('',#13660,#13661);
#13660 = CARTESIAN_POINT('',(0.,0.));
#13661 = VECTOR('',#13662,1.);
#13662 = DIRECTION('',(1.,0.));
#13663 = ( GEOMETRIC_REPRESENTATION_CONTEXT(2) 
PARAMETRIC_REPRESENTATION_CONTEXT() REPRESENTATION_CONTEXT('2D SPACE',''
  ) );
#13664 = PCURVE('',#6662,#13665);
#13665 = DEFINITIONAL_REPRESENTATION('',(#13666),#13670);
#13666 = LINE('',#13667,#13668);
#13667 = CARTESIAN_POINT('',(0.,0.));
#13668 = VECTOR('',#13669,1.);
#13669 = DIRECTION('',(1.,0.));
#13670 = ( GEOMETRIC_REPRESENTATION_CONTEXT(2) 
PARAMETRIC_REPRESENTATION_CONTEXT() REPRESENTATION_CONTEXT('2D SPACE',''
  ) );
#13671 = ORIENTED_EDGE('',*,*,#6674,.T.);
#13672 = ORIENTED_EDGE('',*,*,#6775,.T.);
#13673 = ORIENTED_EDGE('',*,*,#6860,.T.);
#13674 = ORIENTED_EDGE('',*,*,#6909,.T.);
#13675 = ORIENTED_EDGE('',*,*,#7057,.F.);
#13676 = ADVANCED_FACE('',(#13677),#6662,.F.);
#13677 = FACE_BOUND('',#13678,.F.);
#13678 = EDGE_LOOP('',(#13679,#13680,#13681,#13682));
#13679 = ORIENTED_EDGE('',*,*,#7080,.T.);
#13680 = ORIENTED_EDGE('',*,*,#13629,.T.);
#13681 = ORIENTED_EDGE('',*,*,#6646,.T.);
#13682 = ORIENTED_EDGE('',*,*,#13651,.T.);
#13683 = ADVANCED_FACE('',(#13684),#6817,.F.);
#13684 = FACE_BOUND('',#13685,.F.);
#13685 = EDGE_LOOP('',(#13686,#13687,#13708,#13709));
#13686 = ORIENTED_EDGE('',*,*,#7169,.F.);
#13687 = ORIENTED_EDGE('',*,*,#13688,.F.);
#13688 = EDGE_CURVE('',#6801,#7170,#13689,.T.);
#13689 = SEAM_CURVE('',#13690,(#13694,#13701),.PCURVE_S1.);
#13690 = LINE('',#13691,#13692);
#13691 = CARTESIAN_POINT('',(-40.7,35.4,26.5));
#13692 = VECTOR('',#13693,1.);
#13693 = DIRECTION('',(0.,0.,1.));
#13694 = PCURVE('',#6817,#13695);
#13695 = DEFINITIONAL_REPRESENTATION('',(#13696),#13700);
#13696 = LINE('',#13697,#13698);
#13697 = CARTESIAN_POINT('',(6.28318530718,-0.));
#13698 = VECTOR('',#13699,1.);
#13699 = DIRECTION('',(0.,1.));
#13700 = ( GEOMETRIC_REPRESENTATION_CONTEXT(2) 
PARAMETRIC_REPRESENTATION_CONTEXT() REPRESENTATION_CONTEXT('2D SPACE',''
  ) );
#13701 = PCURVE('',#6817,#13702);
#13702 = DEFINITIONAL_REPRESENTATION('',(#13703),#13707);
#13703 = LINE('',#13704,#13705);
#13704 = CARTESIAN_POINT('',(0.,-0.));
#13705 = VECTOR('',#13706,1.);
#13706 = DIRECTION('',(0.,1.));
#13707 = ( GEOMETRIC_REPRESENTATION_CONTEXT(2) 
PARAMETRIC_REPRESENTATION_CONTEXT() REPRESENTATION_CONTEXT('2D SPACE',''
  ) );
#13708 = ORIENTED_EDGE('',*,*,#6800,.T.);
#13709 = ORIENTED_EDGE('',*,*,#13688,.T.);
#13710 = ADVANCED_FACE('',(#13711),#6995,.T.);
#13711 = FACE_BOUND('',#13712,.T.);
#13712 = EDGE_LOOP('',(#13713,#13714,#13735,#13736));
#13713 = ORIENTED_EDGE('',*,*,#10408,.T.);
#13714 = ORIENTED_EDGE('',*,*,#13715,.T.);
#13715 = EDGE_CURVE('',#10409,#11291,#13716,.T.);
#13716 = SURFACE_CURVE('',#13717,(#13721,#13728),.PCURVE_S1.);
#13717 = LINE('',#13718,#13719);
#13718 = CARTESIAN_POINT('',(-12.,43.5,16.));
#13719 = VECTOR('',#13720,1.);
#13720 = DIRECTION('',(-0.,1.,0.));
#13721 = PCURVE('',#6995,#13722);
#13722 = DEFINITIONAL_REPRESENTATION('',(#13723),#13727);
#13723 = LINE('',#13724,#13725);
#13724 = CARTESIAN_POINT('',(0.,0.));
#13725 = VECTOR('',#13726,1.);
#13726 = DIRECTION('',(0.,-1.));
#13727 = ( GEOMETRIC_REPRESENTATION_CONTEXT(2) 
PARAMETRIC_REPRESENTATION_CONTEXT() REPRESENTATION_CONTEXT('2D SPACE',''
  ) );
#13728 = PCURVE('',#10444,#13729);
#13729 = DEFINITIONAL_REPRESENTATION('',(#13730),#13734);
#13730 = LINE('',#13731,#13732);
#13731 = CARTESIAN_POINT('',(0.,0.));
#13732 = VECTOR('',#13733,1.);
#13733 = DIRECTION('',(0.,1.));
#13734 = ( GEOMETRIC_REPRESENTATION_CONTEXT(2) 
PARAMETRIC_REPRESENTATION_CONTEXT() REPRESENTATION_CONTEXT('2D SPACE',''
  ) );
#13735 = ORIENTED_EDGE('',*,*,#11290,.F.);
#13736 = ORIENTED_EDGE('',*,*,#6980,.F.);
#13737 = ADVANCED_FACE('',(#13738),#7212,.F.);
#13738 = FACE_BOUND('',#13739,.F.);
#13739 = EDGE_LOOP('',(#13740,#13763,#13764,#13765));
#13740 = ORIENTED_EDGE('',*,*,#13741,.T.);
#13741 = EDGE_CURVE('',#13742,#7196,#13744,.T.);
#13742 = VERTEX_POINT('',#13743);
#13743 = CARTESIAN_POINT('',(-28.3,40.,29.2));
#13744 = SEAM_CURVE('',#13745,(#13749,#13756),.PCURVE_S1.);
#13745 = LINE('',#13746,#13747);
#13746 = CARTESIAN_POINT('',(-28.3,40.,22.));
#13747 = VECTOR('',#13748,1.);
#13748 = DIRECTION('',(0.,0.,1.));
#13749 = PCURVE('',#7212,#13750);
#13750 = DEFINITIONAL_REPRESENTATION('',(#13751),#13755);
#13751 = LINE('',#13752,#13753);
#13752 = CARTESIAN_POINT('',(6.28318530718,-0.));
#13753 = VECTOR('',#13754,1.);
#13754 = DIRECTION('',(0.,1.));
#13755 = ( GEOMETRIC_REPRESENTATION_CONTEXT(2) 
PARAMETRIC_REPRESENTATION_CONTEXT() REPRESENTATION_CONTEXT('2D SPACE',''
  ) );
#13756 = PCURVE('',#7212,#13757);
#13757 = DEFINITIONAL_REPRESENTATION('',(#13758),#13762);
#13758 = LINE('',#13759,#13760);
#13759 = CARTESIAN_POINT('',(0.,-0.));
#13760 = VECTOR('',#13761,1.);
#13761 = DIRECTION('',(0.,1.));
#13762 = ( GEOMETRIC_REPRESENTATION_CONTEXT(2) 
PARAMETRIC_REPRESENTATION_CONTEXT() REPRESENTATION_CONTEXT('2D SPACE',''
  ) );
#13763 = ORIENTED_EDGE('',*,*,#7195,.F.);
#13764 = ORIENTED_EDGE('',*,*,#13741,.F.);
#13765 = ORIENTED_EDGE('',*,*,#13766,.T.);
#13766 = EDGE_CURVE('',#13742,#13742,#13767,.T.);
#13767 = SURFACE_CURVE('',#13768,(#13773,#13780),.PCURVE_S1.);
#13768 = CIRCLE('',#13769,1.7);
#13769 = AXIS2_PLACEMENT_3D('',#13770,#13771,#13772);
#13770 = CARTESIAN_POINT('',(-30.,40.,29.2));
#13771 = DIRECTION('',(0.,0.,1.));
#13772 = DIRECTION('',(1.,0.,-0.));
#13773 = PCURVE('',#7212,#13774);
#13774 = DEFINITIONAL_REPRESENTATION('',(#13775),#13779);
#13775 = LINE('',#13776,#13777);
#13776 = CARTESIAN_POINT('',(0.,7.2));
#13777 = VECTOR('',#13778,1.);
#13778 = DIRECTION('',(1.,0.));
#13779 = ( GEOMETRIC_REPRESENTATION_CONTEXT(2) 
PARAMETRIC_REPRESENTATION_CONTEXT() REPRESENTATION_CONTEXT('2D SPACE',''
  ) );
#13780 = PCURVE('',#10269,#13781);
#13781 = DEFINITIONAL_REPRESENTATION('',(#13782),#13786);
#13782 = CIRCLE('',#13783,1.7);
#13783 = AXIS2_PLACEMENT_2D('',#13784,#13785);
#13784 = CARTESIAN_POINT('',(0.,0.));
#13785 = DIRECTION('',(1.,0.));
#13786 = ( GEOMETRIC_REPRESENTATION_CONTEXT(2) 
PARAMETRIC_REPRESENTATION_CONTEXT() REPRESENTATION_CONTEXT('2D SPACE',''
  ) );
#13787 = ADVANCED_FACE('',(#13788),#7244,.F.);
#13788 = FACE_BOUND('',#13789,.F.);
#13789 = EDGE_LOOP('',(#13790,#13811,#13839,#13860));
#13790 = ORIENTED_EDGE('',*,*,#13791,.F.);
#13791 = EDGE_CURVE('',#13792,#7227,#13794,.T.);
#13792 = VERTEX_POINT('',#13793);
#13793 = CARTESIAN_POINT('',(-31.83303027798,44.,2.4));
#13794 = SURFACE_CURVE('',#13795,(#13799,#13805),.PCURVE_S1.);
#13795 = LINE('',#13796,#13797);
#13796 = CARTESIAN_POINT('',(-31.83303027798,44.,2.4));
#13797 = VECTOR('',#13798,1.);
#13798 = DIRECTION('',(0.,0.,1.));
#13799 = PCURVE('',#7244,#13800);
#13800 = DEFINITIONAL_REPRESENTATION('',(#13801),#13804);
#13801 = B_SPLINE_CURVE_WITH_KNOTS('',1,(#13802,#13803),.UNSPECIFIED.,
  .F.,.F.,(2,2),(-2.400000000069E-06,29.6000024),
  .PIECEWISE_BEZIER_KNOTS.);
#13802 = CARTESIAN_POINT('',(-2.400000000069E-06,2.166969722018));
#13803 = CARTESIAN_POINT('',(29.6000024,2.166969722018));
#13804 = ( GEOMETRIC_REPRESENTATION_CONTEXT(2) 
PARAMETRIC_REPRESENTATION_CONTEXT() REPRESENTATION_CONTEXT('2D SPACE',''
  ) );
#13805 = PCURVE('',#7272,#13806);
#13806 = DEFINITIONAL_REPRESENTATION('',(#13807),#13810);
#13807 = B_SPLINE_CURVE_WITH_KNOTS('',1,(#13808,#13809),.UNSPECIFIED.,
  .F.,.F.,(2,2),(-2.400000000069E-06,29.6000024),
  .PIECEWISE_BEZIER_KNOTS.);
#13808 = CARTESIAN_POINT('',(2.000495992946,-2.400000000069E-06));
#13809 = CARTESIAN_POINT('',(2.000495992946,29.6000024));
#13810 = ( GEOMETRIC_REPRESENTATION_CONTEXT(2) 
PARAMETRIC_REPRESENTATION_CONTEXT() REPRESENTATION_CONTEXT('2D SPACE',''
  ) );
#13811 = ORIENTED_EDGE('',*,*,#13812,.F.);
#13812 = EDGE_CURVE('',#13813,#13792,#13815,.T.);
#13813 = VERTEX_POINT('',#13814);
#13814 = CARTESIAN_POINT('',(-34.,44.,2.4));
#13815 = SURFACE_CURVE('',#13816,(#13820,#13827),.PCURVE_S1.);
#13816 = LINE('',#13817,#13818);
#13817 = CARTESIAN_POINT('',(-34.,44.,2.4));
#13818 = VECTOR('',#13819,1.);
#13819 = DIRECTION('',(1.,0.,-0.));
#13820 = PCURVE('',#7244,#13821);
#13821 = DEFINITIONAL_REPRESENTATION('',(#13822),#13826);
#13822 = LINE('',#13823,#13824);
#13823 = CARTESIAN_POINT('',(0.,0.));
#13824 = VECTOR('',#13825,1.);
#13825 = DIRECTION('',(0.,1.));
#13826 = ( GEOMETRIC_REPRESENTATION_CONTEXT(2) 
PARAMETRIC_REPRESENTATION_CONTEXT() REPRESENTATION_CONTEXT('2D SPACE',''
  ) );
#13827 = PCURVE('',#13828,#13833);
#13828 = PLANE('',#13829);
#13829 = AXIS2_PLACEMENT_3D('',#13830,#13831,#13832);
#13830 = CARTESIAN_POINT('',(-34.,-44.,2.4));
#13831 = DIRECTION('',(0.,0.,1.));
#13832 = DIRECTION('',(1.,0.,-0.));
#13833 = DEFINITIONAL_REPRESENTATION('',(#13834),#13838);
#13834 = LINE('',#13835,#13836);
#13835 = CARTESIAN_POINT('',(0.,88.));
#13836 = VECTOR('',#13837,1.);
#13837 = DIRECTION('',(1.,0.));
#13838 = ( GEOMETRIC_REPRESENTATION_CONTEXT(2) 
PARAMETRIC_REPRESENTATION_CONTEXT() REPRESENTATION_CONTEXT('2D SPACE',''
  ) );
#13839 = ORIENTED_EDGE('',*,*,#13840,.T.);
#13840 = EDGE_CURVE('',#13813,#7229,#13841,.T.);
#13841 = SURFACE_CURVE('',#13842,(#13846,#13853),.PCURVE_S1.);
#13842 = LINE('',#13843,#13844);
#13843 = CARTESIAN_POINT('',(-34.,44.,2.4));
#13844 = VECTOR('',#13845,1.);
#13845 = DIRECTION('',(0.,0.,1.));
#13846 = PCURVE('',#7244,#13847);
#13847 = DEFINITIONAL_REPRESENTATION('',(#13848),#13852);
#13848 = LINE('',#13849,#13850);
#13849 = CARTESIAN_POINT('',(0.,0.));
#13850 = VECTOR('',#13851,1.);
#13851 = DIRECTION('',(1.,0.));
#13852 = ( GEOMETRIC_REPRESENTATION_CONTEXT(2) 
PARAMETRIC_REPRESENTATION_CONTEXT() REPRESENTATION_CONTEXT('2D SPACE',''
  ) );
#13853 = PCURVE('',#7298,#13854);
#13854 = DEFINITIONAL_REPRESENTATION('',(#13855),#13859);
#13855 = LINE('',#13856,#13857);
#13856 = CARTESIAN_POINT('',(0.,-88.));
#13857 = VECTOR('',#13858,1.);
#13858 = DIRECTION('',(1.,0.));
#13859 = ( GEOMETRIC_REPRESENTATION_CONTEXT(2) 
PARAMETRIC_REPRESENTATION_CONTEXT() REPRESENTATION_CONTEXT('2D SPACE',''
  ) );
#13860 = ORIENTED_EDGE('',*,*,#7226,.F.);
#13861 = ADVANCED_FACE('',(#13862),#7272,.T.);
#13862 = FACE_BOUND('',#13863,.T.);
#13863 = EDGE_LOOP('',(#13864,#13865,#13866,#13890));
#13864 = ORIENTED_EDGE('',*,*,#7255,.F.);
#13865 = ORIENTED_EDGE('',*,*,#13791,.F.);
#13866 = ORIENTED_EDGE('',*,*,#13867,.T.);
#13867 = EDGE_CURVE('',#13792,#13868,#13870,.T.);
#13868 = VERTEX_POINT('',#13869);
#13869 = CARTESIAN_POINT('',(-34.,41.833030277982,2.4));
#13870 = SURFACE_CURVE('',#13871,(#13876,#13883),.PCURVE_S1.);
#13871 = CIRCLE('',#13872,4.4);
#13872 = AXIS2_PLACEMENT_3D('',#13873,#13874,#13875);
#13873 = CARTESIAN_POINT('',(-30.,40.,2.4));
#13874 = DIRECTION('',(0.,0.,1.));
#13875 = DIRECTION('',(1.,0.,-0.));
#13876 = PCURVE('',#7272,#13877);
#13877 = DEFINITIONAL_REPRESENTATION('',(#13878),#13882);
#13878 = LINE('',#13879,#13880);
#13879 = CARTESIAN_POINT('',(0.,0.));
#13880 = VECTOR('',#13881,1.);
#13881 = DIRECTION('',(1.,0.));
#13882 = ( GEOMETRIC_REPRESENTATION_CONTEXT(2) 
PARAMETRIC_REPRESENTATION_CONTEXT() REPRESENTATION_CONTEXT('2D SPACE',''
  ) );
#13883 = PCURVE('',#13828,#13884);
#13884 = DEFINITIONAL_REPRESENTATION('',(#13885),#13889);
#13885 = CIRCLE('',#13886,4.4);
#13886 = AXIS2_PLACEMENT_2D('',#13887,#13888);
#13887 = CARTESIAN_POINT('',(4.,84.));
#13888 = DIRECTION('',(1.,0.));
#13889 = ( GEOMETRIC_REPRESENTATION_CONTEXT(2) 
PARAMETRIC_REPRESENTATION_CONTEXT() REPRESENTATION_CONTEXT('2D SPACE',''
  ) );
#13890 = ORIENTED_EDGE('',*,*,#13891,.T.);
#13891 = EDGE_CURVE('',#13868,#7256,#13892,.T.);
#13892 = SURFACE_CURVE('',#13893,(#13897,#13903),.PCURVE_S1.);
#13893 = LINE('',#13894,#13895);
#13894 = CARTESIAN_POINT('',(-34.,41.833030277982,2.4));
#13895 = VECTOR('',#13896,1.);
#13896 = DIRECTION('',(0.,0.,1.));
#13897 = PCURVE('',#7272,#13898);
#13898 = DEFINITIONAL_REPRESENTATION('',(#13899),#13902);
#13899 = B_SPLINE_CURVE_WITH_KNOTS('',1,(#13900,#13901),.UNSPECIFIED.,
  .F.,.F.,(2,2),(-2.400000000069E-06,29.6000024),
  .PIECEWISE_BEZIER_KNOTS.);
#13900 = CARTESIAN_POINT('',(2.711892987438,-2.400000000069E-06));
#13901 = CARTESIAN_POINT('',(2.711892987438,29.6000024));
#13902 = ( GEOMETRIC_REPRESENTATION_CONTEXT(2) 
PARAMETRIC_REPRESENTATION_CONTEXT() REPRESENTATION_CONTEXT('2D SPACE',''
  ) );
#13903 = PCURVE('',#7298,#13904);
#13904 = DEFINITIONAL_REPRESENTATION('',(#13905),#13908);
#13905 = B_SPLINE_CURVE_WITH_KNOTS('',1,(#13906,#13907),.UNSPECIFIED.,
  .F.,.F.,(2,2),(-2.400000000069E-06,29.6000024),
  .PIECEWISE_BEZIER_KNOTS.);
#13906 = CARTESIAN_POINT('',(-2.400000000069E-06,-85.83303027798));
#13907 = CARTESIAN_POINT('',(29.6000024,-85.83303027798));
#13908 = ( GEOMETRIC_REPRESENTATION_CONTEXT(2) 
PARAMETRIC_REPRESENTATION_CONTEXT() REPRESENTATION_CONTEXT('2D SPACE',''
  ) );
#13909 = ADVANCED_FACE('',(#13910),#7298,.T.);
#13910 = FACE_BOUND('',#13911,.T.);
#13911 = EDGE_LOOP('',(#13912,#13913,#13934,#13935));
#13912 = ORIENTED_EDGE('',*,*,#13891,.F.);
#13913 = ORIENTED_EDGE('',*,*,#13914,.T.);
#13914 = EDGE_CURVE('',#13868,#13813,#13915,.T.);
#13915 = SURFACE_CURVE('',#13916,(#13920,#13927),.PCURVE_S1.);
#13916 = LINE('',#13917,#13918);
#13917 = CARTESIAN_POINT('',(-34.,-44.,2.4));
#13918 = VECTOR('',#13919,1.);
#13919 = DIRECTION('',(-0.,1.,0.));
#13920 = PCURVE('',#7298,#13921);
#13921 = DEFINITIONAL_REPRESENTATION('',(#13922),#13926);
#13922 = LINE('',#13923,#13924);
#13923 = CARTESIAN_POINT('',(0.,0.));
#13924 = VECTOR('',#13925,1.);
#13925 = DIRECTION('',(0.,-1.));
#13926 = ( GEOMETRIC_REPRESENTATION_CONTEXT(2) 
PARAMETRIC_REPRESENTATION_CONTEXT() REPRESENTATION_CONTEXT('2D SPACE',''
  ) );
#13927 = PCURVE('',#13828,#13928);
#13928 = DEFINITIONAL_REPRESENTATION('',(#13929),#13933);
#13929 = LINE('',#13930,#13931);
#13930 = CARTESIAN_POINT('',(0.,0.));
#13931 = VECTOR('',#13932,1.);
#13932 = DIRECTION('',(0.,1.));
#13933 = ( GEOMETRIC_REPRESENTATION_CONTEXT(2) 
PARAMETRIC_REPRESENTATION_CONTEXT() REPRESENTATION_CONTEXT('2D SPACE',''
  ) );
#13934 = ORIENTED_EDGE('',*,*,#13840,.T.);
#13935 = ORIENTED_EDGE('',*,*,#7284,.F.);
#13936 = ADVANCED_FACE('',(#13937),#7356,.T.);
#13937 = FACE_BOUND('',#13938,.F.);
#13938 = EDGE_LOOP('',(#13939,#13940,#13941,#13960));
#13939 = ORIENTED_EDGE('',*,*,#7341,.F.);
#13940 = ORIENTED_EDGE('',*,*,#7416,.T.);
#13941 = ORIENTED_EDGE('',*,*,#13942,.T.);
#13942 = EDGE_CURVE('',#7392,#11357,#13943,.T.);
#13943 = SURFACE_CURVE('',#13944,(#13948,#13954),.PCURVE_S1.);
#13944 = LINE('',#13945,#13946);
#13945 = CARTESIAN_POINT('',(37.6,43.4,7.2));
#13946 = VECTOR('',#13947,1.);
#13947 = DIRECTION('',(-0.707106781187,1.15296311809E-15,0.707106781187)
  );
#13948 = PCURVE('',#7356,#13949);
#13949 = DEFINITIONAL_REPRESENTATION('',(#13950),#13953);
#13950 = B_SPLINE_CURVE_WITH_KNOTS('',1,(#13951,#13952),.UNSPECIFIED.,
  .F.,.F.,(2,2),(0.,1.697056274848),.PIECEWISE_BEZIER_KNOTS.);
#13951 = CARTESIAN_POINT('',(1.570796326795,0.));
#13952 = CARTESIAN_POINT('',(1.570796326795,-1.2));
#13953 = ( GEOMETRIC_REPRESENTATION_CONTEXT(2) 
PARAMETRIC_REPRESENTATION_CONTEXT() REPRESENTATION_CONTEXT('2D SPACE',''
  ) );
#13954 = PCURVE('',#11089,#13955);
#13955 = DEFINITIONAL_REPRESENTATION('',(#13956),#13959);
#13956 = B_SPLINE_CURVE_WITH_KNOTS('',1,(#13957,#13958),.UNSPECIFIED.,
  .F.,.F.,(2,2),(0.,1.697056274848),.PIECEWISE_BEZIER_KNOTS.);
#13957 = CARTESIAN_POINT('',(0.,-0.848528137424));
#13958 = CARTESIAN_POINT('',(0.,0.848528137424));
#13959 = ( GEOMETRIC_REPRESENTATION_CONTEXT(2) 
PARAMETRIC_REPRESENTATION_CONTEXT() REPRESENTATION_CONTEXT('2D SPACE',''
  ) );
#13960 = ORIENTED_EDGE('',*,*,#11379,.F.);
#13961 = ADVANCED_FACE('',(#13962,#14065),#7531,.T.);
#13962 = FACE_BOUND('',#13963,.T.);
#13963 = EDGE_LOOP('',(#13964,#13987,#13988,#14011,#14039));
#13964 = ORIENTED_EDGE('',*,*,#13965,.T.);
#13965 = EDGE_CURVE('',#13966,#7513,#13968,.T.);
#13966 = VERTEX_POINT('',#13967);
#13967 = CARTESIAN_POINT('',(-27.1,-41.67431578065,26.5));
#13968 = SURFACE_CURVE('',#13969,(#13973,#13980),.PCURVE_S1.);
#13969 = LINE('',#13970,#13971);
#13970 = CARTESIAN_POINT('',(-27.1,-41.67431578065,26.5));
#13971 = VECTOR('',#13972,1.);
#13972 = DIRECTION('',(5.322963125449E-16,1.,0.));
#13973 = PCURVE('',#7531,#13974);
#13974 = DEFINITIONAL_REPRESENTATION('',(#13975),#13979);
#13975 = LINE('',#13976,#13977);
#13976 = CARTESIAN_POINT('',(2.9,-1.67431578065));
#13977 = VECTOR('',#13978,1.);
#13978 = DIRECTION('',(5.322963125449E-16,1.));
#13979 = ( GEOMETRIC_REPRESENTATION_CONTEXT(2) 
PARAMETRIC_REPRESENTATION_CONTEXT() REPRESENTATION_CONTEXT('2D SPACE',''
  ) );
#13980 = PCURVE('',#7558,#13981);
#13981 = DEFINITIONAL_REPRESENTATION('',(#13982),#13986);
#13982 = LINE('',#13983,#13984);
#13983 = CARTESIAN_POINT('',(0.,0.));
#13984 = VECTOR('',#13985,1.);
#13985 = DIRECTION('',(1.,0.));
#13986 = ( GEOMETRIC_REPRESENTATION_CONTEXT(2) 
PARAMETRIC_REPRESENTATION_CONTEXT() REPRESENTATION_CONTEXT('2D SPACE',''
  ) );
#13987 = ORIENTED_EDGE('',*,*,#7512,.T.);
#13988 = ORIENTED_EDGE('',*,*,#13989,.F.);
#13989 = EDGE_CURVE('',#13990,#7515,#13992,.T.);
#13990 = VERTEX_POINT('',#13991);
#13991 = CARTESIAN_POINT('',(-32.9,-41.67431578065,26.5));
#13992 = SURFACE_CURVE('',#13993,(#13997,#14004),.PCURVE_S1.);
#13993 = LINE('',#13994,#13995);
#13994 = CARTESIAN_POINT('',(-32.9,-41.67431578065,26.5));
#13995 = VECTOR('',#13996,1.);
#13996 = DIRECTION('',(0.,1.,0.));
#13997 = PCURVE('',#7531,#13998);
#13998 = DEFINITIONAL_REPRESENTATION('',(#13999),#14003);
#13999 = LINE('',#14000,#14001);
#14000 = CARTESIAN_POINT('',(-2.9,-1.67431578065));
#14001 = VECTOR('',#14002,1.);
#14002 = DIRECTION('',(0.,1.));
#14003 = ( GEOMETRIC_REPRESENTATION_CONTEXT(2) 
PARAMETRIC_REPRESENTATION_CONTEXT() REPRESENTATION_CONTEXT('2D SPACE',''
  ) );
#14004 = PCURVE('',#7611,#14005);
#14005 = DEFINITIONAL_REPRESENTATION('',(#14006),#14010);
#14006 = LINE('',#14007,#14008);
#14007 = CARTESIAN_POINT('',(3.3486315613,0.));
#14008 = VECTOR('',#14009,1.);
#14009 = DIRECTION('',(-1.,0.));
#14010 = ( GEOMETRIC_REPRESENTATION_CONTEXT(2) 
PARAMETRIC_REPRESENTATION_CONTEXT() REPRESENTATION_CONTEXT('2D SPACE',''
  ) );
#14011 = ORIENTED_EDGE('',*,*,#14012,.T.);
#14012 = EDGE_CURVE('',#13990,#14013,#14015,.T.);
#14013 = VERTEX_POINT('',#14014);
#14014 = CARTESIAN_POINT('',(-30.,-43.3486315613,26.5));
#14015 = SURFACE_CURVE('',#14016,(#14020,#14027),.PCURVE_S1.);
#14016 = LINE('',#14017,#14018);
#14017 = CARTESIAN_POINT('',(-32.9,-41.67431578065,26.5));
#14018 = VECTOR('',#14019,1.);
#14019 = DIRECTION('',(0.866025403784,-0.5,0.));
#14020 = PCURVE('',#7531,#14021);
#14021 = DEFINITIONAL_REPRESENTATION('',(#14022),#14026);
#14022 = LINE('',#14023,#14024);
#14023 = CARTESIAN_POINT('',(-2.9,-1.67431578065));
#14024 = VECTOR('',#14025,1.);
#14025 = DIRECTION('',(0.866025403784,-0.5));
#14026 = ( GEOMETRIC_REPRESENTATION_CONTEXT(2) 
PARAMETRIC_REPRESENTATION_CONTEXT() REPRESENTATION_CONTEXT('2D SPACE',''
  ) );
#14027 = PCURVE('',#14028,#14033);
#14028 = PLANE('',#14029);
#14029 = AXIS2_PLACEMENT_3D('',#14030,#14031,#14032);
#14030 = CARTESIAN_POINT('',(-32.9,-41.67431578065,26.5));
#14031 = DIRECTION('',(0.5,0.866025403784,-0.));
#14032 = DIRECTION('',(0.866025403784,-0.5,0.));
#14033 = DEFINITIONAL_REPRESENTATION('',(#14034),#14038);
#14034 = LINE('',#14035,#14036);
#14035 = CARTESIAN_POINT('',(0.,0.));
#14036 = VECTOR('',#14037,1.);
#14037 = DIRECTION('',(1.,0.));
#14038 = ( GEOMETRIC_REPRESENTATION_CONTEXT(2) 
PARAMETRIC_REPRESENTATION_CONTEXT() REPRESENTATION_CONTEXT('2D SPACE',''
  ) );
#14039 = ORIENTED_EDGE('',*,*,#14040,.T.);
#14040 = EDGE_CURVE('',#14013,#13966,#14041,.T.);
#14041 = SURFACE_CURVE('',#14042,(#14046,#14053),.PCURVE_S1.);
#14042 = LINE('',#14043,#14044);
#14043 = CARTESIAN_POINT('',(-30.,-43.3486315613,26.5));
#14044 = VECTOR('',#14045,1.);
#14045 = DIRECTION('',(0.866025403784,0.5,0.));
#14046 = PCURVE('',#7531,#14047);
#14047 = DEFINITIONAL_REPRESENTATION('',(#14048),#14052);
#14048 = LINE('',#14049,#14050);
#14049 = CARTESIAN_POINT('',(0.,-3.3486315613));
#14050 = VECTOR('',#14051,1.);
#14051 = DIRECTION('',(0.866025403784,0.5));
#14052 = ( GEOMETRIC_REPRESENTATION_CONTEXT(2) 
PARAMETRIC_REPRESENTATION_CONTEXT() REPRESENTATION_CONTEXT('2D SPACE',''
  ) );
#14053 = PCURVE('',#14054,#14059);
#14054 = PLANE('',#14055);
#14055 = AXIS2_PLACEMENT_3D('',#14056,#14057,#14058);
#14056 = CARTESIAN_POINT('',(-30.,-43.3486315613,26.5));
#14057 = DIRECTION('',(-0.5,0.866025403784,0.));
#14058 = DIRECTION('',(0.866025403784,0.5,0.));
#14059 = DEFINITIONAL_REPRESENTATION('',(#14060),#14064);
#14060 = LINE('',#14061,#14062);
#14061 = CARTESIAN_POINT('',(0.,0.));
#14062 = VECTOR('',#14063,1.);
#14063 = DIRECTION('',(1.,0.));
#14064 = ( GEOMETRIC_REPRESENTATION_CONTEXT(2) 
PARAMETRIC_REPRESENTATION_CONTEXT() REPRESENTATION_CONTEXT('2D SPACE',''
  ) );
#14065 = FACE_BOUND('',#14066,.T.);
#14066 = EDGE_LOOP('',(#14067));
#14067 = ORIENTED_EDGE('',*,*,#14068,.F.);
#14068 = EDGE_CURVE('',#14069,#14069,#14071,.T.);
#14069 = VERTEX_POINT('',#14070);
#14070 = CARTESIAN_POINT('',(-28.3,-40.,26.5));
#14071 = SURFACE_CURVE('',#14072,(#14077,#14084),.PCURVE_S1.);
#14072 = CIRCLE('',#14073,1.7);
#14073 = AXIS2_PLACEMENT_3D('',#14074,#14075,#14076);
#14074 = CARTESIAN_POINT('',(-30.,-40.,26.5));
#14075 = DIRECTION('',(0.,0.,1.));
#14076 = DIRECTION('',(1.,0.,-0.));
#14077 = PCURVE('',#7531,#14078);
#14078 = DEFINITIONAL_REPRESENTATION('',(#14079),#14083);
#14079 = CIRCLE('',#14080,1.7);
#14080 = AXIS2_PLACEMENT_2D('',#14081,#14082);
#14081 = CARTESIAN_POINT('',(0.,0.));
#14082 = DIRECTION('',(1.,0.));
#14083 = ( GEOMETRIC_REPRESENTATION_CONTEXT(2) 
PARAMETRIC_REPRESENTATION_CONTEXT() REPRESENTATION_CONTEXT('2D SPACE',''
  ) );
#14084 = PCURVE('',#14085,#14090);
#14085 = CYLINDRICAL_SURFACE('',#14086,1.7);
#14086 = AXIS2_PLACEMENT_3D('',#14087,#14088,#14089);
#14087 = CARTESIAN_POINT('',(-30.,-40.,22.));
#14088 = DIRECTION('',(0.,0.,1.));
#14089 = DIRECTION('',(1.,0.,-0.));
#14090 = DEFINITIONAL_REPRESENTATION('',(#14091),#14095);
#14091 = LINE('',#14092,#14093);
#14092 = CARTESIAN_POINT('',(0.,4.5));
#14093 = VECTOR('',#14094,1.);
#14094 = DIRECTION('',(1.,0.));
#14095 = ( GEOMETRIC_REPRESENTATION_CONTEXT(2) 
PARAMETRIC_REPRESENTATION_CONTEXT() REPRESENTATION_CONTEXT('2D SPACE',''
  ) );
#14096 = ADVANCED_FACE('',(#14097),#7611,.T.);
#14097 = FACE_BOUND('',#14098,.T.);
#14098 = EDGE_LOOP('',(#14099,#14100,#14123,#14144));
#14099 = ORIENTED_EDGE('',*,*,#7598,.T.);
#14100 = ORIENTED_EDGE('',*,*,#14101,.T.);
#14101 = EDGE_CURVE('',#7570,#14102,#14104,.T.);
#14102 = VERTEX_POINT('',#14103);
#14103 = CARTESIAN_POINT('',(-32.9,-41.67431578065,29.2));
#14104 = SURFACE_CURVE('',#14105,(#14109,#14116),.PCURVE_S1.);
#14105 = LINE('',#14106,#14107);
#14106 = CARTESIAN_POINT('',(-32.9,-35.,29.2));
#14107 = VECTOR('',#14108,1.);
#14108 = DIRECTION('',(0.,-1.,0.));
#14109 = PCURVE('',#7611,#14110);
#14110 = DEFINITIONAL_REPRESENTATION('',(#14111),#14115);
#14111 = LINE('',#14112,#14113);
#14112 = CARTESIAN_POINT('',(-3.32568421935,-2.7));
#14113 = VECTOR('',#14114,1.);
#14114 = DIRECTION('',(1.,0.));
#14115 = ( GEOMETRIC_REPRESENTATION_CONTEXT(2) 
PARAMETRIC_REPRESENTATION_CONTEXT() REPRESENTATION_CONTEXT('2D SPACE',''
  ) );
#14116 = PCURVE('',#7586,#14117);
#14117 = DEFINITIONAL_REPRESENTATION('',(#14118),#14122);
#14118 = LINE('',#14119,#14120);
#14119 = CARTESIAN_POINT('',(-2.9,5.));
#14120 = VECTOR('',#14121,1.);
#14121 = DIRECTION('',(0.,-1.));
#14122 = ( GEOMETRIC_REPRESENTATION_CONTEXT(2) 
PARAMETRIC_REPRESENTATION_CONTEXT() REPRESENTATION_CONTEXT('2D SPACE',''
  ) );
#14123 = ORIENTED_EDGE('',*,*,#14124,.F.);
#14124 = EDGE_CURVE('',#13990,#14102,#14125,.T.);
#14125 = SURFACE_CURVE('',#14126,(#14130,#14137),.PCURVE_S1.);
#14126 = LINE('',#14127,#14128);
#14127 = CARTESIAN_POINT('',(-32.9,-41.67431578065,26.5));
#14128 = VECTOR('',#14129,1.);
#14129 = DIRECTION('',(0.,0.,1.));
#14130 = PCURVE('',#7611,#14131);
#14131 = DEFINITIONAL_REPRESENTATION('',(#14132),#14136);
#14132 = LINE('',#14133,#14134);
#14133 = CARTESIAN_POINT('',(3.3486315613,0.));
#14134 = VECTOR('',#14135,1.);
#14135 = DIRECTION('',(0.,-1.));
#14136 = ( GEOMETRIC_REPRESENTATION_CONTEXT(2) 
PARAMETRIC_REPRESENTATION_CONTEXT() REPRESENTATION_CONTEXT('2D SPACE',''
  ) );
#14137 = PCURVE('',#14028,#14138);
#14138 = DEFINITIONAL_REPRESENTATION('',(#14139),#14143);
#14139 = LINE('',#14140,#14141);
#14140 = CARTESIAN_POINT('',(0.,0.));
#14141 = VECTOR('',#14142,1.);
#14142 = DIRECTION('',(0.,-1.));
#14143 = ( GEOMETRIC_REPRESENTATION_CONTEXT(2) 
PARAMETRIC_REPRESENTATION_CONTEXT() REPRESENTATION_CONTEXT('2D SPACE',''
  ) );
#14144 = ORIENTED_EDGE('',*,*,#13989,.T.);
#14145 = ADVANCED_FACE('',(#14146,#14217),#7586,.F.);
#14146 = FACE_BOUND('',#14147,.F.);
#14147 = EDGE_LOOP('',(#14148,#14171,#14172,#14173,#14196));
#14148 = ORIENTED_EDGE('',*,*,#14149,.F.);
#14149 = EDGE_CURVE('',#7544,#14150,#14152,.T.);
#14150 = VERTEX_POINT('',#14151);
#14151 = CARTESIAN_POINT('',(-27.1,-41.67431578065,29.2));
#14152 = SURFACE_CURVE('',#14153,(#14157,#14164),.PCURVE_S1.);
#14153 = LINE('',#14154,#14155);
#14154 = CARTESIAN_POINT('',(-27.1,-35.,29.2));
#14155 = VECTOR('',#14156,1.);
#14156 = DIRECTION('',(-5.322963125449E-16,-1.,0.));
#14157 = PCURVE('',#7586,#14158);
#14158 = DEFINITIONAL_REPRESENTATION('',(#14159),#14163);
#14159 = LINE('',#14160,#14161);
#14160 = CARTESIAN_POINT('',(2.9,5.));
#14161 = VECTOR('',#14162,1.);
#14162 = DIRECTION('',(-5.322963125449E-16,-1.));
#14163 = ( GEOMETRIC_REPRESENTATION_CONTEXT(2) 
PARAMETRIC_REPRESENTATION_CONTEXT() REPRESENTATION_CONTEXT('2D SPACE',''
  ) );
#14164 = PCURVE('',#7558,#14165);
#14165 = DEFINITIONAL_REPRESENTATION('',(#14166),#14170);
#14166 = LINE('',#14167,#14168);
#14167 = CARTESIAN_POINT('',(6.67431578065,-2.7));
#14168 = VECTOR('',#14169,1.);
#14169 = DIRECTION('',(-1.,0.));
#14170 = ( GEOMETRIC_REPRESENTATION_CONTEXT(2) 
PARAMETRIC_REPRESENTATION_CONTEXT() REPRESENTATION_CONTEXT('2D SPACE',''
  ) );
#14171 = ORIENTED_EDGE('',*,*,#7569,.T.);
#14172 = ORIENTED_EDGE('',*,*,#14101,.T.);
#14173 = ORIENTED_EDGE('',*,*,#14174,.T.);
#14174 = EDGE_CURVE('',#14102,#14175,#14177,.T.);
#14175 = VERTEX_POINT('',#14176);
#14176 = CARTESIAN_POINT('',(-30.,-43.3486315613,29.2));
#14177 = SURFACE_CURVE('',#14178,(#14182,#14189),.PCURVE_S1.);
#14178 = LINE('',#14179,#14180);
#14179 = CARTESIAN_POINT('',(-32.9,-41.67431578065,29.2));
#14180 = VECTOR('',#14181,1.);
#14181 = DIRECTION('',(0.866025403784,-0.5,0.));
#14182 = PCURVE('',#7586,#14183);
#14183 = DEFINITIONAL_REPRESENTATION('',(#14184),#14188);
#14184 = LINE('',#14185,#14186);
#14185 = CARTESIAN_POINT('',(-2.9,-1.67431578065));
#14186 = VECTOR('',#14187,1.);
#14187 = DIRECTION('',(0.866025403784,-0.5));
#14188 = ( GEOMETRIC_REPRESENTATION_CONTEXT(2) 
PARAMETRIC_REPRESENTATION_CONTEXT() REPRESENTATION_CONTEXT('2D SPACE',''
  ) );
#14189 = PCURVE('',#14028,#14190);
#14190 = DEFINITIONAL_REPRESENTATION('',(#14191),#14195);
#14191 = LINE('',#14192,#14193);
#14192 = CARTESIAN_POINT('',(0.,-2.7));
#14193 = VECTOR('',#14194,1.);
#14194 = DIRECTION('',(1.,0.));
#14195 = ( GEOMETRIC_REPRESENTATION_CONTEXT(2) 
PARAMETRIC_REPRESENTATION_CONTEXT() REPRESENTATION_CONTEXT('2D SPACE',''
  ) );
#14196 = ORIENTED_EDGE('',*,*,#14197,.T.);
#14197 = EDGE_CURVE('',#14175,#14150,#14198,.T.);
#14198 = SURFACE_CURVE('',#14199,(#14203,#14210),.PCURVE_S1.);
#14199 = LINE('',#14200,#14201);
#14200 = CARTESIAN_POINT('',(-30.,-43.3486315613,29.2));
#14201 = VECTOR('',#14202,1.);
#14202 = DIRECTION('',(0.866025403784,0.5,0.));
#14203 = PCURVE('',#7586,#14204);
#14204 = DEFINITIONAL_REPRESENTATION('',(#14205),#14209);
#14205 = LINE('',#14206,#14207);
#14206 = CARTESIAN_POINT('',(0.,-3.3486315613));
#14207 = VECTOR('',#14208,1.);
#14208 = DIRECTION('',(0.866025403784,0.5));
#14209 = ( GEOMETRIC_REPRESENTATION_CONTEXT(2) 
PARAMETRIC_REPRESENTATION_CONTEXT() REPRESENTATION_CONTEXT('2D SPACE',''
  ) );
#14210 = PCURVE('',#14054,#14211);
#14211 = DEFINITIONAL_REPRESENTATION('',(#14212),#14216);
#14212 = LINE('',#14213,#14214);
#14213 = CARTESIAN_POINT('',(0.,-2.7));
#14214 = VECTOR('',#14215,1.);
#14215 = DIRECTION('',(1.,0.));
#14216 = ( GEOMETRIC_REPRESENTATION_CONTEXT(2) 
PARAMETRIC_REPRESENTATION_CONTEXT() REPRESENTATION_CONTEXT('2D SPACE',''
  ) );
#14217 = FACE_BOUND('',#14218,.F.);
#14218 = EDGE_LOOP('',(#14219));
#14219 = ORIENTED_EDGE('',*,*,#13053,.F.);
#14220 = ADVANCED_FACE('',(#14221),#7558,.T.);
#14221 = FACE_BOUND('',#14222,.T.);
#14222 = EDGE_LOOP('',(#14223,#14224,#14245,#14246));
#14223 = ORIENTED_EDGE('',*,*,#13965,.F.);
#14224 = ORIENTED_EDGE('',*,*,#14225,.T.);
#14225 = EDGE_CURVE('',#13966,#14150,#14226,.T.);
#14226 = SURFACE_CURVE('',#14227,(#14231,#14238),.PCURVE_S1.);
#14227 = LINE('',#14228,#14229);
#14228 = CARTESIAN_POINT('',(-27.1,-41.67431578065,26.5));
#14229 = VECTOR('',#14230,1.);
#14230 = DIRECTION('',(0.,0.,1.));
#14231 = PCURVE('',#7558,#14232);
#14232 = DEFINITIONAL_REPRESENTATION('',(#14233),#14237);
#14233 = LINE('',#14234,#14235);
#14234 = CARTESIAN_POINT('',(0.,0.));
#14235 = VECTOR('',#14236,1.);
#14236 = DIRECTION('',(0.,-1.));
#14237 = ( GEOMETRIC_REPRESENTATION_CONTEXT(2) 
PARAMETRIC_REPRESENTATION_CONTEXT() REPRESENTATION_CONTEXT('2D SPACE',''
  ) );
#14238 = PCURVE('',#14054,#14239);
#14239 = DEFINITIONAL_REPRESENTATION('',(#14240),#14244);
#14240 = LINE('',#14241,#14242);
#14241 = CARTESIAN_POINT('',(3.3486315613,0.));
#14242 = VECTOR('',#14243,1.);
#14243 = DIRECTION('',(0.,-1.));
#14244 = ( GEOMETRIC_REPRESENTATION_CONTEXT(2) 
PARAMETRIC_REPRESENTATION_CONTEXT() REPRESENTATION_CONTEXT('2D SPACE',''
  ) );
#14245 = ORIENTED_EDGE('',*,*,#14149,.F.);
#14246 = ORIENTED_EDGE('',*,*,#7543,.F.);
#14247 = ADVANCED_FACE('',(#14248),#7643,.T.);
#14248 = FACE_BOUND('',#14249,.T.);
#14249 = EDGE_LOOP('',(#14250,#14251,#14270,#14271));
#14250 = ORIENTED_EDGE('',*,*,#7625,.F.);
#14251 = ORIENTED_EDGE('',*,*,#14252,.T.);
#14252 = EDGE_CURVE('',#7626,#8142,#14253,.T.);
#14253 = SURFACE_CURVE('',#14254,(#14258,#14264),.PCURVE_S1.);
#14254 = LINE('',#14255,#14256);
#14255 = CARTESIAN_POINT('',(-26.4,-21.,8.4));
#14256 = VECTOR('',#14257,1.);
#14257 = DIRECTION('',(-0.,1.,0.));
#14258 = PCURVE('',#7643,#14259);
#14259 = DEFINITIONAL_REPRESENTATION('',(#14260),#14263);
#14260 = B_SPLINE_CURVE_WITH_KNOTS('',1,(#14261,#14262),.UNSPECIFIED.,
  .F.,.F.,(2,2),(0.,8.),.PIECEWISE_BEZIER_KNOTS.);
#14261 = CARTESIAN_POINT('',(6.,0.));
#14262 = CARTESIAN_POINT('',(6.,-8.));
#14263 = ( GEOMETRIC_REPRESENTATION_CONTEXT(2) 
PARAMETRIC_REPRESENTATION_CONTEXT() REPRESENTATION_CONTEXT('2D SPACE',''
  ) );
#14264 = PCURVE('',#7671,#14265);
#14265 = DEFINITIONAL_REPRESENTATION('',(#14266),#14269);
#14266 = B_SPLINE_CURVE_WITH_KNOTS('',1,(#14267,#14268),.UNSPECIFIED.,
  .F.,.F.,(2,2),(0.,8.),.PIECEWISE_BEZIER_KNOTS.);
#14267 = CARTESIAN_POINT('',(7.6,0.));
#14268 = CARTESIAN_POINT('',(7.6,8.));
#14269 = ( GEOMETRIC_REPRESENTATION_CONTEXT(2) 
PARAMETRIC_REPRESENTATION_CONTEXT() REPRESENTATION_CONTEXT('2D SPACE',''
  ) );
#14270 = ORIENTED_EDGE('',*,*,#8141,.T.);
#14271 = ORIENTED_EDGE('',*,*,#14272,.F.);
#14272 = EDGE_CURVE('',#7628,#8119,#14273,.T.);
#14273 = SURFACE_CURVE('',#14274,(#14278,#14285),.PCURVE_S1.);
#14274 = LINE('',#14275,#14276);
#14275 = CARTESIAN_POINT('',(-26.4,-21.,10.2));
#14276 = VECTOR('',#14277,1.);
#14277 = DIRECTION('',(-0.,1.,0.));
#14278 = PCURVE('',#7643,#14279);
#14279 = DEFINITIONAL_REPRESENTATION('',(#14280),#14284);
#14280 = LINE('',#14281,#14282);
#14281 = CARTESIAN_POINT('',(7.8,0.));
#14282 = VECTOR('',#14283,1.);
#14283 = DIRECTION('',(0.,-1.));
#14284 = ( GEOMETRIC_REPRESENTATION_CONTEXT(2) 
PARAMETRIC_REPRESENTATION_CONTEXT() REPRESENTATION_CONTEXT('2D SPACE',''
  ) );
#14285 = PCURVE('',#7742,#14286);
#14286 = DEFINITIONAL_REPRESENTATION('',(#14287),#14291);
#14287 = LINE('',#14288,#14289);
#14288 = CARTESIAN_POINT('',(7.6,0.));
#14289 = VECTOR('',#14290,1.);
#14290 = DIRECTION('',(0.,1.));
#14291 = ( GEOMETRIC_REPRESENTATION_CONTEXT(2) 
PARAMETRIC_REPRESENTATION_CONTEXT() REPRESENTATION_CONTEXT('2D SPACE',''
  ) );
#14292 = ADVANCED_FACE('',(#14293,#14299),#7742,.T.);
#14293 = FACE_BOUND('',#14294,.T.);
#14294 = EDGE_LOOP('',(#14295,#14296,#14297,#14298));
#14295 = ORIENTED_EDGE('',*,*,#8118,.F.);
#14296 = ORIENTED_EDGE('',*,*,#13604,.F.);
#14297 = ORIENTED_EDGE('',*,*,#7728,.T.);
#14298 = ORIENTED_EDGE('',*,*,#14272,.T.);
#14299 = FACE_BOUND('',#14300,.T.);
#14300 = EDGE_LOOP('',(#14301));
#14301 = ORIENTED_EDGE('',*,*,#14302,.F.);
#14302 = EDGE_CURVE('',#14303,#14303,#14305,.T.);
#14303 = VERTEX_POINT('',#14304);
#14304 = CARTESIAN_POINT('',(-28.8,-17.,10.2));
#14305 = SURFACE_CURVE('',#14306,(#14311,#14318),.PCURVE_S1.);
#14306 = CIRCLE('',#14307,1.7);
#14307 = AXIS2_PLACEMENT_3D('',#14308,#14309,#14310);
#14308 = CARTESIAN_POINT('',(-30.5,-17.,10.2));
#14309 = DIRECTION('',(0.,0.,1.));
#14310 = DIRECTION('',(1.,0.,-0.));
#14311 = PCURVE('',#7742,#14312);
#14312 = DEFINITIONAL_REPRESENTATION('',(#14313),#14317);
#14313 = CIRCLE('',#14314,1.7);
#14314 = AXIS2_PLACEMENT_2D('',#14315,#14316);
#14315 = CARTESIAN_POINT('',(3.5,4.));
#14316 = DIRECTION('',(1.,0.));
#14317 = ( GEOMETRIC_REPRESENTATION_CONTEXT(2) 
PARAMETRIC_REPRESENTATION_CONTEXT() REPRESENTATION_CONTEXT('2D SPACE',''
  ) );
#14318 = PCURVE('',#14319,#14324);
#14319 = CYLINDRICAL_SURFACE('',#14320,1.7);
#14320 = AXIS2_PLACEMENT_3D('',#14321,#14322,#14323);
#14321 = CARTESIAN_POINT('',(-30.5,-17.,2.4));
#14322 = DIRECTION('',(0.,0.,1.));
#14323 = DIRECTION('',(1.,0.,-0.));
#14324 = DEFINITIONAL_REPRESENTATION('',(#14325),#14329);
#14325 = LINE('',#14326,#14327);
#14326 = CARTESIAN_POINT('',(0.,7.8));
#14327 = VECTOR('',#14328,1.);
#14328 = DIRECTION('',(1.,0.));
#14329 = ( GEOMETRIC_REPRESENTATION_CONTEXT(2) 
PARAMETRIC_REPRESENTATION_CONTEXT() REPRESENTATION_CONTEXT('2D SPACE',''
  ) );
#14330 = ADVANCED_FACE('',(#14331),#7671,.T.);
#14331 = FACE_BOUND('',#14332,.T.);
#14332 = EDGE_LOOP('',(#14333,#14334,#14335,#14336));
#14333 = ORIENTED_EDGE('',*,*,#8164,.F.);
#14334 = ORIENTED_EDGE('',*,*,#14252,.F.);
#14335 = ORIENTED_EDGE('',*,*,#7655,.T.);
#14336 = ORIENTED_EDGE('',*,*,#7913,.T.);
#14337 = ADVANCED_FACE('',(#14338,#14441),#7773,.F.);
#14338 = FACE_BOUND('',#14339,.F.);
#14339 = EDGE_LOOP('',(#14340,#14363,#14391,#14419,#14440));
#14340 = ORIENTED_EDGE('',*,*,#14341,.F.);
#14341 = EDGE_CURVE('',#14342,#7759,#14344,.T.);
#14342 = VERTEX_POINT('',#14343);
#14343 = CARTESIAN_POINT('',(-27.6,-15.32568421935,7.6));
#14344 = SURFACE_CURVE('',#14345,(#14349,#14356),.PCURVE_S1.);
#14345 = LINE('',#14346,#14347);
#14346 = CARTESIAN_POINT('',(-27.6,-15.32568421935,7.6));
#14347 = VECTOR('',#14348,1.);
#14348 = DIRECTION('',(6.047876572286E-16,-1.,0.));
#14349 = PCURVE('',#7773,#14350);
#14350 = DEFINITIONAL_REPRESENTATION('',(#14351),#14355);
#14351 = LINE('',#14352,#14353);
#14352 = CARTESIAN_POINT('',(2.9,1.67431578065));
#14353 = VECTOR('',#14354,1.);
#14354 = DIRECTION('',(6.047876572286E-16,-1.));
#14355 = ( GEOMETRIC_REPRESENTATION_CONTEXT(2) 
PARAMETRIC_REPRESENTATION_CONTEXT() REPRESENTATION_CONTEXT('2D SPACE',''
  ) );
#14356 = PCURVE('',#7849,#14357);
#14357 = DEFINITIONAL_REPRESENTATION('',(#14358),#14362);
#14358 = LINE('',#14359,#14360);
#14359 = CARTESIAN_POINT('',(3.3486315613,-2.7));
#14360 = VECTOR('',#14361,1.);
#14361 = DIRECTION('',(-1.,0.));
#14362 = ( GEOMETRIC_REPRESENTATION_CONTEXT(2) 
PARAMETRIC_REPRESENTATION_CONTEXT() REPRESENTATION_CONTEXT('2D SPACE',''
  ) );
#14363 = ORIENTED_EDGE('',*,*,#14364,.T.);
#14364 = EDGE_CURVE('',#14342,#14365,#14367,.T.);
#14365 = VERTEX_POINT('',#14366);
#14366 = CARTESIAN_POINT('',(-30.5,-13.6513684387,7.6));
#14367 = SURFACE_CURVE('',#14368,(#14372,#14379),.PCURVE_S1.);
#14368 = LINE('',#14369,#14370);
#14369 = CARTESIAN_POINT('',(-27.6,-15.32568421935,7.6));
#14370 = VECTOR('',#14371,1.);
#14371 = DIRECTION('',(-0.866025403784,0.5,0.));
#14372 = PCURVE('',#7773,#14373);
#14373 = DEFINITIONAL_REPRESENTATION('',(#14374),#14378);
#14374 = LINE('',#14375,#14376);
#14375 = CARTESIAN_POINT('',(2.9,1.67431578065));
#14376 = VECTOR('',#14377,1.);
#14377 = DIRECTION('',(-0.866025403784,0.5));
#14378 = ( GEOMETRIC_REPRESENTATION_CONTEXT(2) 
PARAMETRIC_REPRESENTATION_CONTEXT() REPRESENTATION_CONTEXT('2D SPACE',''
  ) );
#14379 = PCURVE('',#14380,#14385);
#14380 = PLANE('',#14381);
#14381 = AXIS2_PLACEMENT_3D('',#14382,#14383,#14384);
#14382 = CARTESIAN_POINT('',(-27.6,-15.32568421935,4.9));
#14383 = DIRECTION('',(-0.5,-0.866025403784,0.));
#14384 = DIRECTION('',(-0.866025403784,0.5,0.));
#14385 = DEFINITIONAL_REPRESENTATION('',(#14386),#14390);
#14386 = LINE('',#14387,#14388);
#14387 = CARTESIAN_POINT('',(0.,-2.7));
#14388 = VECTOR('',#14389,1.);
#14389 = DIRECTION('',(1.,0.));
#14390 = ( GEOMETRIC_REPRESENTATION_CONTEXT(2) 
PARAMETRIC_REPRESENTATION_CONTEXT() REPRESENTATION_CONTEXT('2D SPACE',''
  ) );
#14391 = ORIENTED_EDGE('',*,*,#14392,.T.);
#14392 = EDGE_CURVE('',#14365,#14393,#14395,.T.);
#14393 = VERTEX_POINT('',#14394);
#14394 = CARTESIAN_POINT('',(-33.4,-15.32568421935,7.6));
#14395 = SURFACE_CURVE('',#14396,(#14400,#14407),.PCURVE_S1.);
#14396 = LINE('',#14397,#14398);
#14397 = CARTESIAN_POINT('',(-30.5,-13.6513684387,7.6));
#14398 = VECTOR('',#14399,1.);
#14399 = DIRECTION('',(-0.866025403784,-0.5,0.));
#14400 = PCURVE('',#7773,#14401);
#14401 = DEFINITIONAL_REPRESENTATION('',(#14402),#14406);
#14402 = LINE('',#14403,#14404);
#14403 = CARTESIAN_POINT('',(0.,3.3486315613));
#14404 = VECTOR('',#14405,1.);
#14405 = DIRECTION('',(-0.866025403784,-0.5));
#14406 = ( GEOMETRIC_REPRESENTATION_CONTEXT(2) 
PARAMETRIC_REPRESENTATION_CONTEXT() REPRESENTATION_CONTEXT('2D SPACE',''
  ) );
#14407 = PCURVE('',#14408,#14413);
#14408 = PLANE('',#14409);
#14409 = AXIS2_PLACEMENT_3D('',#14410,#14411,#14412);
#14410 = CARTESIAN_POINT('',(-30.5,-13.6513684387,4.9));
#14411 = DIRECTION('',(0.5,-0.866025403784,0.));
#14412 = DIRECTION('',(-0.866025403784,-0.5,0.));
#14413 = DEFINITIONAL_REPRESENTATION('',(#14414),#14418);
#14414 = LINE('',#14415,#14416);
#14415 = CARTESIAN_POINT('',(0.,-2.7));
#14416 = VECTOR('',#14417,1.);
#14417 = DIRECTION('',(1.,0.));
#14418 = ( GEOMETRIC_REPRESENTATION_CONTEXT(2) 
PARAMETRIC_REPRESENTATION_CONTEXT() REPRESENTATION_CONTEXT('2D SPACE',''
  ) );
#14419 = ORIENTED_EDGE('',*,*,#14420,.T.);
#14420 = EDGE_CURVE('',#14393,#7757,#14421,.T.);
#14421 = SURFACE_CURVE('',#14422,(#14426,#14433),.PCURVE_S1.);
#14422 = LINE('',#14423,#14424);
#14423 = CARTESIAN_POINT('',(-33.4,-15.32568421935,7.6));
#14424 = VECTOR('',#14425,1.);
#14425 = DIRECTION('',(0.,-1.,0.));
#14426 = PCURVE('',#7773,#14427);
#14427 = DEFINITIONAL_REPRESENTATION('',(#14428),#14432);
#14428 = LINE('',#14429,#14430);
#14429 = CARTESIAN_POINT('',(-2.9,1.67431578065));
#14430 = VECTOR('',#14431,1.);
#14431 = DIRECTION('',(0.,-1.));
#14432 = ( GEOMETRIC_REPRESENTATION_CONTEXT(2) 
PARAMETRIC_REPRESENTATION_CONTEXT() REPRESENTATION_CONTEXT('2D SPACE',''
  ) );
#14433 = PCURVE('',#7799,#14434);
#14434 = DEFINITIONAL_REPRESENTATION('',(#14435),#14439);
#14435 = LINE('',#14436,#14437);
#14436 = CARTESIAN_POINT('',(0.,-2.7));
#14437 = VECTOR('',#14438,1.);
#14438 = DIRECTION('',(1.,0.));
#14439 = ( GEOMETRIC_REPRESENTATION_CONTEXT(2) 
PARAMETRIC_REPRESENTATION_CONTEXT() REPRESENTATION_CONTEXT('2D SPACE',''
  ) );
#14440 = ORIENTED_EDGE('',*,*,#7756,.T.);
#14441 = FACE_BOUND('',#14442,.F.);
#14442 = EDGE_LOOP('',(#14443));
#14443 = ORIENTED_EDGE('',*,*,#14444,.F.);
#14444 = EDGE_CURVE('',#14445,#14445,#14447,.T.);
#14445 = VERTEX_POINT('',#14446);
#14446 = CARTESIAN_POINT('',(-28.8,-17.,7.6));
#14447 = SURFACE_CURVE('',#14448,(#14453,#14460),.PCURVE_S1.);
#14448 = CIRCLE('',#14449,1.7);
#14449 = AXIS2_PLACEMENT_3D('',#14450,#14451,#14452);
#14450 = CARTESIAN_POINT('',(-30.5,-17.,7.6));
#14451 = DIRECTION('',(0.,0.,1.));
#14452 = DIRECTION('',(1.,0.,-0.));
#14453 = PCURVE('',#7773,#14454);
#14454 = DEFINITIONAL_REPRESENTATION('',(#14455),#14459);
#14455 = CIRCLE('',#14456,1.7);
#14456 = AXIS2_PLACEMENT_2D('',#14457,#14458);
#14457 = CARTESIAN_POINT('',(0.,0.));
#14458 = DIRECTION('',(1.,0.));
#14459 = ( GEOMETRIC_REPRESENTATION_CONTEXT(2) 
PARAMETRIC_REPRESENTATION_CONTEXT() REPRESENTATION_CONTEXT('2D SPACE',''
  ) );
#14460 = PCURVE('',#14319,#14461);
#14461 = DEFINITIONAL_REPRESENTATION('',(#14462),#14466);
#14462 = LINE('',#14463,#14464);
#14463 = CARTESIAN_POINT('',(0.,5.2));
#14464 = VECTOR('',#14465,1.);
#14465 = DIRECTION('',(1.,0.));
#14466 = ( GEOMETRIC_REPRESENTATION_CONTEXT(2) 
PARAMETRIC_REPRESENTATION_CONTEXT() REPRESENTATION_CONTEXT('2D SPACE',''
  ) );
#14467 = ADVANCED_FACE('',(#14468),#7799,.T.);
#14468 = FACE_BOUND('',#14469,.T.);
#14469 = EDGE_LOOP('',(#14470,#14493,#14514,#14515));
#14470 = ORIENTED_EDGE('',*,*,#14471,.T.);
#14471 = EDGE_CURVE('',#7785,#14472,#14474,.T.);
#14472 = VERTEX_POINT('',#14473);
#14473 = CARTESIAN_POINT('',(-33.4,-15.32568421935,4.9));
#14474 = SURFACE_CURVE('',#14475,(#14479,#14486),.PCURVE_S1.);
#14475 = LINE('',#14476,#14477);
#14476 = CARTESIAN_POINT('',(-33.4,-21.2,4.9));
#14477 = VECTOR('',#14478,1.);
#14478 = DIRECTION('',(0.,1.,0.));
#14479 = PCURVE('',#7799,#14480);
#14480 = DEFINITIONAL_REPRESENTATION('',(#14481),#14485);
#14481 = LINE('',#14482,#14483);
#14482 = CARTESIAN_POINT('',(5.87431578065,0.));
#14483 = VECTOR('',#14484,1.);
#14484 = DIRECTION('',(-1.,0.));
#14485 = ( GEOMETRIC_REPRESENTATION_CONTEXT(2) 
PARAMETRIC_REPRESENTATION_CONTEXT() REPRESENTATION_CONTEXT('2D SPACE',''
  ) );
#14486 = PCURVE('',#7825,#14487);
#14487 = DEFINITIONAL_REPRESENTATION('',(#14488),#14492);
#14488 = LINE('',#14489,#14490);
#14489 = CARTESIAN_POINT('',(-2.9,-4.2));
#14490 = VECTOR('',#14491,1.);
#14491 = DIRECTION('',(0.,1.));
#14492 = ( GEOMETRIC_REPRESENTATION_CONTEXT(2) 
PARAMETRIC_REPRESENTATION_CONTEXT() REPRESENTATION_CONTEXT('2D SPACE',''
  ) );
#14493 = ORIENTED_EDGE('',*,*,#14494,.T.);
#14494 = EDGE_CURVE('',#14472,#14393,#14495,.T.);
#14495 = SURFACE_CURVE('',#14496,(#14500,#14507),.PCURVE_S1.);
#14496 = LINE('',#14497,#14498);
#14497 = CARTESIAN_POINT('',(-33.4,-15.32568421935,4.9));
#14498 = VECTOR('',#14499,1.);
#14499 = DIRECTION('',(0.,0.,1.));
#14500 = PCURVE('',#7799,#14501);
#14501 = DEFINITIONAL_REPRESENTATION('',(#14502),#14506);
#14502 = LINE('',#14503,#14504);
#14503 = CARTESIAN_POINT('',(0.,0.));
#14504 = VECTOR('',#14505,1.);
#14505 = DIRECTION('',(0.,-1.));
#14506 = ( GEOMETRIC_REPRESENTATION_CONTEXT(2) 
PARAMETRIC_REPRESENTATION_CONTEXT() REPRESENTATION_CONTEXT('2D SPACE',''
  ) );
#14507 = PCURVE('',#14408,#14508);
#14508 = DEFINITIONAL_REPRESENTATION('',(#14509),#14513);
#14509 = LINE('',#14510,#14511);
#14510 = CARTESIAN_POINT('',(3.3486315613,0.));
#14511 = VECTOR('',#14512,1.);
#14512 = DIRECTION('',(0.,-1.));
#14513 = ( GEOMETRIC_REPRESENTATION_CONTEXT(2) 
PARAMETRIC_REPRESENTATION_CONTEXT() REPRESENTATION_CONTEXT('2D SPACE',''
  ) );
#14514 = ORIENTED_EDGE('',*,*,#14420,.T.);
#14515 = ORIENTED_EDGE('',*,*,#7784,.T.);
#14516 = ADVANCED_FACE('',(#14517),#7849,.T.);
#14517 = FACE_BOUND('',#14518,.T.);
#14518 = EDGE_LOOP('',(#14519,#14542,#14543,#14544));
#14519 = ORIENTED_EDGE('',*,*,#14520,.F.);
#14520 = EDGE_CURVE('',#7811,#14521,#14523,.T.);
#14521 = VERTEX_POINT('',#14522);
#14522 = CARTESIAN_POINT('',(-27.6,-15.32568421935,4.9));
#14523 = SURFACE_CURVE('',#14524,(#14528,#14535),.PCURVE_S1.);
#14524 = LINE('',#14525,#14526);
#14525 = CARTESIAN_POINT('',(-27.6,-21.2,4.9));
#14526 = VECTOR('',#14527,1.);
#14527 = DIRECTION('',(-6.047876572286E-16,1.,0.));
#14528 = PCURVE('',#7849,#14529);
#14529 = DEFINITIONAL_REPRESENTATION('',(#14530),#14534);
#14530 = LINE('',#14531,#14532);
#14531 = CARTESIAN_POINT('',(-2.52568421935,0.));
#14532 = VECTOR('',#14533,1.);
#14533 = DIRECTION('',(1.,0.));
#14534 = ( GEOMETRIC_REPRESENTATION_CONTEXT(2) 
PARAMETRIC_REPRESENTATION_CONTEXT() REPRESENTATION_CONTEXT('2D SPACE',''
  ) );
#14535 = PCURVE('',#7825,#14536);
#14536 = DEFINITIONAL_REPRESENTATION('',(#14537),#14541);
#14537 = LINE('',#14538,#14539);
#14538 = CARTESIAN_POINT('',(2.9,-4.2));
#14539 = VECTOR('',#14540,1.);
#14540 = DIRECTION('',(-6.047876572286E-16,1.));
#14541 = ( GEOMETRIC_REPRESENTATION_CONTEXT(2) 
PARAMETRIC_REPRESENTATION_CONTEXT() REPRESENTATION_CONTEXT('2D SPACE',''
  ) );
#14542 = ORIENTED_EDGE('',*,*,#7836,.T.);
#14543 = ORIENTED_EDGE('',*,*,#14341,.F.);
#14544 = ORIENTED_EDGE('',*,*,#14545,.F.);
#14545 = EDGE_CURVE('',#14521,#14342,#14546,.T.);
#14546 = SURFACE_CURVE('',#14547,(#14551,#14558),.PCURVE_S1.);
#14547 = LINE('',#14548,#14549);
#14548 = CARTESIAN_POINT('',(-27.6,-15.32568421935,4.9));
#14549 = VECTOR('',#14550,1.);
#14550 = DIRECTION('',(0.,0.,1.));
#14551 = PCURVE('',#7849,#14552);
#14552 = DEFINITIONAL_REPRESENTATION('',(#14553),#14557);
#14553 = LINE('',#14554,#14555);
#14554 = CARTESIAN_POINT('',(3.3486315613,0.));
#14555 = VECTOR('',#14556,1.);
#14556 = DIRECTION('',(0.,-1.));
#14557 = ( GEOMETRIC_REPRESENTATION_CONTEXT(2) 
PARAMETRIC_REPRESENTATION_CONTEXT() REPRESENTATION_CONTEXT('2D SPACE',''
  ) );
#14558 = PCURVE('',#14380,#14559);
#14559 = DEFINITIONAL_REPRESENTATION('',(#14560),#14564);
#14560 = LINE('',#14561,#14562);
#14561 = CARTESIAN_POINT('',(0.,0.));
#14562 = VECTOR('',#14563,1.);
#14563 = DIRECTION('',(0.,-1.));
#14564 = ( GEOMETRIC_REPRESENTATION_CONTEXT(2) 
PARAMETRIC_REPRESENTATION_CONTEXT() REPRESENTATION_CONTEXT('2D SPACE',''
  ) );
#14565 = ADVANCED_FACE('',(#14566,#14615),#7825,.T.);
#14566 = FACE_BOUND('',#14567,.T.);
#14567 = EDGE_LOOP('',(#14568,#14569,#14592,#14613,#14614));
#14568 = ORIENTED_EDGE('',*,*,#14520,.T.);
#14569 = ORIENTED_EDGE('',*,*,#14570,.T.);
#14570 = EDGE_CURVE('',#14521,#14571,#14573,.T.);
#14571 = VERTEX_POINT('',#14572);
#14572 = CARTESIAN_POINT('',(-30.5,-13.6513684387,4.9));
#14573 = SURFACE_CURVE('',#14574,(#14578,#14585),.PCURVE_S1.);
#14574 = LINE('',#14575,#14576);
#14575 = CARTESIAN_POINT('',(-27.6,-15.32568421935,4.9));
#14576 = VECTOR('',#14577,1.);
#14577 = DIRECTION('',(-0.866025403784,0.5,0.));
#14578 = PCURVE('',#7825,#14579);
#14579 = DEFINITIONAL_REPRESENTATION('',(#14580),#14584);
#14580 = LINE('',#14581,#14582);
#14581 = CARTESIAN_POINT('',(2.9,1.67431578065));
#14582 = VECTOR('',#14583,1.);
#14583 = DIRECTION('',(-0.866025403784,0.5));
#14584 = ( GEOMETRIC_REPRESENTATION_CONTEXT(2) 
PARAMETRIC_REPRESENTATION_CONTEXT() REPRESENTATION_CONTEXT('2D SPACE',''
  ) );
#14585 = PCURVE('',#14380,#14586);
#14586 = DEFINITIONAL_REPRESENTATION('',(#14587),#14591);
#14587 = LINE('',#14588,#14589);
#14588 = CARTESIAN_POINT('',(0.,0.));
#14589 = VECTOR('',#14590,1.);
#14590 = DIRECTION('',(1.,0.));
#14591 = ( GEOMETRIC_REPRESENTATION_CONTEXT(2) 
PARAMETRIC_REPRESENTATION_CONTEXT() REPRESENTATION_CONTEXT('2D SPACE',''
  ) );
#14592 = ORIENTED_EDGE('',*,*,#14593,.T.);
#14593 = EDGE_CURVE('',#14571,#14472,#14594,.T.);
#14594 = SURFACE_CURVE('',#14595,(#14599,#14606),.PCURVE_S1.);
#14595 = LINE('',#14596,#14597);
#14596 = CARTESIAN_POINT('',(-30.5,-13.6513684387,4.9));
#14597 = VECTOR('',#14598,1.);
#14598 = DIRECTION('',(-0.866025403784,-0.5,0.));
#14599 = PCURVE('',#7825,#14600);
#14600 = DEFINITIONAL_REPRESENTATION('',(#14601),#14605);
#14601 = LINE('',#14602,#14603);
#14602 = CARTESIAN_POINT('',(0.,3.3486315613));
#14603 = VECTOR('',#14604,1.);
#14604 = DIRECTION('',(-0.866025403784,-0.5));
#14605 = ( GEOMETRIC_REPRESENTATION_CONTEXT(2) 
PARAMETRIC_REPRESENTATION_CONTEXT() REPRESENTATION_CONTEXT('2D SPACE',''
  ) );
#14606 = PCURVE('',#14408,#14607);
#14607 = DEFINITIONAL_REPRESENTATION('',(#14608),#14612);
#14608 = LINE('',#14609,#14610);
#14609 = CARTESIAN_POINT('',(0.,0.));
#14610 = VECTOR('',#14611,1.);
#14611 = DIRECTION('',(1.,0.));
#14612 = ( GEOMETRIC_REPRESENTATION_CONTEXT(2) 
PARAMETRIC_REPRESENTATION_CONTEXT() REPRESENTATION_CONTEXT('2D SPACE',''
  ) );
#14613 = ORIENTED_EDGE('',*,*,#14471,.F.);
#14614 = ORIENTED_EDGE('',*,*,#7810,.T.);
#14615 = FACE_BOUND('',#14616,.T.);
#14616 = EDGE_LOOP('',(#14617));
#14617 = ORIENTED_EDGE('',*,*,#14618,.F.);
#14618 = EDGE_CURVE('',#14619,#14619,#14621,.T.);
#14619 = VERTEX_POINT('',#14620);
#14620 = CARTESIAN_POINT('',(-28.8,-17.,4.9));
#14621 = SURFACE_CURVE('',#14622,(#14627,#14634),.PCURVE_S1.);
#14622 = CIRCLE('',#14623,1.7);
#14623 = AXIS2_PLACEMENT_3D('',#14624,#14625,#14626);
#14624 = CARTESIAN_POINT('',(-30.5,-17.,4.9));
#14625 = DIRECTION('',(0.,0.,1.));
#14626 = DIRECTION('',(1.,0.,-0.));
#14627 = PCURVE('',#7825,#14628);
#14628 = DEFINITIONAL_REPRESENTATION('',(#14629),#14633);
#14629 = CIRCLE('',#14630,1.7);
#14630 = AXIS2_PLACEMENT_2D('',#14631,#14632);
#14631 = CARTESIAN_POINT('',(0.,0.));
#14632 = DIRECTION('',(1.,0.));
#14633 = ( GEOMETRIC_REPRESENTATION_CONTEXT(2) 
PARAMETRIC_REPRESENTATION_CONTEXT() REPRESENTATION_CONTEXT('2D SPACE',''
  ) );
#14634 = PCURVE('',#14635,#14640);
#14635 = CYLINDRICAL_SURFACE('',#14636,1.7);
#14636 = AXIS2_PLACEMENT_3D('',#14637,#14638,#14639);
#14637 = CARTESIAN_POINT('',(-30.5,-17.,2.4));
#14638 = DIRECTION('',(0.,0.,1.));
#14639 = DIRECTION('',(1.,0.,-0.));
#14640 = DEFINITIONAL_REPRESENTATION('',(#14641),#14645);
#14641 = LINE('',#14642,#14643);
#14642 = CARTESIAN_POINT('',(0.,2.5));
#14643 = VECTOR('',#14644,1.);
#14644 = DIRECTION('',(1.,0.));
#14645 = ( GEOMETRIC_REPRESENTATION_CONTEXT(2) 
PARAMETRIC_REPRESENTATION_CONTEXT() REPRESENTATION_CONTEXT('2D SPACE',''
  ) );
#14646 = ADVANCED_FACE('',(#14647,#14750),#7980,.T.);
#14647 = FACE_BOUND('',#14648,.T.);
#14648 = EDGE_LOOP('',(#14649,#14672,#14673,#14696,#14724));
#14649 = ORIENTED_EDGE('',*,*,#14650,.T.);
#14650 = EDGE_CURVE('',#14651,#7962,#14653,.T.);
#14651 = VERTEX_POINT('',#14652);
#14652 = CARTESIAN_POINT('',(32.9,-41.67431578065,26.5));
#14653 = SURFACE_CURVE('',#14654,(#14658,#14665),.PCURVE_S1.);
#14654 = LINE('',#14655,#14656);
#14655 = CARTESIAN_POINT('',(32.9,-41.67431578065,26.5));
#14656 = VECTOR('',#14657,1.);
#14657 = DIRECTION('',(0.,1.,0.));
#14658 = PCURVE('',#7980,#14659);
#14659 = DEFINITIONAL_REPRESENTATION('',(#14660),#14664);
#14660 = LINE('',#14661,#14662);
#14661 = CARTESIAN_POINT('',(2.9,-1.67431578065));
#14662 = VECTOR('',#14663,1.);
#14663 = DIRECTION('',(0.,1.));
#14664 = ( GEOMETRIC_REPRESENTATION_CONTEXT(2) 
PARAMETRIC_REPRESENTATION_CONTEXT() REPRESENTATION_CONTEXT('2D SPACE',''
  ) );
#14665 = PCURVE('',#8007,#14666);
#14666 = DEFINITIONAL_REPRESENTATION('',(#14667),#14671);
#14667 = LINE('',#14668,#14669);
#14668 = CARTESIAN_POINT('',(0.,0.));
#14669 = VECTOR('',#14670,1.);
#14670 = DIRECTION('',(1.,0.));
#14671 = ( GEOMETRIC_REPRESENTATION_CONTEXT(2) 
PARAMETRIC_REPRESENTATION_CONTEXT() REPRESENTATION_CONTEXT('2D SPACE',''
  ) );
#14672 = ORIENTED_EDGE('',*,*,#7961,.T.);
#14673 = ORIENTED_EDGE('',*,*,#14674,.F.);
#14674 = EDGE_CURVE('',#14675,#7964,#14677,.T.);
#14675 = VERTEX_POINT('',#14676);
#14676 = CARTESIAN_POINT('',(27.1,-41.67431578065,26.5));
#14677 = SURFACE_CURVE('',#14678,(#14682,#14689),.PCURVE_S1.);
#14678 = LINE('',#14679,#14680);
#14679 = CARTESIAN_POINT('',(27.1,-41.67431578065,26.5));
#14680 = VECTOR('',#14681,1.);
#14681 = DIRECTION('',(0.,1.,0.));
#14682 = PCURVE('',#7980,#14683);
#14683 = DEFINITIONAL_REPRESENTATION('',(#14684),#14688);
#14684 = LINE('',#14685,#14686);
#14685 = CARTESIAN_POINT('',(-2.9,-1.67431578065));
#14686 = VECTOR('',#14687,1.);
#14687 = DIRECTION('',(0.,1.));
#14688 = ( GEOMETRIC_REPRESENTATION_CONTEXT(2) 
PARAMETRIC_REPRESENTATION_CONTEXT() REPRESENTATION_CONTEXT('2D SPACE',''
  ) );
#14689 = PCURVE('',#8060,#14690);
#14690 = DEFINITIONAL_REPRESENTATION('',(#14691),#14695);
#14691 = LINE('',#14692,#14693);
#14692 = CARTESIAN_POINT('',(3.3486315613,0.));
#14693 = VECTOR('',#14694,1.);
#14694 = DIRECTION('',(-1.,0.));
#14695 = ( GEOMETRIC_REPRESENTATION_CONTEXT(2) 
PARAMETRIC_REPRESENTATION_CONTEXT() REPRESENTATION_CONTEXT('2D SPACE',''
  ) );
#14696 = ORIENTED_EDGE('',*,*,#14697,.T.);
#14697 = EDGE_CURVE('',#14675,#14698,#14700,.T.);
#14698 = VERTEX_POINT('',#14699);
#14699 = CARTESIAN_POINT('',(30.,-43.3486315613,26.5));
#14700 = SURFACE_CURVE('',#14701,(#14705,#14712),.PCURVE_S1.);
#14701 = LINE('',#14702,#14703);
#14702 = CARTESIAN_POINT('',(27.1,-41.67431578065,26.5));
#14703 = VECTOR('',#14704,1.);
#14704 = DIRECTION('',(0.866025403784,-0.5,0.));
#14705 = PCURVE('',#7980,#14706);
#14706 = DEFINITIONAL_REPRESENTATION('',(#14707),#14711);
#14707 = LINE('',#14708,#14709);
#14708 = CARTESIAN_POINT('',(-2.9,-1.67431578065));
#14709 = VECTOR('',#14710,1.);
#14710 = DIRECTION('',(0.866025403784,-0.5));
#14711 = ( GEOMETRIC_REPRESENTATION_CONTEXT(2) 
PARAMETRIC_REPRESENTATION_CONTEXT() REPRESENTATION_CONTEXT('2D SPACE',''
  ) );
#14712 = PCURVE('',#14713,#14718);
#14713 = PLANE('',#14714);
#14714 = AXIS2_PLACEMENT_3D('',#14715,#14716,#14717);
#14715 = CARTESIAN_POINT('',(27.1,-41.67431578065,26.5));
#14716 = DIRECTION('',(0.5,0.866025403784,-0.));
#14717 = DIRECTION('',(0.866025403784,-0.5,0.));
#14718 = DEFINITIONAL_REPRESENTATION('',(#14719),#14723);
#14719 = LINE('',#14720,#14721);
#14720 = CARTESIAN_POINT('',(0.,0.));
#14721 = VECTOR('',#14722,1.);
#14722 = DIRECTION('',(1.,0.));
#14723 = ( GEOMETRIC_REPRESENTATION_CONTEXT(2) 
PARAMETRIC_REPRESENTATION_CONTEXT() REPRESENTATION_CONTEXT('2D SPACE',''
  ) );
#14724 = ORIENTED_EDGE('',*,*,#14725,.T.);
#14725 = EDGE_CURVE('',#14698,#14651,#14726,.T.);
#14726 = SURFACE_CURVE('',#14727,(#14731,#14738),.PCURVE_S1.);
#14727 = LINE('',#14728,#14729);
#14728 = CARTESIAN_POINT('',(30.,-43.3486315613,26.5));
#14729 = VECTOR('',#14730,1.);
#14730 = DIRECTION('',(0.866025403784,0.5,0.));
#14731 = PCURVE('',#7980,#14732);
#14732 = DEFINITIONAL_REPRESENTATION('',(#14733),#14737);
#14733 = LINE('',#14734,#14735);
#14734 = CARTESIAN_POINT('',(0.,-3.3486315613));
#14735 = VECTOR('',#14736,1.);
#14736 = DIRECTION('',(0.866025403784,0.5));
#14737 = ( GEOMETRIC_REPRESENTATION_CONTEXT(2) 
PARAMETRIC_REPRESENTATION_CONTEXT() REPRESENTATION_CONTEXT('2D SPACE',''
  ) );
#14738 = PCURVE('',#14739,#14744);
#14739 = PLANE('',#14740);
#14740 = AXIS2_PLACEMENT_3D('',#14741,#14742,#14743);
#14741 = CARTESIAN_POINT('',(30.,-43.3486315613,26.5));
#14742 = DIRECTION('',(-0.5,0.866025403784,0.));
#14743 = DIRECTION('',(0.866025403784,0.5,0.));
#14744 = DEFINITIONAL_REPRESENTATION('',(#14745),#14749);
#14745 = LINE('',#14746,#14747);
#14746 = CARTESIAN_POINT('',(0.,0.));
#14747 = VECTOR('',#14748,1.);
#14748 = DIRECTION('',(1.,0.));
#14749 = ( GEOMETRIC_REPRESENTATION_CONTEXT(2) 
PARAMETRIC_REPRESENTATION_CONTEXT() REPRESENTATION_CONTEXT('2D SPACE',''
  ) );
#14750 = FACE_BOUND('',#14751,.T.);
#14751 = EDGE_LOOP('',(#14752));
#14752 = ORIENTED_EDGE('',*,*,#14753,.F.);
#14753 = EDGE_CURVE('',#14754,#14754,#14756,.T.);
#14754 = VERTEX_POINT('',#14755);
#14755 = CARTESIAN_POINT('',(31.7,-40.,26.5));
#14756 = SURFACE_CURVE('',#14757,(#14762,#14769),.PCURVE_S1.);
#14757 = CIRCLE('',#14758,1.7);
#14758 = AXIS2_PLACEMENT_3D('',#14759,#14760,#14761);
#14759 = CARTESIAN_POINT('',(30.,-40.,26.5));
#14760 = DIRECTION('',(0.,0.,1.));
#14761 = DIRECTION('',(1.,0.,-0.));
#14762 = PCURVE('',#7980,#14763);
#14763 = DEFINITIONAL_REPRESENTATION('',(#14764),#14768);
#14764 = CIRCLE('',#14765,1.7);
#14765 = AXIS2_PLACEMENT_2D('',#14766,#14767);
#14766 = CARTESIAN_POINT('',(0.,0.));
#14767 = DIRECTION('',(1.,0.));
#14768 = ( GEOMETRIC_REPRESENTATION_CONTEXT(2) 
PARAMETRIC_REPRESENTATION_CONTEXT() REPRESENTATION_CONTEXT('2D SPACE',''
  ) );
#14769 = PCURVE('',#14770,#14775);
#14770 = CYLINDRICAL_SURFACE('',#14771,1.7);
#14771 = AXIS2_PLACEMENT_3D('',#14772,#14773,#14774);
#14772 = CARTESIAN_POINT('',(30.,-40.,22.));
#14773 = DIRECTION('',(0.,0.,1.));
#14774 = DIRECTION('',(1.,0.,-0.));
#14775 = DEFINITIONAL_REPRESENTATION('',(#14776),#14780);
#14776 = LINE('',#14777,#14778);
#14777 = CARTESIAN_POINT('',(0.,4.5));
#14778 = VECTOR('',#14779,1.);
#14779 = DIRECTION('',(1.,0.));
#14780 = ( GEOMETRIC_REPRESENTATION_CONTEXT(2) 
PARAMETRIC_REPRESENTATION_CONTEXT() REPRESENTATION_CONTEXT('2D SPACE',''
  ) );
#14781 = ADVANCED_FACE('',(#14782),#8060,.T.);
#14782 = FACE_BOUND('',#14783,.T.);
#14783 = EDGE_LOOP('',(#14784,#14785,#14808,#14829));
#14784 = ORIENTED_EDGE('',*,*,#8047,.T.);
#14785 = ORIENTED_EDGE('',*,*,#14786,.T.);
#14786 = EDGE_CURVE('',#8019,#14787,#14789,.T.);
#14787 = VERTEX_POINT('',#14788);
#14788 = CARTESIAN_POINT('',(27.1,-41.67431578065,29.2));
#14789 = SURFACE_CURVE('',#14790,(#14794,#14801),.PCURVE_S1.);
#14790 = LINE('',#14791,#14792);
#14791 = CARTESIAN_POINT('',(27.1,-35.,29.2));
#14792 = VECTOR('',#14793,1.);
#14793 = DIRECTION('',(0.,-1.,0.));
#14794 = PCURVE('',#8060,#14795);
#14795 = DEFINITIONAL_REPRESENTATION('',(#14796),#14800);
#14796 = LINE('',#14797,#14798);
#14797 = CARTESIAN_POINT('',(-3.32568421935,-2.7));
#14798 = VECTOR('',#14799,1.);
#14799 = DIRECTION('',(1.,0.));
#14800 = ( GEOMETRIC_REPRESENTATION_CONTEXT(2) 
PARAMETRIC_REPRESENTATION_CONTEXT() REPRESENTATION_CONTEXT('2D SPACE',''
  ) );
#14801 = PCURVE('',#8035,#14802);
#14802 = DEFINITIONAL_REPRESENTATION('',(#14803),#14807);
#14803 = LINE('',#14804,#14805);
#14804 = CARTESIAN_POINT('',(-2.9,5.));
#14805 = VECTOR('',#14806,1.);
#14806 = DIRECTION('',(0.,-1.));
#14807 = ( GEOMETRIC_REPRESENTATION_CONTEXT(2) 
PARAMETRIC_REPRESENTATION_CONTEXT() REPRESENTATION_CONTEXT('2D SPACE',''
  ) );
#14808 = ORIENTED_EDGE('',*,*,#14809,.F.);
#14809 = EDGE_CURVE('',#14675,#14787,#14810,.T.);
#14810 = SURFACE_CURVE('',#14811,(#14815,#14822),.PCURVE_S1.);
#14811 = LINE('',#14812,#14813);
#14812 = CARTESIAN_POINT('',(27.1,-41.67431578065,26.5));
#14813 = VECTOR('',#14814,1.);
#14814 = DIRECTION('',(0.,0.,1.));
#14815 = PCURVE('',#8060,#14816);
#14816 = DEFINITIONAL_REPRESENTATION('',(#14817),#14821);
#14817 = LINE('',#14818,#14819);
#14818 = CARTESIAN_POINT('',(3.3486315613,0.));
#14819 = VECTOR('',#14820,1.);
#14820 = DIRECTION('',(0.,-1.));
#14821 = ( GEOMETRIC_REPRESENTATION_CONTEXT(2) 
PARAMETRIC_REPRESENTATION_CONTEXT() REPRESENTATION_CONTEXT('2D SPACE',''
  ) );
#14822 = PCURVE('',#14713,#14823);
#14823 = DEFINITIONAL_REPRESENTATION('',(#14824),#14828);
#14824 = LINE('',#14825,#14826);
#14825 = CARTESIAN_POINT('',(0.,0.));
#14826 = VECTOR('',#14827,1.);
#14827 = DIRECTION('',(0.,-1.));
#14828 = ( GEOMETRIC_REPRESENTATION_CONTEXT(2) 
PARAMETRIC_REPRESENTATION_CONTEXT() REPRESENTATION_CONTEXT('2D SPACE',''
  ) );
#14829 = ORIENTED_EDGE('',*,*,#14674,.T.);
#14830 = ADVANCED_FACE('',(#14831,#14902),#8035,.F.);
#14831 = FACE_BOUND('',#14832,.F.);
#14832 = EDGE_LOOP('',(#14833,#14856,#14857,#14858,#14881));
#14833 = ORIENTED_EDGE('',*,*,#14834,.F.);
#14834 = EDGE_CURVE('',#7993,#14835,#14837,.T.);
#14835 = VERTEX_POINT('',#14836);
#14836 = CARTESIAN_POINT('',(32.9,-41.67431578065,29.2));
#14837 = SURFACE_CURVE('',#14838,(#14842,#14849),.PCURVE_S1.);
#14838 = LINE('',#14839,#14840);
#14839 = CARTESIAN_POINT('',(32.9,-35.,29.2));
#14840 = VECTOR('',#14841,1.);
#14841 = DIRECTION('',(0.,-1.,0.));
#14842 = PCURVE('',#8035,#14843);
#14843 = DEFINITIONAL_REPRESENTATION('',(#14844),#14848);
#14844 = LINE('',#14845,#14846);
#14845 = CARTESIAN_POINT('',(2.9,5.));
#14846 = VECTOR('',#14847,1.);
#14847 = DIRECTION('',(0.,-1.));
#14848 = ( GEOMETRIC_REPRESENTATION_CONTEXT(2) 
PARAMETRIC_REPRESENTATION_CONTEXT() REPRESENTATION_CONTEXT('2D SPACE',''
  ) );
#14849 = PCURVE('',#8007,#14850);
#14850 = DEFINITIONAL_REPRESENTATION('',(#14851),#14855);
#14851 = LINE('',#14852,#14853);
#14852 = CARTESIAN_POINT('',(6.67431578065,-2.7));
#14853 = VECTOR('',#14854,1.);
#14854 = DIRECTION('',(-1.,0.));
#14855 = ( GEOMETRIC_REPRESENTATION_CONTEXT(2) 
PARAMETRIC_REPRESENTATION_CONTEXT() REPRESENTATION_CONTEXT('2D SPACE',''
  ) );
#14856 = ORIENTED_EDGE('',*,*,#8018,.T.);
#14857 = ORIENTED_EDGE('',*,*,#14786,.T.);
#14858 = ORIENTED_EDGE('',*,*,#14859,.T.);
#14859 = EDGE_CURVE('',#14787,#14860,#14862,.T.);
#14860 = VERTEX_POINT('',#14861);
#14861 = CARTESIAN_POINT('',(30.,-43.3486315613,29.2));
#14862 = SURFACE_CURVE('',#14863,(#14867,#14874),.PCURVE_S1.);
#14863 = LINE('',#14864,#14865);
#14864 = CARTESIAN_POINT('',(27.1,-41.67431578065,29.2));
#14865 = VECTOR('',#14866,1.);
#14866 = DIRECTION('',(0.866025403784,-0.5,0.));
#14867 = PCURVE('',#8035,#14868);
#14868 = DEFINITIONAL_REPRESENTATION('',(#14869),#14873);
#14869 = LINE('',#14870,#14871);
#14870 = CARTESIAN_POINT('',(-2.9,-1.67431578065));
#14871 = VECTOR('',#14872,1.);
#14872 = DIRECTION('',(0.866025403784,-0.5));
#14873 = ( GEOMETRIC_REPRESENTATION_CONTEXT(2) 
PARAMETRIC_REPRESENTATION_CONTEXT() REPRESENTATION_CONTEXT('2D SPACE',''
  ) );
#14874 = PCURVE('',#14713,#14875);
#14875 = DEFINITIONAL_REPRESENTATION('',(#14876),#14880);
#14876 = LINE('',#14877,#14878);
#14877 = CARTESIAN_POINT('',(0.,-2.7));
#14878 = VECTOR('',#14879,1.);
#14879 = DIRECTION('',(1.,0.));
#14880 = ( GEOMETRIC_REPRESENTATION_CONTEXT(2) 
PARAMETRIC_REPRESENTATION_CONTEXT() REPRESENTATION_CONTEXT('2D SPACE',''
  ) );
#14881 = ORIENTED_EDGE('',*,*,#14882,.T.);
#14882 = EDGE_CURVE('',#14860,#14835,#14883,.T.);
#14883 = SURFACE_CURVE('',#14884,(#14888,#14895),.PCURVE_S1.);
#14884 = LINE('',#14885,#14886);
#14885 = CARTESIAN_POINT('',(30.,-43.3486315613,29.2));
#14886 = VECTOR('',#14887,1.);
#14887 = DIRECTION('',(0.866025403784,0.5,0.));
#14888 = PCURVE('',#8035,#14889);
#14889 = DEFINITIONAL_REPRESENTATION('',(#14890),#14894);
#14890 = LINE('',#14891,#14892);
#14891 = CARTESIAN_POINT('',(0.,-3.3486315613));
#14892 = VECTOR('',#14893,1.);
#14893 = DIRECTION('',(0.866025403784,0.5));
#14894 = ( GEOMETRIC_REPRESENTATION_CONTEXT(2) 
PARAMETRIC_REPRESENTATION_CONTEXT() REPRESENTATION_CONTEXT('2D SPACE',''
  ) );
#14895 = PCURVE('',#14739,#14896);
#14896 = DEFINITIONAL_REPRESENTATION('',(#14897),#14901);
#14897 = LINE('',#14898,#14899);
#14898 = CARTESIAN_POINT('',(0.,-2.7));
#14899 = VECTOR('',#14900,1.);
#14900 = DIRECTION('',(1.,0.));
#14901 = ( GEOMETRIC_REPRESENTATION_CONTEXT(2) 
PARAMETRIC_REPRESENTATION_CONTEXT() REPRESENTATION_CONTEXT('2D SPACE',''
  ) );
#14902 = FACE_BOUND('',#14903,.F.);
#14903 = EDGE_LOOP('',(#14904));
#14904 = ORIENTED_EDGE('',*,*,#13252,.F.);
#14905 = ADVANCED_FACE('',(#14906),#8007,.T.);
#14906 = FACE_BOUND('',#14907,.T.);
#14907 = EDGE_LOOP('',(#14908,#14909,#14930,#14931));
#14908 = ORIENTED_EDGE('',*,*,#14650,.F.);
#14909 = ORIENTED_EDGE('',*,*,#14910,.T.);
#14910 = EDGE_CURVE('',#14651,#14835,#14911,.T.);
#14911 = SURFACE_CURVE('',#14912,(#14916,#14923),.PCURVE_S1.);
#14912 = LINE('',#14913,#14914);
#14913 = CARTESIAN_POINT('',(32.9,-41.67431578065,26.5));
#14914 = VECTOR('',#14915,1.);
#14915 = DIRECTION('',(0.,0.,1.));
#14916 = PCURVE('',#8007,#14917);
#14917 = DEFINITIONAL_REPRESENTATION('',(#14918),#14922);
#14918 = LINE('',#14919,#14920);
#14919 = CARTESIAN_POINT('',(0.,0.));
#14920 = VECTOR('',#14921,1.);
#14921 = DIRECTION('',(0.,-1.));
#14922 = ( GEOMETRIC_REPRESENTATION_CONTEXT(2) 
PARAMETRIC_REPRESENTATION_CONTEXT() REPRESENTATION_CONTEXT('2D SPACE',''
  ) );
#14923 = PCURVE('',#14739,#14924);
#14924 = DEFINITIONAL_REPRESENTATION('',(#14925),#14929);
#14925 = LINE('',#14926,#14927);
#14926 = CARTESIAN_POINT('',(3.3486315613,0.));
#14927 = VECTOR('',#14928,1.);
#14928 = DIRECTION('',(0.,-1.));
#14929 = ( GEOMETRIC_REPRESENTATION_CONTEXT(2) 
PARAMETRIC_REPRESENTATION_CONTEXT() REPRESENTATION_CONTEXT('2D SPACE',''
  ) );
#14930 = ORIENTED_EDGE('',*,*,#14834,.F.);
#14931 = ORIENTED_EDGE('',*,*,#7992,.F.);
#14932 = ADVANCED_FACE('',(#14933,#14959),#8230,.T.);
#14933 = FACE_BOUND('',#14934,.T.);
#14934 = EDGE_LOOP('',(#14935,#14956,#14957,#14958));
#14935 = ORIENTED_EDGE('',*,*,#14936,.F.);
#14936 = EDGE_CURVE('',#9281,#9800,#14937,.T.);
#14937 = SURFACE_CURVE('',#14938,(#14942,#14949),.PCURVE_S1.);
#14938 = LINE('',#14939,#14940);
#14939 = CARTESIAN_POINT('',(26.4,-21.,10.2));
#14940 = VECTOR('',#14941,1.);
#14941 = DIRECTION('',(-0.,1.,0.));
#14942 = PCURVE('',#8230,#14943);
#14943 = DEFINITIONAL_REPRESENTATION('',(#14944),#14948);
#14944 = LINE('',#14945,#14946);
#14945 = CARTESIAN_POINT('',(0.,0.));
#14946 = VECTOR('',#14947,1.);
#14947 = DIRECTION('',(0.,1.));
#14948 = ( GEOMETRIC_REPRESENTATION_CONTEXT(2) 
PARAMETRIC_REPRESENTATION_CONTEXT() REPRESENTATION_CONTEXT('2D SPACE',''
  ) );
#14949 = PCURVE('',#9296,#14950);
#14950 = DEFINITIONAL_REPRESENTATION('',(#14951),#14955);
#14951 = LINE('',#14952,#14953);
#14952 = CARTESIAN_POINT('',(7.8,0.));
#14953 = VECTOR('',#14954,1.);
#14954 = DIRECTION('',(0.,-1.));
#14955 = ( GEOMETRIC_REPRESENTATION_CONTEXT(2) 
PARAMETRIC_REPRESENTATION_CONTEXT() REPRESENTATION_CONTEXT('2D SPACE',''
  ) );
#14956 = ORIENTED_EDGE('',*,*,#9308,.T.);
#14957 = ORIENTED_EDGE('',*,*,#8214,.T.);
#14958 = ORIENTED_EDGE('',*,*,#9822,.F.);
#14959 = FACE_BOUND('',#14960,.T.);
#14960 = EDGE_LOOP('',(#14961));
#14961 = ORIENTED_EDGE('',*,*,#14962,.F.);
#14962 = EDGE_CURVE('',#14963,#14963,#14965,.T.);
#14963 = VERTEX_POINT('',#14964);
#14964 = CARTESIAN_POINT('',(32.2,-17.,10.2));
#14965 = SURFACE_CURVE('',#14966,(#14971,#14978),.PCURVE_S1.);
#14966 = CIRCLE('',#14967,1.7);
#14967 = AXIS2_PLACEMENT_3D('',#14968,#14969,#14970);
#14968 = CARTESIAN_POINT('',(30.5,-17.,10.2));
#14969 = DIRECTION('',(0.,0.,1.));
#14970 = DIRECTION('',(1.,0.,-0.));
#14971 = PCURVE('',#8230,#14972);
#14972 = DEFINITIONAL_REPRESENTATION('',(#14973),#14977);
#14973 = CIRCLE('',#14974,1.7);
#14974 = AXIS2_PLACEMENT_2D('',#14975,#14976);
#14975 = CARTESIAN_POINT('',(4.1,4.));
#14976 = DIRECTION('',(1.,0.));
#14977 = ( GEOMETRIC_REPRESENTATION_CONTEXT(2) 
PARAMETRIC_REPRESENTATION_CONTEXT() REPRESENTATION_CONTEXT('2D SPACE',''
  ) );
#14978 = PCURVE('',#14979,#14984);
#14979 = CYLINDRICAL_SURFACE('',#14980,1.7);
#14980 = AXIS2_PLACEMENT_3D('',#14981,#14982,#14983);
#14981 = CARTESIAN_POINT('',(30.5,-17.,2.4));
#14982 = DIRECTION('',(0.,0.,1.));
#14983 = DIRECTION('',(1.,0.,-0.));
#14984 = DEFINITIONAL_REPRESENTATION('',(#14985),#14989);
#14985 = LINE('',#14986,#14987);
#14986 = CARTESIAN_POINT('',(0.,7.8));
#14987 = VECTOR('',#14988,1.);
#14988 = DIRECTION('',(1.,0.));
#14989 = ( GEOMETRIC_REPRESENTATION_CONTEXT(2) 
PARAMETRIC_REPRESENTATION_CONTEXT() REPRESENTATION_CONTEXT('2D SPACE',''
  ) );
#14990 = ADVANCED_FACE('',(#14991,#15017),#8303,.T.);
#14991 = FACE_BOUND('',#14992,.T.);
#14992 = EDGE_LOOP('',(#14993,#15014,#15015,#15016));
#14993 = ORIENTED_EDGE('',*,*,#14994,.F.);
#14994 = EDGE_CURVE('',#10043,#10504,#14995,.T.);
#14995 = SURFACE_CURVE('',#14996,(#15000,#15007),.PCURVE_S1.);
#14996 = LINE('',#14997,#14998);
#14997 = CARTESIAN_POINT('',(26.4,13.,10.2));
#14998 = VECTOR('',#14999,1.);
#14999 = DIRECTION('',(-0.,1.,0.));
#15000 = PCURVE('',#8303,#15001);
#15001 = DEFINITIONAL_REPRESENTATION('',(#15002),#15006);
#15002 = LINE('',#15003,#15004);
#15003 = CARTESIAN_POINT('',(0.,0.));
#15004 = VECTOR('',#15005,1.);
#15005 = DIRECTION('',(0.,1.));
#15006 = ( GEOMETRIC_REPRESENTATION_CONTEXT(2) 
PARAMETRIC_REPRESENTATION_CONTEXT() REPRESENTATION_CONTEXT('2D SPACE',''
  ) );
#15007 = PCURVE('',#10058,#15008);
#15008 = DEFINITIONAL_REPRESENTATION('',(#15009),#15013);
#15009 = LINE('',#15010,#15011);
#15010 = CARTESIAN_POINT('',(7.8,0.));
#15011 = VECTOR('',#15012,1.);
#15012 = DIRECTION('',(0.,-1.));
#15013 = ( GEOMETRIC_REPRESENTATION_CONTEXT(2) 
PARAMETRIC_REPRESENTATION_CONTEXT() REPRESENTATION_CONTEXT('2D SPACE',''
  ) );
#15014 = ORIENTED_EDGE('',*,*,#10070,.T.);
#15015 = ORIENTED_EDGE('',*,*,#8287,.T.);
#15016 = ORIENTED_EDGE('',*,*,#10526,.F.);
#15017 = FACE_BOUND('',#15018,.T.);
#15018 = EDGE_LOOP('',(#15019));
#15019 = ORIENTED_EDGE('',*,*,#15020,.F.);
#15020 = EDGE_CURVE('',#15021,#15021,#15023,.T.);
#15021 = VERTEX_POINT('',#15022);
#15022 = CARTESIAN_POINT('',(32.2,17.,10.2));
#15023 = SURFACE_CURVE('',#15024,(#15029,#15036),.PCURVE_S1.);
#15024 = CIRCLE('',#15025,1.7);
#15025 = AXIS2_PLACEMENT_3D('',#15026,#15027,#15028);
#15026 = CARTESIAN_POINT('',(30.5,17.,10.2));
#15027 = DIRECTION('',(0.,0.,1.));
#15028 = DIRECTION('',(1.,0.,-0.));
#15029 = PCURVE('',#8303,#15030);
#15030 = DEFINITIONAL_REPRESENTATION('',(#15031),#15035);
#15031 = CIRCLE('',#15032,1.7);
#15032 = AXIS2_PLACEMENT_2D('',#15033,#15034);
#15033 = CARTESIAN_POINT('',(4.1,4.));
#15034 = DIRECTION('',(1.,0.));
#15035 = ( GEOMETRIC_REPRESENTATION_CONTEXT(2) 
PARAMETRIC_REPRESENTATION_CONTEXT() REPRESENTATION_CONTEXT('2D SPACE',''
  ) );
#15036 = PCURVE('',#15037,#15042);
#15037 = CYLINDRICAL_SURFACE('',#15038,1.7);
#15038 = AXIS2_PLACEMENT_3D('',#15039,#15040,#15041);
#15039 = CARTESIAN_POINT('',(30.5,17.,2.4));
#15040 = DIRECTION('',(0.,0.,1.));
#15041 = DIRECTION('',(1.,0.,-0.));
#15042 = DEFINITIONAL_REPRESENTATION('',(#15043),#15047);
#15043 = LINE('',#15044,#15045);
#15044 = CARTESIAN_POINT('',(0.,7.8));
#15045 = VECTOR('',#15046,1.);
#15046 = DIRECTION('',(1.,0.));
#15047 = ( GEOMETRIC_REPRESENTATION_CONTEXT(2) 
PARAMETRIC_REPRESENTATION_CONTEXT() REPRESENTATION_CONTEXT('2D SPACE',''
  ) );
#15048 = ADVANCED_FACE('',(#15049),#8376,.F.);
#15049 = FACE_BOUND('',#15050,.F.);
#15050 = EDGE_LOOP('',(#15051,#15052,#15073,#15074));
#15051 = ORIENTED_EDGE('',*,*,#8359,.T.);
#15052 = ORIENTED_EDGE('',*,*,#15053,.T.);
#15053 = EDGE_CURVE('',#8362,#11805,#15054,.T.);
#15054 = SURFACE_CURVE('',#15055,(#15059,#15066),.PCURVE_S1.);
#15055 = LINE('',#15056,#15057);
#15056 = CARTESIAN_POINT('',(33.5,14.917790391812,18.016326216868));
#15057 = VECTOR('',#15058,1.);
#15058 = DIRECTION('',(1.,0.,-0.));
#15059 = PCURVE('',#8376,#15060);
#15060 = DEFINITIONAL_REPRESENTATION('',(#15061),#15065);
#15061 = LINE('',#15062,#15063);
#15062 = CARTESIAN_POINT('',(0.,0.));
#15063 = VECTOR('',#15064,1.);
#15064 = DIRECTION('',(0.,-1.));
#15065 = ( GEOMETRIC_REPRESENTATION_CONTEXT(2) 
PARAMETRIC_REPRESENTATION_CONTEXT() REPRESENTATION_CONTEXT('2D SPACE',''
  ) );
#15066 = PCURVE('',#8465,#15067);
#15067 = DEFINITIONAL_REPRESENTATION('',(#15068),#15072);
#15068 = LINE('',#15069,#15070);
#15069 = CARTESIAN_POINT('',(4.712388980385,0.));
#15070 = VECTOR('',#15071,1.);
#15071 = DIRECTION('',(0.,-1.));
#15072 = ( GEOMETRIC_REPRESENTATION_CONTEXT(2) 
PARAMETRIC_REPRESENTATION_CONTEXT() REPRESENTATION_CONTEXT('2D SPACE',''
  ) );
#15073 = ORIENTED_EDGE('',*,*,#11802,.F.);
#15074 = ORIENTED_EDGE('',*,*,#15075,.F.);
#15075 = EDGE_CURVE('',#8360,#11803,#15076,.T.);
#15076 = SURFACE_CURVE('',#15077,(#15081,#15088),.PCURVE_S1.);
#15077 = LINE('',#15078,#15079);
#15078 = CARTESIAN_POINT('',(33.5,17.7070709193,23.99795761131));
#15079 = VECTOR('',#15080,1.);
#15080 = DIRECTION('',(1.,0.,-0.));
#15081 = PCURVE('',#8376,#15082);
#15082 = DEFINITIONAL_REPRESENTATION('',(#15083),#15087);
#15083 = LINE('',#15084,#15085);
#15084 = CARTESIAN_POINT('',(6.6,0.));
#15085 = VECTOR('',#15086,1.);
#15086 = DIRECTION('',(0.,-1.));
#15087 = ( GEOMETRIC_REPRESENTATION_CONTEXT(2) 
PARAMETRIC_REPRESENTATION_CONTEXT() REPRESENTATION_CONTEXT('2D SPACE',''
  ) );
#15088 = PCURVE('',#8408,#15089);
#15089 = DEFINITIONAL_REPRESENTATION('',(#15090),#15094);
#15090 = LINE('',#15091,#15092);
#15091 = CARTESIAN_POINT('',(1.570796326795,0.));
#15092 = VECTOR('',#15093,1.);
#15093 = DIRECTION('',(0.,-1.));
#15094 = ( GEOMETRIC_REPRESENTATION_CONTEXT(2) 
PARAMETRIC_REPRESENTATION_CONTEXT() REPRESENTATION_CONTEXT('2D SPACE',''
  ) );
#15095 = ADVANCED_FACE('',(#15096),#8465,.F.);
#15096 = FACE_BOUND('',#15097,.F.);
#15097 = EDGE_LOOP('',(#15098,#15099,#15120,#15121));
#15098 = ORIENTED_EDGE('',*,*,#8446,.F.);
#15099 = ORIENTED_EDGE('',*,*,#15100,.T.);
#15100 = EDGE_CURVE('',#8421,#11854,#15101,.T.);
#15101 = SURFACE_CURVE('',#15102,(#15106,#15113),.PCURVE_S1.);
#15102 = LINE('',#15103,#15104);
#15103 = CARTESIAN_POINT('',(33.5,17.0929290807,17.00204238869));
#15104 = VECTOR('',#15105,1.);
#15105 = DIRECTION('',(1.,0.,-0.));
#15106 = PCURVE('',#8465,#15107);
#15107 = DEFINITIONAL_REPRESENTATION('',(#15108),#15112);
#15108 = LINE('',#15109,#15110);
#15109 = CARTESIAN_POINT('',(1.570796326795,0.));
#15110 = VECTOR('',#15111,1.);
#15111 = DIRECTION('',(0.,-1.));
#15112 = ( GEOMETRIC_REPRESENTATION_CONTEXT(2) 
PARAMETRIC_REPRESENTATION_CONTEXT() REPRESENTATION_CONTEXT('2D SPACE',''
  ) );
#15113 = PCURVE('',#8435,#15114);
#15114 = DEFINITIONAL_REPRESENTATION('',(#15115),#15119);
#15115 = LINE('',#15116,#15117);
#15116 = CARTESIAN_POINT('',(-3.3,-0.));
#15117 = VECTOR('',#15118,1.);
#15118 = DIRECTION('',(0.,-1.));
#15119 = ( GEOMETRIC_REPRESENTATION_CONTEXT(2) 
PARAMETRIC_REPRESENTATION_CONTEXT() REPRESENTATION_CONTEXT('2D SPACE',''
  ) );
#15120 = ORIENTED_EDGE('',*,*,#11874,.T.);
#15121 = ORIENTED_EDGE('',*,*,#15053,.F.);
#15122 = ADVANCED_FACE('',(#15123),#8435,.T.);
#15123 = FACE_BOUND('',#15124,.T.);
#15124 = EDGE_LOOP('',(#15125,#15146,#15147,#15148));
#15125 = ORIENTED_EDGE('',*,*,#15126,.F.);
#15126 = EDGE_CURVE('',#8388,#11826,#15127,.T.);
#15127 = SURFACE_CURVE('',#15128,(#15132,#15139),.PCURVE_S1.);
#15128 = LINE('',#15129,#15130);
#15129 = CARTESIAN_POINT('',(33.5,19.882209608188,22.983673783132));
#15130 = VECTOR('',#15131,1.);
#15131 = DIRECTION('',(1.,0.,-0.));
#15132 = PCURVE('',#8435,#15133);
#15133 = DEFINITIONAL_REPRESENTATION('',(#15134),#15138);
#15134 = LINE('',#15135,#15136);
#15135 = CARTESIAN_POINT('',(3.3,0.));
#15136 = VECTOR('',#15137,1.);
#15137 = DIRECTION('',(0.,-1.));
#15138 = ( GEOMETRIC_REPRESENTATION_CONTEXT(2) 
PARAMETRIC_REPRESENTATION_CONTEXT() REPRESENTATION_CONTEXT('2D SPACE',''
  ) );
#15139 = PCURVE('',#8408,#15140);
#15140 = DEFINITIONAL_REPRESENTATION('',(#15141),#15145);
#15141 = LINE('',#15142,#15143);
#15142 = CARTESIAN_POINT('',(4.712388980385,0.));
#15143 = VECTOR('',#15144,1.);
#15144 = DIRECTION('',(0.,-1.));
#15145 = ( GEOMETRIC_REPRESENTATION_CONTEXT(2) 
PARAMETRIC_REPRESENTATION_CONTEXT() REPRESENTATION_CONTEXT('2D SPACE',''
  ) );
#15146 = ORIENTED_EDGE('',*,*,#8420,.T.);
#15147 = ORIENTED_EDGE('',*,*,#15100,.T.);
#15148 = ORIENTED_EDGE('',*,*,#11853,.F.);
#15149 = ADVANCED_FACE('',(#15150),#8408,.F.);
#15150 = FACE_BOUND('',#15151,.F.);
#15151 = EDGE_LOOP('',(#15152,#15153,#15154,#15155));
#15152 = ORIENTED_EDGE('',*,*,#8387,.F.);
#15153 = ORIENTED_EDGE('',*,*,#15075,.T.);
#15154 = ORIENTED_EDGE('',*,*,#11825,.T.);
#15155 = ORIENTED_EDGE('',*,*,#15126,.F.);
#15156 = ADVANCED_FACE('',(#15157),#8496,.F.);
#15157 = FACE_BOUND('',#15158,.F.);
#15158 = EDGE_LOOP('',(#15159,#15160,#15181,#15182));
#15159 = ORIENTED_EDGE('',*,*,#8479,.T.);
#15160 = ORIENTED_EDGE('',*,*,#15161,.T.);
#15161 = EDGE_CURVE('',#8482,#11905,#15162,.T.);
#15162 = SURFACE_CURVE('',#15163,(#15167,#15174),.PCURVE_S1.);
#15163 = LINE('',#15164,#15165);
#15164 = CARTESIAN_POINT('',(33.5,9.117790391812,18.016326216868));
#15165 = VECTOR('',#15166,1.);
#15166 = DIRECTION('',(1.,0.,-0.));
#15167 = PCURVE('',#8496,#15168);
#15168 = DEFINITIONAL_REPRESENTATION('',(#15169),#15173);
#15169 = LINE('',#15170,#15171);
#15170 = CARTESIAN_POINT('',(0.,0.));
#15171 = VECTOR('',#15172,1.);
#15172 = DIRECTION('',(0.,-1.));
#15173 = ( GEOMETRIC_REPRESENTATION_CONTEXT(2) 
PARAMETRIC_REPRESENTATION_CONTEXT() REPRESENTATION_CONTEXT('2D SPACE',''
  ) );
#15174 = PCURVE('',#8585,#15175);
#15175 = DEFINITIONAL_REPRESENTATION('',(#15176),#15180);
#15176 = LINE('',#15177,#15178);
#15177 = CARTESIAN_POINT('',(4.712388980385,0.));
#15178 = VECTOR('',#15179,1.);
#15179 = DIRECTION('',(0.,-1.));
#15180 = ( GEOMETRIC_REPRESENTATION_CONTEXT(2) 
PARAMETRIC_REPRESENTATION_CONTEXT() REPRESENTATION_CONTEXT('2D SPACE',''
  ) );
#15181 = ORIENTED_EDGE('',*,*,#11902,.F.);
#15182 = ORIENTED_EDGE('',*,*,#15183,.F.);
#15183 = EDGE_CURVE('',#8480,#11903,#15184,.T.);
#15184 = SURFACE_CURVE('',#15185,(#15189,#15196),.PCURVE_S1.);
#15185 = LINE('',#15186,#15187);
#15186 = CARTESIAN_POINT('',(33.5,11.9070709193,23.99795761131));
#15187 = VECTOR('',#15188,1.);
#15188 = DIRECTION('',(1.,0.,-0.));
#15189 = PCURVE('',#8496,#15190);
#15190 = DEFINITIONAL_REPRESENTATION('',(#15191),#15195);
#15191 = LINE('',#15192,#15193);
#15192 = CARTESIAN_POINT('',(6.6,0.));
#15193 = VECTOR('',#15194,1.);
#15194 = DIRECTION('',(0.,-1.));
#15195 = ( GEOMETRIC_REPRESENTATION_CONTEXT(2) 
PARAMETRIC_REPRESENTATION_CONTEXT() REPRESENTATION_CONTEXT('2D SPACE',''
  ) );
#15196 = PCURVE('',#8528,#15197);
#15197 = DEFINITIONAL_REPRESENTATION('',(#15198),#15202);
#15198 = LINE('',#15199,#15200);
#15199 = CARTESIAN_POINT('',(1.570796326795,0.));
#15200 = VECTOR('',#15201,1.);
#15201 = DIRECTION('',(0.,-1.));
#15202 = ( GEOMETRIC_REPRESENTATION_CONTEXT(2) 
PARAMETRIC_REPRESENTATION_CONTEXT() REPRESENTATION_CONTEXT('2D SPACE',''
  ) );
#15203 = ADVANCED_FACE('',(#15204),#8528,.F.);
#15204 = FACE_BOUND('',#15205,.F.);
#15205 = EDGE_LOOP('',(#15206,#15207,#15208,#15209));
#15206 = ORIENTED_EDGE('',*,*,#8507,.F.);
#15207 = ORIENTED_EDGE('',*,*,#15183,.T.);
#15208 = ORIENTED_EDGE('',*,*,#11925,.T.);
#15209 = ORIENTED_EDGE('',*,*,#15210,.F.);
#15210 = EDGE_CURVE('',#8508,#11926,#15211,.T.);
#15211 = SURFACE_CURVE('',#15212,(#15216,#15223),.PCURVE_S1.);
#15212 = LINE('',#15213,#15214);
#15213 = CARTESIAN_POINT('',(33.5,14.082209608188,22.983673783132));
#15214 = VECTOR('',#15215,1.);
#15215 = DIRECTION('',(1.,0.,-0.));
#15216 = PCURVE('',#8528,#15217);
#15217 = DEFINITIONAL_REPRESENTATION('',(#15218),#15222);
#15218 = LINE('',#15219,#15220);
#15219 = CARTESIAN_POINT('',(4.712388980385,0.));
#15220 = VECTOR('',#15221,1.);
#15221 = DIRECTION('',(0.,-1.));
#15222 = ( GEOMETRIC_REPRESENTATION_CONTEXT(2) 
PARAMETRIC_REPRESENTATION_CONTEXT() REPRESENTATION_CONTEXT('2D SPACE',''
  ) );
#15223 = PCURVE('',#8555,#15224);
#15224 = DEFINITIONAL_REPRESENTATION('',(#15225),#15229);
#15225 = LINE('',#15226,#15227);
#15226 = CARTESIAN_POINT('',(3.3,0.));
#15227 = VECTOR('',#15228,1.);
#15228 = DIRECTION('',(0.,-1.));
#15229 = ( GEOMETRIC_REPRESENTATION_CONTEXT(2) 
PARAMETRIC_REPRESENTATION_CONTEXT() REPRESENTATION_CONTEXT('2D SPACE',''
  ) );
#15230 = ADVANCED_FACE('',(#15231),#8585,.F.);
#15231 = FACE_BOUND('',#15232,.F.);
#15232 = EDGE_LOOP('',(#15233,#15234,#15255,#15256));
#15233 = ORIENTED_EDGE('',*,*,#8566,.F.);
#15234 = ORIENTED_EDGE('',*,*,#15235,.T.);
#15235 = EDGE_CURVE('',#8541,#11954,#15236,.T.);
#15236 = SURFACE_CURVE('',#15237,(#15241,#15248),.PCURVE_S1.);
#15237 = LINE('',#15238,#15239);
#15238 = CARTESIAN_POINT('',(33.5,11.2929290807,17.00204238869));
#15239 = VECTOR('',#15240,1.);
#15240 = DIRECTION('',(1.,0.,-0.));
#15241 = PCURVE('',#8585,#15242);
#15242 = DEFINITIONAL_REPRESENTATION('',(#15243),#15247);
#15243 = LINE('',#15244,#15245);
#15244 = CARTESIAN_POINT('',(1.570796326795,0.));
#15245 = VECTOR('',#15246,1.);
#15246 = DIRECTION('',(0.,-1.));
#15247 = ( GEOMETRIC_REPRESENTATION_CONTEXT(2) 
PARAMETRIC_REPRESENTATION_CONTEXT() REPRESENTATION_CONTEXT('2D SPACE',''
  ) );
#15248 = PCURVE('',#8555,#15249);
#15249 = DEFINITIONAL_REPRESENTATION('',(#15250),#15254);
#15250 = LINE('',#15251,#15252);
#15251 = CARTESIAN_POINT('',(-3.3,-0.));
#15252 = VECTOR('',#15253,1.);
#15253 = DIRECTION('',(0.,-1.));
#15254 = ( GEOMETRIC_REPRESENTATION_CONTEXT(2) 
PARAMETRIC_REPRESENTATION_CONTEXT() REPRESENTATION_CONTEXT('2D SPACE',''
  ) );
#15255 = ORIENTED_EDGE('',*,*,#11974,.T.);
#15256 = ORIENTED_EDGE('',*,*,#15161,.F.);
#15257 = ADVANCED_FACE('',(#15258),#8555,.T.);
#15258 = FACE_BOUND('',#15259,.T.);
#15259 = EDGE_LOOP('',(#15260,#15261,#15262,#15263));
#15260 = ORIENTED_EDGE('',*,*,#15210,.F.);
#15261 = ORIENTED_EDGE('',*,*,#8540,.T.);
#15262 = ORIENTED_EDGE('',*,*,#15235,.T.);
#15263 = ORIENTED_EDGE('',*,*,#11953,.F.);
#15264 = ADVANCED_FACE('',(#15265),#8616,.F.);
#15265 = FACE_BOUND('',#15266,.F.);
#15266 = EDGE_LOOP('',(#15267,#15268,#15289,#15290));
#15267 = ORIENTED_EDGE('',*,*,#8599,.T.);
#15268 = ORIENTED_EDGE('',*,*,#15269,.T.);
#15269 = EDGE_CURVE('',#8602,#12005,#15270,.T.);
#15270 = SURFACE_CURVE('',#15271,(#15275,#15282),.PCURVE_S1.);
#15271 = LINE('',#15272,#15273);
#15272 = CARTESIAN_POINT('',(33.5,3.317790391812,18.016326216868));
#15273 = VECTOR('',#15274,1.);
#15274 = DIRECTION('',(1.,0.,-0.));
#15275 = PCURVE('',#8616,#15276);
#15276 = DEFINITIONAL_REPRESENTATION('',(#15277),#15281);
#15277 = LINE('',#15278,#15279);
#15278 = CARTESIAN_POINT('',(0.,0.));
#15279 = VECTOR('',#15280,1.);
#15280 = DIRECTION('',(0.,-1.));
#15281 = ( GEOMETRIC_REPRESENTATION_CONTEXT(2) 
PARAMETRIC_REPRESENTATION_CONTEXT() REPRESENTATION_CONTEXT('2D SPACE',''
  ) );
#15282 = PCURVE('',#8705,#15283);
#15283 = DEFINITIONAL_REPRESENTATION('',(#15284),#15288);
#15284 = LINE('',#15285,#15286);
#15285 = CARTESIAN_POINT('',(4.712388980385,0.));
#15286 = VECTOR('',#15287,1.);
#15287 = DIRECTION('',(0.,-1.));
#15288 = ( GEOMETRIC_REPRESENTATION_CONTEXT(2) 
PARAMETRIC_REPRESENTATION_CONTEXT() REPRESENTATION_CONTEXT('2D SPACE',''
  ) );
#15289 = ORIENTED_EDGE('',*,*,#12002,.F.);
#15290 = ORIENTED_EDGE('',*,*,#15291,.F.);
#15291 = EDGE_CURVE('',#8600,#12003,#15292,.T.);
#15292 = SURFACE_CURVE('',#15293,(#15297,#15304),.PCURVE_S1.);
#15293 = LINE('',#15294,#15295);
#15294 = CARTESIAN_POINT('',(33.5,6.1070709193,23.99795761131));
#15295 = VECTOR('',#15296,1.);
#15296 = DIRECTION('',(1.,0.,-0.));
#15297 = PCURVE('',#8616,#15298);
#15298 = DEFINITIONAL_REPRESENTATION('',(#15299),#15303);
#15299 = LINE('',#15300,#15301);
#15300 = CARTESIAN_POINT('',(6.6,0.));
#15301 = VECTOR('',#15302,1.);
#15302 = DIRECTION('',(0.,-1.));
#15303 = ( GEOMETRIC_REPRESENTATION_CONTEXT(2) 
PARAMETRIC_REPRESENTATION_CONTEXT() REPRESENTATION_CONTEXT('2D SPACE',''
  ) );
#15304 = PCURVE('',#8648,#15305);
#15305 = DEFINITIONAL_REPRESENTATION('',(#15306),#15310);
#15306 = LINE('',#15307,#15308);
#15307 = CARTESIAN_POINT('',(1.570796326795,0.));
#15308 = VECTOR('',#15309,1.);
#15309 = DIRECTION('',(0.,-1.));
#15310 = ( GEOMETRIC_REPRESENTATION_CONTEXT(2) 
PARAMETRIC_REPRESENTATION_CONTEXT() REPRESENTATION_CONTEXT('2D SPACE',''
  ) );
#15311 = ADVANCED_FACE('',(#15312),#8648,.F.);
#15312 = FACE_BOUND('',#15313,.F.);
#15313 = EDGE_LOOP('',(#15314,#15315,#15316,#15317));
#15314 = ORIENTED_EDGE('',*,*,#8627,.F.);
#15315 = ORIENTED_EDGE('',*,*,#15291,.T.);
#15316 = ORIENTED_EDGE('',*,*,#12025,.T.);
#15317 = ORIENTED_EDGE('',*,*,#15318,.F.);
#15318 = EDGE_CURVE('',#8628,#12026,#15319,.T.);
#15319 = SURFACE_CURVE('',#15320,(#15324,#15331),.PCURVE_S1.);
#15320 = LINE('',#15321,#15322);
#15321 = CARTESIAN_POINT('',(33.5,8.282209608188,22.983673783132));
#15322 = VECTOR('',#15323,1.);
#15323 = DIRECTION('',(1.,0.,-0.));
#15324 = PCURVE('',#8648,#15325);
#15325 = DEFINITIONAL_REPRESENTATION('',(#15326),#15330);
#15326 = LINE('',#15327,#15328);
#15327 = CARTESIAN_POINT('',(4.712388980385,0.));
#15328 = VECTOR('',#15329,1.);
#15329 = DIRECTION('',(0.,-1.));
#15330 = ( GEOMETRIC_REPRESENTATION_CONTEXT(2) 
PARAMETRIC_REPRESENTATION_CONTEXT() REPRESENTATION_CONTEXT('2D SPACE',''
  ) );
#15331 = PCURVE('',#8675,#15332);
#15332 = DEFINITIONAL_REPRESENTATION('',(#15333),#15337);
#15333 = LINE('',#15334,#15335);
#15334 = CARTESIAN_POINT('',(3.3,0.));
#15335 = VECTOR('',#15336,1.);
#15336 = DIRECTION('',(0.,-1.));
#15337 = ( GEOMETRIC_REPRESENTATION_CONTEXT(2) 
PARAMETRIC_REPRESENTATION_CONTEXT() REPRESENTATION_CONTEXT('2D SPACE',''
  ) );
#15338 = ADVANCED_FACE('',(#15339),#8705,.F.);
#15339 = FACE_BOUND('',#15340,.F.);
#15340 = EDGE_LOOP('',(#15341,#15342,#15363,#15364));
#15341 = ORIENTED_EDGE('',*,*,#8686,.F.);
#15342 = ORIENTED_EDGE('',*,*,#15343,.T.);
#15343 = EDGE_CURVE('',#8661,#12054,#15344,.T.);
#15344 = SURFACE_CURVE('',#15345,(#15349,#15356),.PCURVE_S1.);
#15345 = LINE('',#15346,#15347);
#15346 = CARTESIAN_POINT('',(33.5,5.4929290807,17.00204238869));
#15347 = VECTOR('',#15348,1.);
#15348 = DIRECTION('',(1.,0.,-0.));
#15349 = PCURVE('',#8705,#15350);
#15350 = DEFINITIONAL_REPRESENTATION('',(#15351),#15355);
#15351 = LINE('',#15352,#15353);
#15352 = CARTESIAN_POINT('',(1.570796326795,0.));
#15353 = VECTOR('',#15354,1.);
#15354 = DIRECTION('',(0.,-1.));
#15355 = ( GEOMETRIC_REPRESENTATION_CONTEXT(2) 
PARAMETRIC_REPRESENTATION_CONTEXT() REPRESENTATION_CONTEXT('2D SPACE',''
  ) );
#15356 = PCURVE('',#8675,#15357);
#15357 = DEFINITIONAL_REPRESENTATION('',(#15358),#15362);
#15358 = LINE('',#15359,#15360);
#15359 = CARTESIAN_POINT('',(-3.3,-0.));
#15360 = VECTOR('',#15361,1.);
#15361 = DIRECTION('',(0.,-1.));
#15362 = ( GEOMETRIC_REPRESENTATION_CONTEXT(2) 
PARAMETRIC_REPRESENTATION_CONTEXT() REPRESENTATION_CONTEXT('2D SPACE',''
  ) );
#15363 = ORIENTED_EDGE('',*,*,#12074,.T.);
#15364 = ORIENTED_EDGE('',*,*,#15269,.F.);
#15365 = ADVANCED_FACE('',(#15366),#8675,.T.);
#15366 = FACE_BOUND('',#15367,.T.);
#15367 = EDGE_LOOP('',(#15368,#15369,#15370,#15371));
#15368 = ORIENTED_EDGE('',*,*,#15318,.F.);
#15369 = ORIENTED_EDGE('',*,*,#8660,.T.);
#15370 = ORIENTED_EDGE('',*,*,#15343,.T.);
#15371 = ORIENTED_EDGE('',*,*,#12053,.F.);
#15372 = ADVANCED_FACE('',(#15373),#8736,.F.);
#15373 = FACE_BOUND('',#15374,.F.);
#15374 = EDGE_LOOP('',(#15375,#15376,#15397,#15398));
#15375 = ORIENTED_EDGE('',*,*,#8719,.T.);
#15376 = ORIENTED_EDGE('',*,*,#15377,.T.);
#15377 = EDGE_CURVE('',#8722,#12105,#15378,.T.);
#15378 = SURFACE_CURVE('',#15379,(#15383,#15390),.PCURVE_S1.);
#15379 = LINE('',#15380,#15381);
#15380 = CARTESIAN_POINT('',(33.5,-2.482209608188,18.016326216868));
#15381 = VECTOR('',#15382,1.);
#15382 = DIRECTION('',(1.,0.,-0.));
#15383 = PCURVE('',#8736,#15384);
#15384 = DEFINITIONAL_REPRESENTATION('',(#15385),#15389);
#15385 = LINE('',#15386,#15387);
#15386 = CARTESIAN_POINT('',(0.,0.));
#15387 = VECTOR('',#15388,1.);
#15388 = DIRECTION('',(0.,-1.));
#15389 = ( GEOMETRIC_REPRESENTATION_CONTEXT(2) 
PARAMETRIC_REPRESENTATION_CONTEXT() REPRESENTATION_CONTEXT('2D SPACE',''
  ) );
#15390 = PCURVE('',#8825,#15391);
#15391 = DEFINITIONAL_REPRESENTATION('',(#15392),#15396);
#15392 = LINE('',#15393,#15394);
#15393 = CARTESIAN_POINT('',(4.712388980385,0.));
#15394 = VECTOR('',#15395,1.);
#15395 = DIRECTION('',(0.,-1.));
#15396 = ( GEOMETRIC_REPRESENTATION_CONTEXT(2) 
PARAMETRIC_REPRESENTATION_CONTEXT() REPRESENTATION_CONTEXT('2D SPACE',''
  ) );
#15397 = ORIENTED_EDGE('',*,*,#12102,.F.);
#15398 = ORIENTED_EDGE('',*,*,#15399,.F.);
#15399 = EDGE_CURVE('',#8720,#12103,#15400,.T.);
#15400 = SURFACE_CURVE('',#15401,(#15405,#15412),.PCURVE_S1.);
#15401 = LINE('',#15402,#15403);
#15402 = CARTESIAN_POINT('',(33.5,0.3070709193,23.99795761131));
#15403 = VECTOR('',#15404,1.);
#15404 = DIRECTION('',(1.,0.,-0.));
#15405 = PCURVE('',#8736,#15406);
#15406 = DEFINITIONAL_REPRESENTATION('',(#15407),#15411);
#15407 = LINE('',#15408,#15409);
#15408 = CARTESIAN_POINT('',(6.6,0.));
#15409 = VECTOR('',#15410,1.);
#15410 = DIRECTION('',(0.,-1.));
#15411 = ( GEOMETRIC_REPRESENTATION_CONTEXT(2) 
PARAMETRIC_REPRESENTATION_CONTEXT() REPRESENTATION_CONTEXT('2D SPACE',''
  ) );
#15412 = PCURVE('',#8768,#15413);
#15413 = DEFINITIONAL_REPRESENTATION('',(#15414),#15418);
#15414 = LINE('',#15415,#15416);
#15415 = CARTESIAN_POINT('',(1.570796326795,0.));
#15416 = VECTOR('',#15417,1.);
#15417 = DIRECTION('',(0.,-1.));
#15418 = ( GEOMETRIC_REPRESENTATION_CONTEXT(2) 
PARAMETRIC_REPRESENTATION_CONTEXT() REPRESENTATION_CONTEXT('2D SPACE',''
  ) );
#15419 = ADVANCED_FACE('',(#15420),#8768,.F.);
#15420 = FACE_BOUND('',#15421,.F.);
#15421 = EDGE_LOOP('',(#15422,#15423,#15424,#15425));
#15422 = ORIENTED_EDGE('',*,*,#8747,.F.);
#15423 = ORIENTED_EDGE('',*,*,#15399,.T.);
#15424 = ORIENTED_EDGE('',*,*,#12125,.T.);
#15425 = ORIENTED_EDGE('',*,*,#15426,.F.);
#15426 = EDGE_CURVE('',#8748,#12126,#15427,.T.);
#15427 = SURFACE_CURVE('',#15428,(#15432,#15439),.PCURVE_S1.);
#15428 = LINE('',#15429,#15430);
#15429 = CARTESIAN_POINT('',(33.5,2.482209608188,22.983673783132));
#15430 = VECTOR('',#15431,1.);
#15431 = DIRECTION('',(1.,0.,-0.));
#15432 = PCURVE('',#8768,#15433);
#15433 = DEFINITIONAL_REPRESENTATION('',(#15434),#15438);
#15434 = LINE('',#15435,#15436);
#15435 = CARTESIAN_POINT('',(4.712388980385,0.));
#15436 = VECTOR('',#15437,1.);
#15437 = DIRECTION('',(0.,-1.));
#15438 = ( GEOMETRIC_REPRESENTATION_CONTEXT(2) 
PARAMETRIC_REPRESENTATION_CONTEXT() REPRESENTATION_CONTEXT('2D SPACE',''
  ) );
#15439 = PCURVE('',#8795,#15440);
#15440 = DEFINITIONAL_REPRESENTATION('',(#15441),#15445);
#15441 = LINE('',#15442,#15443);
#15442 = CARTESIAN_POINT('',(3.3,0.));
#15443 = VECTOR('',#15444,1.);
#15444 = DIRECTION('',(0.,-1.));
#15445 = ( GEOMETRIC_REPRESENTATION_CONTEXT(2) 
PARAMETRIC_REPRESENTATION_CONTEXT() REPRESENTATION_CONTEXT('2D SPACE',''
  ) );
#15446 = ADVANCED_FACE('',(#15447),#8825,.F.);
#15447 = FACE_BOUND('',#15448,.F.);
#15448 = EDGE_LOOP('',(#15449,#15450,#15471,#15472));
#15449 = ORIENTED_EDGE('',*,*,#8806,.F.);
#15450 = ORIENTED_EDGE('',*,*,#15451,.T.);
#15451 = EDGE_CURVE('',#8781,#12154,#15452,.T.);
#15452 = SURFACE_CURVE('',#15453,(#15457,#15464),.PCURVE_S1.);
#15453 = LINE('',#15454,#15455);
#15454 = CARTESIAN_POINT('',(33.5,-0.3070709193,17.00204238869));
#15455 = VECTOR('',#15456,1.);
#15456 = DIRECTION('',(1.,0.,-0.));
#15457 = PCURVE('',#8825,#15458);
#15458 = DEFINITIONAL_REPRESENTATION('',(#15459),#15463);
#15459 = LINE('',#15460,#15461);
#15460 = CARTESIAN_POINT('',(1.570796326795,0.));
#15461 = VECTOR('',#15462,1.);
#15462 = DIRECTION('',(0.,-1.));
#15463 = ( GEOMETRIC_REPRESENTATION_CONTEXT(2) 
PARAMETRIC_REPRESENTATION_CONTEXT() REPRESENTATION_CONTEXT('2D SPACE',''
  ) );
#15464 = PCURVE('',#8795,#15465);
#15465 = DEFINITIONAL_REPRESENTATION('',(#15466),#15470);
#15466 = LINE('',#15467,#15468);
#15467 = CARTESIAN_POINT('',(-3.3,-0.));
#15468 = VECTOR('',#15469,1.);
#15469 = DIRECTION('',(0.,-1.));
#15470 = ( GEOMETRIC_REPRESENTATION_CONTEXT(2) 
PARAMETRIC_REPRESENTATION_CONTEXT() REPRESENTATION_CONTEXT('2D SPACE',''
  ) );
#15471 = ORIENTED_EDGE('',*,*,#12174,.T.);
#15472 = ORIENTED_EDGE('',*,*,#15377,.F.);
#15473 = ADVANCED_FACE('',(#15474),#8795,.T.);
#15474 = FACE_BOUND('',#15475,.T.);
#15475 = EDGE_LOOP('',(#15476,#15477,#15478,#15479));
#15476 = ORIENTED_EDGE('',*,*,#15426,.F.);
#15477 = ORIENTED_EDGE('',*,*,#8780,.T.);
#15478 = ORIENTED_EDGE('',*,*,#15451,.T.);
#15479 = ORIENTED_EDGE('',*,*,#12153,.F.);
#15480 = ADVANCED_FACE('',(#15481),#8856,.F.);
#15481 = FACE_BOUND('',#15482,.F.);
#15482 = EDGE_LOOP('',(#15483,#15484,#15505,#15506));
#15483 = ORIENTED_EDGE('',*,*,#8839,.T.);
#15484 = ORIENTED_EDGE('',*,*,#15485,.T.);
#15485 = EDGE_CURVE('',#8842,#12205,#15486,.T.);
#15486 = SURFACE_CURVE('',#15487,(#15491,#15498),.PCURVE_S1.);
#15487 = LINE('',#15488,#15489);
#15488 = CARTESIAN_POINT('',(33.5,-8.282209608188,18.016326216868));
#15489 = VECTOR('',#15490,1.);
#15490 = DIRECTION('',(1.,0.,-0.));
#15491 = PCURVE('',#8856,#15492);
#15492 = DEFINITIONAL_REPRESENTATION('',(#15493),#15497);
#15493 = LINE('',#15494,#15495);
#15494 = CARTESIAN_POINT('',(0.,0.));
#15495 = VECTOR('',#15496,1.);
#15496 = DIRECTION('',(0.,-1.));
#15497 = ( GEOMETRIC_REPRESENTATION_CONTEXT(2) 
PARAMETRIC_REPRESENTATION_CONTEXT() REPRESENTATION_CONTEXT('2D SPACE',''
  ) );
#15498 = PCURVE('',#8945,#15499);
#15499 = DEFINITIONAL_REPRESENTATION('',(#15500),#15504);
#15500 = LINE('',#15501,#15502);
#15501 = CARTESIAN_POINT('',(4.712388980385,0.));
#15502 = VECTOR('',#15503,1.);
#15503 = DIRECTION('',(0.,-1.));
#15504 = ( GEOMETRIC_REPRESENTATION_CONTEXT(2) 
PARAMETRIC_REPRESENTATION_CONTEXT() REPRESENTATION_CONTEXT('2D SPACE',''
  ) );
#15505 = ORIENTED_EDGE('',*,*,#12202,.F.);
#15506 = ORIENTED_EDGE('',*,*,#15507,.F.);
#15507 = EDGE_CURVE('',#8840,#12203,#15508,.T.);
#15508 = SURFACE_CURVE('',#15509,(#15513,#15520),.PCURVE_S1.);
#15509 = LINE('',#15510,#15511);
#15510 = CARTESIAN_POINT('',(33.5,-5.4929290807,23.99795761131));
#15511 = VECTOR('',#15512,1.);
#15512 = DIRECTION('',(1.,0.,-0.));
#15513 = PCURVE('',#8856,#15514);
#15514 = DEFINITIONAL_REPRESENTATION('',(#15515),#15519);
#15515 = LINE('',#15516,#15517);
#15516 = CARTESIAN_POINT('',(6.6,0.));
#15517 = VECTOR('',#15518,1.);
#15518 = DIRECTION('',(0.,-1.));
#15519 = ( GEOMETRIC_REPRESENTATION_CONTEXT(2) 
PARAMETRIC_REPRESENTATION_CONTEXT() REPRESENTATION_CONTEXT('2D SPACE',''
  ) );
#15520 = PCURVE('',#8888,#15521);
#15521 = DEFINITIONAL_REPRESENTATION('',(#15522),#15526);
#15522 = LINE('',#15523,#15524);
#15523 = CARTESIAN_POINT('',(1.570796326795,0.));
#15524 = VECTOR('',#15525,1.);
#15525 = DIRECTION('',(0.,-1.));
#15526 = ( GEOMETRIC_REPRESENTATION_CONTEXT(2) 
PARAMETRIC_REPRESENTATION_CONTEXT() REPRESENTATION_CONTEXT('2D SPACE',''
  ) );
#15527 = ADVANCED_FACE('',(#15528),#8888,.F.);
#15528 = FACE_BOUND('',#15529,.F.);
#15529 = EDGE_LOOP('',(#15530,#15531,#15532,#15533));
#15530 = ORIENTED_EDGE('',*,*,#8867,.F.);
#15531 = ORIENTED_EDGE('',*,*,#15507,.T.);
#15532 = ORIENTED_EDGE('',*,*,#12225,.T.);
#15533 = ORIENTED_EDGE('',*,*,#15534,.F.);
#15534 = EDGE_CURVE('',#8868,#12226,#15535,.T.);
#15535 = SURFACE_CURVE('',#15536,(#15540,#15547),.PCURVE_S1.);
#15536 = LINE('',#15537,#15538);
#15537 = CARTESIAN_POINT('',(33.5,-3.317790391812,22.983673783132));
#15538 = VECTOR('',#15539,1.);
#15539 = DIRECTION('',(1.,0.,-0.));
#15540 = PCURVE('',#8888,#15541);
#15541 = DEFINITIONAL_REPRESENTATION('',(#15542),#15546);
#15542 = LINE('',#15543,#15544);
#15543 = CARTESIAN_POINT('',(4.712388980385,0.));
#15544 = VECTOR('',#15545,1.);
#15545 = DIRECTION('',(0.,-1.));
#15546 = ( GEOMETRIC_REPRESENTATION_CONTEXT(2) 
PARAMETRIC_REPRESENTATION_CONTEXT() REPRESENTATION_CONTEXT('2D SPACE',''
  ) );
#15547 = PCURVE('',#8915,#15548);
#15548 = DEFINITIONAL_REPRESENTATION('',(#15549),#15553);
#15549 = LINE('',#15550,#15551);
#15550 = CARTESIAN_POINT('',(3.3,0.));
#15551 = VECTOR('',#15552,1.);
#15552 = DIRECTION('',(0.,-1.));
#15553 = ( GEOMETRIC_REPRESENTATION_CONTEXT(2) 
PARAMETRIC_REPRESENTATION_CONTEXT() REPRESENTATION_CONTEXT('2D SPACE',''
  ) );
#15554 = ADVANCED_FACE('',(#15555),#8945,.F.);
#15555 = FACE_BOUND('',#15556,.F.);
#15556 = EDGE_LOOP('',(#15557,#15558,#15579,#15580));
#15557 = ORIENTED_EDGE('',*,*,#8926,.F.);
#15558 = ORIENTED_EDGE('',*,*,#15559,.T.);
#15559 = EDGE_CURVE('',#8901,#12254,#15560,.T.);
#15560 = SURFACE_CURVE('',#15561,(#15565,#15572),.PCURVE_S1.);
#15561 = LINE('',#15562,#15563);
#15562 = CARTESIAN_POINT('',(33.5,-6.1070709193,17.00204238869));
#15563 = VECTOR('',#15564,1.);
#15564 = DIRECTION('',(1.,0.,-0.));
#15565 = PCURVE('',#8945,#15566);
#15566 = DEFINITIONAL_REPRESENTATION('',(#15567),#15571);
#15567 = LINE('',#15568,#15569);
#15568 = CARTESIAN_POINT('',(1.570796326795,0.));
#15569 = VECTOR('',#15570,1.);
#15570 = DIRECTION('',(0.,-1.));
#15571 = ( GEOMETRIC_REPRESENTATION_CONTEXT(2) 
PARAMETRIC_REPRESENTATION_CONTEXT() REPRESENTATION_CONTEXT('2D SPACE',''
  ) );
#15572 = PCURVE('',#8915,#15573);
#15573 = DEFINITIONAL_REPRESENTATION('',(#15574),#15578);
#15574 = LINE('',#15575,#15576);
#15575 = CARTESIAN_POINT('',(-3.3,-0.));
#15576 = VECTOR('',#15577,1.);
#15577 = DIRECTION('',(0.,-1.));
#15578 = ( GEOMETRIC_REPRESENTATION_CONTEXT(2) 
PARAMETRIC_REPRESENTATION_CONTEXT() REPRESENTATION_CONTEXT('2D SPACE',''
  ) );
#15579 = ORIENTED_EDGE('',*,*,#12274,.T.);
#15580 = ORIENTED_EDGE('',*,*,#15485,.F.);
#15581 = ADVANCED_FACE('',(#15582),#8915,.T.);
#15582 = FACE_BOUND('',#15583,.T.);
#15583 = EDGE_LOOP('',(#15584,#15585,#15586,#15587));
#15584 = ORIENTED_EDGE('',*,*,#15534,.F.);
#15585 = ORIENTED_EDGE('',*,*,#8900,.T.);
#15586 = ORIENTED_EDGE('',*,*,#15559,.T.);
#15587 = ORIENTED_EDGE('',*,*,#12253,.F.);
#15588 = ADVANCED_FACE('',(#15589),#8976,.F.);
#15589 = FACE_BOUND('',#15590,.F.);
#15590 = EDGE_LOOP('',(#15591,#15592,#15613,#15614));
#15591 = ORIENTED_EDGE('',*,*,#8959,.T.);
#15592 = ORIENTED_EDGE('',*,*,#15593,.T.);
#15593 = EDGE_CURVE('',#8962,#12305,#15594,.T.);
#15594 = SURFACE_CURVE('',#15595,(#15599,#15606),.PCURVE_S1.);
#15595 = LINE('',#15596,#15597);
#15596 = CARTESIAN_POINT('',(33.5,-14.08220960818,18.016326216868));
#15597 = VECTOR('',#15598,1.);
#15598 = DIRECTION('',(1.,0.,-0.));
#15599 = PCURVE('',#8976,#15600);
#15600 = DEFINITIONAL_REPRESENTATION('',(#15601),#15605);
#15601 = LINE('',#15602,#15603);
#15602 = CARTESIAN_POINT('',(0.,0.));
#15603 = VECTOR('',#15604,1.);
#15604 = DIRECTION('',(0.,-1.));
#15605 = ( GEOMETRIC_REPRESENTATION_CONTEXT(2) 
PARAMETRIC_REPRESENTATION_CONTEXT() REPRESENTATION_CONTEXT('2D SPACE',''
  ) );
#15606 = PCURVE('',#9065,#15607);
#15607 = DEFINITIONAL_REPRESENTATION('',(#15608),#15612);
#15608 = LINE('',#15609,#15610);
#15609 = CARTESIAN_POINT('',(4.712388980385,0.));
#15610 = VECTOR('',#15611,1.);
#15611 = DIRECTION('',(0.,-1.));
#15612 = ( GEOMETRIC_REPRESENTATION_CONTEXT(2) 
PARAMETRIC_REPRESENTATION_CONTEXT() REPRESENTATION_CONTEXT('2D SPACE',''
  ) );
#15613 = ORIENTED_EDGE('',*,*,#12302,.F.);
#15614 = ORIENTED_EDGE('',*,*,#15615,.F.);
#15615 = EDGE_CURVE('',#8960,#12303,#15616,.T.);
#15616 = SURFACE_CURVE('',#15617,(#15621,#15628),.PCURVE_S1.);
#15617 = LINE('',#15618,#15619);
#15618 = CARTESIAN_POINT('',(33.5,-11.2929290807,23.99795761131));
#15619 = VECTOR('',#15620,1.);
#15620 = DIRECTION('',(1.,0.,-0.));
#15621 = PCURVE('',#8976,#15622);
#15622 = DEFINITIONAL_REPRESENTATION('',(#15623),#15627);
#15623 = LINE('',#15624,#15625);
#15624 = CARTESIAN_POINT('',(6.6,0.));
#15625 = VECTOR('',#15626,1.);
#15626 = DIRECTION('',(0.,-1.));
#15627 = ( GEOMETRIC_REPRESENTATION_CONTEXT(2) 
PARAMETRIC_REPRESENTATION_CONTEXT() REPRESENTATION_CONTEXT('2D SPACE',''
  ) );
#15628 = PCURVE('',#9008,#15629);
#15629 = DEFINITIONAL_REPRESENTATION('',(#15630),#15634);
#15630 = LINE('',#15631,#15632);
#15631 = CARTESIAN_POINT('',(1.570796326795,0.));
#15632 = VECTOR('',#15633,1.);
#15633 = DIRECTION('',(0.,-1.));
#15634 = ( GEOMETRIC_REPRESENTATION_CONTEXT(2) 
PARAMETRIC_REPRESENTATION_CONTEXT() REPRESENTATION_CONTEXT('2D SPACE',''
  ) );
#15635 = ADVANCED_FACE('',(#15636),#9008,.F.);
#15636 = FACE_BOUND('',#15637,.F.);
#15637 = EDGE_LOOP('',(#15638,#15639,#15640,#15641));
#15638 = ORIENTED_EDGE('',*,*,#8987,.F.);
#15639 = ORIENTED_EDGE('',*,*,#15615,.T.);
#15640 = ORIENTED_EDGE('',*,*,#12325,.T.);
#15641 = ORIENTED_EDGE('',*,*,#15642,.F.);
#15642 = EDGE_CURVE('',#8988,#12326,#15643,.T.);
#15643 = SURFACE_CURVE('',#15644,(#15648,#15655),.PCURVE_S1.);
#15644 = LINE('',#15645,#15646);
#15645 = CARTESIAN_POINT('',(33.5,-9.117790391812,22.983673783132));
#15646 = VECTOR('',#15647,1.);
#15647 = DIRECTION('',(1.,0.,-0.));
#15648 = PCURVE('',#9008,#15649);
#15649 = DEFINITIONAL_REPRESENTATION('',(#15650),#15654);
#15650 = LINE('',#15651,#15652);
#15651 = CARTESIAN_POINT('',(4.712388980385,0.));
#15652 = VECTOR('',#15653,1.);
#15653 = DIRECTION('',(0.,-1.));
#15654 = ( GEOMETRIC_REPRESENTATION_CONTEXT(2) 
PARAMETRIC_REPRESENTATION_CONTEXT() REPRESENTATION_CONTEXT('2D SPACE',''
  ) );
#15655 = PCURVE('',#9035,#15656);
#15656 = DEFINITIONAL_REPRESENTATION('',(#15657),#15661);
#15657 = LINE('',#15658,#15659);
#15658 = CARTESIAN_POINT('',(3.3,0.));
#15659 = VECTOR('',#15660,1.);
#15660 = DIRECTION('',(0.,-1.));
#15661 = ( GEOMETRIC_REPRESENTATION_CONTEXT(2) 
PARAMETRIC_REPRESENTATION_CONTEXT() REPRESENTATION_CONTEXT('2D SPACE',''
  ) );
#15662 = ADVANCED_FACE('',(#15663),#9065,.F.);
#15663 = FACE_BOUND('',#15664,.F.);
#15664 = EDGE_LOOP('',(#15665,#15666,#15687,#15688));
#15665 = ORIENTED_EDGE('',*,*,#9046,.F.);
#15666 = ORIENTED_EDGE('',*,*,#15667,.T.);
#15667 = EDGE_CURVE('',#9021,#12354,#15668,.T.);
#15668 = SURFACE_CURVE('',#15669,(#15673,#15680),.PCURVE_S1.);
#15669 = LINE('',#15670,#15671);
#15670 = CARTESIAN_POINT('',(33.5,-11.9070709193,17.00204238869));
#15671 = VECTOR('',#15672,1.);
#15672 = DIRECTION('',(1.,0.,-0.));
#15673 = PCURVE('',#9065,#15674);
#15674 = DEFINITIONAL_REPRESENTATION('',(#15675),#15679);
#15675 = LINE('',#15676,#15677);
#15676 = CARTESIAN_POINT('',(1.570796326795,0.));
#15677 = VECTOR('',#15678,1.);
#15678 = DIRECTION('',(0.,-1.));
#15679 = ( GEOMETRIC_REPRESENTATION_CONTEXT(2) 
PARAMETRIC_REPRESENTATION_CONTEXT() REPRESENTATION_CONTEXT('2D SPACE',''
  ) );
#15680 = PCURVE('',#9035,#15681);
#15681 = DEFINITIONAL_REPRESENTATION('',(#15682),#15686);
#15682 = LINE('',#15683,#15684);
#15683 = CARTESIAN_POINT('',(-3.3,-0.));
#15684 = VECTOR('',#15685,1.);
#15685 = DIRECTION('',(0.,-1.));
#15686 = ( GEOMETRIC_REPRESENTATION_CONTEXT(2) 
PARAMETRIC_REPRESENTATION_CONTEXT() REPRESENTATION_CONTEXT('2D SPACE',''
  ) );
#15687 = ORIENTED_EDGE('',*,*,#12374,.T.);
#15688 = ORIENTED_EDGE('',*,*,#15593,.F.);
#15689 = ADVANCED_FACE('',(#15690),#9035,.T.);
#15690 = FACE_BOUND('',#15691,.T.);
#15691 = EDGE_LOOP('',(#15692,#15693,#15694,#15695));
#15692 = ORIENTED_EDGE('',*,*,#15642,.F.);
#15693 = ORIENTED_EDGE('',*,*,#9020,.T.);
#15694 = ORIENTED_EDGE('',*,*,#15667,.T.);
#15695 = ORIENTED_EDGE('',*,*,#12353,.F.);
#15696 = ADVANCED_FACE('',(#15697),#9096,.F.);
#15697 = FACE_BOUND('',#15698,.F.);
#15698 = EDGE_LOOP('',(#15699,#15700,#15721,#15722));
#15699 = ORIENTED_EDGE('',*,*,#9079,.T.);
#15700 = ORIENTED_EDGE('',*,*,#15701,.T.);
#15701 = EDGE_CURVE('',#9082,#12405,#15702,.T.);
#15702 = SURFACE_CURVE('',#15703,(#15707,#15714),.PCURVE_S1.);
#15703 = LINE('',#15704,#15705);
#15704 = CARTESIAN_POINT('',(33.5,-19.88220960818,18.016326216868));
#15705 = VECTOR('',#15706,1.);
#15706 = DIRECTION('',(1.,0.,-0.));
#15707 = PCURVE('',#9096,#15708);
#15708 = DEFINITIONAL_REPRESENTATION('',(#15709),#15713);
#15709 = LINE('',#15710,#15711);
#15710 = CARTESIAN_POINT('',(0.,0.));
#15711 = VECTOR('',#15712,1.);
#15712 = DIRECTION('',(0.,-1.));
#15713 = ( GEOMETRIC_REPRESENTATION_CONTEXT(2) 
PARAMETRIC_REPRESENTATION_CONTEXT() REPRESENTATION_CONTEXT('2D SPACE',''
  ) );
#15714 = PCURVE('',#9185,#15715);
#15715 = DEFINITIONAL_REPRESENTATION('',(#15716),#15720);
#15716 = LINE('',#15717,#15718);
#15717 = CARTESIAN_POINT('',(4.712388980385,0.));
#15718 = VECTOR('',#15719,1.);
#15719 = DIRECTION('',(0.,-1.));
#15720 = ( GEOMETRIC_REPRESENTATION_CONTEXT(2) 
PARAMETRIC_REPRESENTATION_CONTEXT() REPRESENTATION_CONTEXT('2D SPACE',''
  ) );
#15721 = ORIENTED_EDGE('',*,*,#12402,.F.);
#15722 = ORIENTED_EDGE('',*,*,#15723,.F.);
#15723 = EDGE_CURVE('',#9080,#12403,#15724,.T.);
#15724 = SURFACE_CURVE('',#15725,(#15729,#15736),.PCURVE_S1.);
#15725 = LINE('',#15726,#15727);
#15726 = CARTESIAN_POINT('',(33.5,-17.0929290807,23.99795761131));
#15727 = VECTOR('',#15728,1.);
#15728 = DIRECTION('',(1.,0.,-0.));
#15729 = PCURVE('',#9096,#15730);
#15730 = DEFINITIONAL_REPRESENTATION('',(#15731),#15735);
#15731 = LINE('',#15732,#15733);
#15732 = CARTESIAN_POINT('',(6.6,0.));
#15733 = VECTOR('',#15734,1.);
#15734 = DIRECTION('',(0.,-1.));
#15735 = ( GEOMETRIC_REPRESENTATION_CONTEXT(2) 
PARAMETRIC_REPRESENTATION_CONTEXT() REPRESENTATION_CONTEXT('2D SPACE',''
  ) );
#15736 = PCURVE('',#9128,#15737);
#15737 = DEFINITIONAL_REPRESENTATION('',(#15738),#15742);
#15738 = LINE('',#15739,#15740);
#15739 = CARTESIAN_POINT('',(1.570796326795,0.));
#15740 = VECTOR('',#15741,1.);
#15741 = DIRECTION('',(0.,-1.));
#15742 = ( GEOMETRIC_REPRESENTATION_CONTEXT(2) 
PARAMETRIC_REPRESENTATION_CONTEXT() REPRESENTATION_CONTEXT('2D SPACE',''
  ) );
#15743 = ADVANCED_FACE('',(#15744),#9128,.F.);
#15744 = FACE_BOUND('',#15745,.F.);
#15745 = EDGE_LOOP('',(#15746,#15747,#15748,#15749));
#15746 = ORIENTED_EDGE('',*,*,#9107,.F.);
#15747 = ORIENTED_EDGE('',*,*,#15723,.T.);
#15748 = ORIENTED_EDGE('',*,*,#12425,.T.);
#15749 = ORIENTED_EDGE('',*,*,#15750,.F.);
#15750 = EDGE_CURVE('',#9108,#12426,#15751,.T.);
#15751 = SURFACE_CURVE('',#15752,(#15756,#15763),.PCURVE_S1.);
#15752 = LINE('',#15753,#15754);
#15753 = CARTESIAN_POINT('',(33.5,-14.91779039181,22.983673783132));
#15754 = VECTOR('',#15755,1.);
#15755 = DIRECTION('',(1.,0.,-0.));
#15756 = PCURVE('',#9128,#15757);
#15757 = DEFINITIONAL_REPRESENTATION('',(#15758),#15762);
#15758 = LINE('',#15759,#15760);
#15759 = CARTESIAN_POINT('',(4.712388980385,0.));
#15760 = VECTOR('',#15761,1.);
#15761 = DIRECTION('',(0.,-1.));
#15762 = ( GEOMETRIC_REPRESENTATION_CONTEXT(2) 
PARAMETRIC_REPRESENTATION_CONTEXT() REPRESENTATION_CONTEXT('2D SPACE',''
  ) );
#15763 = PCURVE('',#9155,#15764);
#15764 = DEFINITIONAL_REPRESENTATION('',(#15765),#15769);
#15765 = LINE('',#15766,#15767);
#15766 = CARTESIAN_POINT('',(3.3,0.));
#15767 = VECTOR('',#15768,1.);
#15768 = DIRECTION('',(0.,-1.));
#15769 = ( GEOMETRIC_REPRESENTATION_CONTEXT(2) 
PARAMETRIC_REPRESENTATION_CONTEXT() REPRESENTATION_CONTEXT('2D SPACE',''
  ) );
#15770 = ADVANCED_FACE('',(#15771),#9185,.F.);
#15771 = FACE_BOUND('',#15772,.F.);
#15772 = EDGE_LOOP('',(#15773,#15774,#15795,#15796));
#15773 = ORIENTED_EDGE('',*,*,#9166,.F.);
#15774 = ORIENTED_EDGE('',*,*,#15775,.T.);
#15775 = EDGE_CURVE('',#9141,#12454,#15776,.T.);
#15776 = SURFACE_CURVE('',#15777,(#15781,#15788),.PCURVE_S1.);
#15777 = LINE('',#15778,#15779);
#15778 = CARTESIAN_POINT('',(33.5,-17.7070709193,17.00204238869));
#15779 = VECTOR('',#15780,1.);
#15780 = DIRECTION('',(1.,0.,-0.));
#15781 = PCURVE('',#9185,#15782);
#15782 = DEFINITIONAL_REPRESENTATION('',(#15783),#15787);
#15783 = LINE('',#15784,#15785);
#15784 = CARTESIAN_POINT('',(1.570796326795,0.));
#15785 = VECTOR('',#15786,1.);
#15786 = DIRECTION('',(0.,-1.));
#15787 = ( GEOMETRIC_REPRESENTATION_CONTEXT(2) 
PARAMETRIC_REPRESENTATION_CONTEXT() REPRESENTATION_CONTEXT('2D SPACE',''
  ) );
#15788 = PCURVE('',#9155,#15789);
#15789 = DEFINITIONAL_REPRESENTATION('',(#15790),#15794);
#15790 = LINE('',#15791,#15792);
#15791 = CARTESIAN_POINT('',(-3.3,-0.));
#15792 = VECTOR('',#15793,1.);
#15793 = DIRECTION('',(0.,-1.));
#15794 = ( GEOMETRIC_REPRESENTATION_CONTEXT(2) 
PARAMETRIC_REPRESENTATION_CONTEXT() REPRESENTATION_CONTEXT('2D SPACE',''
  ) );
#15795 = ORIENTED_EDGE('',*,*,#12474,.T.);
#15796 = ORIENTED_EDGE('',*,*,#15701,.F.);
#15797 = ADVANCED_FACE('',(#15798),#9155,.T.);
#15798 = FACE_BOUND('',#15799,.T.);
#15799 = EDGE_LOOP('',(#15800,#15801,#15802,#15803));
#15800 = ORIENTED_EDGE('',*,*,#15750,.F.);
#15801 = ORIENTED_EDGE('',*,*,#9140,.T.);
#15802 = ORIENTED_EDGE('',*,*,#15775,.T.);
#15803 = ORIENTED_EDGE('',*,*,#12453,.F.);
#15804 = ADVANCED_FACE('',(#15805),#9296,.F.);
#15805 = FACE_BOUND('',#15806,.F.);
#15806 = EDGE_LOOP('',(#15807,#15808,#15827,#15828));
#15807 = ORIENTED_EDGE('',*,*,#9280,.F.);
#15808 = ORIENTED_EDGE('',*,*,#15809,.T.);
#15809 = EDGE_CURVE('',#9253,#9777,#15810,.T.);
#15810 = SURFACE_CURVE('',#15811,(#15815,#15821),.PCURVE_S1.);
#15811 = LINE('',#15812,#15813);
#15812 = CARTESIAN_POINT('',(26.4,-21.,8.4));
#15813 = VECTOR('',#15814,1.);
#15814 = DIRECTION('',(-0.,1.,0.));
#15815 = PCURVE('',#9296,#15816);
#15816 = DEFINITIONAL_REPRESENTATION('',(#15817),#15820);
#15817 = B_SPLINE_CURVE_WITH_KNOTS('',1,(#15818,#15819),.UNSPECIFIED.,
  .F.,.F.,(2,2),(0.,8.),.PIECEWISE_BEZIER_KNOTS.);
#15818 = CARTESIAN_POINT('',(6.,0.));
#15819 = CARTESIAN_POINT('',(6.,-8.));
#15820 = ( GEOMETRIC_REPRESENTATION_CONTEXT(2) 
PARAMETRIC_REPRESENTATION_CONTEXT() REPRESENTATION_CONTEXT('2D SPACE',''
  ) );
#15821 = PCURVE('',#9268,#15822);
#15822 = DEFINITIONAL_REPRESENTATION('',(#15823),#15826);
#15823 = B_SPLINE_CURVE_WITH_KNOTS('',1,(#15824,#15825),.UNSPECIFIED.,
  .F.,.F.,(2,2),(0.,8.),.PIECEWISE_BEZIER_KNOTS.);
#15824 = CARTESIAN_POINT('',(1.2,0.));
#15825 = CARTESIAN_POINT('',(1.2,8.));
#15826 = ( GEOMETRIC_REPRESENTATION_CONTEXT(2) 
PARAMETRIC_REPRESENTATION_CONTEXT() REPRESENTATION_CONTEXT('2D SPACE',''
  ) );
#15827 = ORIENTED_EDGE('',*,*,#9799,.T.);
#15828 = ORIENTED_EDGE('',*,*,#14936,.F.);
#15829 = ADVANCED_FACE('',(#15830),#9268,.T.);
#15830 = FACE_BOUND('',#15831,.T.);
#15831 = EDGE_LOOP('',(#15832,#15833,#15834,#15835));
#15832 = ORIENTED_EDGE('',*,*,#9776,.F.);
#15833 = ORIENTED_EDGE('',*,*,#9701,.F.);
#15834 = ORIENTED_EDGE('',*,*,#9252,.T.);
#15835 = ORIENTED_EDGE('',*,*,#15809,.T.);
#15836 = ADVANCED_FACE('',(#15837,#15940),#9348,.F.);
#15837 = FACE_BOUND('',#15838,.F.);
#15838 = EDGE_LOOP('',(#15839,#15862,#15890,#15918,#15939));
#15839 = ORIENTED_EDGE('',*,*,#15840,.F.);
#15840 = EDGE_CURVE('',#15841,#9334,#15843,.T.);
#15841 = VERTEX_POINT('',#15842);
#15842 = CARTESIAN_POINT('',(33.4,-15.32568421935,7.6));
#15843 = SURFACE_CURVE('',#15844,(#15848,#15855),.PCURVE_S1.);
#15844 = LINE('',#15845,#15846);
#15845 = CARTESIAN_POINT('',(33.4,-15.32568421935,7.6));
#15846 = VECTOR('',#15847,1.);
#15847 = DIRECTION('',(0.,-1.,0.));
#15848 = PCURVE('',#9348,#15849);
#15849 = DEFINITIONAL_REPRESENTATION('',(#15850),#15854);
#15850 = LINE('',#15851,#15852);
#15851 = CARTESIAN_POINT('',(2.9,1.67431578065));
#15852 = VECTOR('',#15853,1.);
#15853 = DIRECTION('',(0.,-1.));
#15854 = ( GEOMETRIC_REPRESENTATION_CONTEXT(2) 
PARAMETRIC_REPRESENTATION_CONTEXT() REPRESENTATION_CONTEXT('2D SPACE',''
  ) );
#15855 = PCURVE('',#9424,#15856);
#15856 = DEFINITIONAL_REPRESENTATION('',(#15857),#15861);
#15857 = LINE('',#15858,#15859);
#15858 = CARTESIAN_POINT('',(3.3486315613,-2.7));
#15859 = VECTOR('',#15860,1.);
#15860 = DIRECTION('',(-1.,0.));
#15861 = ( GEOMETRIC_REPRESENTATION_CONTEXT(2) 
PARAMETRIC_REPRESENTATION_CONTEXT() REPRESENTATION_CONTEXT('2D SPACE',''
  ) );
#15862 = ORIENTED_EDGE('',*,*,#15863,.T.);
#15863 = EDGE_CURVE('',#15841,#15864,#15866,.T.);
#15864 = VERTEX_POINT('',#15865);
#15865 = CARTESIAN_POINT('',(30.5,-13.6513684387,7.6));
#15866 = SURFACE_CURVE('',#15867,(#15871,#15878),.PCURVE_S1.);
#15867 = LINE('',#15868,#15869);
#15868 = CARTESIAN_POINT('',(33.4,-15.32568421935,7.6));
#15869 = VECTOR('',#15870,1.);
#15870 = DIRECTION('',(-0.866025403784,0.5,0.));
#15871 = PCURVE('',#9348,#15872);
#15872 = DEFINITIONAL_REPRESENTATION('',(#15873),#15877);
#15873 = LINE('',#15874,#15875);
#15874 = CARTESIAN_POINT('',(2.9,1.67431578065));
#15875 = VECTOR('',#15876,1.);
#15876 = DIRECTION('',(-0.866025403784,0.5));
#15877 = ( GEOMETRIC_REPRESENTATION_CONTEXT(2) 
PARAMETRIC_REPRESENTATION_CONTEXT() REPRESENTATION_CONTEXT('2D SPACE',''
  ) );
#15878 = PCURVE('',#15879,#15884);
#15879 = PLANE('',#15880);
#15880 = AXIS2_PLACEMENT_3D('',#15881,#15882,#15883);
#15881 = CARTESIAN_POINT('',(33.4,-15.32568421935,4.9));
#15882 = DIRECTION('',(-0.5,-0.866025403784,0.));
#15883 = DIRECTION('',(-0.866025403784,0.5,0.));
#15884 = DEFINITIONAL_REPRESENTATION('',(#15885),#15889);
#15885 = LINE('',#15886,#15887);
#15886 = CARTESIAN_POINT('',(0.,-2.7));
#15887 = VECTOR('',#15888,1.);
#15888 = DIRECTION('',(1.,0.));
#15889 = ( GEOMETRIC_REPRESENTATION_CONTEXT(2) 
PARAMETRIC_REPRESENTATION_CONTEXT() REPRESENTATION_CONTEXT('2D SPACE',''
  ) );
#15890 = ORIENTED_EDGE('',*,*,#15891,.T.);
#15891 = EDGE_CURVE('',#15864,#15892,#15894,.T.);
#15892 = VERTEX_POINT('',#15893);
#15893 = CARTESIAN_POINT('',(27.6,-15.32568421935,7.6));
#15894 = SURFACE_CURVE('',#15895,(#15899,#15906),.PCURVE_S1.);
#15895 = LINE('',#15896,#15897);
#15896 = CARTESIAN_POINT('',(30.5,-13.6513684387,7.6));
#15897 = VECTOR('',#15898,1.);
#15898 = DIRECTION('',(-0.866025403784,-0.5,0.));
#15899 = PCURVE('',#9348,#15900);
#15900 = DEFINITIONAL_REPRESENTATION('',(#15901),#15905);
#15901 = LINE('',#15902,#15903);
#15902 = CARTESIAN_POINT('',(0.,3.3486315613));
#15903 = VECTOR('',#15904,1.);
#15904 = DIRECTION('',(-0.866025403784,-0.5));
#15905 = ( GEOMETRIC_REPRESENTATION_CONTEXT(2) 
PARAMETRIC_REPRESENTATION_CONTEXT() REPRESENTATION_CONTEXT('2D SPACE',''
  ) );
#15906 = PCURVE('',#15907,#15912);
#15907 = PLANE('',#15908);
#15908 = AXIS2_PLACEMENT_3D('',#15909,#15910,#15911);
#15909 = CARTESIAN_POINT('',(30.5,-13.6513684387,4.9));
#15910 = DIRECTION('',(0.5,-0.866025403784,0.));
#15911 = DIRECTION('',(-0.866025403784,-0.5,0.));
#15912 = DEFINITIONAL_REPRESENTATION('',(#15913),#15917);
#15913 = LINE('',#15914,#15915);
#15914 = CARTESIAN_POINT('',(0.,-2.7));
#15915 = VECTOR('',#15916,1.);
#15916 = DIRECTION('',(1.,0.));
#15917 = ( GEOMETRIC_REPRESENTATION_CONTEXT(2) 
PARAMETRIC_REPRESENTATION_CONTEXT() REPRESENTATION_CONTEXT('2D SPACE',''
  ) );
#15918 = ORIENTED_EDGE('',*,*,#15919,.T.);
#15919 = EDGE_CURVE('',#15892,#9332,#15920,.T.);
#15920 = SURFACE_CURVE('',#15921,(#15925,#15932),.PCURVE_S1.);
#15921 = LINE('',#15922,#15923);
#15922 = CARTESIAN_POINT('',(27.6,-15.32568421935,7.6));
#15923 = VECTOR('',#15924,1.);
#15924 = DIRECTION('',(0.,-1.,0.));
#15925 = PCURVE('',#9348,#15926);
#15926 = DEFINITIONAL_REPRESENTATION('',(#15927),#15931);
#15927 = LINE('',#15928,#15929);
#15928 = CARTESIAN_POINT('',(-2.9,1.67431578065));
#15929 = VECTOR('',#15930,1.);
#15930 = DIRECTION('',(0.,-1.));
#15931 = ( GEOMETRIC_REPRESENTATION_CONTEXT(2) 
PARAMETRIC_REPRESENTATION_CONTEXT() REPRESENTATION_CONTEXT('2D SPACE',''
  ) );
#15932 = PCURVE('',#9374,#15933);
#15933 = DEFINITIONAL_REPRESENTATION('',(#15934),#15938);
#15934 = LINE('',#15935,#15936);
#15935 = CARTESIAN_POINT('',(0.,-2.7));
#15936 = VECTOR('',#15937,1.);
#15937 = DIRECTION('',(1.,0.));
#15938 = ( GEOMETRIC_REPRESENTATION_CONTEXT(2) 
PARAMETRIC_REPRESENTATION_CONTEXT() REPRESENTATION_CONTEXT('2D SPACE',''
  ) );
#15939 = ORIENTED_EDGE('',*,*,#9331,.T.);
#15940 = FACE_BOUND('',#15941,.F.);
#15941 = EDGE_LOOP('',(#15942));
#15942 = ORIENTED_EDGE('',*,*,#15943,.F.);
#15943 = EDGE_CURVE('',#15944,#15944,#15946,.T.);
#15944 = VERTEX_POINT('',#15945);
#15945 = CARTESIAN_POINT('',(32.2,-17.,7.6));
#15946 = SURFACE_CURVE('',#15947,(#15952,#15959),.PCURVE_S1.);
#15947 = CIRCLE('',#15948,1.7);
#15948 = AXIS2_PLACEMENT_3D('',#15949,#15950,#15951);
#15949 = CARTESIAN_POINT('',(30.5,-17.,7.6));
#15950 = DIRECTION('',(0.,0.,1.));
#15951 = DIRECTION('',(1.,0.,-0.));
#15952 = PCURVE('',#9348,#15953);
#15953 = DEFINITIONAL_REPRESENTATION('',(#15954),#15958);
#15954 = CIRCLE('',#15955,1.7);
#15955 = AXIS2_PLACEMENT_2D('',#15956,#15957);
#15956 = CARTESIAN_POINT('',(0.,0.));
#15957 = DIRECTION('',(1.,0.));
#15958 = ( GEOMETRIC_REPRESENTATION_CONTEXT(2) 
PARAMETRIC_REPRESENTATION_CONTEXT() REPRESENTATION_CONTEXT('2D SPACE',''
  ) );
#15959 = PCURVE('',#14979,#15960);
#15960 = DEFINITIONAL_REPRESENTATION('',(#15961),#15965);
#15961 = LINE('',#15962,#15963);
#15962 = CARTESIAN_POINT('',(0.,5.2));
#15963 = VECTOR('',#15964,1.);
#15964 = DIRECTION('',(1.,0.));
#15965 = ( GEOMETRIC_REPRESENTATION_CONTEXT(2) 
PARAMETRIC_REPRESENTATION_CONTEXT() REPRESENTATION_CONTEXT('2D SPACE',''
  ) );
#15966 = ADVANCED_FACE('',(#15967),#9424,.T.);
#15967 = FACE_BOUND('',#15968,.T.);
#15968 = EDGE_LOOP('',(#15969,#15992,#15993,#15994));
#15969 = ORIENTED_EDGE('',*,*,#15970,.F.);
#15970 = EDGE_CURVE('',#9386,#15971,#15973,.T.);
#15971 = VERTEX_POINT('',#15972);
#15972 = CARTESIAN_POINT('',(33.4,-15.32568421935,4.9));
#15973 = SURFACE_CURVE('',#15974,(#15978,#15985),.PCURVE_S1.);
#15974 = LINE('',#15975,#15976);
#15975 = CARTESIAN_POINT('',(33.4,-21.2,4.9));
#15976 = VECTOR('',#15977,1.);
#15977 = DIRECTION('',(0.,1.,0.));
#15978 = PCURVE('',#9424,#15979);
#15979 = DEFINITIONAL_REPRESENTATION('',(#15980),#15984);
#15980 = LINE('',#15981,#15982);
#15981 = CARTESIAN_POINT('',(-2.52568421935,0.));
#15982 = VECTOR('',#15983,1.);
#15983 = DIRECTION('',(1.,0.));
#15984 = ( GEOMETRIC_REPRESENTATION_CONTEXT(2) 
PARAMETRIC_REPRESENTATION_CONTEXT() REPRESENTATION_CONTEXT('2D SPACE',''
  ) );
#15985 = PCURVE('',#9400,#15986);
#15986 = DEFINITIONAL_REPRESENTATION('',(#15987),#15991);
#15987 = LINE('',#15988,#15989);
#15988 = CARTESIAN_POINT('',(2.9,-4.2));
#15989 = VECTOR('',#15990,1.);
#15990 = DIRECTION('',(0.,1.));
#15991 = ( GEOMETRIC_REPRESENTATION_CONTEXT(2) 
PARAMETRIC_REPRESENTATION_CONTEXT() REPRESENTATION_CONTEXT('2D SPACE',''
  ) );
#15992 = ORIENTED_EDGE('',*,*,#9411,.T.);
#15993 = ORIENTED_EDGE('',*,*,#15840,.F.);
#15994 = ORIENTED_EDGE('',*,*,#15995,.F.);
#15995 = EDGE_CURVE('',#15971,#15841,#15996,.T.);
#15996 = SURFACE_CURVE('',#15997,(#16001,#16008),.PCURVE_S1.);
#15997 = LINE('',#15998,#15999);
#15998 = CARTESIAN_POINT('',(33.4,-15.32568421935,4.9));
#15999 = VECTOR('',#16000,1.);
#16000 = DIRECTION('',(0.,0.,1.));
#16001 = PCURVE('',#9424,#16002);
#16002 = DEFINITIONAL_REPRESENTATION('',(#16003),#16007);
#16003 = LINE('',#16004,#16005);
#16004 = CARTESIAN_POINT('',(3.3486315613,0.));
#16005 = VECTOR('',#16006,1.);
#16006 = DIRECTION('',(0.,-1.));
#16007 = ( GEOMETRIC_REPRESENTATION_CONTEXT(2) 
PARAMETRIC_REPRESENTATION_CONTEXT() REPRESENTATION_CONTEXT('2D SPACE',''
  ) );
#16008 = PCURVE('',#15879,#16009);
#16009 = DEFINITIONAL_REPRESENTATION('',(#16010),#16014);
#16010 = LINE('',#16011,#16012);
#16011 = CARTESIAN_POINT('',(0.,0.));
#16012 = VECTOR('',#16013,1.);
#16013 = DIRECTION('',(0.,-1.));
#16014 = ( GEOMETRIC_REPRESENTATION_CONTEXT(2) 
PARAMETRIC_REPRESENTATION_CONTEXT() REPRESENTATION_CONTEXT('2D SPACE',''
  ) );
#16015 = ADVANCED_FACE('',(#16016,#16087),#9400,.T.);
#16016 = FACE_BOUND('',#16017,.T.);
#16017 = EDGE_LOOP('',(#16018,#16019,#16042,#16065,#16086));
#16018 = ORIENTED_EDGE('',*,*,#15970,.T.);
#16019 = ORIENTED_EDGE('',*,*,#16020,.T.);
#16020 = EDGE_CURVE('',#15971,#16021,#16023,.T.);
#16021 = VERTEX_POINT('',#16022);
#16022 = CARTESIAN_POINT('',(30.5,-13.6513684387,4.9));
#16023 = SURFACE_CURVE('',#16024,(#16028,#16035),.PCURVE_S1.);
#16024 = LINE('',#16025,#16026);
#16025 = CARTESIAN_POINT('',(33.4,-15.32568421935,4.9));
#16026 = VECTOR('',#16027,1.);
#16027 = DIRECTION('',(-0.866025403784,0.5,0.));
#16028 = PCURVE('',#9400,#16029);
#16029 = DEFINITIONAL_REPRESENTATION('',(#16030),#16034);
#16030 = LINE('',#16031,#16032);
#16031 = CARTESIAN_POINT('',(2.9,1.67431578065));
#16032 = VECTOR('',#16033,1.);
#16033 = DIRECTION('',(-0.866025403784,0.5));
#16034 = ( GEOMETRIC_REPRESENTATION_CONTEXT(2) 
PARAMETRIC_REPRESENTATION_CONTEXT() REPRESENTATION_CONTEXT('2D SPACE',''
  ) );
#16035 = PCURVE('',#15879,#16036);
#16036 = DEFINITIONAL_REPRESENTATION('',(#16037),#16041);
#16037 = LINE('',#16038,#16039);
#16038 = CARTESIAN_POINT('',(0.,0.));
#16039 = VECTOR('',#16040,1.);
#16040 = DIRECTION('',(1.,0.));
#16041 = ( GEOMETRIC_REPRESENTATION_CONTEXT(2) 
PARAMETRIC_REPRESENTATION_CONTEXT() REPRESENTATION_CONTEXT('2D SPACE',''
  ) );
#16042 = ORIENTED_EDGE('',*,*,#16043,.T.);
#16043 = EDGE_CURVE('',#16021,#16044,#16046,.T.);
#16044 = VERTEX_POINT('',#16045);
#16045 = CARTESIAN_POINT('',(27.6,-15.32568421935,4.9));
#16046 = SURFACE_CURVE('',#16047,(#16051,#16058),.PCURVE_S1.);
#16047 = LINE('',#16048,#16049);
#16048 = CARTESIAN_POINT('',(30.5,-13.6513684387,4.9));
#16049 = VECTOR('',#16050,1.);
#16050 = DIRECTION('',(-0.866025403784,-0.5,0.));
#16051 = PCURVE('',#9400,#16052);
#16052 = DEFINITIONAL_REPRESENTATION('',(#16053),#16057);
#16053 = LINE('',#16054,#16055);
#16054 = CARTESIAN_POINT('',(0.,3.3486315613));
#16055 = VECTOR('',#16056,1.);
#16056 = DIRECTION('',(-0.866025403784,-0.5));
#16057 = ( GEOMETRIC_REPRESENTATION_CONTEXT(2) 
PARAMETRIC_REPRESENTATION_CONTEXT() REPRESENTATION_CONTEXT('2D SPACE',''
  ) );
#16058 = PCURVE('',#15907,#16059);
#16059 = DEFINITIONAL_REPRESENTATION('',(#16060),#16064);
#16060 = LINE('',#16061,#16062);
#16061 = CARTESIAN_POINT('',(0.,0.));
#16062 = VECTOR('',#16063,1.);
#16063 = DIRECTION('',(1.,0.));
#16064 = ( GEOMETRIC_REPRESENTATION_CONTEXT(2) 
PARAMETRIC_REPRESENTATION_CONTEXT() REPRESENTATION_CONTEXT('2D SPACE',''
  ) );
#16065 = ORIENTED_EDGE('',*,*,#16066,.F.);
#16066 = EDGE_CURVE('',#9360,#16044,#16067,.T.);
#16067 = SURFACE_CURVE('',#16068,(#16072,#16079),.PCURVE_S1.);
#16068 = LINE('',#16069,#16070);
#16069 = CARTESIAN_POINT('',(27.6,-21.2,4.9));
#16070 = VECTOR('',#16071,1.);
#16071 = DIRECTION('',(0.,1.,0.));
#16072 = PCURVE('',#9400,#16073);
#16073 = DEFINITIONAL_REPRESENTATION('',(#16074),#16078);
#16074 = LINE('',#16075,#16076);
#16075 = CARTESIAN_POINT('',(-2.9,-4.2));
#16076 = VECTOR('',#16077,1.);
#16077 = DIRECTION('',(0.,1.));
#16078 = ( GEOMETRIC_REPRESENTATION_CONTEXT(2) 
PARAMETRIC_REPRESENTATION_CONTEXT() REPRESENTATION_CONTEXT('2D SPACE',''
  ) );
#16079 = PCURVE('',#9374,#16080);
#16080 = DEFINITIONAL_REPRESENTATION('',(#16081),#16085);
#16081 = LINE('',#16082,#16083);
#16082 = CARTESIAN_POINT('',(5.87431578065,0.));
#16083 = VECTOR('',#16084,1.);
#16084 = DIRECTION('',(-1.,0.));
#16085 = ( GEOMETRIC_REPRESENTATION_CONTEXT(2) 
PARAMETRIC_REPRESENTATION_CONTEXT() REPRESENTATION_CONTEXT('2D SPACE',''
  ) );
#16086 = ORIENTED_EDGE('',*,*,#9385,.T.);
#16087 = FACE_BOUND('',#16088,.T.);
#16088 = EDGE_LOOP('',(#16089));
#16089 = ORIENTED_EDGE('',*,*,#16090,.F.);
#16090 = EDGE_CURVE('',#16091,#16091,#16093,.T.);
#16091 = VERTEX_POINT('',#16092);
#16092 = CARTESIAN_POINT('',(32.2,-17.,4.9));
#16093 = SURFACE_CURVE('',#16094,(#16099,#16106),.PCURVE_S1.);
#16094 = CIRCLE('',#16095,1.7);
#16095 = AXIS2_PLACEMENT_3D('',#16096,#16097,#16098);
#16096 = CARTESIAN_POINT('',(30.5,-17.,4.9));
#16097 = DIRECTION('',(0.,0.,1.));
#16098 = DIRECTION('',(1.,0.,-0.));
#16099 = PCURVE('',#9400,#16100);
#16100 = DEFINITIONAL_REPRESENTATION('',(#16101),#16105);
#16101 = CIRCLE('',#16102,1.7);
#16102 = AXIS2_PLACEMENT_2D('',#16103,#16104);
#16103 = CARTESIAN_POINT('',(0.,0.));
#16104 = DIRECTION('',(1.,0.));
#16105 = ( GEOMETRIC_REPRESENTATION_CONTEXT(2) 
PARAMETRIC_REPRESENTATION_CONTEXT() REPRESENTATION_CONTEXT('2D SPACE',''
  ) );
#16106 = PCURVE('',#16107,#16112);
#16107 = CYLINDRICAL_SURFACE('',#16108,1.7);
#16108 = AXIS2_PLACEMENT_3D('',#16109,#16110,#16111);
#16109 = CARTESIAN_POINT('',(30.5,-17.,2.4));
#16110 = DIRECTION('',(0.,0.,1.));
#16111 = DIRECTION('',(1.,0.,-0.));
#16112 = DEFINITIONAL_REPRESENTATION('',(#16113),#16117);
#16113 = LINE('',#16114,#16115);
#16114 = CARTESIAN_POINT('',(0.,2.5));
#16115 = VECTOR('',#16116,1.);
#16116 = DIRECTION('',(1.,0.));
#16117 = ( GEOMETRIC_REPRESENTATION_CONTEXT(2) 
PARAMETRIC_REPRESENTATION_CONTEXT() REPRESENTATION_CONTEXT('2D SPACE',''
  ) );
#16118 = ADVANCED_FACE('',(#16119),#9374,.T.);
#16119 = FACE_BOUND('',#16120,.T.);
#16120 = EDGE_LOOP('',(#16121,#16122,#16143,#16144));
#16121 = ORIENTED_EDGE('',*,*,#16066,.T.);
#16122 = ORIENTED_EDGE('',*,*,#16123,.T.);
#16123 = EDGE_CURVE('',#16044,#15892,#16124,.T.);
#16124 = SURFACE_CURVE('',#16125,(#16129,#16136),.PCURVE_S1.);
#16125 = LINE('',#16126,#16127);
#16126 = CARTESIAN_POINT('',(27.6,-15.32568421935,4.9));
#16127 = VECTOR('',#16128,1.);
#16128 = DIRECTION('',(0.,0.,1.));
#16129 = PCURVE('',#9374,#16130);
#16130 = DEFINITIONAL_REPRESENTATION('',(#16131),#16135);
#16131 = LINE('',#16132,#16133);
#16132 = CARTESIAN_POINT('',(0.,0.));
#16133 = VECTOR('',#16134,1.);
#16134 = DIRECTION('',(0.,-1.));
#16135 = ( GEOMETRIC_REPRESENTATION_CONTEXT(2) 
PARAMETRIC_REPRESENTATION_CONTEXT() REPRESENTATION_CONTEXT('2D SPACE',''
  ) );
#16136 = PCURVE('',#15907,#16137);
#16137 = DEFINITIONAL_REPRESENTATION('',(#16138),#16142);
#16138 = LINE('',#16139,#16140);
#16139 = CARTESIAN_POINT('',(3.3486315613,0.));
#16140 = VECTOR('',#16141,1.);
#16141 = DIRECTION('',(0.,-1.));
#16142 = ( GEOMETRIC_REPRESENTATION_CONTEXT(2) 
PARAMETRIC_REPRESENTATION_CONTEXT() REPRESENTATION_CONTEXT('2D SPACE',''
  ) );
#16143 = ORIENTED_EDGE('',*,*,#15919,.T.);
#16144 = ORIENTED_EDGE('',*,*,#9359,.T.);
#16145 = ADVANCED_FACE('',(#16146),#9456,.T.);
#16146 = FACE_BOUND('',#16147,.T.);
#16147 = EDGE_LOOP('',(#16148,#16149,#16168,#16169));
#16148 = ORIENTED_EDGE('',*,*,#9438,.F.);
#16149 = ORIENTED_EDGE('',*,*,#16150,.T.);
#16150 = EDGE_CURVE('',#9439,#9915,#16151,.T.);
#16151 = SURFACE_CURVE('',#16152,(#16156,#16162),.PCURVE_S1.);
#16152 = LINE('',#16153,#16154);
#16153 = CARTESIAN_POINT('',(-26.4,13.,8.4));
#16154 = VECTOR('',#16155,1.);
#16155 = DIRECTION('',(-0.,1.,0.));
#16156 = PCURVE('',#9456,#16157);
#16157 = DEFINITIONAL_REPRESENTATION('',(#16158),#16161);
#16158 = B_SPLINE_CURVE_WITH_KNOTS('',1,(#16159,#16160),.UNSPECIFIED.,
  .F.,.F.,(2,2),(0.,8.),.PIECEWISE_BEZIER_KNOTS.);
#16159 = CARTESIAN_POINT('',(6.,0.));
#16160 = CARTESIAN_POINT('',(6.,-8.));
#16161 = ( GEOMETRIC_REPRESENTATION_CONTEXT(2) 
PARAMETRIC_REPRESENTATION_CONTEXT() REPRESENTATION_CONTEXT('2D SPACE',''
  ) );
#16162 = PCURVE('',#9484,#16163);
#16163 = DEFINITIONAL_REPRESENTATION('',(#16164),#16167);
#16164 = B_SPLINE_CURVE_WITH_KNOTS('',1,(#16165,#16166),.UNSPECIFIED.,
  .F.,.F.,(2,2),(0.,8.),.PIECEWISE_BEZIER_KNOTS.);
#16165 = CARTESIAN_POINT('',(7.6,0.));
#16166 = CARTESIAN_POINT('',(7.6,8.));
#16167 = ( GEOMETRIC_REPRESENTATION_CONTEXT(2) 
PARAMETRIC_REPRESENTATION_CONTEXT() REPRESENTATION_CONTEXT('2D SPACE',''
  ) );
#16168 = ORIENTED_EDGE('',*,*,#9914,.T.);
#16169 = ORIENTED_EDGE('',*,*,#16170,.F.);
#16170 = EDGE_CURVE('',#9441,#9892,#16171,.T.);
#16171 = SURFACE_CURVE('',#16172,(#16176,#16183),.PCURVE_S1.);
#16172 = LINE('',#16173,#16174);
#16173 = CARTESIAN_POINT('',(-26.4,13.,10.2));
#16174 = VECTOR('',#16175,1.);
#16175 = DIRECTION('',(-0.,1.,0.));
#16176 = PCURVE('',#9456,#16177);
#16177 = DEFINITIONAL_REPRESENTATION('',(#16178),#16182);
#16178 = LINE('',#16179,#16180);
#16179 = CARTESIAN_POINT('',(7.8,0.));
#16180 = VECTOR('',#16181,1.);
#16181 = DIRECTION('',(0.,-1.));
#16182 = ( GEOMETRIC_REPRESENTATION_CONTEXT(2) 
PARAMETRIC_REPRESENTATION_CONTEXT() REPRESENTATION_CONTEXT('2D SPACE',''
  ) );
#16183 = PCURVE('',#9555,#16184);
#16184 = DEFINITIONAL_REPRESENTATION('',(#16185),#16189);
#16185 = LINE('',#16186,#16187);
#16186 = CARTESIAN_POINT('',(7.6,0.));
#16187 = VECTOR('',#16188,1.);
#16188 = DIRECTION('',(0.,1.));
#16189 = ( GEOMETRIC_REPRESENTATION_CONTEXT(2) 
PARAMETRIC_REPRESENTATION_CONTEXT() REPRESENTATION_CONTEXT('2D SPACE',''
  ) );
#16190 = ADVANCED_FACE('',(#16191,#16197),#9555,.T.);
#16191 = FACE_BOUND('',#16192,.T.);
#16192 = EDGE_LOOP('',(#16193,#16194,#16195,#16196));
#16193 = ORIENTED_EDGE('',*,*,#9891,.F.);
#16194 = ORIENTED_EDGE('',*,*,#13578,.F.);
#16195 = ORIENTED_EDGE('',*,*,#9541,.T.);
#16196 = ORIENTED_EDGE('',*,*,#16170,.T.);
#16197 = FACE_BOUND('',#16198,.T.);
#16198 = EDGE_LOOP('',(#16199));
#16199 = ORIENTED_EDGE('',*,*,#16200,.F.);
#16200 = EDGE_CURVE('',#16201,#16201,#16203,.T.);
#16201 = VERTEX_POINT('',#16202);
#16202 = CARTESIAN_POINT('',(-28.8,17.,10.2));
#16203 = SURFACE_CURVE('',#16204,(#16209,#16216),.PCURVE_S1.);
#16204 = CIRCLE('',#16205,1.7);
#16205 = AXIS2_PLACEMENT_3D('',#16206,#16207,#16208);
#16206 = CARTESIAN_POINT('',(-30.5,17.,10.2));
#16207 = DIRECTION('',(0.,0.,1.));
#16208 = DIRECTION('',(1.,0.,-0.));
#16209 = PCURVE('',#9555,#16210);
#16210 = DEFINITIONAL_REPRESENTATION('',(#16211),#16215);
#16211 = CIRCLE('',#16212,1.7);
#16212 = AXIS2_PLACEMENT_2D('',#16213,#16214);
#16213 = CARTESIAN_POINT('',(3.5,4.));
#16214 = DIRECTION('',(1.,0.));
#16215 = ( GEOMETRIC_REPRESENTATION_CONTEXT(2) 
PARAMETRIC_REPRESENTATION_CONTEXT() REPRESENTATION_CONTEXT('2D SPACE',''
  ) );
#16216 = PCURVE('',#16217,#16222);
#16217 = CYLINDRICAL_SURFACE('',#16218,1.7);
#16218 = AXIS2_PLACEMENT_3D('',#16219,#16220,#16221);
#16219 = CARTESIAN_POINT('',(-30.5,17.,2.4));
#16220 = DIRECTION('',(0.,0.,1.));
#16221 = DIRECTION('',(1.,0.,-0.));
#16222 = DEFINITIONAL_REPRESENTATION('',(#16223),#16227);
#16223 = LINE('',#16224,#16225);
#16224 = CARTESIAN_POINT('',(0.,7.8));
#16225 = VECTOR('',#16226,1.);
#16226 = DIRECTION('',(1.,0.));
#16227 = ( GEOMETRIC_REPRESENTATION_CONTEXT(2) 
PARAMETRIC_REPRESENTATION_CONTEXT() REPRESENTATION_CONTEXT('2D SPACE',''
  ) );
#16228 = ADVANCED_FACE('',(#16229),#9484,.T.);
#16229 = FACE_BOUND('',#16230,.T.);
#16230 = EDGE_LOOP('',(#16231,#16232,#16233,#16234));
#16231 = ORIENTED_EDGE('',*,*,#9937,.F.);
#16232 = ORIENTED_EDGE('',*,*,#16150,.F.);
#16233 = ORIENTED_EDGE('',*,*,#9468,.T.);
#16234 = ORIENTED_EDGE('',*,*,#9750,.T.);
#16235 = ADVANCED_FACE('',(#16236,#16339),#9586,.F.);
#16236 = FACE_BOUND('',#16237,.F.);
#16237 = EDGE_LOOP('',(#16238,#16261,#16289,#16317,#16338));
#16238 = ORIENTED_EDGE('',*,*,#16239,.F.);
#16239 = EDGE_CURVE('',#16240,#9572,#16242,.T.);
#16240 = VERTEX_POINT('',#16241);
#16241 = CARTESIAN_POINT('',(-27.6,18.67431578065,7.6));
#16242 = SURFACE_CURVE('',#16243,(#16247,#16254),.PCURVE_S1.);
#16243 = LINE('',#16244,#16245);
#16244 = CARTESIAN_POINT('',(-27.6,18.67431578065,7.6));
#16245 = VECTOR('',#16246,1.);
#16246 = DIRECTION('',(6.047876572286E-16,-1.,0.));
#16247 = PCURVE('',#9586,#16248);
#16248 = DEFINITIONAL_REPRESENTATION('',(#16249),#16253);
#16249 = LINE('',#16250,#16251);
#16250 = CARTESIAN_POINT('',(2.9,1.67431578065));
#16251 = VECTOR('',#16252,1.);
#16252 = DIRECTION('',(6.047876572286E-16,-1.));
#16253 = ( GEOMETRIC_REPRESENTATION_CONTEXT(2) 
PARAMETRIC_REPRESENTATION_CONTEXT() REPRESENTATION_CONTEXT('2D SPACE',''
  ) );
#16254 = PCURVE('',#9662,#16255);
#16255 = DEFINITIONAL_REPRESENTATION('',(#16256),#16260);
#16256 = LINE('',#16257,#16258);
#16257 = CARTESIAN_POINT('',(3.3486315613,-2.7));
#16258 = VECTOR('',#16259,1.);
#16259 = DIRECTION('',(-1.,0.));
#16260 = ( GEOMETRIC_REPRESENTATION_CONTEXT(2) 
PARAMETRIC_REPRESENTATION_CONTEXT() REPRESENTATION_CONTEXT('2D SPACE',''
  ) );
#16261 = ORIENTED_EDGE('',*,*,#16262,.T.);
#16262 = EDGE_CURVE('',#16240,#16263,#16265,.T.);
#16263 = VERTEX_POINT('',#16264);
#16264 = CARTESIAN_POINT('',(-30.5,20.3486315613,7.6));
#16265 = SURFACE_CURVE('',#16266,(#16270,#16277),.PCURVE_S1.);
#16266 = LINE('',#16267,#16268);
#16267 = CARTESIAN_POINT('',(-27.6,18.67431578065,7.6));
#16268 = VECTOR('',#16269,1.);
#16269 = DIRECTION('',(-0.866025403784,0.5,0.));
#16270 = PCURVE('',#9586,#16271);
#16271 = DEFINITIONAL_REPRESENTATION('',(#16272),#16276);
#16272 = LINE('',#16273,#16274);
#16273 = CARTESIAN_POINT('',(2.9,1.67431578065));
#16274 = VECTOR('',#16275,1.);
#16275 = DIRECTION('',(-0.866025403784,0.5));
#16276 = ( GEOMETRIC_REPRESENTATION_CONTEXT(2) 
PARAMETRIC_REPRESENTATION_CONTEXT() REPRESENTATION_CONTEXT('2D SPACE',''
  ) );
#16277 = PCURVE('',#16278,#16283);
#16278 = PLANE('',#16279);
#16279 = AXIS2_PLACEMENT_3D('',#16280,#16281,#16282);
#16280 = CARTESIAN_POINT('',(-27.6,18.67431578065,4.9));
#16281 = DIRECTION('',(-0.5,-0.866025403784,0.));
#16282 = DIRECTION('',(-0.866025403784,0.5,0.));
#16283 = DEFINITIONAL_REPRESENTATION('',(#16284),#16288);
#16284 = LINE('',#16285,#16286);
#16285 = CARTESIAN_POINT('',(0.,-2.7));
#16286 = VECTOR('',#16287,1.);
#16287 = DIRECTION('',(1.,0.));
#16288 = ( GEOMETRIC_REPRESENTATION_CONTEXT(2) 
PARAMETRIC_REPRESENTATION_CONTEXT() REPRESENTATION_CONTEXT('2D SPACE',''
  ) );
#16289 = ORIENTED_EDGE('',*,*,#16290,.T.);
#16290 = EDGE_CURVE('',#16263,#16291,#16293,.T.);
#16291 = VERTEX_POINT('',#16292);
#16292 = CARTESIAN_POINT('',(-33.4,18.67431578065,7.6));
#16293 = SURFACE_CURVE('',#16294,(#16298,#16305),.PCURVE_S1.);
#16294 = LINE('',#16295,#16296);
#16295 = CARTESIAN_POINT('',(-30.5,20.3486315613,7.6));
#16296 = VECTOR('',#16297,1.);
#16297 = DIRECTION('',(-0.866025403784,-0.5,0.));
#16298 = PCURVE('',#9586,#16299);
#16299 = DEFINITIONAL_REPRESENTATION('',(#16300),#16304);
#16300 = LINE('',#16301,#16302);
#16301 = CARTESIAN_POINT('',(0.,3.3486315613));
#16302 = VECTOR('',#16303,1.);
#16303 = DIRECTION('',(-0.866025403784,-0.5));
#16304 = ( GEOMETRIC_REPRESENTATION_CONTEXT(2) 
PARAMETRIC_REPRESENTATION_CONTEXT() REPRESENTATION_CONTEXT('2D SPACE',''
  ) );
#16305 = PCURVE('',#16306,#16311);
#16306 = PLANE('',#16307);
#16307 = AXIS2_PLACEMENT_3D('',#16308,#16309,#16310);
#16308 = CARTESIAN_POINT('',(-30.5,20.3486315613,4.9));
#16309 = DIRECTION('',(0.5,-0.866025403784,0.));
#16310 = DIRECTION('',(-0.866025403784,-0.5,0.));
#16311 = DEFINITIONAL_REPRESENTATION('',(#16312),#16316);
#16312 = LINE('',#16313,#16314);
#16313 = CARTESIAN_POINT('',(0.,-2.7));
#16314 = VECTOR('',#16315,1.);
#16315 = DIRECTION('',(1.,0.));
#16316 = ( GEOMETRIC_REPRESENTATION_CONTEXT(2) 
PARAMETRIC_REPRESENTATION_CONTEXT() REPRESENTATION_CONTEXT('2D SPACE',''
  ) );
#16317 = ORIENTED_EDGE('',*,*,#16318,.T.);
#16318 = EDGE_CURVE('',#16291,#9570,#16319,.T.);
#16319 = SURFACE_CURVE('',#16320,(#16324,#16331),.PCURVE_S1.);
#16320 = LINE('',#16321,#16322);
#16321 = CARTESIAN_POINT('',(-33.4,18.67431578065,7.6));
#16322 = VECTOR('',#16323,1.);
#16323 = DIRECTION('',(0.,-1.,0.));
#16324 = PCURVE('',#9586,#16325);
#16325 = DEFINITIONAL_REPRESENTATION('',(#16326),#16330);
#16326 = LINE('',#16327,#16328);
#16327 = CARTESIAN_POINT('',(-2.9,1.67431578065));
#16328 = VECTOR('',#16329,1.);
#16329 = DIRECTION('',(0.,-1.));
#16330 = ( GEOMETRIC_REPRESENTATION_CONTEXT(2) 
PARAMETRIC_REPRESENTATION_CONTEXT() REPRESENTATION_CONTEXT('2D SPACE',''
  ) );
#16331 = PCURVE('',#9612,#16332);
#16332 = DEFINITIONAL_REPRESENTATION('',(#16333),#16337);
#16333 = LINE('',#16334,#16335);
#16334 = CARTESIAN_POINT('',(0.,-2.7));
#16335 = VECTOR('',#16336,1.);
#16336 = DIRECTION('',(1.,0.));
#16337 = ( GEOMETRIC_REPRESENTATION_CONTEXT(2) 
PARAMETRIC_REPRESENTATION_CONTEXT() REPRESENTATION_CONTEXT('2D SPACE',''
  ) );
#16338 = ORIENTED_EDGE('',*,*,#9569,.T.);
#16339 = FACE_BOUND('',#16340,.F.);
#16340 = EDGE_LOOP('',(#16341));
#16341 = ORIENTED_EDGE('',*,*,#16342,.F.);
#16342 = EDGE_CURVE('',#16343,#16343,#16345,.T.);
#16343 = VERTEX_POINT('',#16344);
#16344 = CARTESIAN_POINT('',(-28.8,17.,7.6));
#16345 = SURFACE_CURVE('',#16346,(#16351,#16358),.PCURVE_S1.);
#16346 = CIRCLE('',#16347,1.7);
#16347 = AXIS2_PLACEMENT_3D('',#16348,#16349,#16350);
#16348 = CARTESIAN_POINT('',(-30.5,17.,7.6));
#16349 = DIRECTION('',(0.,0.,1.));
#16350 = DIRECTION('',(1.,0.,-0.));
#16351 = PCURVE('',#9586,#16352);
#16352 = DEFINITIONAL_REPRESENTATION('',(#16353),#16357);
#16353 = CIRCLE('',#16354,1.7);
#16354 = AXIS2_PLACEMENT_2D('',#16355,#16356);
#16355 = CARTESIAN_POINT('',(0.,0.));
#16356 = DIRECTION('',(1.,0.));
#16357 = ( GEOMETRIC_REPRESENTATION_CONTEXT(2) 
PARAMETRIC_REPRESENTATION_CONTEXT() REPRESENTATION_CONTEXT('2D SPACE',''
  ) );
#16358 = PCURVE('',#16217,#16359);
#16359 = DEFINITIONAL_REPRESENTATION('',(#16360),#16364);
#16360 = LINE('',#16361,#16362);
#16361 = CARTESIAN_POINT('',(0.,5.2));
#16362 = VECTOR('',#16363,1.);
#16363 = DIRECTION('',(1.,0.));
#16364 = ( GEOMETRIC_REPRESENTATION_CONTEXT(2) 
PARAMETRIC_REPRESENTATION_CONTEXT() REPRESENTATION_CONTEXT('2D SPACE',''
  ) );
#16365 = ADVANCED_FACE('',(#16366),#9612,.T.);
#16366 = FACE_BOUND('',#16367,.T.);
#16367 = EDGE_LOOP('',(#16368,#16391,#16412,#16413));
#16368 = ORIENTED_EDGE('',*,*,#16369,.T.);
#16369 = EDGE_CURVE('',#9598,#16370,#16372,.T.);
#16370 = VERTEX_POINT('',#16371);
#16371 = CARTESIAN_POINT('',(-33.4,18.67431578065,4.9));
#16372 = SURFACE_CURVE('',#16373,(#16377,#16384),.PCURVE_S1.);
#16373 = LINE('',#16374,#16375);
#16374 = CARTESIAN_POINT('',(-33.4,12.8,4.9));
#16375 = VECTOR('',#16376,1.);
#16376 = DIRECTION('',(0.,1.,0.));
#16377 = PCURVE('',#9612,#16378);
#16378 = DEFINITIONAL_REPRESENTATION('',(#16379),#16383);
#16379 = LINE('',#16380,#16381);
#16380 = CARTESIAN_POINT('',(5.87431578065,0.));
#16381 = VECTOR('',#16382,1.);
#16382 = DIRECTION('',(-1.,0.));
#16383 = ( GEOMETRIC_REPRESENTATION_CONTEXT(2) 
PARAMETRIC_REPRESENTATION_CONTEXT() REPRESENTATION_CONTEXT('2D SPACE',''
  ) );
#16384 = PCURVE('',#9638,#16385);
#16385 = DEFINITIONAL_REPRESENTATION('',(#16386),#16390);
#16386 = LINE('',#16387,#16388);
#16387 = CARTESIAN_POINT('',(-2.9,-4.2));
#16388 = VECTOR('',#16389,1.);
#16389 = DIRECTION('',(0.,1.));
#16390 = ( GEOMETRIC_REPRESENTATION_CONTEXT(2) 
PARAMETRIC_REPRESENTATION_CONTEXT() REPRESENTATION_CONTEXT('2D SPACE',''
  ) );
#16391 = ORIENTED_EDGE('',*,*,#16392,.T.);
#16392 = EDGE_CURVE('',#16370,#16291,#16393,.T.);
#16393 = SURFACE_CURVE('',#16394,(#16398,#16405),.PCURVE_S1.);
#16394 = LINE('',#16395,#16396);
#16395 = CARTESIAN_POINT('',(-33.4,18.67431578065,4.9));
#16396 = VECTOR('',#16397,1.);
#16397 = DIRECTION('',(0.,0.,1.));
#16398 = PCURVE('',#9612,#16399);
#16399 = DEFINITIONAL_REPRESENTATION('',(#16400),#16404);
#16400 = LINE('',#16401,#16402);
#16401 = CARTESIAN_POINT('',(0.,0.));
#16402 = VECTOR('',#16403,1.);
#16403 = DIRECTION('',(0.,-1.));
#16404 = ( GEOMETRIC_REPRESENTATION_CONTEXT(2) 
PARAMETRIC_REPRESENTATION_CONTEXT() REPRESENTATION_CONTEXT('2D SPACE',''
  ) );
#16405 = PCURVE('',#16306,#16406);
#16406 = DEFINITIONAL_REPRESENTATION('',(#16407),#16411);
#16407 = LINE('',#16408,#16409);
#16408 = CARTESIAN_POINT('',(3.3486315613,0.));
#16409 = VECTOR('',#16410,1.);
#16410 = DIRECTION('',(0.,-1.));
#16411 = ( GEOMETRIC_REPRESENTATION_CONTEXT(2) 
PARAMETRIC_REPRESENTATION_CONTEXT() REPRESENTATION_CONTEXT('2D SPACE',''
  ) );
#16412 = ORIENTED_EDGE('',*,*,#16318,.T.);
#16413 = ORIENTED_EDGE('',*,*,#9597,.T.);
#16414 = ADVANCED_FACE('',(#16415),#9662,.T.);
#16415 = FACE_BOUND('',#16416,.T.);
#16416 = EDGE_LOOP('',(#16417,#16440,#16441,#16442));
#16417 = ORIENTED_EDGE('',*,*,#16418,.F.);
#16418 = EDGE_CURVE('',#9624,#16419,#16421,.T.);
#16419 = VERTEX_POINT('',#16420);
#16420 = CARTESIAN_POINT('',(-27.6,18.67431578065,4.9));
#16421 = SURFACE_CURVE('',#16422,(#16426,#16433),.PCURVE_S1.);
#16422 = LINE('',#16423,#16424);
#16423 = CARTESIAN_POINT('',(-27.6,12.8,4.9));
#16424 = VECTOR('',#16425,1.);
#16425 = DIRECTION('',(-6.047876572286E-16,1.,0.));
#16426 = PCURVE('',#9662,#16427);
#16427 = DEFINITIONAL_REPRESENTATION('',(#16428),#16432);
#16428 = LINE('',#16429,#16430);
#16429 = CARTESIAN_POINT('',(-2.52568421935,0.));
#16430 = VECTOR('',#16431,1.);
#16431 = DIRECTION('',(1.,0.));
#16432 = ( GEOMETRIC_REPRESENTATION_CONTEXT(2) 
PARAMETRIC_REPRESENTATION_CONTEXT() REPRESENTATION_CONTEXT('2D SPACE',''
  ) );
#16433 = PCURVE('',#9638,#16434);
#16434 = DEFINITIONAL_REPRESENTATION('',(#16435),#16439);
#16435 = LINE('',#16436,#16437);
#16436 = CARTESIAN_POINT('',(2.9,-4.2));
#16437 = VECTOR('',#16438,1.);
#16438 = DIRECTION('',(-6.047876572286E-16,1.));
#16439 = ( GEOMETRIC_REPRESENTATION_CONTEXT(2) 
PARAMETRIC_REPRESENTATION_CONTEXT() REPRESENTATION_CONTEXT('2D SPACE',''
  ) );
#16440 = ORIENTED_EDGE('',*,*,#9649,.T.);
#16441 = ORIENTED_EDGE('',*,*,#16239,.F.);
#16442 = ORIENTED_EDGE('',*,*,#16443,.F.);
#16443 = EDGE_CURVE('',#16419,#16240,#16444,.T.);
#16444 = SURFACE_CURVE('',#16445,(#16449,#16456),.PCURVE_S1.);
#16445 = LINE('',#16446,#16447);
#16446 = CARTESIAN_POINT('',(-27.6,18.67431578065,4.9));
#16447 = VECTOR('',#16448,1.);
#16448 = DIRECTION('',(0.,0.,1.));
#16449 = PCURVE('',#9662,#16450);
#16450 = DEFINITIONAL_REPRESENTATION('',(#16451),#16455);
#16451 = LINE('',#16452,#16453);
#16452 = CARTESIAN_POINT('',(3.3486315613,0.));
#16453 = VECTOR('',#16454,1.);
#16454 = DIRECTION('',(0.,-1.));
#16455 = ( GEOMETRIC_REPRESENTATION_CONTEXT(2) 
PARAMETRIC_REPRESENTATION_CONTEXT() REPRESENTATION_CONTEXT('2D SPACE',''
  ) );
#16456 = PCURVE('',#16278,#16457);
#16457 = DEFINITIONAL_REPRESENTATION('',(#16458),#16462);
#16458 = LINE('',#16459,#16460);
#16459 = CARTESIAN_POINT('',(0.,0.));
#16460 = VECTOR('',#16461,1.);
#16461 = DIRECTION('',(0.,-1.));
#16462 = ( GEOMETRIC_REPRESENTATION_CONTEXT(2) 
PARAMETRIC_REPRESENTATION_CONTEXT() REPRESENTATION_CONTEXT('2D SPACE',''
  ) );
#16463 = ADVANCED_FACE('',(#16464,#16513),#9638,.T.);
#16464 = FACE_BOUND('',#16465,.T.);
#16465 = EDGE_LOOP('',(#16466,#16467,#16490,#16511,#16512));
#16466 = ORIENTED_EDGE('',*,*,#16418,.T.);
#16467 = ORIENTED_EDGE('',*,*,#16468,.T.);
#16468 = EDGE_CURVE('',#16419,#16469,#16471,.T.);
#16469 = VERTEX_POINT('',#16470);
#16470 = CARTESIAN_POINT('',(-30.5,20.3486315613,4.9));
#16471 = SURFACE_CURVE('',#16472,(#16476,#16483),.PCURVE_S1.);
#16472 = LINE('',#16473,#16474);
#16473 = CARTESIAN_POINT('',(-27.6,18.67431578065,4.9));
#16474 = VECTOR('',#16475,1.);
#16475 = DIRECTION('',(-0.866025403784,0.5,0.));
#16476 = PCURVE('',#9638,#16477);
#16477 = DEFINITIONAL_REPRESENTATION('',(#16478),#16482);
#16478 = LINE('',#16479,#16480);
#16479 = CARTESIAN_POINT('',(2.9,1.67431578065));
#16480 = VECTOR('',#16481,1.);
#16481 = DIRECTION('',(-0.866025403784,0.5));
#16482 = ( GEOMETRIC_REPRESENTATION_CONTEXT(2) 
PARAMETRIC_REPRESENTATION_CONTEXT() REPRESENTATION_CONTEXT('2D SPACE',''
  ) );
#16483 = PCURVE('',#16278,#16484);
#16484 = DEFINITIONAL_REPRESENTATION('',(#16485),#16489);
#16485 = LINE('',#16486,#16487);
#16486 = CARTESIAN_POINT('',(0.,0.));
#16487 = VECTOR('',#16488,1.);
#16488 = DIRECTION('',(1.,0.));
#16489 = ( GEOMETRIC_REPRESENTATION_CONTEXT(2) 
PARAMETRIC_REPRESENTATION_CONTEXT() REPRESENTATION_CONTEXT('2D SPACE',''
  ) );
#16490 = ORIENTED_EDGE('',*,*,#16491,.T.);
#16491 = EDGE_CURVE('',#16469,#16370,#16492,.T.);
#16492 = SURFACE_CURVE('',#16493,(#16497,#16504),.PCURVE_S1.);
#16493 = LINE('',#16494,#16495);
#16494 = CARTESIAN_POINT('',(-30.5,20.3486315613,4.9));
#16495 = VECTOR('',#16496,1.);
#16496 = DIRECTION('',(-0.866025403784,-0.5,0.));
#16497 = PCURVE('',#9638,#16498);
#16498 = DEFINITIONAL_REPRESENTATION('',(#16499),#16503);
#16499 = LINE('',#16500,#16501);
#16500 = CARTESIAN_POINT('',(0.,3.3486315613));
#16501 = VECTOR('',#16502,1.);
#16502 = DIRECTION('',(-0.866025403784,-0.5));
#16503 = ( GEOMETRIC_REPRESENTATION_CONTEXT(2) 
PARAMETRIC_REPRESENTATION_CONTEXT() REPRESENTATION_CONTEXT('2D SPACE',''
  ) );
#16504 = PCURVE('',#16306,#16505);
#16505 = DEFINITIONAL_REPRESENTATION('',(#16506),#16510);
#16506 = LINE('',#16507,#16508);
#16507 = CARTESIAN_POINT('',(0.,0.));
#16508 = VECTOR('',#16509,1.);
#16509 = DIRECTION('',(1.,0.));
#16510 = ( GEOMETRIC_REPRESENTATION_CONTEXT(2) 
PARAMETRIC_REPRESENTATION_CONTEXT() REPRESENTATION_CONTEXT('2D SPACE',''
  ) );
#16511 = ORIENTED_EDGE('',*,*,#16369,.F.);
#16512 = ORIENTED_EDGE('',*,*,#9623,.T.);
#16513 = FACE_BOUND('',#16514,.T.);
#16514 = EDGE_LOOP('',(#16515));
#16515 = ORIENTED_EDGE('',*,*,#16516,.F.);
#16516 = EDGE_CURVE('',#16517,#16517,#16519,.T.);
#16517 = VERTEX_POINT('',#16518);
#16518 = CARTESIAN_POINT('',(-28.8,17.,4.9));
#16519 = SURFACE_CURVE('',#16520,(#16525,#16532),.PCURVE_S1.);
#16520 = CIRCLE('',#16521,1.7);
#16521 = AXIS2_PLACEMENT_3D('',#16522,#16523,#16524);
#16522 = CARTESIAN_POINT('',(-30.5,17.,4.9));
#16523 = DIRECTION('',(0.,0.,1.));
#16524 = DIRECTION('',(1.,0.,-0.));
#16525 = PCURVE('',#9638,#16526);
#16526 = DEFINITIONAL_REPRESENTATION('',(#16527),#16531);
#16527 = CIRCLE('',#16528,1.7);
#16528 = AXIS2_PLACEMENT_2D('',#16529,#16530);
#16529 = CARTESIAN_POINT('',(0.,0.));
#16530 = DIRECTION('',(1.,0.));
#16531 = ( GEOMETRIC_REPRESENTATION_CONTEXT(2) 
PARAMETRIC_REPRESENTATION_CONTEXT() REPRESENTATION_CONTEXT('2D SPACE',''
  ) );
#16532 = PCURVE('',#16533,#16538);
#16533 = CYLINDRICAL_SURFACE('',#16534,1.7);
#16534 = AXIS2_PLACEMENT_3D('',#16535,#16536,#16537);
#16535 = CARTESIAN_POINT('',(-30.5,17.,2.4));
#16536 = DIRECTION('',(0.,0.,1.));
#16537 = DIRECTION('',(1.,0.,-0.));
#16538 = DEFINITIONAL_REPRESENTATION('',(#16539),#16543);
#16539 = LINE('',#16540,#16541);
#16540 = CARTESIAN_POINT('',(0.,2.5));
#16541 = VECTOR('',#16542,1.);
#16542 = DIRECTION('',(1.,0.));
#16543 = ( GEOMETRIC_REPRESENTATION_CONTEXT(2) 
PARAMETRIC_REPRESENTATION_CONTEXT() REPRESENTATION_CONTEXT('2D SPACE',''
  ) );
#16544 = ADVANCED_FACE('',(#16545),#10058,.F.);
#16545 = FACE_BOUND('',#16546,.F.);
#16546 = EDGE_LOOP('',(#16547,#16548,#16567,#16568));
#16547 = ORIENTED_EDGE('',*,*,#10042,.F.);
#16548 = ORIENTED_EDGE('',*,*,#16549,.T.);
#16549 = EDGE_CURVE('',#10015,#10481,#16550,.T.);
#16550 = SURFACE_CURVE('',#16551,(#16555,#16561),.PCURVE_S1.);
#16551 = LINE('',#16552,#16553);
#16552 = CARTESIAN_POINT('',(26.4,13.,8.4));
#16553 = VECTOR('',#16554,1.);
#16554 = DIRECTION('',(-0.,1.,0.));
#16555 = PCURVE('',#10058,#16556);
#16556 = DEFINITIONAL_REPRESENTATION('',(#16557),#16560);
#16557 = B_SPLINE_CURVE_WITH_KNOTS('',1,(#16558,#16559),.UNSPECIFIED.,
  .F.,.F.,(2,2),(0.,8.),.PIECEWISE_BEZIER_KNOTS.);
#16558 = CARTESIAN_POINT('',(6.,0.));
#16559 = CARTESIAN_POINT('',(6.,-8.));
#16560 = ( GEOMETRIC_REPRESENTATION_CONTEXT(2) 
PARAMETRIC_REPRESENTATION_CONTEXT() REPRESENTATION_CONTEXT('2D SPACE',''
  ) );
#16561 = PCURVE('',#10030,#16562);
#16562 = DEFINITIONAL_REPRESENTATION('',(#16563),#16566);
#16563 = B_SPLINE_CURVE_WITH_KNOTS('',1,(#16564,#16565),.UNSPECIFIED.,
  .F.,.F.,(2,2),(0.,8.),.PIECEWISE_BEZIER_KNOTS.);
#16564 = CARTESIAN_POINT('',(1.2,0.));
#16565 = CARTESIAN_POINT('',(1.2,8.));
#16566 = ( GEOMETRIC_REPRESENTATION_CONTEXT(2) 
PARAMETRIC_REPRESENTATION_CONTEXT() REPRESENTATION_CONTEXT('2D SPACE',''
  ) );
#16567 = ORIENTED_EDGE('',*,*,#10503,.T.);
#16568 = ORIENTED_EDGE('',*,*,#14994,.F.);
#16569 = ADVANCED_FACE('',(#16570),#10030,.T.);
#16570 = FACE_BOUND('',#16571,.T.);
#16571 = EDGE_LOOP('',(#16572,#16573,#16574,#16575));
#16572 = ORIENTED_EDGE('',*,*,#10480,.F.);
#16573 = ORIENTED_EDGE('',*,*,#10362,.F.);
#16574 = ORIENTED_EDGE('',*,*,#10014,.T.);
#16575 = ORIENTED_EDGE('',*,*,#16549,.T.);
#16576 = ADVANCED_FACE('',(#16577,#16680),#10110,.F.);
#16577 = FACE_BOUND('',#16578,.F.);
#16578 = EDGE_LOOP('',(#16579,#16602,#16630,#16658,#16679));
#16579 = ORIENTED_EDGE('',*,*,#16580,.F.);
#16580 = EDGE_CURVE('',#16581,#10096,#16583,.T.);
#16581 = VERTEX_POINT('',#16582);
#16582 = CARTESIAN_POINT('',(33.4,18.67431578065,7.6));
#16583 = SURFACE_CURVE('',#16584,(#16588,#16595),.PCURVE_S1.);
#16584 = LINE('',#16585,#16586);
#16585 = CARTESIAN_POINT('',(33.4,18.67431578065,7.6));
#16586 = VECTOR('',#16587,1.);
#16587 = DIRECTION('',(0.,-1.,0.));
#16588 = PCURVE('',#10110,#16589);
#16589 = DEFINITIONAL_REPRESENTATION('',(#16590),#16594);
#16590 = LINE('',#16591,#16592);
#16591 = CARTESIAN_POINT('',(2.9,1.67431578065));
#16592 = VECTOR('',#16593,1.);
#16593 = DIRECTION('',(0.,-1.));
#16594 = ( GEOMETRIC_REPRESENTATION_CONTEXT(2) 
PARAMETRIC_REPRESENTATION_CONTEXT() REPRESENTATION_CONTEXT('2D SPACE',''
  ) );
#16595 = PCURVE('',#10186,#16596);
#16596 = DEFINITIONAL_REPRESENTATION('',(#16597),#16601);
#16597 = LINE('',#16598,#16599);
#16598 = CARTESIAN_POINT('',(3.3486315613,-2.7));
#16599 = VECTOR('',#16600,1.);
#16600 = DIRECTION('',(-1.,0.));
#16601 = ( GEOMETRIC_REPRESENTATION_CONTEXT(2) 
PARAMETRIC_REPRESENTATION_CONTEXT() REPRESENTATION_CONTEXT('2D SPACE',''
  ) );
#16602 = ORIENTED_EDGE('',*,*,#16603,.T.);
#16603 = EDGE_CURVE('',#16581,#16604,#16606,.T.);
#16604 = VERTEX_POINT('',#16605);
#16605 = CARTESIAN_POINT('',(30.5,20.3486315613,7.6));
#16606 = SURFACE_CURVE('',#16607,(#16611,#16618),.PCURVE_S1.);
#16607 = LINE('',#16608,#16609);
#16608 = CARTESIAN_POINT('',(33.4,18.67431578065,7.6));
#16609 = VECTOR('',#16610,1.);
#16610 = DIRECTION('',(-0.866025403784,0.5,0.));
#16611 = PCURVE('',#10110,#16612);
#16612 = DEFINITIONAL_REPRESENTATION('',(#16613),#16617);
#16613 = LINE('',#16614,#16615);
#16614 = CARTESIAN_POINT('',(2.9,1.67431578065));
#16615 = VECTOR('',#16616,1.);
#16616 = DIRECTION('',(-0.866025403784,0.5));
#16617 = ( GEOMETRIC_REPRESENTATION_CONTEXT(2) 
PARAMETRIC_REPRESENTATION_CONTEXT() REPRESENTATION_CONTEXT('2D SPACE',''
  ) );
#16618 = PCURVE('',#16619,#16624);
#16619 = PLANE('',#16620);
#16620 = AXIS2_PLACEMENT_3D('',#16621,#16622,#16623);
#16621 = CARTESIAN_POINT('',(33.4,18.67431578065,4.9));
#16622 = DIRECTION('',(-0.5,-0.866025403784,0.));
#16623 = DIRECTION('',(-0.866025403784,0.5,0.));
#16624 = DEFINITIONAL_REPRESENTATION('',(#16625),#16629);
#16625 = LINE('',#16626,#16627);
#16626 = CARTESIAN_POINT('',(0.,-2.7));
#16627 = VECTOR('',#16628,1.);
#16628 = DIRECTION('',(1.,0.));
#16629 = ( GEOMETRIC_REPRESENTATION_CONTEXT(2) 
PARAMETRIC_REPRESENTATION_CONTEXT() REPRESENTATION_CONTEXT('2D SPACE',''
  ) );
#16630 = ORIENTED_EDGE('',*,*,#16631,.T.);
#16631 = EDGE_CURVE('',#16604,#16632,#16634,.T.);
#16632 = VERTEX_POINT('',#16633);
#16633 = CARTESIAN_POINT('',(27.6,18.67431578065,7.6));
#16634 = SURFACE_CURVE('',#16635,(#16639,#16646),.PCURVE_S1.);
#16635 = LINE('',#16636,#16637);
#16636 = CARTESIAN_POINT('',(30.5,20.3486315613,7.6));
#16637 = VECTOR('',#16638,1.);
#16638 = DIRECTION('',(-0.866025403784,-0.5,0.));
#16639 = PCURVE('',#10110,#16640);
#16640 = DEFINITIONAL_REPRESENTATION('',(#16641),#16645);
#16641 = LINE('',#16642,#16643);
#16642 = CARTESIAN_POINT('',(0.,3.3486315613));
#16643 = VECTOR('',#16644,1.);
#16644 = DIRECTION('',(-0.866025403784,-0.5));
#16645 = ( GEOMETRIC_REPRESENTATION_CONTEXT(2) 
PARAMETRIC_REPRESENTATION_CONTEXT() REPRESENTATION_CONTEXT('2D SPACE',''
  ) );
#16646 = PCURVE('',#16647,#16652);
#16647 = PLANE('',#16648);
#16648 = AXIS2_PLACEMENT_3D('',#16649,#16650,#16651);
#16649 = CARTESIAN_POINT('',(30.5,20.3486315613,4.9));
#16650 = DIRECTION('',(0.5,-0.866025403784,0.));
#16651 = DIRECTION('',(-0.866025403784,-0.5,0.));
#16652 = DEFINITIONAL_REPRESENTATION('',(#16653),#16657);
#16653 = LINE('',#16654,#16655);
#16654 = CARTESIAN_POINT('',(0.,-2.7));
#16655 = VECTOR('',#16656,1.);
#16656 = DIRECTION('',(1.,0.));
#16657 = ( GEOMETRIC_REPRESENTATION_CONTEXT(2) 
PARAMETRIC_REPRESENTATION_CONTEXT() REPRESENTATION_CONTEXT('2D SPACE',''
  ) );
#16658 = ORIENTED_EDGE('',*,*,#16659,.T.);
#16659 = EDGE_CURVE('',#16632,#10094,#16660,.T.);
#16660 = SURFACE_CURVE('',#16661,(#16665,#16672),.PCURVE_S1.);
#16661 = LINE('',#16662,#16663);
#16662 = CARTESIAN_POINT('',(27.6,18.67431578065,7.6));
#16663 = VECTOR('',#16664,1.);
#16664 = DIRECTION('',(0.,-1.,0.));
#16665 = PCURVE('',#10110,#16666);
#16666 = DEFINITIONAL_REPRESENTATION('',(#16667),#16671);
#16667 = LINE('',#16668,#16669);
#16668 = CARTESIAN_POINT('',(-2.9,1.67431578065));
#16669 = VECTOR('',#16670,1.);
#16670 = DIRECTION('',(0.,-1.));
#16671 = ( GEOMETRIC_REPRESENTATION_CONTEXT(2) 
PARAMETRIC_REPRESENTATION_CONTEXT() REPRESENTATION_CONTEXT('2D SPACE',''
  ) );
#16672 = PCURVE('',#10136,#16673);
#16673 = DEFINITIONAL_REPRESENTATION('',(#16674),#16678);
#16674 = LINE('',#16675,#16676);
#16675 = CARTESIAN_POINT('',(0.,-2.7));
#16676 = VECTOR('',#16677,1.);
#16677 = DIRECTION('',(1.,0.));
#16678 = ( GEOMETRIC_REPRESENTATION_CONTEXT(2) 
PARAMETRIC_REPRESENTATION_CONTEXT() REPRESENTATION_CONTEXT('2D SPACE',''
  ) );
#16679 = ORIENTED_EDGE('',*,*,#10093,.T.);
#16680 = FACE_BOUND('',#16681,.F.);
#16681 = EDGE_LOOP('',(#16682));
#16682 = ORIENTED_EDGE('',*,*,#16683,.F.);
#16683 = EDGE_CURVE('',#16684,#16684,#16686,.T.);
#16684 = VERTEX_POINT('',#16685);
#16685 = CARTESIAN_POINT('',(32.2,17.,7.6));
#16686 = SURFACE_CURVE('',#16687,(#16692,#16699),.PCURVE_S1.);
#16687 = CIRCLE('',#16688,1.7);
#16688 = AXIS2_PLACEMENT_3D('',#16689,#16690,#16691);
#16689 = CARTESIAN_POINT('',(30.5,17.,7.6));
#16690 = DIRECTION('',(0.,0.,1.));
#16691 = DIRECTION('',(1.,0.,-0.));
#16692 = PCURVE('',#10110,#16693);
#16693 = DEFINITIONAL_REPRESENTATION('',(#16694),#16698);
#16694 = CIRCLE('',#16695,1.7);
#16695 = AXIS2_PLACEMENT_2D('',#16696,#16697);
#16696 = CARTESIAN_POINT('',(0.,0.));
#16697 = DIRECTION('',(1.,0.));
#16698 = ( GEOMETRIC_REPRESENTATION_CONTEXT(2) 
PARAMETRIC_REPRESENTATION_CONTEXT() REPRESENTATION_CONTEXT('2D SPACE',''
  ) );
#16699 = PCURVE('',#15037,#16700);
#16700 = DEFINITIONAL_REPRESENTATION('',(#16701),#16705);
#16701 = LINE('',#16702,#16703);
#16702 = CARTESIAN_POINT('',(0.,5.2));
#16703 = VECTOR('',#16704,1.);
#16704 = DIRECTION('',(1.,0.));
#16705 = ( GEOMETRIC_REPRESENTATION_CONTEXT(2) 
PARAMETRIC_REPRESENTATION_CONTEXT() REPRESENTATION_CONTEXT('2D SPACE',''
  ) );
#16706 = ADVANCED_FACE('',(#16707),#10186,.T.);
#16707 = FACE_BOUND('',#16708,.T.);
#16708 = EDGE_LOOP('',(#16709,#16732,#16733,#16734));
#16709 = ORIENTED_EDGE('',*,*,#16710,.F.);
#16710 = EDGE_CURVE('',#10148,#16711,#16713,.T.);
#16711 = VERTEX_POINT('',#16712);
#16712 = CARTESIAN_POINT('',(33.4,18.67431578065,4.9));
#16713 = SURFACE_CURVE('',#16714,(#16718,#16725),.PCURVE_S1.);
#16714 = LINE('',#16715,#16716);
#16715 = CARTESIAN_POINT('',(33.4,12.8,4.9));
#16716 = VECTOR('',#16717,1.);
#16717 = DIRECTION('',(0.,1.,0.));
#16718 = PCURVE('',#10186,#16719);
#16719 = DEFINITIONAL_REPRESENTATION('',(#16720),#16724);
#16720 = LINE('',#16721,#16722);
#16721 = CARTESIAN_POINT('',(-2.52568421935,0.));
#16722 = VECTOR('',#16723,1.);
#16723 = DIRECTION('',(1.,0.));
#16724 = ( GEOMETRIC_REPRESENTATION_CONTEXT(2) 
PARAMETRIC_REPRESENTATION_CONTEXT() REPRESENTATION_CONTEXT('2D SPACE',''
  ) );
#16725 = PCURVE('',#10162,#16726);
#16726 = DEFINITIONAL_REPRESENTATION('',(#16727),#16731);
#16727 = LINE('',#16728,#16729);
#16728 = CARTESIAN_POINT('',(2.9,-4.2));
#16729 = VECTOR('',#16730,1.);
#16730 = DIRECTION('',(0.,1.));
#16731 = ( GEOMETRIC_REPRESENTATION_CONTEXT(2) 
PARAMETRIC_REPRESENTATION_CONTEXT() REPRESENTATION_CONTEXT('2D SPACE',''
  ) );
#16732 = ORIENTED_EDGE('',*,*,#10173,.T.);
#16733 = ORIENTED_EDGE('',*,*,#16580,.F.);
#16734 = ORIENTED_EDGE('',*,*,#16735,.F.);
#16735 = EDGE_CURVE('',#16711,#16581,#16736,.T.);
#16736 = SURFACE_CURVE('',#16737,(#16741,#16748),.PCURVE_S1.);
#16737 = LINE('',#16738,#16739);
#16738 = CARTESIAN_POINT('',(33.4,18.67431578065,4.9));
#16739 = VECTOR('',#16740,1.);
#16740 = DIRECTION('',(0.,0.,1.));
#16741 = PCURVE('',#10186,#16742);
#16742 = DEFINITIONAL_REPRESENTATION('',(#16743),#16747);
#16743 = LINE('',#16744,#16745);
#16744 = CARTESIAN_POINT('',(3.3486315613,0.));
#16745 = VECTOR('',#16746,1.);
#16746 = DIRECTION('',(0.,-1.));
#16747 = ( GEOMETRIC_REPRESENTATION_CONTEXT(2) 
PARAMETRIC_REPRESENTATION_CONTEXT() REPRESENTATION_CONTEXT('2D SPACE',''
  ) );
#16748 = PCURVE('',#16619,#16749);
#16749 = DEFINITIONAL_REPRESENTATION('',(#16750),#16754);
#16750 = LINE('',#16751,#16752);
#16751 = CARTESIAN_POINT('',(0.,0.));
#16752 = VECTOR('',#16753,1.);
#16753 = DIRECTION('',(0.,-1.));
#16754 = ( GEOMETRIC_REPRESENTATION_CONTEXT(2) 
PARAMETRIC_REPRESENTATION_CONTEXT() REPRESENTATION_CONTEXT('2D SPACE',''
  ) );
#16755 = ADVANCED_FACE('',(#16756,#16827),#10162,.T.);
#16756 = FACE_BOUND('',#16757,.T.);
#16757 = EDGE_LOOP('',(#16758,#16759,#16782,#16805,#16826));
#16758 = ORIENTED_EDGE('',*,*,#16710,.T.);
#16759 = ORIENTED_EDGE('',*,*,#16760,.T.);
#16760 = EDGE_CURVE('',#16711,#16761,#16763,.T.);
#16761 = VERTEX_POINT('',#16762);
#16762 = CARTESIAN_POINT('',(30.5,20.3486315613,4.9));
#16763 = SURFACE_CURVE('',#16764,(#16768,#16775),.PCURVE_S1.);
#16764 = LINE('',#16765,#16766);
#16765 = CARTESIAN_POINT('',(33.4,18.67431578065,4.9));
#16766 = VECTOR('',#16767,1.);
#16767 = DIRECTION('',(-0.866025403784,0.5,0.));
#16768 = PCURVE('',#10162,#16769);
#16769 = DEFINITIONAL_REPRESENTATION('',(#16770),#16774);
#16770 = LINE('',#16771,#16772);
#16771 = CARTESIAN_POINT('',(2.9,1.67431578065));
#16772 = VECTOR('',#16773,1.);
#16773 = DIRECTION('',(-0.866025403784,0.5));
#16774 = ( GEOMETRIC_REPRESENTATION_CONTEXT(2) 
PARAMETRIC_REPRESENTATION_CONTEXT() REPRESENTATION_CONTEXT('2D SPACE',''
  ) );
#16775 = PCURVE('',#16619,#16776);
#16776 = DEFINITIONAL_REPRESENTATION('',(#16777),#16781);
#16777 = LINE('',#16778,#16779);
#16778 = CARTESIAN_POINT('',(0.,0.));
#16779 = VECTOR('',#16780,1.);
#16780 = DIRECTION('',(1.,0.));
#16781 = ( GEOMETRIC_REPRESENTATION_CONTEXT(2) 
PARAMETRIC_REPRESENTATION_CONTEXT() REPRESENTATION_CONTEXT('2D SPACE',''
  ) );
#16782 = ORIENTED_EDGE('',*,*,#16783,.T.);
#16783 = EDGE_CURVE('',#16761,#16784,#16786,.T.);
#16784 = VERTEX_POINT('',#16785);
#16785 = CARTESIAN_POINT('',(27.6,18.67431578065,4.9));
#16786 = SURFACE_CURVE('',#16787,(#16791,#16798),.PCURVE_S1.);
#16787 = LINE('',#16788,#16789);
#16788 = CARTESIAN_POINT('',(30.5,20.3486315613,4.9));
#16789 = VECTOR('',#16790,1.);
#16790 = DIRECTION('',(-0.866025403784,-0.5,0.));
#16791 = PCURVE('',#10162,#16792);
#16792 = DEFINITIONAL_REPRESENTATION('',(#16793),#16797);
#16793 = LINE('',#16794,#16795);
#16794 = CARTESIAN_POINT('',(0.,3.3486315613));
#16795 = VECTOR('',#16796,1.);
#16796 = DIRECTION('',(-0.866025403784,-0.5));
#16797 = ( GEOMETRIC_REPRESENTATION_CONTEXT(2) 
PARAMETRIC_REPRESENTATION_CONTEXT() REPRESENTATION_CONTEXT('2D SPACE',''
  ) );
#16798 = PCURVE('',#16647,#16799);
#16799 = DEFINITIONAL_REPRESENTATION('',(#16800),#16804);
#16800 = LINE('',#16801,#16802);
#16801 = CARTESIAN_POINT('',(0.,0.));
#16802 = VECTOR('',#16803,1.);
#16803 = DIRECTION('',(1.,0.));
#16804 = ( GEOMETRIC_REPRESENTATION_CONTEXT(2) 
PARAMETRIC_REPRESENTATION_CONTEXT() REPRESENTATION_CONTEXT('2D SPACE',''
  ) );
#16805 = ORIENTED_EDGE('',*,*,#16806,.F.);
#16806 = EDGE_CURVE('',#10122,#16784,#16807,.T.);
#16807 = SURFACE_CURVE('',#16808,(#16812,#16819),.PCURVE_S1.);
#16808 = LINE('',#16809,#16810);
#16809 = CARTESIAN_POINT('',(27.6,12.8,4.9));
#16810 = VECTOR('',#16811,1.);
#16811 = DIRECTION('',(0.,1.,0.));
#16812 = PCURVE('',#10162,#16813);
#16813 = DEFINITIONAL_REPRESENTATION('',(#16814),#16818);
#16814 = LINE('',#16815,#16816);
#16815 = CARTESIAN_POINT('',(-2.9,-4.2));
#16816 = VECTOR('',#16817,1.);
#16817 = DIRECTION('',(0.,1.));
#16818 = ( GEOMETRIC_REPRESENTATION_CONTEXT(2) 
PARAMETRIC_REPRESENTATION_CONTEXT() REPRESENTATION_CONTEXT('2D SPACE',''
  ) );
#16819 = PCURVE('',#10136,#16820);
#16820 = DEFINITIONAL_REPRESENTATION('',(#16821),#16825);
#16821 = LINE('',#16822,#16823);
#16822 = CARTESIAN_POINT('',(5.87431578065,0.));
#16823 = VECTOR('',#16824,1.);
#16824 = DIRECTION('',(-1.,0.));
#16825 = ( GEOMETRIC_REPRESENTATION_CONTEXT(2) 
PARAMETRIC_REPRESENTATION_CONTEXT() REPRESENTATION_CONTEXT('2D SPACE',''
  ) );
#16826 = ORIENTED_EDGE('',*,*,#10147,.T.);
#16827 = FACE_BOUND('',#16828,.T.);
#16828 = EDGE_LOOP('',(#16829));
#16829 = ORIENTED_EDGE('',*,*,#16830,.F.);
#16830 = EDGE_CURVE('',#16831,#16831,#16833,.T.);
#16831 = VERTEX_POINT('',#16832);
#16832 = CARTESIAN_POINT('',(32.2,17.,4.9));
#16833 = SURFACE_CURVE('',#16834,(#16839,#16846),.PCURVE_S1.);
#16834 = CIRCLE('',#16835,1.7);
#16835 = AXIS2_PLACEMENT_3D('',#16836,#16837,#16838);
#16836 = CARTESIAN_POINT('',(30.5,17.,4.9));
#16837 = DIRECTION('',(0.,0.,1.));
#16838 = DIRECTION('',(1.,0.,-0.));
#16839 = PCURVE('',#10162,#16840);
#16840 = DEFINITIONAL_REPRESENTATION('',(#16841),#16845);
#16841 = CIRCLE('',#16842,1.7);
#16842 = AXIS2_PLACEMENT_2D('',#16843,#16844);
#16843 = CARTESIAN_POINT('',(0.,0.));
#16844 = DIRECTION('',(1.,0.));
#16845 = ( GEOMETRIC_REPRESENTATION_CONTEXT(2) 
PARAMETRIC_REPRESENTATION_CONTEXT() REPRESENTATION_CONTEXT('2D SPACE',''
  ) );
#16846 = PCURVE('',#16847,#16852);
#16847 = CYLINDRICAL_SURFACE('',#16848,1.7);
#16848 = AXIS2_PLACEMENT_3D('',#16849,#16850,#16851);
#16849 = CARTESIAN_POINT('',(30.5,17.,2.4));
#16850 = DIRECTION('',(0.,0.,1.));
#16851 = DIRECTION('',(1.,0.,-0.));
#16852 = DEFINITIONAL_REPRESENTATION('',(#16853),#16857);
#16853 = LINE('',#16854,#16855);
#16854 = CARTESIAN_POINT('',(0.,2.5));
#16855 = VECTOR('',#16856,1.);
#16856 = DIRECTION('',(1.,0.));
#16857 = ( GEOMETRIC_REPRESENTATION_CONTEXT(2) 
PARAMETRIC_REPRESENTATION_CONTEXT() REPRESENTATION_CONTEXT('2D SPACE',''
  ) );
#16858 = ADVANCED_FACE('',(#16859),#10136,.T.);
#16859 = FACE_BOUND('',#16860,.T.);
#16860 = EDGE_LOOP('',(#16861,#16862,#16883,#16884));
#16861 = ORIENTED_EDGE('',*,*,#16806,.T.);
#16862 = ORIENTED_EDGE('',*,*,#16863,.T.);
#16863 = EDGE_CURVE('',#16784,#16632,#16864,.T.);
#16864 = SURFACE_CURVE('',#16865,(#16869,#16876),.PCURVE_S1.);
#16865 = LINE('',#16866,#16867);
#16866 = CARTESIAN_POINT('',(27.6,18.67431578065,4.9));
#16867 = VECTOR('',#16868,1.);
#16868 = DIRECTION('',(0.,0.,1.));
#16869 = PCURVE('',#10136,#16870);
#16870 = DEFINITIONAL_REPRESENTATION('',(#16871),#16875);
#16871 = LINE('',#16872,#16873);
#16872 = CARTESIAN_POINT('',(0.,0.));
#16873 = VECTOR('',#16874,1.);
#16874 = DIRECTION('',(0.,-1.));
#16875 = ( GEOMETRIC_REPRESENTATION_CONTEXT(2) 
PARAMETRIC_REPRESENTATION_CONTEXT() REPRESENTATION_CONTEXT('2D SPACE',''
  ) );
#16876 = PCURVE('',#16647,#16877);
#16877 = DEFINITIONAL_REPRESENTATION('',(#16878),#16882);
#16878 = LINE('',#16879,#16880);
#16879 = CARTESIAN_POINT('',(3.3486315613,0.));
#16880 = VECTOR('',#16881,1.);
#16881 = DIRECTION('',(0.,-1.));
#16882 = ( GEOMETRIC_REPRESENTATION_CONTEXT(2) 
PARAMETRIC_REPRESENTATION_CONTEXT() REPRESENTATION_CONTEXT('2D SPACE',''
  ) );
#16883 = ORIENTED_EDGE('',*,*,#16659,.T.);
#16884 = ORIENTED_EDGE('',*,*,#10121,.T.);
#16885 = ADVANCED_FACE('',(#16886),#10241,.T.);
#16886 = FACE_BOUND('',#16887,.T.);
#16887 = EDGE_LOOP('',(#16888,#16911,#16939,#16960));
#16888 = ORIENTED_EDGE('',*,*,#16889,.T.);
#16889 = EDGE_CURVE('',#10225,#16890,#16892,.T.);
#16890 = VERTEX_POINT('',#16891);
#16891 = CARTESIAN_POINT('',(-32.9,41.67431578065,26.5));
#16892 = SURFACE_CURVE('',#16893,(#16897,#16904),.PCURVE_S1.);
#16893 = LINE('',#16894,#16895);
#16894 = CARTESIAN_POINT('',(-32.9,35.,26.5));
#16895 = VECTOR('',#16896,1.);
#16896 = DIRECTION('',(0.,1.,0.));
#16897 = PCURVE('',#10241,#16898);
#16898 = DEFINITIONAL_REPRESENTATION('',(#16899),#16903);
#16899 = LINE('',#16900,#16901);
#16900 = CARTESIAN_POINT('',(6.67431578065,0.));
#16901 = VECTOR('',#16902,1.);
#16902 = DIRECTION('',(-1.,0.));
#16903 = ( GEOMETRIC_REPRESENTATION_CONTEXT(2) 
PARAMETRIC_REPRESENTATION_CONTEXT() REPRESENTATION_CONTEXT('2D SPACE',''
  ) );
#16904 = PCURVE('',#10322,#16905);
#16905 = DEFINITIONAL_REPRESENTATION('',(#16906),#16910);
#16906 = LINE('',#16907,#16908);
#16907 = CARTESIAN_POINT('',(-2.9,-5.));
#16908 = VECTOR('',#16909,1.);
#16909 = DIRECTION('',(0.,1.));
#16910 = ( GEOMETRIC_REPRESENTATION_CONTEXT(2) 
PARAMETRIC_REPRESENTATION_CONTEXT() REPRESENTATION_CONTEXT('2D SPACE',''
  ) );
#16911 = ORIENTED_EDGE('',*,*,#16912,.T.);
#16912 = EDGE_CURVE('',#16890,#16913,#16915,.T.);
#16913 = VERTEX_POINT('',#16914);
#16914 = CARTESIAN_POINT('',(-32.9,41.67431578065,29.2));
#16915 = SURFACE_CURVE('',#16916,(#16920,#16927),.PCURVE_S1.);
#16916 = LINE('',#16917,#16918);
#16917 = CARTESIAN_POINT('',(-32.9,41.67431578065,26.5));
#16918 = VECTOR('',#16919,1.);
#16919 = DIRECTION('',(0.,0.,1.));
#16920 = PCURVE('',#10241,#16921);
#16921 = DEFINITIONAL_REPRESENTATION('',(#16922),#16926);
#16922 = LINE('',#16923,#16924);
#16923 = CARTESIAN_POINT('',(0.,0.));
#16924 = VECTOR('',#16925,1.);
#16925 = DIRECTION('',(0.,-1.));
#16926 = ( GEOMETRIC_REPRESENTATION_CONTEXT(2) 
PARAMETRIC_REPRESENTATION_CONTEXT() REPRESENTATION_CONTEXT('2D SPACE',''
  ) );
#16927 = PCURVE('',#16928,#16933);
#16928 = PLANE('',#16929);
#16929 = AXIS2_PLACEMENT_3D('',#16930,#16931,#16932);
#16930 = CARTESIAN_POINT('',(-30.,43.3486315613,26.5));
#16931 = DIRECTION('',(0.5,-0.866025403784,0.));
#16932 = DIRECTION('',(-0.866025403784,-0.5,0.));
#16933 = DEFINITIONAL_REPRESENTATION('',(#16934),#16938);
#16934 = LINE('',#16935,#16936);
#16935 = CARTESIAN_POINT('',(3.3486315613,0.));
#16936 = VECTOR('',#16937,1.);
#16937 = DIRECTION('',(0.,-1.));
#16938 = ( GEOMETRIC_REPRESENTATION_CONTEXT(2) 
PARAMETRIC_REPRESENTATION_CONTEXT() REPRESENTATION_CONTEXT('2D SPACE',''
  ) );
#16939 = ORIENTED_EDGE('',*,*,#16940,.T.);
#16940 = EDGE_CURVE('',#16913,#10227,#16941,.T.);
#16941 = SURFACE_CURVE('',#16942,(#16946,#16953),.PCURVE_S1.);
#16942 = LINE('',#16943,#16944);
#16943 = CARTESIAN_POINT('',(-32.9,41.67431578065,29.2));
#16944 = VECTOR('',#16945,1.);
#16945 = DIRECTION('',(0.,-1.,0.));
#16946 = PCURVE('',#10241,#16947);
#16947 = DEFINITIONAL_REPRESENTATION('',(#16948),#16952);
#16948 = LINE('',#16949,#16950);
#16949 = CARTESIAN_POINT('',(0.,-2.7));
#16950 = VECTOR('',#16951,1.);
#16951 = DIRECTION('',(1.,0.));
#16952 = ( GEOMETRIC_REPRESENTATION_CONTEXT(2) 
PARAMETRIC_REPRESENTATION_CONTEXT() REPRESENTATION_CONTEXT('2D SPACE',''
  ) );
#16953 = PCURVE('',#10269,#16954);
#16954 = DEFINITIONAL_REPRESENTATION('',(#16955),#16959);
#16955 = LINE('',#16956,#16957);
#16956 = CARTESIAN_POINT('',(-2.9,1.67431578065));
#16957 = VECTOR('',#16958,1.);
#16958 = DIRECTION('',(0.,-1.));
#16959 = ( GEOMETRIC_REPRESENTATION_CONTEXT(2) 
PARAMETRIC_REPRESENTATION_CONTEXT() REPRESENTATION_CONTEXT('2D SPACE',''
  ) );
#16960 = ORIENTED_EDGE('',*,*,#10224,.F.);
#16961 = ADVANCED_FACE('',(#16962,#17038),#10322,.T.);
#16962 = FACE_BOUND('',#16963,.T.);
#16963 = EDGE_LOOP('',(#16964,#16987,#17015,#17036,#17037));
#16964 = ORIENTED_EDGE('',*,*,#16965,.T.);
#16965 = EDGE_CURVE('',#10282,#16966,#16968,.T.);
#16966 = VERTEX_POINT('',#16967);
#16967 = CARTESIAN_POINT('',(-27.1,41.67431578065,26.5));
#16968 = SURFACE_CURVE('',#16969,(#16973,#16980),.PCURVE_S1.);
#16969 = LINE('',#16970,#16971);
#16970 = CARTESIAN_POINT('',(-27.1,35.,26.5));
#16971 = VECTOR('',#16972,1.);
#16972 = DIRECTION('',(-5.322963125449E-16,1.,0.));
#16973 = PCURVE('',#10322,#16974);
#16974 = DEFINITIONAL_REPRESENTATION('',(#16975),#16979);
#16975 = LINE('',#16976,#16977);
#16976 = CARTESIAN_POINT('',(2.9,-5.));
#16977 = VECTOR('',#16978,1.);
#16978 = DIRECTION('',(-5.322963125449E-16,1.));
#16979 = ( GEOMETRIC_REPRESENTATION_CONTEXT(2) 
PARAMETRIC_REPRESENTATION_CONTEXT() REPRESENTATION_CONTEXT('2D SPACE',''
  ) );
#16980 = PCURVE('',#10296,#16981);
#16981 = DEFINITIONAL_REPRESENTATION('',(#16982),#16986);
#16982 = LINE('',#16983,#16984);
#16983 = CARTESIAN_POINT('',(-3.32568421935,0.));
#16984 = VECTOR('',#16985,1.);
#16985 = DIRECTION('',(1.,0.));
#16986 = ( GEOMETRIC_REPRESENTATION_CONTEXT(2) 
PARAMETRIC_REPRESENTATION_CONTEXT() REPRESENTATION_CONTEXT('2D SPACE',''
  ) );
#16987 = ORIENTED_EDGE('',*,*,#16988,.T.);
#16988 = EDGE_CURVE('',#16966,#16989,#16991,.T.);
#16989 = VERTEX_POINT('',#16990);
#16990 = CARTESIAN_POINT('',(-30.,43.3486315613,26.5));
#16991 = SURFACE_CURVE('',#16992,(#16996,#17003),.PCURVE_S1.);
#16992 = LINE('',#16993,#16994);
#16993 = CARTESIAN_POINT('',(-27.1,41.67431578065,26.5));
#16994 = VECTOR('',#16995,1.);
#16995 = DIRECTION('',(-0.866025403784,0.5,0.));
#16996 = PCURVE('',#10322,#16997);
#16997 = DEFINITIONAL_REPRESENTATION('',(#16998),#17002);
#16998 = LINE('',#16999,#17000);
#16999 = CARTESIAN_POINT('',(2.9,1.67431578065));
#17000 = VECTOR('',#17001,1.);
#17001 = DIRECTION('',(-0.866025403784,0.5));
#17002 = ( GEOMETRIC_REPRESENTATION_CONTEXT(2) 
PARAMETRIC_REPRESENTATION_CONTEXT() REPRESENTATION_CONTEXT('2D SPACE',''
  ) );
#17003 = PCURVE('',#17004,#17009);
#17004 = PLANE('',#17005);
#17005 = AXIS2_PLACEMENT_3D('',#17006,#17007,#17008);
#17006 = CARTESIAN_POINT('',(-27.1,41.67431578065,26.5));
#17007 = DIRECTION('',(-0.5,-0.866025403784,0.));
#17008 = DIRECTION('',(-0.866025403784,0.5,0.));
#17009 = DEFINITIONAL_REPRESENTATION('',(#17010),#17014);
#17010 = LINE('',#17011,#17012);
#17011 = CARTESIAN_POINT('',(0.,0.));
#17012 = VECTOR('',#17013,1.);
#17013 = DIRECTION('',(1.,0.));
#17014 = ( GEOMETRIC_REPRESENTATION_CONTEXT(2) 
PARAMETRIC_REPRESENTATION_CONTEXT() REPRESENTATION_CONTEXT('2D SPACE',''
  ) );
#17015 = ORIENTED_EDGE('',*,*,#17016,.T.);
#17016 = EDGE_CURVE('',#16989,#16890,#17017,.T.);
#17017 = SURFACE_CURVE('',#17018,(#17022,#17029),.PCURVE_S1.);
#17018 = LINE('',#17019,#17020);
#17019 = CARTESIAN_POINT('',(-30.,43.3486315613,26.5));
#17020 = VECTOR('',#17021,1.);
#17021 = DIRECTION('',(-0.866025403784,-0.5,0.));
#17022 = PCURVE('',#10322,#17023);
#17023 = DEFINITIONAL_REPRESENTATION('',(#17024),#17028);
#17024 = LINE('',#17025,#17026);
#17025 = CARTESIAN_POINT('',(0.,3.3486315613));
#17026 = VECTOR('',#17027,1.);
#17027 = DIRECTION('',(-0.866025403784,-0.5));
#17028 = ( GEOMETRIC_REPRESENTATION_CONTEXT(2) 
PARAMETRIC_REPRESENTATION_CONTEXT() REPRESENTATION_CONTEXT('2D SPACE',''
  ) );
#17029 = PCURVE('',#16928,#17030);
#17030 = DEFINITIONAL_REPRESENTATION('',(#17031),#17035);
#17031 = LINE('',#17032,#17033);
#17032 = CARTESIAN_POINT('',(0.,0.));
#17033 = VECTOR('',#17034,1.);
#17034 = DIRECTION('',(1.,0.));
#17035 = ( GEOMETRIC_REPRESENTATION_CONTEXT(2) 
PARAMETRIC_REPRESENTATION_CONTEXT() REPRESENTATION_CONTEXT('2D SPACE',''
  ) );
#17036 = ORIENTED_EDGE('',*,*,#16889,.F.);
#17037 = ORIENTED_EDGE('',*,*,#10307,.T.);
#17038 = FACE_BOUND('',#17039,.T.);
#17039 = EDGE_LOOP('',(#17040));
#17040 = ORIENTED_EDGE('',*,*,#17041,.F.);
#17041 = EDGE_CURVE('',#17042,#17042,#17044,.T.);
#17042 = VERTEX_POINT('',#17043);
#17043 = CARTESIAN_POINT('',(-28.3,40.,26.5));
#17044 = SURFACE_CURVE('',#17045,(#17050,#17057),.PCURVE_S1.);
#17045 = CIRCLE('',#17046,1.7);
#17046 = AXIS2_PLACEMENT_3D('',#17047,#17048,#17049);
#17047 = CARTESIAN_POINT('',(-30.,40.,26.5));
#17048 = DIRECTION('',(0.,0.,1.));
#17049 = DIRECTION('',(1.,0.,-0.));
#17050 = PCURVE('',#10322,#17051);
#17051 = DEFINITIONAL_REPRESENTATION('',(#17052),#17056);
#17052 = CIRCLE('',#17053,1.7);
#17053 = AXIS2_PLACEMENT_2D('',#17054,#17055);
#17054 = CARTESIAN_POINT('',(0.,0.));
#17055 = DIRECTION('',(1.,0.));
#17056 = ( GEOMETRIC_REPRESENTATION_CONTEXT(2) 
PARAMETRIC_REPRESENTATION_CONTEXT() REPRESENTATION_CONTEXT('2D SPACE',''
  ) );
#17057 = PCURVE('',#17058,#17063);
#17058 = CYLINDRICAL_SURFACE('',#17059,1.7);
#17059 = AXIS2_PLACEMENT_3D('',#17060,#17061,#17062);
#17060 = CARTESIAN_POINT('',(-30.,40.,22.));
#17061 = DIRECTION('',(0.,0.,1.));
#17062 = DIRECTION('',(1.,0.,-0.));
#17063 = DEFINITIONAL_REPRESENTATION('',(#17064),#17068);
#17064 = LINE('',#17065,#17066);
#17065 = CARTESIAN_POINT('',(0.,4.5));
#17066 = VECTOR('',#17067,1.);
#17067 = DIRECTION('',(1.,0.));
#17068 = ( GEOMETRIC_REPRESENTATION_CONTEXT(2) 
PARAMETRIC_REPRESENTATION_CONTEXT() REPRESENTATION_CONTEXT('2D SPACE',''
  ) );
#17069 = ADVANCED_FACE('',(#17070),#10296,.T.);
#17070 = FACE_BOUND('',#17071,.T.);
#17071 = EDGE_LOOP('',(#17072,#17073,#17074,#17097));
#17072 = ORIENTED_EDGE('',*,*,#16965,.F.);
#17073 = ORIENTED_EDGE('',*,*,#10281,.T.);
#17074 = ORIENTED_EDGE('',*,*,#17075,.F.);
#17075 = EDGE_CURVE('',#17076,#10253,#17078,.T.);
#17076 = VERTEX_POINT('',#17077);
#17077 = CARTESIAN_POINT('',(-27.1,41.67431578065,29.2));
#17078 = SURFACE_CURVE('',#17079,(#17083,#17090),.PCURVE_S1.);
#17079 = LINE('',#17080,#17081);
#17080 = CARTESIAN_POINT('',(-27.1,41.67431578065,29.2));
#17081 = VECTOR('',#17082,1.);
#17082 = DIRECTION('',(5.322963125449E-16,-1.,0.));
#17083 = PCURVE('',#10296,#17084);
#17084 = DEFINITIONAL_REPRESENTATION('',(#17085),#17089);
#17085 = LINE('',#17086,#17087);
#17086 = CARTESIAN_POINT('',(3.3486315613,-2.7));
#17087 = VECTOR('',#17088,1.);
#17088 = DIRECTION('',(-1.,0.));
#17089 = ( GEOMETRIC_REPRESENTATION_CONTEXT(2) 
PARAMETRIC_REPRESENTATION_CONTEXT() REPRESENTATION_CONTEXT('2D SPACE',''
  ) );
#17090 = PCURVE('',#10269,#17091);
#17091 = DEFINITIONAL_REPRESENTATION('',(#17092),#17096);
#17092 = LINE('',#17093,#17094);
#17093 = CARTESIAN_POINT('',(2.9,1.67431578065));
#17094 = VECTOR('',#17095,1.);
#17095 = DIRECTION('',(5.322963125449E-16,-1.));
#17096 = ( GEOMETRIC_REPRESENTATION_CONTEXT(2) 
PARAMETRIC_REPRESENTATION_CONTEXT() REPRESENTATION_CONTEXT('2D SPACE',''
  ) );
#17097 = ORIENTED_EDGE('',*,*,#17098,.F.);
#17098 = EDGE_CURVE('',#16966,#17076,#17099,.T.);
#17099 = SURFACE_CURVE('',#17100,(#17104,#17111),.PCURVE_S1.);
#17100 = LINE('',#17101,#17102);
#17101 = CARTESIAN_POINT('',(-27.1,41.67431578065,26.5));
#17102 = VECTOR('',#17103,1.);
#17103 = DIRECTION('',(0.,0.,1.));
#17104 = PCURVE('',#10296,#17105);
#17105 = DEFINITIONAL_REPRESENTATION('',(#17106),#17110);
#17106 = LINE('',#17107,#17108);
#17107 = CARTESIAN_POINT('',(3.3486315613,0.));
#17108 = VECTOR('',#17109,1.);
#17109 = DIRECTION('',(0.,-1.));
#17110 = ( GEOMETRIC_REPRESENTATION_CONTEXT(2) 
PARAMETRIC_REPRESENTATION_CONTEXT() REPRESENTATION_CONTEXT('2D SPACE',''
  ) );
#17111 = PCURVE('',#17004,#17112);
#17112 = DEFINITIONAL_REPRESENTATION('',(#17113),#17117);
#17113 = LINE('',#17114,#17115);
#17114 = CARTESIAN_POINT('',(0.,0.));
#17115 = VECTOR('',#17116,1.);
#17116 = DIRECTION('',(0.,-1.));
#17117 = ( GEOMETRIC_REPRESENTATION_CONTEXT(2) 
PARAMETRIC_REPRESENTATION_CONTEXT() REPRESENTATION_CONTEXT('2D SPACE',''
  ) );
#17118 = ADVANCED_FACE('',(#17119,#17168),#10269,.F.);
#17119 = FACE_BOUND('',#17120,.F.);
#17120 = EDGE_LOOP('',(#17121,#17122,#17145,#17166,#17167));
#17121 = ORIENTED_EDGE('',*,*,#17075,.F.);
#17122 = ORIENTED_EDGE('',*,*,#17123,.T.);
#17123 = EDGE_CURVE('',#17076,#17124,#17126,.T.);
#17124 = VERTEX_POINT('',#17125);
#17125 = CARTESIAN_POINT('',(-30.,43.3486315613,29.2));
#17126 = SURFACE_CURVE('',#17127,(#17131,#17138),.PCURVE_S1.);
#17127 = LINE('',#17128,#17129);
#17128 = CARTESIAN_POINT('',(-27.1,41.67431578065,29.2));
#17129 = VECTOR('',#17130,1.);
#17130 = DIRECTION('',(-0.866025403784,0.5,0.));
#17131 = PCURVE('',#10269,#17132);
#17132 = DEFINITIONAL_REPRESENTATION('',(#17133),#17137);
#17133 = LINE('',#17134,#17135);
#17134 = CARTESIAN_POINT('',(2.9,1.67431578065));
#17135 = VECTOR('',#17136,1.);
#17136 = DIRECTION('',(-0.866025403784,0.5));
#17137 = ( GEOMETRIC_REPRESENTATION_CONTEXT(2) 
PARAMETRIC_REPRESENTATION_CONTEXT() REPRESENTATION_CONTEXT('2D SPACE',''
  ) );
#17138 = PCURVE('',#17004,#17139);
#17139 = DEFINITIONAL_REPRESENTATION('',(#17140),#17144);
#17140 = LINE('',#17141,#17142);
#17141 = CARTESIAN_POINT('',(0.,-2.7));
#17142 = VECTOR('',#17143,1.);
#17143 = DIRECTION('',(1.,0.));
#17144 = ( GEOMETRIC_REPRESENTATION_CONTEXT(2) 
PARAMETRIC_REPRESENTATION_CONTEXT() REPRESENTATION_CONTEXT('2D SPACE',''
  ) );
#17145 = ORIENTED_EDGE('',*,*,#17146,.T.);
#17146 = EDGE_CURVE('',#17124,#16913,#17147,.T.);
#17147 = SURFACE_CURVE('',#17148,(#17152,#17159),.PCURVE_S1.);
#17148 = LINE('',#17149,#17150);
#17149 = CARTESIAN_POINT('',(-30.,43.3486315613,29.2));
#17150 = VECTOR('',#17151,1.);
#17151 = DIRECTION('',(-0.866025403784,-0.5,0.));
#17152 = PCURVE('',#10269,#17153);
#17153 = DEFINITIONAL_REPRESENTATION('',(#17154),#17158);
#17154 = LINE('',#17155,#17156);
#17155 = CARTESIAN_POINT('',(0.,3.3486315613));
#17156 = VECTOR('',#17157,1.);
#17157 = DIRECTION('',(-0.866025403784,-0.5));
#17158 = ( GEOMETRIC_REPRESENTATION_CONTEXT(2) 
PARAMETRIC_REPRESENTATION_CONTEXT() REPRESENTATION_CONTEXT('2D SPACE',''
  ) );
#17159 = PCURVE('',#16928,#17160);
#17160 = DEFINITIONAL_REPRESENTATION('',(#17161),#17165);
#17161 = LINE('',#17162,#17163);
#17162 = CARTESIAN_POINT('',(0.,-2.7));
#17163 = VECTOR('',#17164,1.);
#17164 = DIRECTION('',(1.,0.));
#17165 = ( GEOMETRIC_REPRESENTATION_CONTEXT(2) 
PARAMETRIC_REPRESENTATION_CONTEXT() REPRESENTATION_CONTEXT('2D SPACE',''
  ) );
#17166 = ORIENTED_EDGE('',*,*,#16940,.T.);
#17167 = ORIENTED_EDGE('',*,*,#10252,.T.);
#17168 = FACE_BOUND('',#17169,.F.);
#17169 = EDGE_LOOP('',(#17170));
#17170 = ORIENTED_EDGE('',*,*,#13766,.F.);
#17171 = ADVANCED_FACE('',(#17172),#10444,.T.);
#17172 = FACE_BOUND('',#17173,.T.);
#17173 = EDGE_LOOP('',(#17174,#17175,#17176,#17177));
#17174 = ORIENTED_EDGE('',*,*,#13715,.F.);
#17175 = ORIENTED_EDGE('',*,*,#10429,.T.);
#17176 = ORIENTED_EDGE('',*,*,#11241,.T.);
#17177 = ORIENTED_EDGE('',*,*,#11311,.F.);
#17178 = ADVANCED_FACE('',(#17179),#10574,.T.);
#17179 = FACE_BOUND('',#17180,.T.);
#17180 = EDGE_LOOP('',(#17181,#17204,#17232,#17253));
#17181 = ORIENTED_EDGE('',*,*,#17182,.T.);
#17182 = EDGE_CURVE('',#10558,#17183,#17185,.T.);
#17183 = VERTEX_POINT('',#17184);
#17184 = CARTESIAN_POINT('',(27.1,41.67431578065,26.5));
#17185 = SURFACE_CURVE('',#17186,(#17190,#17197),.PCURVE_S1.);
#17186 = LINE('',#17187,#17188);
#17187 = CARTESIAN_POINT('',(27.1,35.,26.5));
#17188 = VECTOR('',#17189,1.);
#17189 = DIRECTION('',(0.,1.,0.));
#17190 = PCURVE('',#10574,#17191);
#17191 = DEFINITIONAL_REPRESENTATION('',(#17192),#17196);
#17192 = LINE('',#17193,#17194);
#17193 = CARTESIAN_POINT('',(6.67431578065,0.));
#17194 = VECTOR('',#17195,1.);
#17195 = DIRECTION('',(-1.,0.));
#17196 = ( GEOMETRIC_REPRESENTATION_CONTEXT(2) 
PARAMETRIC_REPRESENTATION_CONTEXT() REPRESENTATION_CONTEXT('2D SPACE',''
  ) );
#17197 = PCURVE('',#10655,#17198);
#17198 = DEFINITIONAL_REPRESENTATION('',(#17199),#17203);
#17199 = LINE('',#17200,#17201);
#17200 = CARTESIAN_POINT('',(-2.9,-5.));
#17201 = VECTOR('',#17202,1.);
#17202 = DIRECTION('',(0.,1.));
#17203 = ( GEOMETRIC_REPRESENTATION_CONTEXT(2) 
PARAMETRIC_REPRESENTATION_CONTEXT() REPRESENTATION_CONTEXT('2D SPACE',''
  ) );
#17204 = ORIENTED_EDGE('',*,*,#17205,.T.);
#17205 = EDGE_CURVE('',#17183,#17206,#17208,.T.);
#17206 = VERTEX_POINT('',#17207);
#17207 = CARTESIAN_POINT('',(27.1,41.67431578065,29.2));
#17208 = SURFACE_CURVE('',#17209,(#17213,#17220),.PCURVE_S1.);
#17209 = LINE('',#17210,#17211);
#17210 = CARTESIAN_POINT('',(27.1,41.67431578065,26.5));
#17211 = VECTOR('',#17212,1.);
#17212 = DIRECTION('',(0.,0.,1.));
#17213 = PCURVE('',#10574,#17214);
#17214 = DEFINITIONAL_REPRESENTATION('',(#17215),#17219);
#17215 = LINE('',#17216,#17217);
#17216 = CARTESIAN_POINT('',(0.,0.));
#17217 = VECTOR('',#17218,1.);
#17218 = DIRECTION('',(0.,-1.));
#17219 = ( GEOMETRIC_REPRESENTATION_CONTEXT(2) 
PARAMETRIC_REPRESENTATION_CONTEXT() REPRESENTATION_CONTEXT('2D SPACE',''
  ) );
#17220 = PCURVE('',#17221,#17226);
#17221 = PLANE('',#17222);
#17222 = AXIS2_PLACEMENT_3D('',#17223,#17224,#17225);
#17223 = CARTESIAN_POINT('',(30.,43.3486315613,26.5));
#17224 = DIRECTION('',(0.5,-0.866025403784,0.));
#17225 = DIRECTION('',(-0.866025403784,-0.5,0.));
#17226 = DEFINITIONAL_REPRESENTATION('',(#17227),#17231);
#17227 = LINE('',#17228,#17229);
#17228 = CARTESIAN_POINT('',(3.3486315613,0.));
#17229 = VECTOR('',#17230,1.);
#17230 = DIRECTION('',(0.,-1.));
#17231 = ( GEOMETRIC_REPRESENTATION_CONTEXT(2) 
PARAMETRIC_REPRESENTATION_CONTEXT() REPRESENTATION_CONTEXT('2D SPACE',''
  ) );
#17232 = ORIENTED_EDGE('',*,*,#17233,.T.);
#17233 = EDGE_CURVE('',#17206,#10560,#17234,.T.);
#17234 = SURFACE_CURVE('',#17235,(#17239,#17246),.PCURVE_S1.);
#17235 = LINE('',#17236,#17237);
#17236 = CARTESIAN_POINT('',(27.1,41.67431578065,29.2));
#17237 = VECTOR('',#17238,1.);
#17238 = DIRECTION('',(0.,-1.,0.));
#17239 = PCURVE('',#10574,#17240);
#17240 = DEFINITIONAL_REPRESENTATION('',(#17241),#17245);
#17241 = LINE('',#17242,#17243);
#17242 = CARTESIAN_POINT('',(0.,-2.7));
#17243 = VECTOR('',#17244,1.);
#17244 = DIRECTION('',(1.,0.));
#17245 = ( GEOMETRIC_REPRESENTATION_CONTEXT(2) 
PARAMETRIC_REPRESENTATION_CONTEXT() REPRESENTATION_CONTEXT('2D SPACE',''
  ) );
#17246 = PCURVE('',#10602,#17247);
#17247 = DEFINITIONAL_REPRESENTATION('',(#17248),#17252);
#17248 = LINE('',#17249,#17250);
#17249 = CARTESIAN_POINT('',(-2.9,1.67431578065));
#17250 = VECTOR('',#17251,1.);
#17251 = DIRECTION('',(0.,-1.));
#17252 = ( GEOMETRIC_REPRESENTATION_CONTEXT(2) 
PARAMETRIC_REPRESENTATION_CONTEXT() REPRESENTATION_CONTEXT('2D SPACE',''
  ) );
#17253 = ORIENTED_EDGE('',*,*,#10557,.F.);
#17254 = ADVANCED_FACE('',(#17255,#17331),#10655,.T.);
#17255 = FACE_BOUND('',#17256,.T.);
#17256 = EDGE_LOOP('',(#17257,#17280,#17308,#17329,#17330));
#17257 = ORIENTED_EDGE('',*,*,#17258,.T.);
#17258 = EDGE_CURVE('',#10615,#17259,#17261,.T.);
#17259 = VERTEX_POINT('',#17260);
#17260 = CARTESIAN_POINT('',(32.9,41.67431578065,26.5));
#17261 = SURFACE_CURVE('',#17262,(#17266,#17273),.PCURVE_S1.);
#17262 = LINE('',#17263,#17264);
#17263 = CARTESIAN_POINT('',(32.9,35.,26.5));
#17264 = VECTOR('',#17265,1.);
#17265 = DIRECTION('',(0.,1.,0.));
#17266 = PCURVE('',#10655,#17267);
#17267 = DEFINITIONAL_REPRESENTATION('',(#17268),#17272);
#17268 = LINE('',#17269,#17270);
#17269 = CARTESIAN_POINT('',(2.9,-5.));
#17270 = VECTOR('',#17271,1.);
#17271 = DIRECTION('',(0.,1.));
#17272 = ( GEOMETRIC_REPRESENTATION_CONTEXT(2) 
PARAMETRIC_REPRESENTATION_CONTEXT() REPRESENTATION_CONTEXT('2D SPACE',''
  ) );
#17273 = PCURVE('',#10629,#17274);
#17274 = DEFINITIONAL_REPRESENTATION('',(#17275),#17279);
#17275 = LINE('',#17276,#17277);
#17276 = CARTESIAN_POINT('',(-3.32568421935,0.));
#17277 = VECTOR('',#17278,1.);
#17278 = DIRECTION('',(1.,0.));
#17279 = ( GEOMETRIC_REPRESENTATION_CONTEXT(2) 
PARAMETRIC_REPRESENTATION_CONTEXT() REPRESENTATION_CONTEXT('2D SPACE',''
  ) );
#17280 = ORIENTED_EDGE('',*,*,#17281,.T.);
#17281 = EDGE_CURVE('',#17259,#17282,#17284,.T.);
#17282 = VERTEX_POINT('',#17283);
#17283 = CARTESIAN_POINT('',(30.,43.3486315613,26.5));
#17284 = SURFACE_CURVE('',#17285,(#17289,#17296),.PCURVE_S1.);
#17285 = LINE('',#17286,#17287);
#17286 = CARTESIAN_POINT('',(32.9,41.67431578065,26.5));
#17287 = VECTOR('',#17288,1.);
#17288 = DIRECTION('',(-0.866025403784,0.5,0.));
#17289 = PCURVE('',#10655,#17290);
#17290 = DEFINITIONAL_REPRESENTATION('',(#17291),#17295);
#17291 = LINE('',#17292,#17293);
#17292 = CARTESIAN_POINT('',(2.9,1.67431578065));
#17293 = VECTOR('',#17294,1.);
#17294 = DIRECTION('',(-0.866025403784,0.5));
#17295 = ( GEOMETRIC_REPRESENTATION_CONTEXT(2) 
PARAMETRIC_REPRESENTATION_CONTEXT() REPRESENTATION_CONTEXT('2D SPACE',''
  ) );
#17296 = PCURVE('',#17297,#17302);
#17297 = PLANE('',#17298);
#17298 = AXIS2_PLACEMENT_3D('',#17299,#17300,#17301);
#17299 = CARTESIAN_POINT('',(32.9,41.67431578065,26.5));
#17300 = DIRECTION('',(-0.5,-0.866025403784,0.));
#17301 = DIRECTION('',(-0.866025403784,0.5,0.));
#17302 = DEFINITIONAL_REPRESENTATION('',(#17303),#17307);
#17303 = LINE('',#17304,#17305);
#17304 = CARTESIAN_POINT('',(0.,0.));
#17305 = VECTOR('',#17306,1.);
#17306 = DIRECTION('',(1.,0.));
#17307 = ( GEOMETRIC_REPRESENTATION_CONTEXT(2) 
PARAMETRIC_REPRESENTATION_CONTEXT() REPRESENTATION_CONTEXT('2D SPACE',''
  ) );
#17308 = ORIENTED_EDGE('',*,*,#17309,.T.);
#17309 = EDGE_CURVE('',#17282,#17183,#17310,.T.);
#17310 = SURFACE_CURVE('',#17311,(#17315,#17322),.PCURVE_S1.);
#17311 = LINE('',#17312,#17313);
#17312 = CARTESIAN_POINT('',(30.,43.3486315613,26.5));
#17313 = VECTOR('',#17314,1.);
#17314 = DIRECTION('',(-0.866025403784,-0.5,0.));
#17315 = PCURVE('',#10655,#17316);
#17316 = DEFINITIONAL_REPRESENTATION('',(#17317),#17321);
#17317 = LINE('',#17318,#17319);
#17318 = CARTESIAN_POINT('',(0.,3.3486315613));
#17319 = VECTOR('',#17320,1.);
#17320 = DIRECTION('',(-0.866025403784,-0.5));
#17321 = ( GEOMETRIC_REPRESENTATION_CONTEXT(2) 
PARAMETRIC_REPRESENTATION_CONTEXT() REPRESENTATION_CONTEXT('2D SPACE',''
  ) );
#17322 = PCURVE('',#17221,#17323);
#17323 = DEFINITIONAL_REPRESENTATION('',(#17324),#17328);
#17324 = LINE('',#17325,#17326);
#17325 = CARTESIAN_POINT('',(0.,0.));
#17326 = VECTOR('',#17327,1.);
#17327 = DIRECTION('',(1.,0.));
#17328 = ( GEOMETRIC_REPRESENTATION_CONTEXT(2) 
PARAMETRIC_REPRESENTATION_CONTEXT() REPRESENTATION_CONTEXT('2D SPACE',''
  ) );
#17329 = ORIENTED_EDGE('',*,*,#17182,.F.);
#17330 = ORIENTED_EDGE('',*,*,#10640,.T.);
#17331 = FACE_BOUND('',#17332,.T.);
#17332 = EDGE_LOOP('',(#17333));
#17333 = ORIENTED_EDGE('',*,*,#17334,.F.);
#17334 = EDGE_CURVE('',#17335,#17335,#17337,.T.);
#17335 = VERTEX_POINT('',#17336);
#17336 = CARTESIAN_POINT('',(31.7,40.,26.5));
#17337 = SURFACE_CURVE('',#17338,(#17343,#17350),.PCURVE_S1.);
#17338 = CIRCLE('',#17339,1.7);
#17339 = AXIS2_PLACEMENT_3D('',#17340,#17341,#17342);
#17340 = CARTESIAN_POINT('',(30.,40.,26.5));
#17341 = DIRECTION('',(0.,0.,1.));
#17342 = DIRECTION('',(1.,0.,-0.));
#17343 = PCURVE('',#10655,#17344);
#17344 = DEFINITIONAL_REPRESENTATION('',(#17345),#17349);
#17345 = CIRCLE('',#17346,1.7);
#17346 = AXIS2_PLACEMENT_2D('',#17347,#17348);
#17347 = CARTESIAN_POINT('',(0.,0.));
#17348 = DIRECTION('',(1.,0.));
#17349 = ( GEOMETRIC_REPRESENTATION_CONTEXT(2) 
PARAMETRIC_REPRESENTATION_CONTEXT() REPRESENTATION_CONTEXT('2D SPACE',''
  ) );
#17350 = PCURVE('',#17351,#17356);
#17351 = CYLINDRICAL_SURFACE('',#17352,1.7);
#17352 = AXIS2_PLACEMENT_3D('',#17353,#17354,#17355);
#17353 = CARTESIAN_POINT('',(30.,40.,22.));
#17354 = DIRECTION('',(0.,0.,1.));
#17355 = DIRECTION('',(1.,0.,-0.));
#17356 = DEFINITIONAL_REPRESENTATION('',(#17357),#17361);
#17357 = LINE('',#17358,#17359);
#17358 = CARTESIAN_POINT('',(0.,4.5));
#17359 = VECTOR('',#17360,1.);
#17360 = DIRECTION('',(1.,0.));
#17361 = ( GEOMETRIC_REPRESENTATION_CONTEXT(2) 
PARAMETRIC_REPRESENTATION_CONTEXT() REPRESENTATION_CONTEXT('2D SPACE',''
  ) );
#17362 = ADVANCED_FACE('',(#17363),#10629,.T.);
#17363 = FACE_BOUND('',#17364,.T.);
#17364 = EDGE_LOOP('',(#17365,#17366,#17367,#17390));
#17365 = ORIENTED_EDGE('',*,*,#17258,.F.);
#17366 = ORIENTED_EDGE('',*,*,#10614,.T.);
#17367 = ORIENTED_EDGE('',*,*,#17368,.F.);
#17368 = EDGE_CURVE('',#17369,#10586,#17371,.T.);
#17369 = VERTEX_POINT('',#17370);
#17370 = CARTESIAN_POINT('',(32.9,41.67431578065,29.2));
#17371 = SURFACE_CURVE('',#17372,(#17376,#17383),.PCURVE_S1.);
#17372 = LINE('',#17373,#17374);
#17373 = CARTESIAN_POINT('',(32.9,41.67431578065,29.2));
#17374 = VECTOR('',#17375,1.);
#17375 = DIRECTION('',(0.,-1.,0.));
#17376 = PCURVE('',#10629,#17377);
#17377 = DEFINITIONAL_REPRESENTATION('',(#17378),#17382);
#17378 = LINE('',#17379,#17380);
#17379 = CARTESIAN_POINT('',(3.3486315613,-2.7));
#17380 = VECTOR('',#17381,1.);
#17381 = DIRECTION('',(-1.,0.));
#17382 = ( GEOMETRIC_REPRESENTATION_CONTEXT(2) 
PARAMETRIC_REPRESENTATION_CONTEXT() REPRESENTATION_CONTEXT('2D SPACE',''
  ) );
#17383 = PCURVE('',#10602,#17384);
#17384 = DEFINITIONAL_REPRESENTATION('',(#17385),#17389);
#17385 = LINE('',#17386,#17387);
#17386 = CARTESIAN_POINT('',(2.9,1.67431578065));
#17387 = VECTOR('',#17388,1.);
#17388 = DIRECTION('',(0.,-1.));
#17389 = ( GEOMETRIC_REPRESENTATION_CONTEXT(2) 
PARAMETRIC_REPRESENTATION_CONTEXT() REPRESENTATION_CONTEXT('2D SPACE',''
  ) );
#17390 = ORIENTED_EDGE('',*,*,#17391,.F.);
#17391 = EDGE_CURVE('',#17259,#17369,#17392,.T.);
#17392 = SURFACE_CURVE('',#17393,(#17397,#17404),.PCURVE_S1.);
#17393 = LINE('',#17394,#17395);
#17394 = CARTESIAN_POINT('',(32.9,41.67431578065,26.5));
#17395 = VECTOR('',#17396,1.);
#17396 = DIRECTION('',(0.,0.,1.));
#17397 = PCURVE('',#10629,#17398);
#17398 = DEFINITIONAL_REPRESENTATION('',(#17399),#17403);
#17399 = LINE('',#17400,#17401);
#17400 = CARTESIAN_POINT('',(3.3486315613,0.));
#17401 = VECTOR('',#17402,1.);
#17402 = DIRECTION('',(0.,-1.));
#17403 = ( GEOMETRIC_REPRESENTATION_CONTEXT(2) 
PARAMETRIC_REPRESENTATION_CONTEXT() REPRESENTATION_CONTEXT('2D SPACE',''
  ) );
#17404 = PCURVE('',#17297,#17405);
#17405 = DEFINITIONAL_REPRESENTATION('',(#17406),#17410);
#17406 = LINE('',#17407,#17408);
#17407 = CARTESIAN_POINT('',(0.,0.));
#17408 = VECTOR('',#17409,1.);
#17409 = DIRECTION('',(0.,-1.));
#17410 = ( GEOMETRIC_REPRESENTATION_CONTEXT(2) 
PARAMETRIC_REPRESENTATION_CONTEXT() REPRESENTATION_CONTEXT('2D SPACE',''
  ) );
#17411 = ADVANCED_FACE('',(#17412,#17461),#10602,.F.);
#17412 = FACE_BOUND('',#17413,.F.);
#17413 = EDGE_LOOP('',(#17414,#17415,#17438,#17459,#17460));
#17414 = ORIENTED_EDGE('',*,*,#17368,.F.);
#17415 = ORIENTED_EDGE('',*,*,#17416,.T.);
#17416 = EDGE_CURVE('',#17369,#17417,#17419,.T.);
#17417 = VERTEX_POINT('',#17418);
#17418 = CARTESIAN_POINT('',(30.,43.3486315613,29.2));
#17419 = SURFACE_CURVE('',#17420,(#17424,#17431),.PCURVE_S1.);
#17420 = LINE('',#17421,#17422);
#17421 = CARTESIAN_POINT('',(32.9,41.67431578065,29.2));
#17422 = VECTOR('',#17423,1.);
#17423 = DIRECTION('',(-0.866025403784,0.5,0.));
#17424 = PCURVE('',#10602,#17425);
#17425 = DEFINITIONAL_REPRESENTATION('',(#17426),#17430);
#17426 = LINE('',#17427,#17428);
#17427 = CARTESIAN_POINT('',(2.9,1.67431578065));
#17428 = VECTOR('',#17429,1.);
#17429 = DIRECTION('',(-0.866025403784,0.5));
#17430 = ( GEOMETRIC_REPRESENTATION_CONTEXT(2) 
PARAMETRIC_REPRESENTATION_CONTEXT() REPRESENTATION_CONTEXT('2D SPACE',''
  ) );
#17431 = PCURVE('',#17297,#17432);
#17432 = DEFINITIONAL_REPRESENTATION('',(#17433),#17437);
#17433 = LINE('',#17434,#17435);
#17434 = CARTESIAN_POINT('',(0.,-2.7));
#17435 = VECTOR('',#17436,1.);
#17436 = DIRECTION('',(1.,0.));
#17437 = ( GEOMETRIC_REPRESENTATION_CONTEXT(2) 
PARAMETRIC_REPRESENTATION_CONTEXT() REPRESENTATION_CONTEXT('2D SPACE',''
  ) );
#17438 = ORIENTED_EDGE('',*,*,#17439,.T.);
#17439 = EDGE_CURVE('',#17417,#17206,#17440,.T.);
#17440 = SURFACE_CURVE('',#17441,(#17445,#17452),.PCURVE_S1.);
#17441 = LINE('',#17442,#17443);
#17442 = CARTESIAN_POINT('',(30.,43.3486315613,29.2));
#17443 = VECTOR('',#17444,1.);
#17444 = DIRECTION('',(-0.866025403784,-0.5,0.));
#17445 = PCURVE('',#10602,#17446);
#17446 = DEFINITIONAL_REPRESENTATION('',(#17447),#17451);
#17447 = LINE('',#17448,#17449);
#17448 = CARTESIAN_POINT('',(0.,3.3486315613));
#17449 = VECTOR('',#17450,1.);
#17450 = DIRECTION('',(-0.866025403784,-0.5));
#17451 = ( GEOMETRIC_REPRESENTATION_CONTEXT(2) 
PARAMETRIC_REPRESENTATION_CONTEXT() REPRESENTATION_CONTEXT('2D SPACE',''
  ) );
#17452 = PCURVE('',#17221,#17453);
#17453 = DEFINITIONAL_REPRESENTATION('',(#17454),#17458);
#17454 = LINE('',#17455,#17456);
#17455 = CARTESIAN_POINT('',(0.,-2.7));
#17456 = VECTOR('',#17457,1.);
#17457 = DIRECTION('',(1.,0.));
#17458 = ( GEOMETRIC_REPRESENTATION_CONTEXT(2) 
PARAMETRIC_REPRESENTATION_CONTEXT() REPRESENTATION_CONTEXT('2D SPACE',''
  ) );
#17459 = ORIENTED_EDGE('',*,*,#17233,.T.);
#17460 = ORIENTED_EDGE('',*,*,#10585,.T.);
#17461 = FACE_BOUND('',#17462,.F.);
#17462 = EDGE_LOOP('',(#17463));
#17463 = ORIENTED_EDGE('',*,*,#13352,.F.);
#17464 = ADVANCED_FACE('',(#17465),#10731,.T.);
#17465 = FACE_BOUND('',#17466,.T.);
#17466 = EDGE_LOOP('',(#17467,#17468,#17469,#17470));
#17467 = ORIENTED_EDGE('',*,*,#10717,.F.);
#17468 = ORIENTED_EDGE('',*,*,#10797,.T.);
#17469 = ORIENTED_EDGE('',*,*,#10847,.T.);
#17470 = ORIENTED_EDGE('',*,*,#10748,.F.);
#17471 = ADVANCED_FACE('',(#17472),#10932,.T.);
#17472 = FACE_BOUND('',#17473,.T.);
#17473 = EDGE_LOOP('',(#17474,#17475,#17476,#17477));
#17474 = ORIENTED_EDGE('',*,*,#10918,.F.);
#17475 = ORIENTED_EDGE('',*,*,#10998,.T.);
#17476 = ORIENTED_EDGE('',*,*,#11048,.T.);
#17477 = ORIENTED_EDGE('',*,*,#10949,.F.);
#17478 = ADVANCED_FACE('',(#17479),#11089,.T.);
#17479 = FACE_BOUND('',#17480,.F.);
#17480 = EDGE_LOOP('',(#17481,#17482,#17483,#17484));
#17481 = ORIENTED_EDGE('',*,*,#13942,.F.);
#17482 = ORIENTED_EDGE('',*,*,#11075,.T.);
#17483 = ORIENTED_EDGE('',*,*,#11104,.T.);
#17484 = ORIENTED_EDGE('',*,*,#11427,.F.);
#17485 = ADVANCED_FACE('',(#17486),#11767,.T.);
#17486 = FACE_BOUND('',#17487,.T.);
#17487 = EDGE_LOOP('',(#17488,#17489,#17510,#17511));
#17488 = ORIENTED_EDGE('',*,*,#11752,.T.);
#17489 = ORIENTED_EDGE('',*,*,#17490,.T.);
#17490 = EDGE_CURVE('',#11727,#12747,#17491,.T.);
#17491 = SURFACE_CURVE('',#17492,(#17496,#17503),.PCURVE_S1.);
#17492 = LINE('',#17493,#17494);
#17493 = CARTESIAN_POINT('',(36.1,-40.,14.7));
#17494 = VECTOR('',#17495,1.);
#17495 = DIRECTION('',(0.707106781187,0.,0.707106781187));
#17496 = PCURVE('',#11767,#17497);
#17497 = DEFINITIONAL_REPRESENTATION('',(#17498),#17502);
#17498 = LINE('',#17499,#17500);
#17499 = CARTESIAN_POINT('',(0.,-1.2));
#17500 = VECTOR('',#17501,1.);
#17501 = DIRECTION('',(1.,0.));
#17502 = ( GEOMETRIC_REPRESENTATION_CONTEXT(2) 
PARAMETRIC_REPRESENTATION_CONTEXT() REPRESENTATION_CONTEXT('2D SPACE',''
  ) );
#17503 = PCURVE('',#11741,#17504);
#17504 = DEFINITIONAL_REPRESENTATION('',(#17505),#17509);
#17505 = LINE('',#17506,#17507);
#17506 = CARTESIAN_POINT('',(-4.348706704297,-7.951293295703));
#17507 = VECTOR('',#17508,1.);
#17508 = DIRECTION('',(0.707106781187,0.707106781187));
#17509 = ( GEOMETRIC_REPRESENTATION_CONTEXT(2) 
PARAMETRIC_REPRESENTATION_CONTEXT() REPRESENTATION_CONTEXT('2D SPACE',''
  ) );
#17510 = ORIENTED_EDGE('',*,*,#12746,.F.);
#17511 = ORIENTED_EDGE('',*,*,#12819,.F.);
#17512 = ADVANCED_FACE('',(#17513),#11741,.F.);
#17513 = FACE_BOUND('',#17514,.F.);
#17514 = EDGE_LOOP('',(#17515,#17516,#17517));
#17515 = ORIENTED_EDGE('',*,*,#11726,.T.);
#17516 = ORIENTED_EDGE('',*,*,#17490,.T.);
#17517 = ORIENTED_EDGE('',*,*,#17518,.T.);
#17518 = EDGE_CURVE('',#12747,#11701,#17519,.T.);
#17519 = SURFACE_CURVE('',#17520,(#17524,#17531),.PCURVE_S1.);
#17520 = LINE('',#17521,#17522);
#17521 = CARTESIAN_POINT('',(48.4,-40.,27.));
#17522 = VECTOR('',#17523,1.);
#17523 = DIRECTION('',(-1.,0.,0.));
#17524 = PCURVE('',#11741,#17525);
#17525 = DEFINITIONAL_REPRESENTATION('',(#17526),#17530);
#17526 = LINE('',#17527,#17528);
#17527 = CARTESIAN_POINT('',(7.951293295703,4.348706704297));
#17528 = VECTOR('',#17529,1.);
#17529 = DIRECTION('',(-1.,0.));
#17530 = ( GEOMETRIC_REPRESENTATION_CONTEXT(2) 
PARAMETRIC_REPRESENTATION_CONTEXT() REPRESENTATION_CONTEXT('2D SPACE',''
  ) );
#17531 = PCURVE('',#11715,#17532);
#17532 = DEFINITIONAL_REPRESENTATION('',(#17533),#17537);
#17533 = LINE('',#17534,#17535);
#17534 = CARTESIAN_POINT('',(12.3,2.4));
#17535 = VECTOR('',#17536,1.);
#17536 = DIRECTION('',(-1.,0.));
#17537 = ( GEOMETRIC_REPRESENTATION_CONTEXT(2) 
PARAMETRIC_REPRESENTATION_CONTEXT() REPRESENTATION_CONTEXT('2D SPACE',''
  ) );
#17538 = ADVANCED_FACE('',(#17539),#11488,.T.);
#17539 = FACE_BOUND('',#17540,.T.);
#17540 = EDGE_LOOP('',(#17541,#17542,#17543,#17544));
#17541 = ORIENTED_EDGE('',*,*,#11473,.T.);
#17542 = ORIENTED_EDGE('',*,*,#12526,.T.);
#17543 = ORIENTED_EDGE('',*,*,#12621,.F.);
#17544 = ORIENTED_EDGE('',*,*,#17545,.F.);
#17545 = EDGE_CURVE('',#11474,#12599,#17546,.T.);
#17546 = SURFACE_CURVE('',#17547,(#17551,#17558),.PCURVE_S1.);
#17547 = LINE('',#17548,#17549);
#17548 = CARTESIAN_POINT('',(36.1,40.,14.7));
#17549 = VECTOR('',#17550,1.);
#17550 = DIRECTION('',(0.707106781187,0.,0.707106781187));
#17551 = PCURVE('',#11488,#17552);
#17552 = DEFINITIONAL_REPRESENTATION('',(#17553),#17557);
#17553 = LINE('',#17554,#17555);
#17554 = CARTESIAN_POINT('',(0.,1.2));
#17555 = VECTOR('',#17556,1.);
#17556 = DIRECTION('',(1.,0.));
#17557 = ( GEOMETRIC_REPRESENTATION_CONTEXT(2) 
PARAMETRIC_REPRESENTATION_CONTEXT() REPRESENTATION_CONTEXT('2D SPACE',''
  ) );
#17558 = PCURVE('',#11514,#17559);
#17559 = DEFINITIONAL_REPRESENTATION('',(#17560),#17564);
#17560 = LINE('',#17561,#17562);
#17561 = CARTESIAN_POINT('',(-4.348706704297,-7.951293295703));
#17562 = VECTOR('',#17563,1.);
#17563 = DIRECTION('',(0.707106781187,0.707106781187));
#17564 = ( GEOMETRIC_REPRESENTATION_CONTEXT(2) 
PARAMETRIC_REPRESENTATION_CONTEXT() REPRESENTATION_CONTEXT('2D SPACE',''
  ) );
#17565 = ADVANCED_FACE('',(#17566,#17592),#11715,.F.);
#17566 = FACE_BOUND('',#17567,.F.);
#17567 = EDGE_LOOP('',(#17568,#17589,#17590,#17591));
#17568 = ORIENTED_EDGE('',*,*,#17569,.T.);
#17569 = EDGE_CURVE('',#12770,#11675,#17570,.T.);
#17570 = SURFACE_CURVE('',#17571,(#17575,#17582),.PCURVE_S1.);
#17571 = LINE('',#17572,#17573);
#17572 = CARTESIAN_POINT('',(48.4,-30.8,27.));
#17573 = VECTOR('',#17574,1.);
#17574 = DIRECTION('',(-1.,0.,0.));
#17575 = PCURVE('',#11715,#17576);
#17576 = DEFINITIONAL_REPRESENTATION('',(#17577),#17581);
#17577 = LINE('',#17578,#17579);
#17578 = CARTESIAN_POINT('',(12.3,11.6));
#17579 = VECTOR('',#17580,1.);
#17580 = DIRECTION('',(-1.,0.));
#17581 = ( GEOMETRIC_REPRESENTATION_CONTEXT(2) 
PARAMETRIC_REPRESENTATION_CONTEXT() REPRESENTATION_CONTEXT('2D SPACE',''
  ) );
#17582 = PCURVE('',#11689,#17583);
#17583 = DEFINITIONAL_REPRESENTATION('',(#17584),#17588);
#17584 = LINE('',#17585,#17586);
#17585 = CARTESIAN_POINT('',(7.951293295703,4.348706704297));
#17586 = VECTOR('',#17587,1.);
#17587 = DIRECTION('',(-1.,0.));
#17588 = ( GEOMETRIC_REPRESENTATION_CONTEXT(2) 
PARAMETRIC_REPRESENTATION_CONTEXT() REPRESENTATION_CONTEXT('2D SPACE',''
  ) );
#17589 = ORIENTED_EDGE('',*,*,#11700,.T.);
#17590 = ORIENTED_EDGE('',*,*,#17518,.F.);
#17591 = ORIENTED_EDGE('',*,*,#12769,.T.);
#17592 = FACE_BOUND('',#17593,.F.);
#17593 = EDGE_LOOP('',(#17594));
#17594 = ORIENTED_EDGE('',*,*,#13301,.F.);
#17595 = ADVANCED_FACE('',(#17596),#11514,.T.);
#17596 = FACE_BOUND('',#17597,.T.);
#17597 = EDGE_LOOP('',(#17598,#17599,#17600));
#17598 = ORIENTED_EDGE('',*,*,#11499,.T.);
#17599 = ORIENTED_EDGE('',*,*,#17545,.T.);
#17600 = ORIENTED_EDGE('',*,*,#17601,.T.);
#17601 = EDGE_CURVE('',#12599,#11500,#17602,.T.);
#17602 = SURFACE_CURVE('',#17603,(#17607,#17614),.PCURVE_S1.);
#17603 = LINE('',#17604,#17605);
#17604 = CARTESIAN_POINT('',(48.4,40.,27.));
#17605 = VECTOR('',#17606,1.);
#17606 = DIRECTION('',(-1.,0.,0.));
#17607 = PCURVE('',#11514,#17608);
#17608 = DEFINITIONAL_REPRESENTATION('',(#17609),#17613);
#17609 = LINE('',#17610,#17611);
#17610 = CARTESIAN_POINT('',(7.951293295703,4.348706704297));
#17611 = VECTOR('',#17612,1.);
#17612 = DIRECTION('',(-1.,0.));
#17613 = ( GEOMETRIC_REPRESENTATION_CONTEXT(2) 
PARAMETRIC_REPRESENTATION_CONTEXT() REPRESENTATION_CONTEXT('2D SPACE',''
  ) );
#17614 = PCURVE('',#11540,#17615);
#17615 = DEFINITIONAL_REPRESENTATION('',(#17616),#17620);
#17616 = LINE('',#17617,#17618);
#17617 = CARTESIAN_POINT('',(12.3,11.6));
#17618 = VECTOR('',#17619,1.);
#17619 = DIRECTION('',(-1.,0.));
#17620 = ( GEOMETRIC_REPRESENTATION_CONTEXT(2) 
PARAMETRIC_REPRESENTATION_CONTEXT() REPRESENTATION_CONTEXT('2D SPACE',''
  ) );
#17621 = ADVANCED_FACE('',(#17622),#11689,.T.);
#17622 = FACE_BOUND('',#17623,.T.);
#17623 = EDGE_LOOP('',(#17624,#17625,#17646));
#17624 = ORIENTED_EDGE('',*,*,#11674,.T.);
#17625 = ORIENTED_EDGE('',*,*,#17626,.T.);
#17626 = EDGE_CURVE('',#11649,#12770,#17627,.T.);
#17627 = SURFACE_CURVE('',#17628,(#17632,#17639),.PCURVE_S1.);
#17628 = LINE('',#17629,#17630);
#17629 = CARTESIAN_POINT('',(36.1,-30.8,14.7));
#17630 = VECTOR('',#17631,1.);
#17631 = DIRECTION('',(0.707106781187,0.,0.707106781187));
#17632 = PCURVE('',#11689,#17633);
#17633 = DEFINITIONAL_REPRESENTATION('',(#17634),#17638);
#17634 = LINE('',#17635,#17636);
#17635 = CARTESIAN_POINT('',(-4.348706704297,-7.951293295703));
#17636 = VECTOR('',#17637,1.);
#17637 = DIRECTION('',(0.707106781187,0.707106781187));
#17638 = ( GEOMETRIC_REPRESENTATION_CONTEXT(2) 
PARAMETRIC_REPRESENTATION_CONTEXT() REPRESENTATION_CONTEXT('2D SPACE',''
  ) );
#17639 = PCURVE('',#11663,#17640);
#17640 = DEFINITIONAL_REPRESENTATION('',(#17641),#17645);
#17641 = LINE('',#17642,#17643);
#17642 = CARTESIAN_POINT('',(0.,1.2));
#17643 = VECTOR('',#17644,1.);
#17644 = DIRECTION('',(1.,0.));
#17645 = ( GEOMETRIC_REPRESENTATION_CONTEXT(2) 
PARAMETRIC_REPRESENTATION_CONTEXT() REPRESENTATION_CONTEXT('2D SPACE',''
  ) );
#17646 = ORIENTED_EDGE('',*,*,#17569,.T.);
#17647 = ADVANCED_FACE('',(#17648,#17674),#11540,.F.);
#17648 = FACE_BOUND('',#17649,.F.);
#17649 = EDGE_LOOP('',(#17650,#17651,#17652,#17673));
#17650 = ORIENTED_EDGE('',*,*,#17601,.T.);
#17651 = ORIENTED_EDGE('',*,*,#11525,.T.);
#17652 = ORIENTED_EDGE('',*,*,#17653,.F.);
#17653 = EDGE_CURVE('',#12576,#11526,#17654,.T.);
#17654 = SURFACE_CURVE('',#17655,(#17659,#17666),.PCURVE_S1.);
#17655 = LINE('',#17656,#17657);
#17656 = CARTESIAN_POINT('',(48.4,30.8,27.));
#17657 = VECTOR('',#17658,1.);
#17658 = DIRECTION('',(-1.,0.,0.));
#17659 = PCURVE('',#11540,#17660);
#17660 = DEFINITIONAL_REPRESENTATION('',(#17661),#17665);
#17661 = LINE('',#17662,#17663);
#17662 = CARTESIAN_POINT('',(12.3,2.4));
#17663 = VECTOR('',#17664,1.);
#17664 = DIRECTION('',(-1.,0.));
#17665 = ( GEOMETRIC_REPRESENTATION_CONTEXT(2) 
PARAMETRIC_REPRESENTATION_CONTEXT() REPRESENTATION_CONTEXT('2D SPACE',''
  ) );
#17666 = PCURVE('',#11566,#17667);
#17667 = DEFINITIONAL_REPRESENTATION('',(#17668),#17672);
#17668 = LINE('',#17669,#17670);
#17669 = CARTESIAN_POINT('',(7.951293295703,4.348706704297));
#17670 = VECTOR('',#17671,1.);
#17671 = DIRECTION('',(-1.,0.));
#17672 = ( GEOMETRIC_REPRESENTATION_CONTEXT(2) 
PARAMETRIC_REPRESENTATION_CONTEXT() REPRESENTATION_CONTEXT('2D SPACE',''
  ) );
#17673 = ORIENTED_EDGE('',*,*,#12598,.T.);
#17674 = FACE_BOUND('',#17675,.F.);
#17675 = EDGE_LOOP('',(#17676));
#17676 = ORIENTED_EDGE('',*,*,#13550,.F.);
#17677 = ADVANCED_FACE('',(#17678),#11663,.T.);
#17678 = FACE_BOUND('',#17679,.T.);
#17679 = EDGE_LOOP('',(#17680,#17681,#17682,#17683));
#17680 = ORIENTED_EDGE('',*,*,#11648,.T.);
#17681 = ORIENTED_EDGE('',*,*,#12697,.T.);
#17682 = ORIENTED_EDGE('',*,*,#12792,.F.);
#17683 = ORIENTED_EDGE('',*,*,#17626,.F.);
#17684 = ADVANCED_FACE('',(#17685),#11566,.F.);
#17685 = FACE_BOUND('',#17686,.F.);
#17686 = EDGE_LOOP('',(#17687,#17688,#17709));
#17687 = ORIENTED_EDGE('',*,*,#11551,.T.);
#17688 = ORIENTED_EDGE('',*,*,#17689,.T.);
#17689 = EDGE_CURVE('',#11552,#12576,#17690,.T.);
#17690 = SURFACE_CURVE('',#17691,(#17695,#17702),.PCURVE_S1.);
#17691 = LINE('',#17692,#17693);
#17692 = CARTESIAN_POINT('',(36.1,30.8,14.7));
#17693 = VECTOR('',#17694,1.);
#17694 = DIRECTION('',(0.707106781187,0.,0.707106781187));
#17695 = PCURVE('',#11566,#17696);
#17696 = DEFINITIONAL_REPRESENTATION('',(#17697),#17701);
#17697 = LINE('',#17698,#17699);
#17698 = CARTESIAN_POINT('',(-4.348706704297,-7.951293295703));
#17699 = VECTOR('',#17700,1.);
#17700 = DIRECTION('',(0.707106781187,0.707106781187));
#17701 = ( GEOMETRIC_REPRESENTATION_CONTEXT(2) 
PARAMETRIC_REPRESENTATION_CONTEXT() REPRESENTATION_CONTEXT('2D SPACE',''
  ) );
#17702 = PCURVE('',#11592,#17703);
#17703 = DEFINITIONAL_REPRESENTATION('',(#17704),#17708);
#17704 = LINE('',#17705,#17706);
#17705 = CARTESIAN_POINT('',(0.,-1.2));
#17706 = VECTOR('',#17707,1.);
#17707 = DIRECTION('',(1.,0.));
#17708 = ( GEOMETRIC_REPRESENTATION_CONTEXT(2) 
PARAMETRIC_REPRESENTATION_CONTEXT() REPRESENTATION_CONTEXT('2D SPACE',''
  ) );
#17709 = ORIENTED_EDGE('',*,*,#17653,.T.);
#17710 = ADVANCED_FACE('',(#17711),#11592,.T.);
#17711 = FACE_BOUND('',#17712,.T.);
#17712 = EDGE_LOOP('',(#17713,#17714,#17715,#17716));
#17713 = ORIENTED_EDGE('',*,*,#11577,.T.);
#17714 = ORIENTED_EDGE('',*,*,#17689,.T.);
#17715 = ORIENTED_EDGE('',*,*,#12575,.F.);
#17716 = ORIENTED_EDGE('',*,*,#12648,.F.);
#17717 = ADVANCED_FACE('',(#17718),#12918,.T.);
#17718 = FACE_BOUND('',#17719,.T.);
#17719 = EDGE_LOOP('',(#17720,#17721,#17722));
#17720 = ORIENTED_EDGE('',*,*,#12902,.F.);
#17721 = ORIENTED_EDGE('',*,*,#12974,.T.);
#17722 = ORIENTED_EDGE('',*,*,#13002,.F.);
#17723 = ADVANCED_FACE('',(#17724),#13117,.T.);
#17724 = FACE_BOUND('',#17725,.T.);
#17725 = EDGE_LOOP('',(#17726,#17727,#17728));
#17726 = ORIENTED_EDGE('',*,*,#13202,.F.);
#17727 = ORIENTED_EDGE('',*,*,#13153,.T.);
#17728 = ORIENTED_EDGE('',*,*,#13101,.T.);
#17729 = ADVANCED_FACE('',(#17730),#13414,.T.);
#17730 = FACE_BOUND('',#17731,.T.);
#17731 = EDGE_LOOP('',(#17732,#17733,#17734));
#17732 = ORIENTED_EDGE('',*,*,#13500,.F.);
#17733 = ORIENTED_EDGE('',*,*,#13453,.F.);
#17734 = ORIENTED_EDGE('',*,*,#13398,.T.);
#17735 = ADVANCED_FACE('',(#17736),#13828,.T.);
#17736 = FACE_BOUND('',#17737,.T.);
#17737 = EDGE_LOOP('',(#17738,#17739,#17740));
#17738 = ORIENTED_EDGE('',*,*,#13914,.F.);
#17739 = ORIENTED_EDGE('',*,*,#13867,.F.);
#17740 = ORIENTED_EDGE('',*,*,#13812,.F.);
#17741 = ADVANCED_FACE('',(#17742),#14054,.T.);
#17742 = FACE_BOUND('',#17743,.T.);
#17743 = EDGE_LOOP('',(#17744,#17765,#17766,#17767));
#17744 = ORIENTED_EDGE('',*,*,#17745,.T.);
#17745 = EDGE_CURVE('',#14013,#14175,#17746,.T.);
#17746 = SURFACE_CURVE('',#17747,(#17751,#17758),.PCURVE_S1.);
#17747 = LINE('',#17748,#17749);
#17748 = CARTESIAN_POINT('',(-30.,-43.3486315613,26.5));
#17749 = VECTOR('',#17750,1.);
#17750 = DIRECTION('',(0.,0.,1.));
#17751 = PCURVE('',#14054,#17752);
#17752 = DEFINITIONAL_REPRESENTATION('',(#17753),#17757);
#17753 = LINE('',#17754,#17755);
#17754 = CARTESIAN_POINT('',(0.,0.));
#17755 = VECTOR('',#17756,1.);
#17756 = DIRECTION('',(0.,-1.));
#17757 = ( GEOMETRIC_REPRESENTATION_CONTEXT(2) 
PARAMETRIC_REPRESENTATION_CONTEXT() REPRESENTATION_CONTEXT('2D SPACE',''
  ) );
#17758 = PCURVE('',#14028,#17759);
#17759 = DEFINITIONAL_REPRESENTATION('',(#17760),#17764);
#17760 = LINE('',#17761,#17762);
#17761 = CARTESIAN_POINT('',(3.3486315613,0.));
#17762 = VECTOR('',#17763,1.);
#17763 = DIRECTION('',(0.,-1.));
#17764 = ( GEOMETRIC_REPRESENTATION_CONTEXT(2) 
PARAMETRIC_REPRESENTATION_CONTEXT() REPRESENTATION_CONTEXT('2D SPACE',''
  ) );
#17765 = ORIENTED_EDGE('',*,*,#14197,.T.);
#17766 = ORIENTED_EDGE('',*,*,#14225,.F.);
#17767 = ORIENTED_EDGE('',*,*,#14040,.F.);
#17768 = ADVANCED_FACE('',(#17769),#14028,.T.);
#17769 = FACE_BOUND('',#17770,.T.);
#17770 = EDGE_LOOP('',(#17771,#17772,#17773,#17774));
#17771 = ORIENTED_EDGE('',*,*,#14124,.T.);
#17772 = ORIENTED_EDGE('',*,*,#14174,.T.);
#17773 = ORIENTED_EDGE('',*,*,#17745,.F.);
#17774 = ORIENTED_EDGE('',*,*,#14012,.F.);
#17775 = ADVANCED_FACE('',(#17776),#14085,.F.);
#17776 = FACE_BOUND('',#17777,.F.);
#17777 = EDGE_LOOP('',(#17778,#17779,#17802,#17829));
#17778 = ORIENTED_EDGE('',*,*,#14068,.F.);
#17779 = ORIENTED_EDGE('',*,*,#17780,.F.);
#17780 = EDGE_CURVE('',#17781,#14069,#17783,.T.);
#17781 = VERTEX_POINT('',#17782);
#17782 = CARTESIAN_POINT('',(-28.3,-40.,22.));
#17783 = SEAM_CURVE('',#17784,(#17788,#17795),.PCURVE_S1.);
#17784 = LINE('',#17785,#17786);
#17785 = CARTESIAN_POINT('',(-28.3,-40.,22.));
#17786 = VECTOR('',#17787,1.);
#17787 = DIRECTION('',(0.,0.,1.));
#17788 = PCURVE('',#14085,#17789);
#17789 = DEFINITIONAL_REPRESENTATION('',(#17790),#17794);
#17790 = LINE('',#17791,#17792);
#17791 = CARTESIAN_POINT('',(6.28318530718,-0.));
#17792 = VECTOR('',#17793,1.);
#17793 = DIRECTION('',(0.,1.));
#17794 = ( GEOMETRIC_REPRESENTATION_CONTEXT(2) 
PARAMETRIC_REPRESENTATION_CONTEXT() REPRESENTATION_CONTEXT('2D SPACE',''
  ) );
#17795 = PCURVE('',#14085,#17796);
#17796 = DEFINITIONAL_REPRESENTATION('',(#17797),#17801);
#17797 = LINE('',#17798,#17799);
#17798 = CARTESIAN_POINT('',(0.,-0.));
#17799 = VECTOR('',#17800,1.);
#17800 = DIRECTION('',(0.,1.));
#17801 = ( GEOMETRIC_REPRESENTATION_CONTEXT(2) 
PARAMETRIC_REPRESENTATION_CONTEXT() REPRESENTATION_CONTEXT('2D SPACE',''
  ) );
#17802 = ORIENTED_EDGE('',*,*,#17803,.T.);
#17803 = EDGE_CURVE('',#17781,#17781,#17804,.T.);
#17804 = SURFACE_CURVE('',#17805,(#17810,#17817),.PCURVE_S1.);
#17805 = CIRCLE('',#17806,1.7);
#17806 = AXIS2_PLACEMENT_3D('',#17807,#17808,#17809);
#17807 = CARTESIAN_POINT('',(-30.,-40.,22.));
#17808 = DIRECTION('',(0.,0.,1.));
#17809 = DIRECTION('',(1.,0.,-0.));
#17810 = PCURVE('',#14085,#17811);
#17811 = DEFINITIONAL_REPRESENTATION('',(#17812),#17816);
#17812 = LINE('',#17813,#17814);
#17813 = CARTESIAN_POINT('',(0.,0.));
#17814 = VECTOR('',#17815,1.);
#17815 = DIRECTION('',(1.,0.));
#17816 = ( GEOMETRIC_REPRESENTATION_CONTEXT(2) 
PARAMETRIC_REPRESENTATION_CONTEXT() REPRESENTATION_CONTEXT('2D SPACE',''
  ) );
#17817 = PCURVE('',#17818,#17823);
#17818 = PLANE('',#17819);
#17819 = AXIS2_PLACEMENT_3D('',#17820,#17821,#17822);
#17820 = CARTESIAN_POINT('',(-30.,-40.,22.));
#17821 = DIRECTION('',(0.,0.,1.));
#17822 = DIRECTION('',(1.,0.,-0.));
#17823 = DEFINITIONAL_REPRESENTATION('',(#17824),#17828);
#17824 = CIRCLE('',#17825,1.7);
#17825 = AXIS2_PLACEMENT_2D('',#17826,#17827);
#17826 = CARTESIAN_POINT('',(0.,0.));
#17827 = DIRECTION('',(1.,0.));
#17828 = ( GEOMETRIC_REPRESENTATION_CONTEXT(2) 
PARAMETRIC_REPRESENTATION_CONTEXT() REPRESENTATION_CONTEXT('2D SPACE',''
  ) );
#17829 = ORIENTED_EDGE('',*,*,#17780,.T.);
#17830 = ADVANCED_FACE('',(#17831),#14319,.F.);
#17831 = FACE_BOUND('',#17832,.F.);
#17832 = EDGE_LOOP('',(#17833,#17854,#17855,#17856));
#17833 = ORIENTED_EDGE('',*,*,#17834,.T.);
#17834 = EDGE_CURVE('',#14445,#14303,#17835,.T.);
#17835 = SEAM_CURVE('',#17836,(#17840,#17847),.PCURVE_S1.);
#17836 = LINE('',#17837,#17838);
#17837 = CARTESIAN_POINT('',(-28.8,-17.,2.4));
#17838 = VECTOR('',#17839,1.);
#17839 = DIRECTION('',(0.,0.,1.));
#17840 = PCURVE('',#14319,#17841);
#17841 = DEFINITIONAL_REPRESENTATION('',(#17842),#17846);
#17842 = LINE('',#17843,#17844);
#17843 = CARTESIAN_POINT('',(6.28318530718,-0.));
#17844 = VECTOR('',#17845,1.);
#17845 = DIRECTION('',(0.,1.));
#17846 = ( GEOMETRIC_REPRESENTATION_CONTEXT(2) 
PARAMETRIC_REPRESENTATION_CONTEXT() REPRESENTATION_CONTEXT('2D SPACE',''
  ) );
#17847 = PCURVE('',#14319,#17848);
#17848 = DEFINITIONAL_REPRESENTATION('',(#17849),#17853);
#17849 = LINE('',#17850,#17851);
#17850 = CARTESIAN_POINT('',(0.,-0.));
#17851 = VECTOR('',#17852,1.);
#17852 = DIRECTION('',(0.,1.));
#17853 = ( GEOMETRIC_REPRESENTATION_CONTEXT(2) 
PARAMETRIC_REPRESENTATION_CONTEXT() REPRESENTATION_CONTEXT('2D SPACE',''
  ) );
#17854 = ORIENTED_EDGE('',*,*,#14302,.F.);
#17855 = ORIENTED_EDGE('',*,*,#17834,.F.);
#17856 = ORIENTED_EDGE('',*,*,#14444,.T.);
#17857 = ADVANCED_FACE('',(#17858),#14408,.T.);
#17858 = FACE_BOUND('',#17859,.T.);
#17859 = EDGE_LOOP('',(#17860,#17881,#17882,#17883));
#17860 = ORIENTED_EDGE('',*,*,#17861,.T.);
#17861 = EDGE_CURVE('',#14571,#14365,#17862,.T.);
#17862 = SURFACE_CURVE('',#17863,(#17867,#17874),.PCURVE_S1.);
#17863 = LINE('',#17864,#17865);
#17864 = CARTESIAN_POINT('',(-30.5,-13.6513684387,4.9));
#17865 = VECTOR('',#17866,1.);
#17866 = DIRECTION('',(0.,0.,1.));
#17867 = PCURVE('',#14408,#17868);
#17868 = DEFINITIONAL_REPRESENTATION('',(#17869),#17873);
#17869 = LINE('',#17870,#17871);
#17870 = CARTESIAN_POINT('',(0.,0.));
#17871 = VECTOR('',#17872,1.);
#17872 = DIRECTION('',(0.,-1.));
#17873 = ( GEOMETRIC_REPRESENTATION_CONTEXT(2) 
PARAMETRIC_REPRESENTATION_CONTEXT() REPRESENTATION_CONTEXT('2D SPACE',''
  ) );
#17874 = PCURVE('',#14380,#17875);
#17875 = DEFINITIONAL_REPRESENTATION('',(#17876),#17880);
#17876 = LINE('',#17877,#17878);
#17877 = CARTESIAN_POINT('',(3.3486315613,0.));
#17878 = VECTOR('',#17879,1.);
#17879 = DIRECTION('',(0.,-1.));
#17880 = ( GEOMETRIC_REPRESENTATION_CONTEXT(2) 
PARAMETRIC_REPRESENTATION_CONTEXT() REPRESENTATION_CONTEXT('2D SPACE',''
  ) );
#17881 = ORIENTED_EDGE('',*,*,#14392,.T.);
#17882 = ORIENTED_EDGE('',*,*,#14494,.F.);
#17883 = ORIENTED_EDGE('',*,*,#14593,.F.);
#17884 = ADVANCED_FACE('',(#17885),#14380,.T.);
#17885 = FACE_BOUND('',#17886,.T.);
#17886 = EDGE_LOOP('',(#17887,#17888,#17889,#17890));
#17887 = ORIENTED_EDGE('',*,*,#14545,.T.);
#17888 = ORIENTED_EDGE('',*,*,#14364,.T.);
#17889 = ORIENTED_EDGE('',*,*,#17861,.F.);
#17890 = ORIENTED_EDGE('',*,*,#14570,.F.);
#17891 = ADVANCED_FACE('',(#17892),#14635,.F.);
#17892 = FACE_BOUND('',#17893,.F.);
#17893 = EDGE_LOOP('',(#17894,#17895,#17918,#17945));
#17894 = ORIENTED_EDGE('',*,*,#14618,.F.);
#17895 = ORIENTED_EDGE('',*,*,#17896,.F.);
#17896 = EDGE_CURVE('',#17897,#14619,#17899,.T.);
#17897 = VERTEX_POINT('',#17898);
#17898 = CARTESIAN_POINT('',(-28.8,-17.,2.4));
#17899 = SEAM_CURVE('',#17900,(#17904,#17911),.PCURVE_S1.);
#17900 = LINE('',#17901,#17902);
#17901 = CARTESIAN_POINT('',(-28.8,-17.,2.4));
#17902 = VECTOR('',#17903,1.);
#17903 = DIRECTION('',(0.,0.,1.));
#17904 = PCURVE('',#14635,#17905);
#17905 = DEFINITIONAL_REPRESENTATION('',(#17906),#17910);
#17906 = LINE('',#17907,#17908);
#17907 = CARTESIAN_POINT('',(6.28318530718,-0.));
#17908 = VECTOR('',#17909,1.);
#17909 = DIRECTION('',(0.,1.));
#17910 = ( GEOMETRIC_REPRESENTATION_CONTEXT(2) 
PARAMETRIC_REPRESENTATION_CONTEXT() REPRESENTATION_CONTEXT('2D SPACE',''
  ) );
#17911 = PCURVE('',#14635,#17912);
#17912 = DEFINITIONAL_REPRESENTATION('',(#17913),#17917);
#17913 = LINE('',#17914,#17915);
#17914 = CARTESIAN_POINT('',(0.,-0.));
#17915 = VECTOR('',#17916,1.);
#17916 = DIRECTION('',(0.,1.));
#17917 = ( GEOMETRIC_REPRESENTATION_CONTEXT(2) 
PARAMETRIC_REPRESENTATION_CONTEXT() REPRESENTATION_CONTEXT('2D SPACE',''
  ) );
#17918 = ORIENTED_EDGE('',*,*,#17919,.T.);
#17919 = EDGE_CURVE('',#17897,#17897,#17920,.T.);
#17920 = SURFACE_CURVE('',#17921,(#17926,#17933),.PCURVE_S1.);
#17921 = CIRCLE('',#17922,1.7);
#17922 = AXIS2_PLACEMENT_3D('',#17923,#17924,#17925);
#17923 = CARTESIAN_POINT('',(-30.5,-17.,2.4));
#17924 = DIRECTION('',(0.,0.,1.));
#17925 = DIRECTION('',(1.,0.,-0.));
#17926 = PCURVE('',#14635,#17927);
#17927 = DEFINITIONAL_REPRESENTATION('',(#17928),#17932);
#17928 = LINE('',#17929,#17930);
#17929 = CARTESIAN_POINT('',(0.,0.));
#17930 = VECTOR('',#17931,1.);
#17931 = DIRECTION('',(1.,0.));
#17932 = ( GEOMETRIC_REPRESENTATION_CONTEXT(2) 
PARAMETRIC_REPRESENTATION_CONTEXT() REPRESENTATION_CONTEXT('2D SPACE',''
  ) );
#17933 = PCURVE('',#17934,#17939);
#17934 = PLANE('',#17935);
#17935 = AXIS2_PLACEMENT_3D('',#17936,#17937,#17938);
#17936 = CARTESIAN_POINT('',(-30.5,-17.,2.4));
#17937 = DIRECTION('',(0.,0.,1.));
#17938 = DIRECTION('',(1.,0.,-0.));
#17939 = DEFINITIONAL_REPRESENTATION('',(#17940),#17944);
#17940 = CIRCLE('',#17941,1.7);
#17941 = AXIS2_PLACEMENT_2D('',#17942,#17943);
#17942 = CARTESIAN_POINT('',(0.,0.));
#17943 = DIRECTION('',(1.,0.));
#17944 = ( GEOMETRIC_REPRESENTATION_CONTEXT(2) 
PARAMETRIC_REPRESENTATION_CONTEXT() REPRESENTATION_CONTEXT('2D SPACE',''
  ) );
#17945 = ORIENTED_EDGE('',*,*,#17896,.T.);
#17946 = ADVANCED_FACE('',(#17947),#14739,.T.);
#17947 = FACE_BOUND('',#17948,.T.);
#17948 = EDGE_LOOP('',(#17949,#17970,#17971,#17972));
#17949 = ORIENTED_EDGE('',*,*,#17950,.T.);
#17950 = EDGE_CURVE('',#14698,#14860,#17951,.T.);
#17951 = SURFACE_CURVE('',#17952,(#17956,#17963),.PCURVE_S1.);
#17952 = LINE('',#17953,#17954);
#17953 = CARTESIAN_POINT('',(30.,-43.3486315613,26.5));
#17954 = VECTOR('',#17955,1.);
#17955 = DIRECTION('',(0.,0.,1.));
#17956 = PCURVE('',#14739,#17957);
#17957 = DEFINITIONAL_REPRESENTATION('',(#17958),#17962);
#17958 = LINE('',#17959,#17960);
#17959 = CARTESIAN_POINT('',(0.,0.));
#17960 = VECTOR('',#17961,1.);
#17961 = DIRECTION('',(0.,-1.));
#17962 = ( GEOMETRIC_REPRESENTATION_CONTEXT(2) 
PARAMETRIC_REPRESENTATION_CONTEXT() REPRESENTATION_CONTEXT('2D SPACE',''
  ) );
#17963 = PCURVE('',#14713,#17964);
#17964 = DEFINITIONAL_REPRESENTATION('',(#17965),#17969);
#17965 = LINE('',#17966,#17967);
#17966 = CARTESIAN_POINT('',(3.3486315613,0.));
#17967 = VECTOR('',#17968,1.);
#17968 = DIRECTION('',(0.,-1.));
#17969 = ( GEOMETRIC_REPRESENTATION_CONTEXT(2) 
PARAMETRIC_REPRESENTATION_CONTEXT() REPRESENTATION_CONTEXT('2D SPACE',''
  ) );
#17970 = ORIENTED_EDGE('',*,*,#14882,.T.);
#17971 = ORIENTED_EDGE('',*,*,#14910,.F.);
#17972 = ORIENTED_EDGE('',*,*,#14725,.F.);
#17973 = ADVANCED_FACE('',(#17974),#14713,.T.);
#17974 = FACE_BOUND('',#17975,.T.);
#17975 = EDGE_LOOP('',(#17976,#17977,#17978,#17979));
#17976 = ORIENTED_EDGE('',*,*,#14809,.T.);
#17977 = ORIENTED_EDGE('',*,*,#14859,.T.);
#17978 = ORIENTED_EDGE('',*,*,#17950,.F.);
#17979 = ORIENTED_EDGE('',*,*,#14697,.F.);
#17980 = ADVANCED_FACE('',(#17981),#14770,.F.);
#17981 = FACE_BOUND('',#17982,.F.);
#17982 = EDGE_LOOP('',(#17983,#17984,#18007,#18034));
#17983 = ORIENTED_EDGE('',*,*,#14753,.F.);
#17984 = ORIENTED_EDGE('',*,*,#17985,.F.);
#17985 = EDGE_CURVE('',#17986,#14754,#17988,.T.);
#17986 = VERTEX_POINT('',#17987);
#17987 = CARTESIAN_POINT('',(31.7,-40.,22.));
#17988 = SEAM_CURVE('',#17989,(#17993,#18000),.PCURVE_S1.);
#17989 = LINE('',#17990,#17991);
#17990 = CARTESIAN_POINT('',(31.7,-40.,22.));
#17991 = VECTOR('',#17992,1.);
#17992 = DIRECTION('',(0.,0.,1.));
#17993 = PCURVE('',#14770,#17994);
#17994 = DEFINITIONAL_REPRESENTATION('',(#17995),#17999);
#17995 = LINE('',#17996,#17997);
#17996 = CARTESIAN_POINT('',(6.28318530718,-0.));
#17997 = VECTOR('',#17998,1.);
#17998 = DIRECTION('',(0.,1.));
#17999 = ( GEOMETRIC_REPRESENTATION_CONTEXT(2) 
PARAMETRIC_REPRESENTATION_CONTEXT() REPRESENTATION_CONTEXT('2D SPACE',''
  ) );
#18000 = PCURVE('',#14770,#18001);
#18001 = DEFINITIONAL_REPRESENTATION('',(#18002),#18006);
#18002 = LINE('',#18003,#18004);
#18003 = CARTESIAN_POINT('',(0.,-0.));
#18004 = VECTOR('',#18005,1.);
#18005 = DIRECTION('',(0.,1.));
#18006 = ( GEOMETRIC_REPRESENTATION_CONTEXT(2) 
PARAMETRIC_REPRESENTATION_CONTEXT() REPRESENTATION_CONTEXT('2D SPACE',''
  ) );
#18007 = ORIENTED_EDGE('',*,*,#18008,.T.);
#18008 = EDGE_CURVE('',#17986,#17986,#18009,.T.);
#18009 = SURFACE_CURVE('',#18010,(#18015,#18022),.PCURVE_S1.);
#18010 = CIRCLE('',#18011,1.7);
#18011 = AXIS2_PLACEMENT_3D('',#18012,#18013,#18014);
#18012 = CARTESIAN_POINT('',(30.,-40.,22.));
#18013 = DIRECTION('',(0.,0.,1.));
#18014 = DIRECTION('',(1.,0.,-0.));
#18015 = PCURVE('',#14770,#18016);
#18016 = DEFINITIONAL_REPRESENTATION('',(#18017),#18021);
#18017 = LINE('',#18018,#18019);
#18018 = CARTESIAN_POINT('',(0.,0.));
#18019 = VECTOR('',#18020,1.);
#18020 = DIRECTION('',(1.,0.));
#18021 = ( GEOMETRIC_REPRESENTATION_CONTEXT(2) 
PARAMETRIC_REPRESENTATION_CONTEXT() REPRESENTATION_CONTEXT('2D SPACE',''
  ) );
#18022 = PCURVE('',#18023,#18028);
#18023 = PLANE('',#18024);
#18024 = AXIS2_PLACEMENT_3D('',#18025,#18026,#18027);
#18025 = CARTESIAN_POINT('',(30.,-40.,22.));
#18026 = DIRECTION('',(0.,0.,1.));
#18027 = DIRECTION('',(1.,0.,-0.));
#18028 = DEFINITIONAL_REPRESENTATION('',(#18029),#18033);
#18029 = CIRCLE('',#18030,1.7);
#18030 = AXIS2_PLACEMENT_2D('',#18031,#18032);
#18031 = CARTESIAN_POINT('',(0.,0.));
#18032 = DIRECTION('',(1.,0.));
#18033 = ( GEOMETRIC_REPRESENTATION_CONTEXT(2) 
PARAMETRIC_REPRESENTATION_CONTEXT() REPRESENTATION_CONTEXT('2D SPACE',''
  ) );
#18034 = ORIENTED_EDGE('',*,*,#17985,.T.);
#18035 = ADVANCED_FACE('',(#18036),#14979,.F.);
#18036 = FACE_BOUND('',#18037,.F.);
#18037 = EDGE_LOOP('',(#18038,#18059,#18060,#18061));
#18038 = ORIENTED_EDGE('',*,*,#18039,.T.);
#18039 = EDGE_CURVE('',#15944,#14963,#18040,.T.);
#18040 = SEAM_CURVE('',#18041,(#18045,#18052),.PCURVE_S1.);
#18041 = LINE('',#18042,#18043);
#18042 = CARTESIAN_POINT('',(32.2,-17.,2.4));
#18043 = VECTOR('',#18044,1.);
#18044 = DIRECTION('',(0.,0.,1.));
#18045 = PCURVE('',#14979,#18046);
#18046 = DEFINITIONAL_REPRESENTATION('',(#18047),#18051);
#18047 = LINE('',#18048,#18049);
#18048 = CARTESIAN_POINT('',(6.28318530718,-0.));
#18049 = VECTOR('',#18050,1.);
#18050 = DIRECTION('',(0.,1.));
#18051 = ( GEOMETRIC_REPRESENTATION_CONTEXT(2) 
PARAMETRIC_REPRESENTATION_CONTEXT() REPRESENTATION_CONTEXT('2D SPACE',''
  ) );
#18052 = PCURVE('',#14979,#18053);
#18053 = DEFINITIONAL_REPRESENTATION('',(#18054),#18058);
#18054 = LINE('',#18055,#18056);
#18055 = CARTESIAN_POINT('',(0.,-0.));
#18056 = VECTOR('',#18057,1.);
#18057 = DIRECTION('',(0.,1.));
#18058 = ( GEOMETRIC_REPRESENTATION_CONTEXT(2) 
PARAMETRIC_REPRESENTATION_CONTEXT() REPRESENTATION_CONTEXT('2D SPACE',''
  ) );
#18059 = ORIENTED_EDGE('',*,*,#14962,.F.);
#18060 = ORIENTED_EDGE('',*,*,#18039,.F.);
#18061 = ORIENTED_EDGE('',*,*,#15943,.T.);
#18062 = ADVANCED_FACE('',(#18063),#15037,.F.);
#18063 = FACE_BOUND('',#18064,.F.);
#18064 = EDGE_LOOP('',(#18065,#18086,#18087,#18088));
#18065 = ORIENTED_EDGE('',*,*,#18066,.T.);
#18066 = EDGE_CURVE('',#16684,#15021,#18067,.T.);
#18067 = SEAM_CURVE('',#18068,(#18072,#18079),.PCURVE_S1.);
#18068 = LINE('',#18069,#18070);
#18069 = CARTESIAN_POINT('',(32.2,17.,2.4));
#18070 = VECTOR('',#18071,1.);
#18071 = DIRECTION('',(0.,0.,1.));
#18072 = PCURVE('',#15037,#18073);
#18073 = DEFINITIONAL_REPRESENTATION('',(#18074),#18078);
#18074 = LINE('',#18075,#18076);
#18075 = CARTESIAN_POINT('',(6.28318530718,-0.));
#18076 = VECTOR('',#18077,1.);
#18077 = DIRECTION('',(0.,1.));
#18078 = ( GEOMETRIC_REPRESENTATION_CONTEXT(2) 
PARAMETRIC_REPRESENTATION_CONTEXT() REPRESENTATION_CONTEXT('2D SPACE',''
  ) );
#18079 = PCURVE('',#15037,#18080);
#18080 = DEFINITIONAL_REPRESENTATION('',(#18081),#18085);
#18081 = LINE('',#18082,#18083);
#18082 = CARTESIAN_POINT('',(0.,-0.));
#18083 = VECTOR('',#18084,1.);
#18084 = DIRECTION('',(0.,1.));
#18085 = ( GEOMETRIC_REPRESENTATION_CONTEXT(2) 
PARAMETRIC_REPRESENTATION_CONTEXT() REPRESENTATION_CONTEXT('2D SPACE',''
  ) );
#18086 = ORIENTED_EDGE('',*,*,#15020,.F.);
#18087 = ORIENTED_EDGE('',*,*,#18066,.F.);
#18088 = ORIENTED_EDGE('',*,*,#16683,.T.);
#18089 = ADVANCED_FACE('',(#18090),#15907,.T.);
#18090 = FACE_BOUND('',#18091,.T.);
#18091 = EDGE_LOOP('',(#18092,#18113,#18114,#18115));
#18092 = ORIENTED_EDGE('',*,*,#18093,.T.);
#18093 = EDGE_CURVE('',#16021,#15864,#18094,.T.);
#18094 = SURFACE_CURVE('',#18095,(#18099,#18106),.PCURVE_S1.);
#18095 = LINE('',#18096,#18097);
#18096 = CARTESIAN_POINT('',(30.5,-13.6513684387,4.9));
#18097 = VECTOR('',#18098,1.);
#18098 = DIRECTION('',(0.,0.,1.));
#18099 = PCURVE('',#15907,#18100);
#18100 = DEFINITIONAL_REPRESENTATION('',(#18101),#18105);
#18101 = LINE('',#18102,#18103);
#18102 = CARTESIAN_POINT('',(0.,0.));
#18103 = VECTOR('',#18104,1.);
#18104 = DIRECTION('',(0.,-1.));
#18105 = ( GEOMETRIC_REPRESENTATION_CONTEXT(2) 
PARAMETRIC_REPRESENTATION_CONTEXT() REPRESENTATION_CONTEXT('2D SPACE',''
  ) );
#18106 = PCURVE('',#15879,#18107);
#18107 = DEFINITIONAL_REPRESENTATION('',(#18108),#18112);
#18108 = LINE('',#18109,#18110);
#18109 = CARTESIAN_POINT('',(3.3486315613,0.));
#18110 = VECTOR('',#18111,1.);
#18111 = DIRECTION('',(0.,-1.));
#18112 = ( GEOMETRIC_REPRESENTATION_CONTEXT(2) 
PARAMETRIC_REPRESENTATION_CONTEXT() REPRESENTATION_CONTEXT('2D SPACE',''
  ) );
#18113 = ORIENTED_EDGE('',*,*,#15891,.T.);
#18114 = ORIENTED_EDGE('',*,*,#16123,.F.);
#18115 = ORIENTED_EDGE('',*,*,#16043,.F.);
#18116 = ADVANCED_FACE('',(#18117),#15879,.T.);
#18117 = FACE_BOUND('',#18118,.T.);
#18118 = EDGE_LOOP('',(#18119,#18120,#18121,#18122));
#18119 = ORIENTED_EDGE('',*,*,#15995,.T.);
#18120 = ORIENTED_EDGE('',*,*,#15863,.T.);
#18121 = ORIENTED_EDGE('',*,*,#18093,.F.);
#18122 = ORIENTED_EDGE('',*,*,#16020,.F.);
#18123 = ADVANCED_FACE('',(#18124),#16107,.F.);
#18124 = FACE_BOUND('',#18125,.F.);
#18125 = EDGE_LOOP('',(#18126,#18127,#18150,#18177));
#18126 = ORIENTED_EDGE('',*,*,#16090,.F.);
#18127 = ORIENTED_EDGE('',*,*,#18128,.F.);
#18128 = EDGE_CURVE('',#18129,#16091,#18131,.T.);
#18129 = VERTEX_POINT('',#18130);
#18130 = CARTESIAN_POINT('',(32.2,-17.,2.4));
#18131 = SEAM_CURVE('',#18132,(#18136,#18143),.PCURVE_S1.);
#18132 = LINE('',#18133,#18134);
#18133 = CARTESIAN_POINT('',(32.2,-17.,2.4));
#18134 = VECTOR('',#18135,1.);
#18135 = DIRECTION('',(0.,0.,1.));
#18136 = PCURVE('',#16107,#18137);
#18137 = DEFINITIONAL_REPRESENTATION('',(#18138),#18142);
#18138 = LINE('',#18139,#18140);
#18139 = CARTESIAN_POINT('',(6.28318530718,-0.));
#18140 = VECTOR('',#18141,1.);
#18141 = DIRECTION('',(0.,1.));
#18142 = ( GEOMETRIC_REPRESENTATION_CONTEXT(2) 
PARAMETRIC_REPRESENTATION_CONTEXT() REPRESENTATION_CONTEXT('2D SPACE',''
  ) );
#18143 = PCURVE('',#16107,#18144);
#18144 = DEFINITIONAL_REPRESENTATION('',(#18145),#18149);
#18145 = LINE('',#18146,#18147);
#18146 = CARTESIAN_POINT('',(0.,-0.));
#18147 = VECTOR('',#18148,1.);
#18148 = DIRECTION('',(0.,1.));
#18149 = ( GEOMETRIC_REPRESENTATION_CONTEXT(2) 
PARAMETRIC_REPRESENTATION_CONTEXT() REPRESENTATION_CONTEXT('2D SPACE',''
  ) );
#18150 = ORIENTED_EDGE('',*,*,#18151,.T.);
#18151 = EDGE_CURVE('',#18129,#18129,#18152,.T.);
#18152 = SURFACE_CURVE('',#18153,(#18158,#18165),.PCURVE_S1.);
#18153 = CIRCLE('',#18154,1.7);
#18154 = AXIS2_PLACEMENT_3D('',#18155,#18156,#18157);
#18155 = CARTESIAN_POINT('',(30.5,-17.,2.4));
#18156 = DIRECTION('',(0.,0.,1.));
#18157 = DIRECTION('',(1.,0.,-0.));
#18158 = PCURVE('',#16107,#18159);
#18159 = DEFINITIONAL_REPRESENTATION('',(#18160),#18164);
#18160 = LINE('',#18161,#18162);
#18161 = CARTESIAN_POINT('',(0.,0.));
#18162 = VECTOR('',#18163,1.);
#18163 = DIRECTION('',(1.,0.));
#18164 = ( GEOMETRIC_REPRESENTATION_CONTEXT(2) 
PARAMETRIC_REPRESENTATION_CONTEXT() REPRESENTATION_CONTEXT('2D SPACE',''
  ) );
#18165 = PCURVE('',#18166,#18171);
#18166 = PLANE('',#18167);
#18167 = AXIS2_PLACEMENT_3D('',#18168,#18169,#18170);
#18168 = CARTESIAN_POINT('',(30.5,-17.,2.4));
#18169 = DIRECTION('',(0.,0.,1.));
#18170 = DIRECTION('',(1.,0.,-0.));
#18171 = DEFINITIONAL_REPRESENTATION('',(#18172),#18176);
#18172 = CIRCLE('',#18173,1.7);
#18173 = AXIS2_PLACEMENT_2D('',#18174,#18175);
#18174 = CARTESIAN_POINT('',(0.,0.));
#18175 = DIRECTION('',(1.,0.));
#18176 = ( GEOMETRIC_REPRESENTATION_CONTEXT(2) 
PARAMETRIC_REPRESENTATION_CONTEXT() REPRESENTATION_CONTEXT('2D SPACE',''
  ) );
#18177 = ORIENTED_EDGE('',*,*,#18128,.T.);
#18178 = ADVANCED_FACE('',(#18179),#16217,.F.);
#18179 = FACE_BOUND('',#18180,.F.);
#18180 = EDGE_LOOP('',(#18181,#18202,#18203,#18204));
#18181 = ORIENTED_EDGE('',*,*,#18182,.T.);
#18182 = EDGE_CURVE('',#16343,#16201,#18183,.T.);
#18183 = SEAM_CURVE('',#18184,(#18188,#18195),.PCURVE_S1.);
#18184 = LINE('',#18185,#18186);
#18185 = CARTESIAN_POINT('',(-28.8,17.,2.4));
#18186 = VECTOR('',#18187,1.);
#18187 = DIRECTION('',(0.,0.,1.));
#18188 = PCURVE('',#16217,#18189);
#18189 = DEFINITIONAL_REPRESENTATION('',(#18190),#18194);
#18190 = LINE('',#18191,#18192);
#18191 = CARTESIAN_POINT('',(6.28318530718,-0.));
#18192 = VECTOR('',#18193,1.);
#18193 = DIRECTION('',(0.,1.));
#18194 = ( GEOMETRIC_REPRESENTATION_CONTEXT(2) 
PARAMETRIC_REPRESENTATION_CONTEXT() REPRESENTATION_CONTEXT('2D SPACE',''
  ) );
#18195 = PCURVE('',#16217,#18196);
#18196 = DEFINITIONAL_REPRESENTATION('',(#18197),#18201);
#18197 = LINE('',#18198,#18199);
#18198 = CARTESIAN_POINT('',(0.,-0.));
#18199 = VECTOR('',#18200,1.);
#18200 = DIRECTION('',(0.,1.));
#18201 = ( GEOMETRIC_REPRESENTATION_CONTEXT(2) 
PARAMETRIC_REPRESENTATION_CONTEXT() REPRESENTATION_CONTEXT('2D SPACE',''
  ) );
#18202 = ORIENTED_EDGE('',*,*,#16200,.F.);
#18203 = ORIENTED_EDGE('',*,*,#18182,.F.);
#18204 = ORIENTED_EDGE('',*,*,#16342,.T.);
#18205 = ADVANCED_FACE('',(#18206),#16306,.T.);
#18206 = FACE_BOUND('',#18207,.T.);
#18207 = EDGE_LOOP('',(#18208,#18229,#18230,#18231));
#18208 = ORIENTED_EDGE('',*,*,#18209,.T.);
#18209 = EDGE_CURVE('',#16469,#16263,#18210,.T.);
#18210 = SURFACE_CURVE('',#18211,(#18215,#18222),.PCURVE_S1.);
#18211 = LINE('',#18212,#18213);
#18212 = CARTESIAN_POINT('',(-30.5,20.3486315613,4.9));
#18213 = VECTOR('',#18214,1.);
#18214 = DIRECTION('',(0.,0.,1.));
#18215 = PCURVE('',#16306,#18216);
#18216 = DEFINITIONAL_REPRESENTATION('',(#18217),#18221);
#18217 = LINE('',#18218,#18219);
#18218 = CARTESIAN_POINT('',(0.,0.));
#18219 = VECTOR('',#18220,1.);
#18220 = DIRECTION('',(0.,-1.));
#18221 = ( GEOMETRIC_REPRESENTATION_CONTEXT(2) 
PARAMETRIC_REPRESENTATION_CONTEXT() REPRESENTATION_CONTEXT('2D SPACE',''
  ) );
#18222 = PCURVE('',#16278,#18223);
#18223 = DEFINITIONAL_REPRESENTATION('',(#18224),#18228);
#18224 = LINE('',#18225,#18226);
#18225 = CARTESIAN_POINT('',(3.3486315613,0.));
#18226 = VECTOR('',#18227,1.);
#18227 = DIRECTION('',(0.,-1.));
#18228 = ( GEOMETRIC_REPRESENTATION_CONTEXT(2) 
PARAMETRIC_REPRESENTATION_CONTEXT() REPRESENTATION_CONTEXT('2D SPACE',''
  ) );
#18229 = ORIENTED_EDGE('',*,*,#16290,.T.);
#18230 = ORIENTED_EDGE('',*,*,#16392,.F.);
#18231 = ORIENTED_EDGE('',*,*,#16491,.F.);
#18232 = ADVANCED_FACE('',(#18233),#16278,.T.);
#18233 = FACE_BOUND('',#18234,.T.);
#18234 = EDGE_LOOP('',(#18235,#18236,#18237,#18238));
#18235 = ORIENTED_EDGE('',*,*,#16443,.T.);
#18236 = ORIENTED_EDGE('',*,*,#16262,.T.);
#18237 = ORIENTED_EDGE('',*,*,#18209,.F.);
#18238 = ORIENTED_EDGE('',*,*,#16468,.F.);
#18239 = ADVANCED_FACE('',(#18240),#16533,.F.);
#18240 = FACE_BOUND('',#18241,.F.);
#18241 = EDGE_LOOP('',(#18242,#18243,#18266,#18293));
#18242 = ORIENTED_EDGE('',*,*,#16516,.F.);
#18243 = ORIENTED_EDGE('',*,*,#18244,.F.);
#18244 = EDGE_CURVE('',#18245,#16517,#18247,.T.);
#18245 = VERTEX_POINT('',#18246);
#18246 = CARTESIAN_POINT('',(-28.8,17.,2.4));
#18247 = SEAM_CURVE('',#18248,(#18252,#18259),.PCURVE_S1.);
#18248 = LINE('',#18249,#18250);
#18249 = CARTESIAN_POINT('',(-28.8,17.,2.4));
#18250 = VECTOR('',#18251,1.);
#18251 = DIRECTION('',(0.,0.,1.));
#18252 = PCURVE('',#16533,#18253);
#18253 = DEFINITIONAL_REPRESENTATION('',(#18254),#18258);
#18254 = LINE('',#18255,#18256);
#18255 = CARTESIAN_POINT('',(6.28318530718,-0.));
#18256 = VECTOR('',#18257,1.);
#18257 = DIRECTION('',(0.,1.));
#18258 = ( GEOMETRIC_REPRESENTATION_CONTEXT(2) 
PARAMETRIC_REPRESENTATION_CONTEXT() REPRESENTATION_CONTEXT('2D SPACE',''
  ) );
#18259 = PCURVE('',#16533,#18260);
#18260 = DEFINITIONAL_REPRESENTATION('',(#18261),#18265);
#18261 = LINE('',#18262,#18263);
#18262 = CARTESIAN_POINT('',(0.,-0.));
#18263 = VECTOR('',#18264,1.);
#18264 = DIRECTION('',(0.,1.));
#18265 = ( GEOMETRIC_REPRESENTATION_CONTEXT(2) 
PARAMETRIC_REPRESENTATION_CONTEXT() REPRESENTATION_CONTEXT('2D SPACE',''
  ) );
#18266 = ORIENTED_EDGE('',*,*,#18267,.T.);
#18267 = EDGE_CURVE('',#18245,#18245,#18268,.T.);
#18268 = SURFACE_CURVE('',#18269,(#18274,#18281),.PCURVE_S1.);
#18269 = CIRCLE('',#18270,1.7);
#18270 = AXIS2_PLACEMENT_3D('',#18271,#18272,#18273);
#18271 = CARTESIAN_POINT('',(-30.5,17.,2.4));
#18272 = DIRECTION('',(0.,0.,1.));
#18273 = DIRECTION('',(1.,0.,-0.));
#18274 = PCURVE('',#16533,#18275);
#18275 = DEFINITIONAL_REPRESENTATION('',(#18276),#18280);
#18276 = LINE('',#18277,#18278);
#18277 = CARTESIAN_POINT('',(0.,0.));
#18278 = VECTOR('',#18279,1.);
#18279 = DIRECTION('',(1.,0.));
#18280 = ( GEOMETRIC_REPRESENTATION_CONTEXT(2) 
PARAMETRIC_REPRESENTATION_CONTEXT() REPRESENTATION_CONTEXT('2D SPACE',''
  ) );
#18281 = PCURVE('',#18282,#18287);
#18282 = PLANE('',#18283);
#18283 = AXIS2_PLACEMENT_3D('',#18284,#18285,#18286);
#18284 = CARTESIAN_POINT('',(-30.5,17.,2.4));
#18285 = DIRECTION('',(0.,0.,1.));
#18286 = DIRECTION('',(1.,0.,-0.));
#18287 = DEFINITIONAL_REPRESENTATION('',(#18288),#18292);
#18288 = CIRCLE('',#18289,1.7);
#18289 = AXIS2_PLACEMENT_2D('',#18290,#18291);
#18290 = CARTESIAN_POINT('',(0.,0.));
#18291 = DIRECTION('',(1.,0.));
#18292 = ( GEOMETRIC_REPRESENTATION_CONTEXT(2) 
PARAMETRIC_REPRESENTATION_CONTEXT() REPRESENTATION_CONTEXT('2D SPACE',''
  ) );
#18293 = ORIENTED_EDGE('',*,*,#18244,.T.);
#18294 = ADVANCED_FACE('',(#18295),#16647,.T.);
#18295 = FACE_BOUND('',#18296,.T.);
#18296 = EDGE_LOOP('',(#18297,#18318,#18319,#18320));
#18297 = ORIENTED_EDGE('',*,*,#18298,.T.);
#18298 = EDGE_CURVE('',#16761,#16604,#18299,.T.);
#18299 = SURFACE_CURVE('',#18300,(#18304,#18311),.PCURVE_S1.);
#18300 = LINE('',#18301,#18302);
#18301 = CARTESIAN_POINT('',(30.5,20.3486315613,4.9));
#18302 = VECTOR('',#18303,1.);
#18303 = DIRECTION('',(0.,0.,1.));
#18304 = PCURVE('',#16647,#18305);
#18305 = DEFINITIONAL_REPRESENTATION('',(#18306),#18310);
#18306 = LINE('',#18307,#18308);
#18307 = CARTESIAN_POINT('',(0.,0.));
#18308 = VECTOR('',#18309,1.);
#18309 = DIRECTION('',(0.,-1.));
#18310 = ( GEOMETRIC_REPRESENTATION_CONTEXT(2) 
PARAMETRIC_REPRESENTATION_CONTEXT() REPRESENTATION_CONTEXT('2D SPACE',''
  ) );
#18311 = PCURVE('',#16619,#18312);
#18312 = DEFINITIONAL_REPRESENTATION('',(#18313),#18317);
#18313 = LINE('',#18314,#18315);
#18314 = CARTESIAN_POINT('',(3.3486315613,0.));
#18315 = VECTOR('',#18316,1.);
#18316 = DIRECTION('',(0.,-1.));
#18317 = ( GEOMETRIC_REPRESENTATION_CONTEXT(2) 
PARAMETRIC_REPRESENTATION_CONTEXT() REPRESENTATION_CONTEXT('2D SPACE',''
  ) );
#18318 = ORIENTED_EDGE('',*,*,#16631,.T.);
#18319 = ORIENTED_EDGE('',*,*,#16863,.F.);
#18320 = ORIENTED_EDGE('',*,*,#16783,.F.);
#18321 = ADVANCED_FACE('',(#18322),#16619,.T.);
#18322 = FACE_BOUND('',#18323,.T.);
#18323 = EDGE_LOOP('',(#18324,#18325,#18326,#18327));
#18324 = ORIENTED_EDGE('',*,*,#16735,.T.);
#18325 = ORIENTED_EDGE('',*,*,#16603,.T.);
#18326 = ORIENTED_EDGE('',*,*,#18298,.F.);
#18327 = ORIENTED_EDGE('',*,*,#16760,.F.);
#18328 = ADVANCED_FACE('',(#18329),#16847,.F.);
#18329 = FACE_BOUND('',#18330,.F.);
#18330 = EDGE_LOOP('',(#18331,#18332,#18355,#18382));
#18331 = ORIENTED_EDGE('',*,*,#16830,.F.);
#18332 = ORIENTED_EDGE('',*,*,#18333,.F.);
#18333 = EDGE_CURVE('',#18334,#16831,#18336,.T.);
#18334 = VERTEX_POINT('',#18335);
#18335 = CARTESIAN_POINT('',(32.2,17.,2.4));
#18336 = SEAM_CURVE('',#18337,(#18341,#18348),.PCURVE_S1.);
#18337 = LINE('',#18338,#18339);
#18338 = CARTESIAN_POINT('',(32.2,17.,2.4));
#18339 = VECTOR('',#18340,1.);
#18340 = DIRECTION('',(0.,0.,1.));
#18341 = PCURVE('',#16847,#18342);
#18342 = DEFINITIONAL_REPRESENTATION('',(#18343),#18347);
#18343 = LINE('',#18344,#18345);
#18344 = CARTESIAN_POINT('',(6.28318530718,-0.));
#18345 = VECTOR('',#18346,1.);
#18346 = DIRECTION('',(0.,1.));
#18347 = ( GEOMETRIC_REPRESENTATION_CONTEXT(2) 
PARAMETRIC_REPRESENTATION_CONTEXT() REPRESENTATION_CONTEXT('2D SPACE',''
  ) );
#18348 = PCURVE('',#16847,#18349);
#18349 = DEFINITIONAL_REPRESENTATION('',(#18350),#18354);
#18350 = LINE('',#18351,#18352);
#18351 = CARTESIAN_POINT('',(0.,-0.));
#18352 = VECTOR('',#18353,1.);
#18353 = DIRECTION('',(0.,1.));
#18354 = ( GEOMETRIC_REPRESENTATION_CONTEXT(2) 
PARAMETRIC_REPRESENTATION_CONTEXT() REPRESENTATION_CONTEXT('2D SPACE',''
  ) );
#18355 = ORIENTED_EDGE('',*,*,#18356,.T.);
#18356 = EDGE_CURVE('',#18334,#18334,#18357,.T.);
#18357 = SURFACE_CURVE('',#18358,(#18363,#18370),.PCURVE_S1.);
#18358 = CIRCLE('',#18359,1.7);
#18359 = AXIS2_PLACEMENT_3D('',#18360,#18361,#18362);
#18360 = CARTESIAN_POINT('',(30.5,17.,2.4));
#18361 = DIRECTION('',(0.,0.,1.));
#18362 = DIRECTION('',(1.,0.,-0.));
#18363 = PCURVE('',#16847,#18364);
#18364 = DEFINITIONAL_REPRESENTATION('',(#18365),#18369);
#18365 = LINE('',#18366,#18367);
#18366 = CARTESIAN_POINT('',(0.,0.));
#18367 = VECTOR('',#18368,1.);
#18368 = DIRECTION('',(1.,0.));
#18369 = ( GEOMETRIC_REPRESENTATION_CONTEXT(2) 
PARAMETRIC_REPRESENTATION_CONTEXT() REPRESENTATION_CONTEXT('2D SPACE',''
  ) );
#18370 = PCURVE('',#18371,#18376);
#18371 = PLANE('',#18372);
#18372 = AXIS2_PLACEMENT_3D('',#18373,#18374,#18375);
#18373 = CARTESIAN_POINT('',(30.5,17.,2.4));
#18374 = DIRECTION('',(0.,0.,1.));
#18375 = DIRECTION('',(1.,0.,-0.));
#18376 = DEFINITIONAL_REPRESENTATION('',(#18377),#18381);
#18377 = CIRCLE('',#18378,1.7);
#18378 = AXIS2_PLACEMENT_2D('',#18379,#18380);
#18379 = CARTESIAN_POINT('',(0.,0.));
#18380 = DIRECTION('',(1.,0.));
#18381 = ( GEOMETRIC_REPRESENTATION_CONTEXT(2) 
PARAMETRIC_REPRESENTATION_CONTEXT() REPRESENTATION_CONTEXT('2D SPACE',''
  ) );
#18382 = ORIENTED_EDGE('',*,*,#18333,.T.);
#18383 = ADVANCED_FACE('',(#18384),#16928,.T.);
#18384 = FACE_BOUND('',#18385,.T.);
#18385 = EDGE_LOOP('',(#18386,#18407,#18408,#18409));
#18386 = ORIENTED_EDGE('',*,*,#18387,.T.);
#18387 = EDGE_CURVE('',#16989,#17124,#18388,.T.);
#18388 = SURFACE_CURVE('',#18389,(#18393,#18400),.PCURVE_S1.);
#18389 = LINE('',#18390,#18391);
#18390 = CARTESIAN_POINT('',(-30.,43.3486315613,26.5));
#18391 = VECTOR('',#18392,1.);
#18392 = DIRECTION('',(0.,0.,1.));
#18393 = PCURVE('',#16928,#18394);
#18394 = DEFINITIONAL_REPRESENTATION('',(#18395),#18399);
#18395 = LINE('',#18396,#18397);
#18396 = CARTESIAN_POINT('',(0.,0.));
#18397 = VECTOR('',#18398,1.);
#18398 = DIRECTION('',(0.,-1.));
#18399 = ( GEOMETRIC_REPRESENTATION_CONTEXT(2) 
PARAMETRIC_REPRESENTATION_CONTEXT() REPRESENTATION_CONTEXT('2D SPACE',''
  ) );
#18400 = PCURVE('',#17004,#18401);
#18401 = DEFINITIONAL_REPRESENTATION('',(#18402),#18406);
#18402 = LINE('',#18403,#18404);
#18403 = CARTESIAN_POINT('',(3.3486315613,0.));
#18404 = VECTOR('',#18405,1.);
#18405 = DIRECTION('',(0.,-1.));
#18406 = ( GEOMETRIC_REPRESENTATION_CONTEXT(2) 
PARAMETRIC_REPRESENTATION_CONTEXT() REPRESENTATION_CONTEXT('2D SPACE',''
  ) );
#18407 = ORIENTED_EDGE('',*,*,#17146,.T.);
#18408 = ORIENTED_EDGE('',*,*,#16912,.F.);
#18409 = ORIENTED_EDGE('',*,*,#17016,.F.);
#18410 = ADVANCED_FACE('',(#18411),#17004,.T.);
#18411 = FACE_BOUND('',#18412,.T.);
#18412 = EDGE_LOOP('',(#18413,#18414,#18415,#18416));
#18413 = ORIENTED_EDGE('',*,*,#17098,.T.);
#18414 = ORIENTED_EDGE('',*,*,#17123,.T.);
#18415 = ORIENTED_EDGE('',*,*,#18387,.F.);
#18416 = ORIENTED_EDGE('',*,*,#16988,.F.);
#18417 = ADVANCED_FACE('',(#18418),#17058,.F.);
#18418 = FACE_BOUND('',#18419,.F.);
#18419 = EDGE_LOOP('',(#18420,#18421,#18444,#18471));
#18420 = ORIENTED_EDGE('',*,*,#17041,.F.);
#18421 = ORIENTED_EDGE('',*,*,#18422,.F.);
#18422 = EDGE_CURVE('',#18423,#17042,#18425,.T.);
#18423 = VERTEX_POINT('',#18424);
#18424 = CARTESIAN_POINT('',(-28.3,40.,22.));
#18425 = SEAM_CURVE('',#18426,(#18430,#18437),.PCURVE_S1.);
#18426 = LINE('',#18427,#18428);
#18427 = CARTESIAN_POINT('',(-28.3,40.,22.));
#18428 = VECTOR('',#18429,1.);
#18429 = DIRECTION('',(0.,0.,1.));
#18430 = PCURVE('',#17058,#18431);
#18431 = DEFINITIONAL_REPRESENTATION('',(#18432),#18436);
#18432 = LINE('',#18433,#18434);
#18433 = CARTESIAN_POINT('',(6.28318530718,-0.));
#18434 = VECTOR('',#18435,1.);
#18435 = DIRECTION('',(0.,1.));
#18436 = ( GEOMETRIC_REPRESENTATION_CONTEXT(2) 
PARAMETRIC_REPRESENTATION_CONTEXT() REPRESENTATION_CONTEXT('2D SPACE',''
  ) );
#18437 = PCURVE('',#17058,#18438);
#18438 = DEFINITIONAL_REPRESENTATION('',(#18439),#18443);
#18439 = LINE('',#18440,#18441);
#18440 = CARTESIAN_POINT('',(0.,-0.));
#18441 = VECTOR('',#18442,1.);
#18442 = DIRECTION('',(0.,1.));
#18443 = ( GEOMETRIC_REPRESENTATION_CONTEXT(2) 
PARAMETRIC_REPRESENTATION_CONTEXT() REPRESENTATION_CONTEXT('2D SPACE',''
  ) );
#18444 = ORIENTED_EDGE('',*,*,#18445,.T.);
#18445 = EDGE_CURVE('',#18423,#18423,#18446,.T.);
#18446 = SURFACE_CURVE('',#18447,(#18452,#18459),.PCURVE_S1.);
#18447 = CIRCLE('',#18448,1.7);
#18448 = AXIS2_PLACEMENT_3D('',#18449,#18450,#18451);
#18449 = CARTESIAN_POINT('',(-30.,40.,22.));
#18450 = DIRECTION('',(0.,0.,1.));
#18451 = DIRECTION('',(1.,0.,-0.));
#18452 = PCURVE('',#17058,#18453);
#18453 = DEFINITIONAL_REPRESENTATION('',(#18454),#18458);
#18454 = LINE('',#18455,#18456);
#18455 = CARTESIAN_POINT('',(0.,0.));
#18456 = VECTOR('',#18457,1.);
#18457 = DIRECTION('',(1.,0.));
#18458 = ( GEOMETRIC_REPRESENTATION_CONTEXT(2) 
PARAMETRIC_REPRESENTATION_CONTEXT() REPRESENTATION_CONTEXT('2D SPACE',''
  ) );
#18459 = PCURVE('',#18460,#18465);
#18460 = PLANE('',#18461);
#18461 = AXIS2_PLACEMENT_3D('',#18462,#18463,#18464);
#18462 = CARTESIAN_POINT('',(-30.,40.,22.));
#18463 = DIRECTION('',(0.,0.,1.));
#18464 = DIRECTION('',(1.,0.,-0.));
#18465 = DEFINITIONAL_REPRESENTATION('',(#18466),#18470);
#18466 = CIRCLE('',#18467,1.7);
#18467 = AXIS2_PLACEMENT_2D('',#18468,#18469);
#18468 = CARTESIAN_POINT('',(0.,0.));
#18469 = DIRECTION('',(1.,0.));
#18470 = ( GEOMETRIC_REPRESENTATION_CONTEXT(2) 
PARAMETRIC_REPRESENTATION_CONTEXT() REPRESENTATION_CONTEXT('2D SPACE',''
  ) );
#18471 = ORIENTED_EDGE('',*,*,#18422,.T.);
#18472 = ADVANCED_FACE('',(#18473),#17221,.T.);
#18473 = FACE_BOUND('',#18474,.T.);
#18474 = EDGE_LOOP('',(#18475,#18496,#18497,#18498));
#18475 = ORIENTED_EDGE('',*,*,#18476,.T.);
#18476 = EDGE_CURVE('',#17282,#17417,#18477,.T.);
#18477 = SURFACE_CURVE('',#18478,(#18482,#18489),.PCURVE_S1.);
#18478 = LINE('',#18479,#18480);
#18479 = CARTESIAN_POINT('',(30.,43.3486315613,26.5));
#18480 = VECTOR('',#18481,1.);
#18481 = DIRECTION('',(0.,0.,1.));
#18482 = PCURVE('',#17221,#18483);
#18483 = DEFINITIONAL_REPRESENTATION('',(#18484),#18488);
#18484 = LINE('',#18485,#18486);
#18485 = CARTESIAN_POINT('',(0.,0.));
#18486 = VECTOR('',#18487,1.);
#18487 = DIRECTION('',(0.,-1.));
#18488 = ( GEOMETRIC_REPRESENTATION_CONTEXT(2) 
PARAMETRIC_REPRESENTATION_CONTEXT() REPRESENTATION_CONTEXT('2D SPACE',''
  ) );
#18489 = PCURVE('',#17297,#18490);
#18490 = DEFINITIONAL_REPRESENTATION('',(#18491),#18495);
#18491 = LINE('',#18492,#18493);
#18492 = CARTESIAN_POINT('',(3.3486315613,0.));
#18493 = VECTOR('',#18494,1.);
#18494 = DIRECTION('',(0.,-1.));
#18495 = ( GEOMETRIC_REPRESENTATION_CONTEXT(2) 
PARAMETRIC_REPRESENTATION_CONTEXT() REPRESENTATION_CONTEXT('2D SPACE',''
  ) );
#18496 = ORIENTED_EDGE('',*,*,#17439,.T.);
#18497 = ORIENTED_EDGE('',*,*,#17205,.F.);
#18498 = ORIENTED_EDGE('',*,*,#17309,.F.);
#18499 = ADVANCED_FACE('',(#18500),#17297,.T.);
#18500 = FACE_BOUND('',#18501,.T.);
#18501 = EDGE_LOOP('',(#18502,#18503,#18504,#18505));
#18502 = ORIENTED_EDGE('',*,*,#17391,.T.);
#18503 = ORIENTED_EDGE('',*,*,#17416,.T.);
#18504 = ORIENTED_EDGE('',*,*,#18476,.F.);
#18505 = ORIENTED_EDGE('',*,*,#17281,.F.);
#18506 = ADVANCED_FACE('',(#18507),#17351,.F.);
#18507 = FACE_BOUND('',#18508,.F.);
#18508 = EDGE_LOOP('',(#18509,#18510,#18533,#18560));
#18509 = ORIENTED_EDGE('',*,*,#17334,.F.);
#18510 = ORIENTED_EDGE('',*,*,#18511,.F.);
#18511 = EDGE_CURVE('',#18512,#17335,#18514,.T.);
#18512 = VERTEX_POINT('',#18513);
#18513 = CARTESIAN_POINT('',(31.7,40.,22.));
#18514 = SEAM_CURVE('',#18515,(#18519,#18526),.PCURVE_S1.);
#18515 = LINE('',#18516,#18517);
#18516 = CARTESIAN_POINT('',(31.7,40.,22.));
#18517 = VECTOR('',#18518,1.);
#18518 = DIRECTION('',(0.,0.,1.));
#18519 = PCURVE('',#17351,#18520);
#18520 = DEFINITIONAL_REPRESENTATION('',(#18521),#18525);
#18521 = LINE('',#18522,#18523);
#18522 = CARTESIAN_POINT('',(6.28318530718,-0.));
#18523 = VECTOR('',#18524,1.);
#18524 = DIRECTION('',(0.,1.));
#18525 = ( GEOMETRIC_REPRESENTATION_CONTEXT(2) 
PARAMETRIC_REPRESENTATION_CONTEXT() REPRESENTATION_CONTEXT('2D SPACE',''
  ) );
#18526 = PCURVE('',#17351,#18527);
#18527 = DEFINITIONAL_REPRESENTATION('',(#18528),#18532);
#18528 = LINE('',#18529,#18530);
#18529 = CARTESIAN_POINT('',(0.,-0.));
#18530 = VECTOR('',#18531,1.);
#18531 = DIRECTION('',(0.,1.));
#18532 = ( GEOMETRIC_REPRESENTATION_CONTEXT(2) 
PARAMETRIC_REPRESENTATION_CONTEXT() REPRESENTATION_CONTEXT('2D SPACE',''
  ) );
#18533 = ORIENTED_EDGE('',*,*,#18534,.T.);
#18534 = EDGE_CURVE('',#18512,#18512,#18535,.T.);
#18535 = SURFACE_CURVE('',#18536,(#18541,#18548),.PCURVE_S1.);
#18536 = CIRCLE('',#18537,1.7);
#18537 = AXIS2_PLACEMENT_3D('',#18538,#18539,#18540);
#18538 = CARTESIAN_POINT('',(30.,40.,22.));
#18539 = DIRECTION('',(0.,0.,1.));
#18540 = DIRECTION('',(1.,0.,-0.));
#18541 = PCURVE('',#17351,#18542);
#18542 = DEFINITIONAL_REPRESENTATION('',(#18543),#18547);
#18543 = LINE('',#18544,#18545);
#18544 = CARTESIAN_POINT('',(0.,0.));
#18545 = VECTOR('',#18546,1.);
#18546 = DIRECTION('',(1.,0.));
#18547 = ( GEOMETRIC_REPRESENTATION_CONTEXT(2) 
PARAMETRIC_REPRESENTATION_CONTEXT() REPRESENTATION_CONTEXT('2D SPACE',''
  ) );
#18548 = PCURVE('',#18549,#18554);
#18549 = PLANE('',#18550);
#18550 = AXIS2_PLACEMENT_3D('',#18551,#18552,#18553);
#18551 = CARTESIAN_POINT('',(30.,40.,22.));
#18552 = DIRECTION('',(0.,0.,1.));
#18553 = DIRECTION('',(1.,0.,-0.));
#18554 = DEFINITIONAL_REPRESENTATION('',(#18555),#18559);
#18555 = CIRCLE('',#18556,1.7);
#18556 = AXIS2_PLACEMENT_2D('',#18557,#18558);
#18557 = CARTESIAN_POINT('',(0.,0.));
#18558 = DIRECTION('',(1.,0.));
#18559 = ( GEOMETRIC_REPRESENTATION_CONTEXT(2) 
PARAMETRIC_REPRESENTATION_CONTEXT() REPRESENTATION_CONTEXT('2D SPACE',''
  ) );
#18560 = ORIENTED_EDGE('',*,*,#18511,.T.);
#18561 = ADVANCED_FACE('',(#18562),#17818,.T.);
#18562 = FACE_BOUND('',#18563,.F.);
#18563 = EDGE_LOOP('',(#18564));
#18564 = ORIENTED_EDGE('',*,*,#17803,.F.);
#18565 = ADVANCED_FACE('',(#18566),#17934,.T.);
#18566 = FACE_BOUND('',#18567,.F.);
#18567 = EDGE_LOOP('',(#18568));
#18568 = ORIENTED_EDGE('',*,*,#17919,.F.);
#18569 = ADVANCED_FACE('',(#18570),#18023,.T.);
#18570 = FACE_BOUND('',#18571,.F.);
#18571 = EDGE_LOOP('',(#18572));
#18572 = ORIENTED_EDGE('',*,*,#18008,.F.);
#18573 = ADVANCED_FACE('',(#18574),#18166,.T.);
#18574 = FACE_BOUND('',#18575,.F.);
#18575 = EDGE_LOOP('',(#18576));
#18576 = ORIENTED_EDGE('',*,*,#18151,.F.);
#18577 = ADVANCED_FACE('',(#18578),#18282,.T.);
#18578 = FACE_BOUND('',#18579,.F.);
#18579 = EDGE_LOOP('',(#18580));
#18580 = ORIENTED_EDGE('',*,*,#18267,.F.);
#18581 = ADVANCED_FACE('',(#18582),#18371,.T.);
#18582 = FACE_BOUND('',#18583,.F.);
#18583 = EDGE_LOOP('',(#18584));
#18584 = ORIENTED_EDGE('',*,*,#18356,.F.);
#18585 = ADVANCED_FACE('',(#18586),#18460,.T.);
#18586 = FACE_BOUND('',#18587,.F.);
#18587 = EDGE_LOOP('',(#18588));
#18588 = ORIENTED_EDGE('',*,*,#18445,.F.);
#18589 = ADVANCED_FACE('',(#18590),#18549,.T.);
#18590 = FACE_BOUND('',#18591,.F.);
#18591 = EDGE_LOOP('',(#18592));
#18592 = ORIENTED_EDGE('',*,*,#18534,.F.);
#18593 = ( GEOMETRIC_REPRESENTATION_CONTEXT(3) 
GLOBAL_UNCERTAINTY_ASSIGNED_CONTEXT((#18597)) 
GLOBAL_UNIT_ASSIGNED_CONTEXT((#18594,#18595,#18596)) 
REPRESENTATION_CONTEXT('Context #1',
  '3D Context with UNIT and UNCERTAINTY') );
#18594 = ( LENGTH_UNIT() NAMED_UNIT(*) SI_UNIT(.MILLI.,.METRE.) );
#18595 = ( NAMED_UNIT(*) PLANE_ANGLE_UNIT() SI_UNIT($,.RADIAN.) );
#18596 = ( NAMED_UNIT(*) SI_UNIT($,.STERADIAN.) SOLID_ANGLE_UNIT() );
#18597 = UNCERTAINTY_MEASURE_WITH_UNIT(LENGTH_MEASURE(2.E-07),#18594,
  'distance_accuracy_value','confusion accuracy');
#18598 = CONTEXT_DEPENDENT_SHAPE_REPRESENTATION(#18599,#18601);
#18599 = ( REPRESENTATION_RELATIONSHIP('','',#32,#10) 
REPRESENTATION_RELATIONSHIP_WITH_TRANSFORMATION(#18600) 
SHAPE_REPRESENTATION_RELATIONSHIP() );
#18600 = ITEM_DEFINED_TRANSFORMATION('','',#11,#15);
#18601 = PRODUCT_DEFINITION_SHAPE('Placement','Placement of an item',
  #18602);
#18602 = NEXT_ASSEMBLY_USAGE_OCCURRENCE('1','=>[0:1:1:2]','',#5,#27,$);
#18603 = PRODUCT_RELATED_PRODUCT_CATEGORY('part',$,(#29));
ENDSEC;
END-ISO-10303-21;
